# time, h1_noise, l1_noise
0.000000000000000000e+00 -5.386234287313371013e-24 -9.792190286149548296e-24
4.882812500000000000e-04 -1.416359028229156291e-22 1.265438091335668533e-22
9.765625000000000000e-04 -2.382296150531108755e-23 -1.160284286052608358e-22
1.464843750000000000e-03 -3.579870761129353973e-22 7.886709651306606149e-23
1.953125000000000000e-03 -6.983868933813298086e-25 -2.363596011052658313e-22
2.441406250000000000e-03 -6.497104280181766361e-23 4.924210724393545981e-23
2.929687500000000000e-03 -1.590850512715214673e-22 1.390928295471727127e-22
3.417968750000000000e-03 4.210609154404598430e-24 -4.164401951838623766e-22
3.906250000000000000e-03 1.144877100682876532e-23 -6.826683278601790346e-23
4.394531250000000000e-03 -2.253658791784077037e-22 1.139088327520243426e-22
4.882812500000000000e-03 -6.424072347966301265e-23 1.070358599292806834e-22
5.371093750000000000e-03 2.927155328252296417e-24 3.884275964280370796e-23
5.859375000000000000e-03 7.309958205898857309e-25 2.407235207730092915e-24
6.347656250000000000e-03 -1.329316041774054807e-22 -5.153683067945228270e-23
6.835937500000000000e-03 1.291551304437038522e-22 -7.160358850720716225e-23
7.324218750000000000e-03 1.226857946622702064e-22 -1.802957499106422609e-22
7.812500000000000000e-03 -1.323514838070750568e-23 1.059387462950964370e-22
8.300781250000000000e-03 -1.527377056887174107e-22 -1.918298453123988124e-22
8.789062500000000000e-03 -1.510474856973174349e-22 -1.789011065526721823e-22
9.277343750000000000e-03 -3.668746294730883658e-24 -3.249683897741117694e-22
9.765625000000000000e-03 -1.963966886031169519e-22 2.354156784490559197e-22
1.025390625000000000e-02 1.762051777778488654e-22 1.784605461347590220e-22
1.074218750000000000e-02 7.385799769558358216e-23 6.848671631260337690e-23
1.123046875000000000e-02 1.476028148792751090e-22 -1.252949528680170357e-22
1.171875000000000000e-02 1.844458968927026889e-22 6.921206854962665899e-23
1.220703125000000000e-02 -8.941914177902081757e-23 2.200386976107457179e-24
1.269531250000000000e-02 8.599875745934906438e-23 -2.187330926711236683e-23
1.318359375000000000e-02 2.303482183927377820e-22 8.423289862263261614e-23
1.367187500000000000e-02 1.675850251168473199e-22 8.402595408685966099e-23
1.416015625000000000e-02 -4.263127917794181335e-23 -1.612238490642477200e-22
1.464843750000000000e-02 -7.243015454637851191e-23 8.908397454587212246e-23
1.513671875000000000e-02 1.389913262936736649e-22 1.763472001339209463e-22
1.562500000000000000e-02 -9.835706077797998964e-23 -2.827123931391860695e-23
1.611328125000000000e-02 9.578217732096382800e-23 5.161576750546561788e-23
1.660156250000000000e-02 -8.297230218072497921e-23 8.871037805489420143e-23
1.708984375000000000e-02 1.198211626708703752e-22 1.230271762557243220e-22
1.757812500000000000e-02 2.237151037331437742e-22 -2.283347872134231955e-22
1.806640625000000000e-02 9.634900182314766879e-23 3.713210381852869615e-23
1.855468750000000000e-02 1.955170391615788588e-22 -2.097820881969940400e-22
1.904296875000000000e-02 3.224332302672071945e-23 1.928566278993775935e-22
1.953125000000000000e-02 1.194234225534930503e-22 -1.405818510364518334e-22
2.001953125000000000e-02 7.712820747977872916e-23 1.678221356250286454e-22
2.050781250000000000e-02 -1.283628793784759070e-22 -2.889893919007150946e-22
2.099609375000000000e-02 1.655712293594355884e-22 -1.853790449968013539e-23
2.148437500000000000e-02 -7.246945912761328239e-23 3.290586278382458787e-23
2.197265625000000000e-02 -7.185627184268188443e-23 1.451516353538653718e-23
2.246093750000000000e-02 -1.558950584335274442e-22 5.024159500762836089e-23
2.294921875000000000e-02 -4.979813005555760895e-23 2.483092430323933602e-22
2.343750000000000000e-02 1.468658363073878838e-24 -5.047767453721889301e-23
2.392578125000000000e-02 1.647644866977606673e-23 -1.310479594793431687e-22
2.441406250000000000e-02 -1.131289593332148103e-22 -2.086227246973034285e-22
2.490234375000000000e-02 4.613399709191623995e-24 3.238546409857664048e-23
2.539062500000000000e-02 -1.971927753978752705e-24 -1.012323935571398814e-23
2.587890625000000000e-02 4.554678571022693886e-25 -1.581425600129052640e-23
2.636718750000000000e-02 7.019456373965852326e-23 1.032913052663895491e-22
2.685546875000000000e-02 -2.088883835557599391e-22 2.698619766216841983e-23
2.734375000000000000e-02 2.200506147031029313e-22 -9.854768761966658004e-23
2.783203125000000000e-02 -2.756585807058600805e-22 2.568028562471724796e-22
2.832031250000000000e-02 -1.174997948970170950e-22 -3.507542370338402193e-23
2.880859375000000000e-02 -1.544075407185823926e-22 3.441653380930772250e-22
2.929687500000000000e-02 -2.097530393682705680e-22 1.000805167752513354e-22
2.978515625000000000e-02 -2.262298358262227512e-23 -2.404507309979511934e-23
3.027343750000000000e-02 -5.674813988575257305e-24 -6.792835017194293743e-23
3.076171875000000000e-02 -9.382104740748691268e-23 2.032975399076654944e-23
3.125000000000000000e-02 2.087344397283591293e-22 1.292867394375366628e-22
3.173828125000000000e-02 -3.184846364876321808e-22 -1.783299457166788531e-22
3.222656250000000000e-02 -1.052689140080685935e-22 -1.276453320558349945e-22
3.271484375000000000e-02 -6.096245267525195386e-23 1.468220580052127635e-22
3.320312500000000000e-02 6.475617310495649205e-23 1.236551861569991519e-22
3.369140625000000000e-02 1.629440493888055942e-22 -2.476294198228073405e-23
3.417968750000000000e-02 -1.383901811125838923e-23 -1.643967448205304721e-22
3.466796875000000000e-02 -1.412441138203832486e-22 2.635010089867148322e-22
3.515625000000000000e-02 1.135474250682238668e-22 -3.273396137612287058e-22
3.564453125000000000e-02 1.437131155751502685e-23 5.233634382333248481e-23
3.613281250000000000e-02 2.313754747483924154e-24 -2.411269601933772489e-23
3.662109375000000000e-02 5.006714939428773211e-23 -1.763244755012405681e-22
3.710937500000000000e-02 1.847061032830709924e-22 -5.164904158800691717e-23
3.759765625000000000e-02 5.752698756178160718e-23 3.093305048102670598e-22
3.808593750000000000e-02 -1.725207417085459586e-22 -2.767822747922950939e-22
3.857421875000000000e-02 -1.095946171158773526e-23 1.482350574464646868e-22
3.906250000000000000e-02 -7.058177291305857003e-23 -1.846987180447712956e-22
3.955078125000000000e-02 1.561950158388341584e-23 6.078304043856401343e-23
4.003906250000000000e-02 -5.193079079239156731e-23 9.661596860473449960e-23
4.052734375000000000e-02 7.217534394601962315e-23 -1.171676198959550204e-22
4.101562500000000000e-02 -8.123617657836781458e-23 2.829769777380227600e-22
4.150390625000000000e-02 1.974310677669261293e-22 -2.167189219394048560e-22
4.199218750000000000e-02 1.274853943786763455e-23 -1.139865727931764904e-22
4.248046875000000000e-02 1.597121989987571817e-22 1.014000200572855466e-23
4.296875000000000000e-02 2.086614371066531985e-22 8.928029659010677280e-23
4.345703125000000000e-02 -1.263087126376468661e-22 2.714676762648622684e-24
4.394531250000000000e-02 1.101950965441066467e-22 -1.756000717360223002e-22
4.443359375000000000e-02 9.225680350511208429e-23 -1.100304223475600493e-22
4.492187500000000000e-02 1.800448392151921690e-22 -1.113044148307741202e-22
4.541015625000000000e-02 7.367874803751468859e-23 -6.767865899051530569e-25
4.589843750000000000e-02 1.294284746584610835e-23 8.398620316036414038e-23
4.638671875000000000e-02 1.197401990280890814e-22 -1.114224612505373780e-22
4.687500000000000000e-02 -1.600259839867311026e-22 3.906990616248410196e-23
4.736328125000000000e-02 1.278487248806596101e-22 -5.304328714904406371e-23
4.785156250000000000e-02 1.182521623726391255e-23 1.099590565611926050e-22
4.833984375000000000e-02 1.520933366185311532e-22 -9.087738131376680298e-23
4.882812500000000000e-02 9.457446262180861794e-23 -7.277022522383296405e-24
4.931640625000000000e-02 -7.788042070650618734e-23 -6.589218285586248206e-23
4.980468750000000000e-02 2.334792257216504737e-23 -8.817667921003224873e-23
5.029296875000000000e-02 -2.098948793994423921e-22 1.292408408034825603e-22
5.078125000000000000e-02 -9.304446857854581296e-23 -9.064358903437617567e-23
5.126953125000000000e-02 -3.379034907464422133e-22 1.322199528339798360e-22
5.175781250000000000e-02 -5.456439106898243892e-23 4.405157721172497716e-23
5.224609375000000000e-02 -5.287180167471562780e-23 7.721443892437662568e-23
5.273437500000000000e-02 3.487929062730858549e-23 3.715189336719564953e-23
5.322265625000000000e-02 1.900778522872873018e-23 2.200982500401477043e-24
5.371093750000000000e-02 -9.297155322989106236e-23 1.292243348226614471e-22
5.419921875000000000e-02 1.005532149127585905e-22 -1.344405207818571514e-22
5.468750000000000000e-02 -9.692289372069181858e-23 1.600417277143777036e-22
5.517578125000000000e-02 3.081830543345613492e-23 -1.050686361360578164e-23
5.566406250000000000e-02 5.748486784037248095e-23 -5.960392559317314829e-24
5.615234375000000000e-02 -3.525177900124504486e-24 -3.390471361880656824e-23
5.664062500000000000e-02 -4.109951294261177701e-24 2.320993224712524263e-22
5.712890625000000000e-02 1.201398361774765721e-23 -7.398698775339327805e-23
5.761718750000000000e-02 -9.824977676344848722e-23 4.142183704157022654e-23
5.810546875000000000e-02 -3.558715652888312246e-24 -4.101550882031582068e-23
5.859375000000000000e-02 1.038147093279027251e-22 4.239739272365821710e-23
5.908203125000000000e-02 3.656838967762680773e-23 -7.720334569915769728e-23
5.957031250000000000e-02 -1.080200351051036093e-22 3.593026653742691898e-23
6.005859375000000000e-02 -1.217256902782005984e-22 4.756900654758719469e-23
6.054687500000000000e-02 9.631449431164797296e-23 -1.729412576723464062e-22
6.103515625000000000e-02 -1.082088580131218100e-22 1.203734963508857266e-22
6.152343750000000000e-02 -2.309084377283359613e-22 9.200270368555729224e-23
6.201171875000000000e-02 1.804584106136786371e-23 -4.331664050364031985e-24
6.250000000000000000e-02 1.722530669283571786e-22 -1.001394680798473117e-22
6.298828125000000000e-02 -1.025474647885710520e-22 -2.000321496457831596e-22
6.347656250000000000e-02 -8.147791305531907564e-23 3.214549040870933364e-22
6.396484375000000000e-02 1.901500956933920668e-24 -1.665104057443567287e-22
6.445312500000000000e-02 -7.147395264046887425e-23 2.219330361515065365e-22
6.494140625000000000e-02 -1.864983199862986839e-22 9.371860241258347868e-24
6.542968750000000000e-02 1.376681180859701171e-22 -8.249709352112369952e-24
6.591796875000000000e-02 2.227239856862777393e-22 1.078511464069908899e-22
6.640625000000000000e-02 5.859645151758332953e-23 -5.462952061444419728e-23
6.689453125000000000e-02 -9.705625328109657976e-23 7.728514025973858922e-24
6.738281250000000000e-02 8.683047208721076794e-24 3.111118236509533238e-24
6.787109375000000000e-02 1.573632209393682337e-22 1.647637343689373420e-22
6.835937500000000000e-02 -2.725158185535290324e-22 2.383054859730498051e-22
6.884765625000000000e-02 1.878889764245785418e-22 -2.076631297553184063e-22
6.933593750000000000e-02 7.465217348590184087e-23 3.607412685148904556e-23
6.982421875000000000e-02 1.091196964413744626e-22 -2.107560360190648375e-22
7.031250000000000000e-02 3.914122474595431320e-23 9.792418558308226584e-23
7.080078125000000000e-02 -1.026118780932337077e-22 -1.780012529417953078e-22
7.128906250000000000e-02 1.213033099489998848e-22 9.896973571116763560e-23
7.177734375000000000e-02 -7.974134454307440863e-23 -2.220302071533293682e-22
7.226562500000000000e-02 2.707581374898590687e-22 1.301521280101732078e-22
7.275390625000000000e-02 -1.977786348731589573e-22 1.244715217248634860e-22
7.324218750000000000e-02 1.846978033727260047e-22 -1.411644524246058936e-22
7.373046875000000000e-02 4.576027462078492484e-23 1.563788735827349938e-23
7.421875000000000000e-02 3.526310994569264782e-23 -2.229796567344840947e-22
7.470703125000000000e-02 2.907926898009252559e-22 -1.246554977571453862e-22
7.519531250000000000e-02 -1.330319336626354109e-22 -2.257778241438615763e-22
7.568359375000000000e-02 3.925229446126727076e-23 1.076941551629504017e-22
7.617187500000000000e-02 -2.072393030478693059e-22 -1.319780031758471450e-22
7.666015625000000000e-02 3.436332381720697617e-23 -8.744182400974807185e-23
7.714843750000000000e-02 6.377823252457652342e-24 -7.666008129362078823e-24
7.763671875000000000e-02 2.066181143533411345e-23 -3.596342304348567519e-23
7.812500000000000000e-02 -7.093455318968958144e-23 -1.675316160007622933e-23
7.861328125000000000e-02 1.573457043101534825e-22 -1.126563984876449033e-22
7.910156250000000000e-02 -7.055648584719940009e-23 1.248118353989148532e-22
7.958984375000000000e-02 -8.903162154366896360e-23 2.119697493601555149e-24
8.007812500000000000e-02 -1.282774423249386757e-22 9.610645947346652951e-23
8.056640625000000000e-02 -3.938816419142402634e-23 4.395304644282850950e-24
8.105468750000000000e-02 -4.204654167618802355e-23 -1.528744865389009469e-23
8.154296875000000000e-02 -1.863592293779671723e-22 9.139860925984115564e-23
8.203125000000000000e-02 -1.040645163707386947e-22 -5.409917680685618378e-23
8.251953125000000000e-02 7.650719196815750419e-23 -1.348830268008212995e-23
8.300781250000000000e-02 7.700602197833687462e-23 -2.175318764806685514e-23
8.349609375000000000e-02 -9.593339777743963393e-23 -2.873821858788342012e-23
8.398437500000000000e-02 -7.815351458789164044e-24 1.205933091535824785e-23
8.447265625000000000e-02 -2.532327282888292258e-23 -1.250207914132651366e-23
8.496093750000000000e-02 -2.573383619595357003e-24 -6.902421044927713265e-23
8.544921875000000000e-02 -4.680856596122973703e-23 8.111656245052375595e-23
8.593750000000000000e-02 1.387680001607791664e-22 1.055160586102273402e-22
8.642578125000000000e-02 3.601515078644722946e-22 5.696998843428042459e-23
8.691406250000000000e-02 2.435092530094695377e-22 2.351893313794794131e-24
8.740234375000000000e-02 -2.494815851415393424e-23 -1.283144918612955954e-23
8.789062500000000000e-02 1.347898119068276542e-22 4.300322846446649796e-23
8.837890625000000000e-02 -2.909990363390315048e-22 8.896391974885073076e-23
8.886718750000000000e-02 2.083774221165582969e-22 1.729916511951411980e-22
8.935546875000000000e-02 -2.028643162374309115e-22 1.193080134134379372e-22
8.984375000000000000e-02 2.401141705461981674e-24 1.565933508307959987e-22
9.033203125000000000e-02 -7.969190398410218058e-23 -7.509830800875645614e-23
9.082031250000000000e-02 -2.037485312148219774e-22 2.527955060330564620e-22
9.130859375000000000e-02 -2.267544320073613859e-23 -2.901221731885277053e-23
9.179687500000000000e-02 -3.035722482555652624e-23 3.226361997875330452e-22
9.228515625000000000e-02 -2.664057636431333776e-23 -3.678886892363149133e-22
9.277343750000000000e-02 -1.064774499713013657e-22 -8.389443818472043011e-23
9.326171875000000000e-02 3.876569188949805079e-23 -8.270624518681474561e-23
9.375000000000000000e-02 -6.315294349812525181e-23 -6.754751531379259023e-24
9.423828125000000000e-02 -1.826724421014352118e-22 2.117522230682220337e-23
9.472656250000000000e-02 1.476644345039528689e-22 -1.504675036799907767e-22
9.521484375000000000e-02 4.616469259277383459e-23 -8.807497543390821332e-23
9.570312500000000000e-02 -9.250136110953343563e-23 -6.841494940597580545e-23
9.619140625000000000e-02 -2.490875309556278799e-22 9.516211786293815001e-23
9.667968750000000000e-02 3.382701440506828182e-23 6.315971022332686353e-23
9.716796875000000000e-02 -7.642661075306625359e-23 1.483429881530424895e-22
9.765625000000000000e-02 -5.688637696961887059e-23 -9.144146896308210716e-23
9.814453125000000000e-02 1.647754419114423276e-24 1.013495763065998810e-22
9.863281250000000000e-02 -8.687111249105311306e-23 -8.710690078225283245e-23
9.912109375000000000e-02 -4.254299391616144032e-23 -7.104958341163686931e-23
9.960937500000000000e-02 3.611474660408672706e-23 6.353487300173054422e-25
1.000976562500000000e-01 -2.403353856368307350e-23 1.912561760444420065e-22
1.005859375000000000e-01 4.258037563445371333e-22 1.876354615921899588e-23
1.010742187500000000e-01 9.357442230225573107e-23 5.476947647813254739e-23
1.015625000000000000e-01 5.744572844132918459e-23 -1.089979617312745751e-22
1.020507812500000000e-01 1.861971376216638337e-22 3.334283669762545381e-22
1.025390625000000000e-01 -4.010423423171066745e-24 -1.759312344408656876e-22
1.030273437500000000e-01 8.349721719517808070e-24 -8.359989677073223219e-23
1.035156250000000000e-01 2.165971105630026735e-22 -1.857048059377627972e-22
1.040039062500000000e-01 1.897151730471405504e-22 -1.859150180223644177e-22
1.044921875000000000e-01 3.110614142707326159e-23 -1.578066609030058530e-22
1.049804687500000000e-01 -1.010690966466704814e-22 -4.105285412077241641e-24
1.054687500000000000e-01 5.644345548614432413e-23 2.612403563305797270e-22
1.059570312500000000e-01 6.085790696224110735e-23 -2.265559223832704483e-23
1.064453125000000000e-01 8.178272261541094697e-23 -2.057767252738207034e-22
1.069335937500000000e-01 -1.127194039577243956e-22 7.845610552394678815e-23
1.074218750000000000e-01 -4.905901360778488119e-23 1.724806759781707621e-23
1.079101562500000000e-01 6.632233197816175257e-23 -6.245834575757636241e-23
1.083984375000000000e-01 -1.559296395038501566e-22 1.516941889201688069e-23
1.088867187500000000e-01 2.200708412231648631e-22 -5.498454290657020864e-23
1.093750000000000000e-01 -4.532365245365166866e-23 -7.885423297717855836e-24
1.098632812500000000e-01 3.764018873942886132e-23 -1.094927350571798505e-22
1.103515625000000000e-01 1.374922593295569420e-22 1.249114712251338396e-22
1.108398437500000000e-01 -2.513500000805132439e-22 -2.284459008258949484e-22
1.113281250000000000e-01 5.106381417933334057e-23 1.947707630282785584e-23
1.118164062500000000e-01 -9.272671129887322158e-23 -3.130972143403674715e-23
1.123046875000000000e-01 1.751106397393574503e-23 -1.550934839933749290e-22
1.127929687500000000e-01 2.087572846637041046e-23 3.003088505255806898e-22
1.132812500000000000e-01 2.954116636628789526e-23 -1.429114907471727856e-22
1.137695312500000000e-01 -7.573251069025729641e-23 1.392300357804028928e-22
1.142578125000000000e-01 5.611204562270350184e-23 1.098376460732856401e-23
1.147460937500000000e-01 -2.895330123715366210e-22 -2.031499007135183802e-23
1.152343750000000000e-01 -6.239187969231928458e-24 -1.004806151642701834e-22
1.157226562500000000e-01 -2.488500852727254425e-22 4.526161282006171262e-23
1.162109375000000000e-01 8.946270146701602861e-23 -1.600264691489131981e-22
1.166992187500000000e-01 -1.068222549685466706e-22 7.940511115215540421e-23
1.171875000000000000e-01 -1.111112744216192315e-23 -1.100478957649824851e-22
1.176757812500000000e-01 7.027199036489026049e-23 3.375792184046781704e-22
1.181640625000000000e-01 -2.805268642354944149e-22 1.843729628574179095e-23
1.186523437500000000e-01 1.976552807939104591e-22 -6.625280939734295698e-23
1.191406250000000000e-01 -1.619317736859006122e-22 9.589120624119912186e-23
1.196289062500000000e-01 1.482939357893800310e-22 -7.058797997741696136e-23
1.201171875000000000e-01 -1.307576049745883693e-22 5.672271079571697193e-23
1.206054687500000000e-01 -9.099367673141195676e-23 -3.150453696385558850e-23
1.210937500000000000e-01 -7.124724587786895444e-23 9.692078259945842564e-23
1.215820312500000000e-01 -1.714230554975727736e-22 -2.507850121294658339e-22
1.220703125000000000e-01 -2.101364082023348195e-23 1.444358229892178166e-22
1.225585937500000000e-01 1.802563904180512157e-23 1.628967233103465312e-22
1.230468750000000000e-01 1.781350350113805032e-23 -3.505489682320380711e-23
1.235351562500000000e-01 -1.009723874797556057e-23 1.473913116963694554e-22
1.240234375000000000e-01 5.978072592292843680e-23 -9.305294182480943116e-23
1.245117187500000000e-01 -1.904379862869197974e-23 -1.889555901015849854e-23
1.250000000000000000e-01 3.297228485789355610e-22 1.653409060229553478e-22
1.254882812500000000e-01 -1.976679948897076745e-22 -9.737041197121024606e-23
1.259765625000000000e-01 5.310220468604525105e-23 3.997597197735472955e-23
1.264648437500000000e-01 1.027843831901839429e-22 1.947796247385271786e-22
1.269531250000000000e-01 -1.286266088869373162e-22 -1.284682761808678124e-22
1.274414062500000000e-01 6.590402279931122410e-23 4.258349995999603746e-23
1.279296875000000000e-01 4.514739452081209480e-23 1.536455270933509507e-22
1.284179687500000000e-01 1.786288906076863705e-22 -9.787222068127657097e-23
1.289062500000000000e-01 -4.623145476009234957e-23 7.888535348824822668e-23
1.293945312500000000e-01 3.367300467595713971e-23 5.888137234615007768e-23
1.298828125000000000e-01 3.143157109112165399e-22 -1.425656754494306822e-23
1.303710937500000000e-01 -1.911875006664705538e-23 5.145901351175976943e-23
1.308593750000000000e-01 2.283875117460451296e-22 1.018837688938317610e-22
1.313476562500000000e-01 5.775596896516868196e-23 -4.948961324434790024e-23
1.318359375000000000e-01 8.322186343064649129e-23 -5.876375493545693115e-23
1.323242187500000000e-01 1.230743162414671594e-22 7.710288492832096867e-23
1.328125000000000000e-01 -5.902031716105226505e-23 -1.189302029891953249e-22
1.333007812500000000e-01 -2.176424969708313279e-22 -2.298934507778883572e-22
1.337890625000000000e-01 9.093722057347569934e-23 1.676097385017893315e-22
1.342773437500000000e-01 -3.522549362060108055e-23 -8.767238361599464647e-23
1.347656250000000000e-01 2.093261638938318193e-23 8.755304947987063526e-23
1.352539062500000000e-01 1.496442424021571936e-22 5.340260612006939547e-23
1.357421875000000000e-01 -1.917564177454635286e-22 4.127858074746248024e-23
1.362304687500000000e-01 -9.017322097174560151e-24 -2.122587671783858265e-22
1.367187500000000000e-01 -8.655720205546970758e-23 -4.674624959591589511e-23
1.372070312500000000e-01 -7.131259054512730301e-23 -4.334019413620746426e-23
1.376953125000000000e-01 7.936917339001311461e-23 4.520379808077616239e-23
1.381835937500000000e-01 8.497853720315561847e-23 4.086619582571885729e-23
1.386718750000000000e-01 4.618016224637525395e-23 -1.908453996795481634e-22
1.391601562500000000e-01 -2.728025178221084439e-23 -1.621798868393915429e-22
1.396484375000000000e-01 5.612232754466737752e-23 -1.014000294570461423e-22
1.401367187500000000e-01 3.915934831589673951e-23 -6.851949775547020565e-23
1.406250000000000000e-01 -5.856967914839273711e-23 -1.446024888924028877e-22
1.411132812500000000e-01 -1.848417951788580815e-23 2.843081735424775656e-22
1.416015625000000000e-01 -1.492756585543735181e-22 -7.156189960422385842e-23
1.420898437500000000e-01 -3.649591511917308112e-24 -1.072887510520633868e-22
1.425781250000000000e-01 -8.169423805507489016e-23 -6.074204513831725939e-23
1.430664062500000000e-01 -1.044910516187330479e-23 -1.049547135109519704e-22
1.435546875000000000e-01 1.567502858806658015e-22 1.965949625431135543e-22
1.440429687500000000e-01 -2.529649527055878915e-22 9.009694953207382405e-23
1.445312500000000000e-01 -4.384501010253597380e-23 -1.509908388487757514e-22
1.450195312500000000e-01 -3.849039820806469242e-23 3.514824203988023283e-23
1.455078125000000000e-01 -1.996589931460673858e-22 -2.871780730778994367e-22
1.459960937500000000e-01 1.189245011305578281e-23 8.546332222811805459e-23
1.464843750000000000e-01 -6.024726370493027998e-23 -8.646221105649747422e-23
1.469726562500000000e-01 -1.500085816284153124e-22 1.248313849735012602e-22
1.474609375000000000e-01 8.940761969880955892e-23 -3.205229043695181341e-23
1.479492187500000000e-01 -1.835145115280468214e-23 6.459101040917440347e-23
1.484375000000000000e-01 -1.136724254634748694e-22 9.056716104499107035e-23
1.489257812500000000e-01 1.639120440878465444e-23 1.973016298606203889e-22
1.494140625000000000e-01 2.247126725119999802e-23 -1.577289388205262257e-22
1.499023437500000000e-01 -3.951628622446293935e-23 -1.692312283007467882e-22
1.503906250000000000e-01 -3.503326101751539140e-22 3.842031184216496087e-22
1.508789062500000000e-01 3.132007343302096735e-22 -1.631063258407774527e-23
1.513671875000000000e-01 -1.506243642203732104e-22 -1.612130640614201692e-22
1.518554687500000000e-01 -8.771228310386272785e-23 3.587314303477903399e-22
1.523437500000000000e-01 4.240920117603841814e-24 -6.597117390507629323e-23
1.528320312500000000e-01 -2.858992923043526888e-23 9.142095935827107233e-23
1.533203125000000000e-01 3.402297339033084531e-22 1.130591185510414286e-22
1.538085937500000000e-01 -7.569996831790733315e-24 -8.078818490199012290e-23
1.542968750000000000e-01 8.843864323463965743e-23 -3.003296444294209437e-24
1.547851562500000000e-01 6.825070915384861519e-23 1.256954226295232314e-22
1.552734375000000000e-01 -1.738795332674839160e-22 1.081154763553658238e-23
1.557617187500000000e-01 2.194887258858729048e-22 -6.585750813269156490e-23
1.562500000000000000e-01 1.092830810099079636e-22 2.163190596582911310e-23
1.567382812500000000e-01 -4.894741912398013314e-23 4.527237055474653842e-23
1.572265625000000000e-01 3.272811399167612520e-22 1.221290868795591317e-22
1.577148437500000000e-01 5.192197480921568618e-23 -1.491740883516724469e-22
1.582031250000000000e-01 -2.061216105487262325e-23 1.426658649229874626e-22
1.586914062500000000e-01 1.281232252529254419e-22 5.324109217555823148e-23
1.591796875000000000e-01 2.132290297984234450e-22 -3.384116921548841476e-23
1.596679687500000000e-01 -1.065625950694884008e-22 -1.657537036886897830e-22
1.601562500000000000e-01 1.777896396880202790e-23 -3.745424508736587625e-23
1.606445312500000000e-01 -2.783451134548032351e-24 -2.128921131793652346e-22
1.611328125000000000e-01 -1.261773098052224963e-22 2.143218512689867791e-22
1.616210937500000000e-01 7.649555304501010469e-23 -9.214744640186982918e-23
1.621093750000000000e-01 -5.998853841749509760e-23 6.717467385872384311e-23
1.625976562500000000e-01 -8.294884671794311127e-24 -1.897160011432654180e-22
1.630859375000000000e-01 -3.349909148899814619e-23 2.362544657269860388e-22
1.635742187500000000e-01 6.878072202323089391e-23 -1.907150239306095776e-22
1.640625000000000000e-01 -1.993303063981421532e-22 2.543179210728700662e-22
1.645507812500000000e-01 -3.037987687124023016e-23 -2.314289944774488415e-22
1.650390625000000000e-01 -8.622598582316982334e-23 2.427780288038698285e-23
1.655273437500000000e-01 -4.005511915562983981e-23 1.622398809000614900e-22
1.660156250000000000e-01 2.502071147281268058e-22 -1.579023366118225731e-22
1.665039062500000000e-01 -1.289181174684890136e-23 3.378664506882759539e-23
1.669921875000000000e-01 -1.585947426797262876e-22 -6.570373511258714811e-23
1.674804687500000000e-01 4.045945336111804627e-23 2.206145242726193076e-22
1.679687500000000000e-01 5.661791985077986641e-24 -1.443913007071876813e-23
1.684570312500000000e-01 -1.981494362222352794e-23 8.468416401536693239e-23
1.689453125000000000e-01 1.244769624800384086e-23 2.558557796168465910e-22
1.694335937500000000e-01 2.143991925267643198e-22 -7.286646379245966215e-23
1.699218750000000000e-01 -1.037973918879530931e-22 -2.527325230849933920e-22
1.704101562500000000e-01 -1.012840437115689398e-22 4.834024924900195720e-23
1.708984375000000000e-01 1.493354911040763196e-23 -6.479292662479855248e-23
1.713867187500000000e-01 -3.364868352364048479e-23 -1.969538785012189958e-22
1.718750000000000000e-01 1.341927891956654930e-22 3.010137838489671499e-23
1.723632812500000000e-01 4.388140173399410686e-23 -5.190935571332733037e-23
1.728515625000000000e-01 7.011900188425068769e-23 -6.182544796046861550e-23
1.733398437500000000e-01 -8.586255537530889915e-23 -7.033140589932039887e-25
1.738281250000000000e-01 -7.304132679701295109e-23 -1.340913823081463364e-22
1.743164062500000000e-01 -7.702022652043760308e-23 -1.505279092280671240e-22
1.748046875000000000e-01 -2.739476037320963342e-22 -1.299661224333750839e-22
1.752929687500000000e-01 -2.242919835275883480e-22 2.276204650517746155e-23
1.757812500000000000e-01 2.067919322662216462e-22 5.934720764505386618e-23
1.762695312500000000e-01 -8.021987826840622287e-23 2.232643639305124020e-23
1.767578125000000000e-01 7.720897247060321523e-23 1.437561053145961294e-22
1.772460937500000000e-01 1.462225545455672813e-22 9.666695112924513567e-24
1.777343750000000000e-01 -2.673689147565768203e-22 8.525642827929176894e-23
1.782226562500000000e-01 -1.150699547984805438e-22 -9.207125175429265377e-23
1.787109375000000000e-01 1.621349164958090339e-22 5.585237484225606840e-23
1.791992187500000000e-01 1.343928345881927640e-22 8.128436436418554342e-24
1.796875000000000000e-01 -1.328778161724101452e-22 -8.260883724804770035e-23
1.801757812500000000e-01 6.107677130945923915e-23 3.653610000726748267e-23
1.806640625000000000e-01 -1.337448522600620840e-22 -9.475550621506407917e-23
1.811523437500000000e-01 1.474945458680370159e-22 -2.635694095868721241e-22
1.816406250000000000e-01 -1.845171096109345866e-22 1.015594008207965542e-22
1.821289062500000000e-01 1.782157664193429697e-22 -1.870986547024153829e-23
1.826171875000000000e-01 -5.881078726301289425e-23 -1.127026295091772506e-22
1.831054687500000000e-01 4.438079541195742851e-24 1.410166519854325134e-22
1.835937500000000000e-01 1.015054317604117741e-22 -6.292388398663909304e-23
1.840820312500000000e-01 -1.400928466037870358e-22 3.395968544117675340e-24
1.845703125000000000e-01 -5.265933699111039772e-23 -2.399537803619336954e-24
1.850585937500000000e-01 5.345499631986424423e-23 -2.011806523950826153e-23
1.855468750000000000e-01 1.751808576257262128e-22 9.558104772373254503e-23
1.860351562500000000e-01 -2.155369254356198848e-22 1.146979224241316565e-22
1.865234375000000000e-01 9.590407917190342061e-23 1.655807539410092232e-22
1.870117187500000000e-01 -1.647610655711666394e-22 1.292334794170725087e-22
1.875000000000000000e-01 -1.118527781602196640e-23 7.454018086587550166e-23
1.879882812500000000e-01 4.317288714472733403e-23 8.528517840825368788e-23
1.884765625000000000e-01 -6.507171415854850247e-23 1.333750010969316213e-22
1.889648437500000000e-01 1.327352787278818449e-22 2.078085149361570196e-22
1.894531250000000000e-01 3.337672677253712445e-23 9.575894864563323558e-23
1.899414062500000000e-01 8.377292984379361789e-23 1.243038095373705514e-22
1.904296875000000000e-01 4.853972766038894237e-23 -6.586288507684852473e-23
1.909179687500000000e-01 -1.595820298733966679e-22 -1.076496741428819926e-22
1.914062500000000000e-01 3.149312977415413603e-22 -3.646350337047224255e-23
1.918945312500000000e-01 2.035394162471395968e-23 6.274999785925020102e-23
1.923828125000000000e-01 2.584878424207341605e-22 -2.775961245016900219e-23
1.928710937500000000e-01 6.226522790334894018e-23 3.640252862993358644e-23
1.933593750000000000e-01 5.023023770040233608e-23 -1.441165334017377473e-22
1.938476562500000000e-01 -1.713299085264887846e-22 -1.060131899445247649e-22
1.943359375000000000e-01 1.604590829070996019e-22 -1.772541374440540684e-22
1.948242187500000000e-01 8.422342490137412670e-23 -1.379175580313194837e-22
1.953125000000000000e-01 1.800828961412855297e-22 -2.440613615259141837e-22
1.958007812500000000e-01 -1.806272659423413414e-22 1.128914084413694002e-22
1.962890625000000000e-01 -1.194110455250854087e-24 1.620515142906979300e-22
1.967773437500000000e-01 4.541675523512008030e-23 -1.690586798596150561e-22
1.972656250000000000e-01 5.174026067096912638e-23 3.911090509924726206e-23
1.977539062500000000e-01 -1.280462250220874809e-22 -4.863427820108529680e-23
1.982421875000000000e-01 -4.178820717690566631e-23 8.109613516317408552e-23
1.987304687500000000e-01 -1.640508458308825151e-22 3.144236128150443186e-25
1.992187500000000000e-01 -1.059808360517704749e-22 1.412473058257103197e-22
1.997070312500000000e-01 -1.256706609890197794e-22 2.404967412159192189e-22
2.001953125000000000e-01 1.089853158189796021e-22 -2.349737643599241887e-22
2.006835937500000000e-01 -9.783267201955335339e-23 1.769743600459617140e-22
2.011718750000000000e-01 1.368584149965142231e-22 -2.261506332726736221e-23
2.016601562500000000e-01 -7.647438024743872200e-23 9.947023053865845851e-23
2.021484375000000000e-01 -2.311887817683718308e-22 -2.396453816466367653e-22
2.026367187500000000e-01 5.734923940414537844e-23 8.428403793515163113e-23
2.031250000000000000e-01 -1.511207039757877171e-22 9.580907535411728434e-23
2.036132812500000000e-01 -8.371635279432442494e-23 3.197920865565492370e-23
2.041015625000000000e-01 -4.386544123722974216e-23 -9.246809013851652586e-23
2.045898437500000000e-01 -3.199525866776575676e-23 3.591459980341319139e-23
2.050781250000000000e-01 9.193426343762804532e-23 -7.943273450406717678e-23
2.055664062500000000e-01 7.611274954220940555e-23 7.851158789026624696e-23
2.060546875000000000e-01 1.072482096936390955e-22 -2.115968974168450399e-23
2.065429687500000000e-01 9.701288590220858498e-24 1.111058168325465909e-23
2.070312500000000000e-01 2.466996563370045968e-23 -1.173103885394100705e-22
2.075195312500000000e-01 -1.539537492710459604e-22 -2.335153828955996799e-22
2.080078125000000000e-01 2.383582067199003999e-22 -2.159461921476299057e-22
2.084960937500000000e-01 8.131889090303951149e-23 -2.324597515576064896e-22
2.089843750000000000e-01 1.570855382757039539e-22 8.603758436681515037e-23
2.094726562500000000e-01 8.167920295744982663e-23 1.310630321398968190e-23
2.099609375000000000e-01 -2.021864883778136128e-22 -8.373267430961995715e-23
2.104492187500000000e-01 7.286936156139083073e-23 -4.567375756449257170e-25
2.109375000000000000e-01 5.824322947287805605e-23 1.237627811263804088e-22
2.114257812500000000e-01 -1.676160958235918527e-22 -1.545737073430724808e-24
2.119140625000000000e-01 -1.020985163061445896e-22 2.784477556368936020e-23
2.124023437500000000e-01 2.523580131824306144e-22 8.108287841139880443e-23
2.128906250000000000e-01 -1.143066151463852273e-22 2.863442105389283755e-23
2.133789062500000000e-01 9.359500294674923531e-23 5.885990186131240318e-23
2.138671875000000000e-01 -1.146343155996344563e-22 -1.299737094838455534e-22
2.143554687500000000e-01 -2.516844069799996305e-22 -4.326363317836923744e-23
2.148437500000000000e-01 -8.132496334138928968e-23 1.203540480357630049e-22
2.153320312500000000e-01 -2.172231655213825559e-22 2.035976447259824504e-22
2.158203125000000000e-01 -7.320072964883453441e-23 -2.466387456789505587e-23
2.163085937500000000e-01 -7.605679279659476126e-23 -8.559714799985888791e-23
2.167968750000000000e-01 -4.646684849531930769e-23 -5.126780162506644128e-23
2.172851562500000000e-01 -4.227105843648611634e-25 6.532466940146099529e-23
2.177734375000000000e-01 1.241188175198833163e-23 -1.432077428284752004e-22
2.182617187500000000e-01 4.423206516046073888e-23 -6.822311028045465525e-23
2.187500000000000000e-01 2.580953501804596738e-23 1.264645732529244910e-22
2.192382812500000000e-01 8.235578673417862713e-23 1.480154292621666619e-22
2.197265625000000000e-01 7.818276284693347440e-23 5.255604328274159894e-24
2.202148437500000000e-01 1.263805206196554233e-22 -1.953557589557700663e-22
2.207031250000000000e-01 -2.388905073347225029e-22 2.074540647938525628e-22
2.211914062500000000e-01 3.009705221834414474e-22 1.584402365830560728e-22
2.216796875000000000e-01 -8.143083549327313506e-23 -5.127344529713845963e-23
2.221679687500000000e-01 9.440453243543480873e-23 5.446421834362225648e-23
2.226562500000000000e-01 -5.815196113136236471e-23 1.655207077571464098e-23
2.231445312500000000e-01 1.111415727280196317e-22 2.058992182899474793e-22
2.236328125000000000e-01 1.994600986705404394e-22 5.349365492984370405e-23
2.241210937500000000e-01 1.249536138742359010e-22 -8.555140426233243368e-23
2.246093750000000000e-01 -1.535839573110706605e-22 -7.735934122953468342e-23
2.250976562500000000e-01 8.998693255877511031e-23 6.429934594212962286e-23
2.255859375000000000e-01 -2.052212882738139364e-23 2.016010793756586133e-22
2.260742187500000000e-01 4.985708730150069730e-23 6.191935485872787330e-23
2.265625000000000000e-01 4.023214304894851941e-23 -6.217195557574865564e-24
2.270507812500000000e-01 -2.162299127943980393e-23 -3.473833586872328947e-23
2.275390625000000000e-01 7.121797110126687882e-23 9.717087121814897445e-23
2.280273437500000000e-01 7.481769914201112353e-23 -1.873265817145622223e-22
2.285156250000000000e-01 8.530357465238618046e-23 2.274406823798877884e-24
2.290039062500000000e-01 -3.837051053107392873e-23 -1.333258605171972940e-22
2.294921875000000000e-01 5.179183393185052686e-23 -1.081139951952841405e-22
2.299804687500000000e-01 -4.800570652762778308e-23 2.133522288698992594e-24
2.304687500000000000e-01 2.939314441657521784e-23 6.203596889320432822e-23
2.309570312500000000e-01 -8.277225923531881979e-23 -1.297222585194210345e-22
2.314453125000000000e-01 5.407105511949016359e-23 1.931525605004562879e-22
2.319335937500000000e-01 1.171834502078924813e-22 -3.831136500161328484e-23
2.324218750000000000e-01 1.011381030386503801e-23 4.562143397767213918e-25
2.329101562500000000e-01 -4.304173683020638518e-23 -1.959034511309625510e-22
2.333984375000000000e-01 -4.917566851778060517e-23 2.192739770883804436e-22
2.338867187500000000e-01 6.844225307665006836e-23 -2.174437122603231275e-22
2.343750000000000000e-01 8.936118726810697415e-23 -2.500703798290711563e-23
2.348632812500000000e-01 -9.228760349677863777e-23 -3.677597232043020813e-22
2.353515625000000000e-01 1.206626368619130637e-22 2.619622066467799743e-22
2.358398437500000000e-01 -1.876498596449692095e-22 -9.426939593316023716e-23
2.363281250000000000e-01 -9.470957370627313293e-23 1.622982570466511348e-22
2.368164062500000000e-01 -2.405333802234927872e-22 1.510156594432180439e-22
2.373046875000000000e-01 1.068291056674957514e-22 4.641756147122038719e-23
2.377929687500000000e-01 -2.160176405358032277e-22 -1.416123336037114397e-22
2.382812500000000000e-01 7.230691794969536002e-23 -4.765524389520167175e-23
2.387695312500000000e-01 -1.203046522466753579e-22 1.151712773731845651e-22
2.392578125000000000e-01 1.131780020444003869e-22 9.537666725215229816e-23
2.397460937500000000e-01 4.143928807088227933e-23 -2.073734572158938349e-22
2.402343750000000000e-01 3.524144387149987911e-24 -1.432139757601912443e-22
2.407226562500000000e-01 -1.402913847387422588e-23 8.998778124762543530e-23
2.412109375000000000e-01 -1.675153826884232281e-22 -1.962659118446029516e-22
2.416992187500000000e-01 -1.703798226231940680e-22 1.856275652691484673e-22
2.421875000000000000e-01 5.672840301746491233e-23 -2.441288865197602345e-24
2.426757812500000000e-01 1.023601182944816774e-23 -1.403807681107090901e-22
2.431640625000000000e-01 -1.109371533441353245e-22 -1.801986553911491470e-23
2.436523437500000000e-01 5.007684786634159194e-23 -6.573618010450201025e-23
2.441406250000000000e-01 -2.623501563391222046e-22 6.694132845175670324e-23
2.446289062500000000e-01 2.536607949345403848e-23 1.425143018071785767e-22
2.451171875000000000e-01 -6.217720243864333165e-23 -3.093791696663974614e-22
2.456054687500000000e-01 2.351951126937095245e-22 -9.708390453224706370e-23
2.460937500000000000e-01 -1.762555450361673375e-22 5.793483781581204675e-23
2.465820312500000000e-01 2.597796967850282468e-23 -4.908933963045854391e-24
2.470703125000000000e-01 -1.014028143095250255e-22 -5.619790889577115533e-23
2.475585937500000000e-01 2.842548953081773079e-23 -9.653607760489897682e-23
2.480468750000000000e-01 -8.306785941225159223e-23 1.235373306975158404e-22
2.485351562500000000e-01 1.453901962433182802e-23 5.367866311665812994e-23
2.490234375000000000e-01 5.754719986411184816e-23 -1.936438851280841805e-24
2.495117187500000000e-01 4.259944023438717646e-23 6.009423696743426823e-23
2.500000000000000000e-01 -9.059823083591081091e-23 -7.731301910966777213e-23
2.504882812500000000e-01 4.903753042499384784e-23 2.407020227980986149e-22
2.509765625000000000e-01 9.405344727708024336e-23 4.855036325203239320e-23
2.514648437500000000e-01 5.117186656294277628e-23 3.093356503418287079e-22
2.519531250000000000e-01 6.717438156303534183e-23 -7.298692426816175985e-23
2.524414062500000000e-01 -1.895001913830125682e-22 -2.288803535164496855e-23
2.529296875000000000e-01 -6.658492654455229707e-23 5.025768887265630812e-23
2.534179687500000000e-01 2.365492291223929611e-22 -2.155505326151998828e-23
2.539062500000000000e-01 2.229224316486956081e-22 4.231479340636733194e-23
2.543945312500000000e-01 1.837514245922872811e-22 1.109803470437843662e-22
2.548828125000000000e-01 3.000340647965782669e-22 1.112178937728606360e-22
2.553710937500000000e-01 -3.116093446315567964e-22 -3.431139845712581364e-23
2.558593750000000000e-01 3.038471137525447497e-23 -2.098401477589796021e-22
2.563476562500000000e-01 4.455330408579730104e-23 3.411996949987246684e-23
2.568359375000000000e-01 2.582259263623754519e-23 -6.174311506157814386e-23
2.573242187500000000e-01 1.362981829224255272e-22 5.034410984778897662e-24
2.578125000000000000e-01 8.323549942951658873e-23 2.738887162959024049e-23
2.583007812500000000e-01 6.487973445044221024e-23 -5.584675032214618071e-24
2.587890625000000000e-01 1.909582896621753186e-22 8.384431422765920843e-23
2.592773437500000000e-01 -6.283271659383035595e-24 1.004984877356798828e-22
2.597656250000000000e-01 6.202081753250803363e-23 7.684021568544507485e-23
2.602539062500000000e-01 1.791139665637065743e-22 -7.465813405930947575e-23
2.607421875000000000e-01 1.203168783740338249e-22 1.462326617939595646e-22
2.612304687500000000e-01 -1.061194728329504084e-22 3.158403813302764108e-23
2.617187500000000000e-01 3.245596061315892432e-23 -1.814233371251163531e-23
2.622070312500000000e-01 -7.569102425101446611e-23 1.187548246495241609e-22
2.626953125000000000e-01 -5.374881073492142355e-23 -2.948780285252965988e-22
2.631835937500000000e-01 -2.931760184696274506e-23 -6.302432987468059242e-24
2.636718750000000000e-01 3.470665722648023560e-23 3.560106782815734183e-22
2.641601562500000000e-01 -2.427040086670500674e-23 -2.277013667161543987e-22
2.646484375000000000e-01 -1.444226778051809391e-22 -1.423649354738561065e-22
2.651367187500000000e-01 5.333024436084216807e-23 3.907621989888338230e-23
2.656250000000000000e-01 -1.834200866494337095e-22 -4.511129076953206324e-23
2.661132812500000000e-01 6.054998480881371921e-26 -2.140603246251959984e-22
2.666015625000000000e-01 1.026080442348411125e-22 -1.380031654487541234e-22
2.670898437500000000e-01 -2.071643575234612742e-22 2.941950634133433477e-23
2.675781250000000000e-01 4.449231714480983071e-23 -1.148868889730670234e-22
2.680664062500000000e-01 -1.772828346126820180e-22 1.068028449168308889e-22
2.685546875000000000e-01 -5.592643700580153200e-23 -2.662814971940115143e-22
2.690429687500000000e-01 -3.243772346880675207e-23 2.006853621841338052e-22
2.695312500000000000e-01 -1.709389669814546970e-22 -6.252882418133655723e-23
2.700195312500000000e-01 -3.217723563343589205e-23 2.060542099621391268e-22
2.705078125000000000e-01 -5.974789093811780163e-23 -2.037240807553704211e-22
2.709960937500000000e-01 -1.505548127784182447e-22 -1.027759984289992915e-22
2.714843750000000000e-01 5.953882397013599857e-23 1.831619786992767553e-22
2.719726562500000000e-01 -1.525726962528116416e-22 -7.970287546161635757e-25
2.724609375000000000e-01 -1.625096747355722272e-22 -2.400990113822318532e-23
2.729492187500000000e-01 1.902439781081857563e-23 -1.188241908524999272e-25
2.734375000000000000e-01 -1.620857157006673629e-22 -3.264522812932179321e-24
2.739257812500000000e-01 -9.219218366612136472e-23 2.168684923187745318e-23
2.744140625000000000e-01 6.511610265189439901e-23 -1.559504369860834581e-22
2.749023437500000000e-01 -1.112873482331207739e-22 7.142908543423521339e-23
2.753906250000000000e-01 -7.946776597825531078e-23 -3.115038749350328076e-22
2.758789062500000000e-01 -9.934244086968698563e-23 -4.092791673491242637e-23
2.763671875000000000e-01 9.239254568394768638e-23 1.595750803666003741e-22
2.768554687500000000e-01 -7.753317638405582167e-23 1.754968741705296899e-22
2.773437500000000000e-01 -1.820956296674617415e-22 -7.023515372551185755e-23
2.778320312500000000e-01 -5.357047784578598600e-23 4.045524614474935141e-23
2.783203125000000000e-01 1.773858687638802728e-22 -1.325724552350444359e-23
2.788085937500000000e-01 1.009234018962074847e-22 4.301111278090094120e-23
2.792968750000000000e-01 2.036054924512281504e-22 1.732328697742391596e-23
2.797851562500000000e-01 1.061856106928994694e-22 -2.506608851596175559e-24
2.802734375000000000e-01 1.007713214015302753e-22 3.563917102488084439e-23
2.807617187500000000e-01 7.298428978020785336e-23 -4.775055833193188207e-23
2.812500000000000000e-01 3.847161122738535757e-23 -7.499868641757811502e-23
2.817382812500000000e-01 2.082846599278273659e-23 7.241615883737755000e-23
2.822265625000000000e-01 1.114884668867815931e-22 3.668602317049284355e-22
2.827148437500000000e-01 2.404266185745457504e-22 8.338252175784901100e-23
2.832031250000000000e-01 -1.931094056168269405e-23 -8.823334349403089614e-23
2.836914062500000000e-01 6.964769404558156758e-23 1.573133150429024270e-22
2.841796875000000000e-01 1.525379833818678455e-22 2.179310680395751599e-23
2.846679687500000000e-01 9.323670967147842112e-23 -3.992764991521281311e-23
2.851562500000000000e-01 1.597985109639437174e-22 1.344940238127688355e-22
2.856445312500000000e-01 -1.622860548999240530e-23 8.743000619434592868e-23
2.861328125000000000e-01 4.669105224900401828e-22 1.426273916318413312e-23
2.866210937500000000e-01 6.253363461209903138e-24 -2.430398629082420395e-23
2.871093750000000000e-01 7.212116582285845621e-23 -7.190133003029970587e-23
2.875976562500000000e-01 -8.882335004086663866e-23 -2.286474205415634963e-22
2.880859375000000000e-01 2.954020576949455996e-22 8.148739560417831085e-23
2.885742187500000000e-01 5.372293607676458261e-23 -4.862420001851409470e-23
2.890625000000000000e-01 -9.723757242956580200e-23 -2.023770860486545969e-23
2.895507812500000000e-01 -1.072860478679231704e-22 -3.866040210805813865e-22
2.900390625000000000e-01 -6.812364862816679636e-23 1.220972518854304441e-22
2.905273437500000000e-01 5.224212621075953892e-23 -6.436432665873830178e-23
2.910156250000000000e-01 -1.809700084943356202e-22 3.071376475908497908e-23
2.915039062500000000e-01 -1.769599524726414218e-24 3.105303912161517610e-23
2.919921875000000000e-01 5.206589987238695223e-23 -1.727724685915282611e-22
2.924804687500000000e-01 -4.838414649396772583e-23 -6.169957482271505179e-23
2.929687500000000000e-01 -2.558703688439944128e-22 1.325883883082811214e-22
2.934570312500000000e-01 -1.543570551492557178e-22 -1.257242136809208381e-22
2.939453125000000000e-01 -3.248745834519898110e-22 -7.721055879329261106e-23
2.944335937500000000e-01 1.352023586776371819e-22 -7.832329257253707730e-23
2.949218750000000000e-01 -3.038867026444576531e-23 1.376741786703991868e-22
2.954101562500000000e-01 -8.384024874964108525e-23 1.275676413238342313e-22
2.958984375000000000e-01 2.284419279437422622e-23 1.382514974805512853e-22
2.963867187500000000e-01 -1.417046291051018395e-22 -3.189121400328128781e-23
2.968750000000000000e-01 -4.722849515896209043e-23 -1.386359833961835991e-23
2.973632812500000000e-01 -9.957723680214312529e-23 5.170703325120728192e-23
2.978515625000000000e-01 8.790535120749376983e-23 6.631599467818667323e-24
2.983398437500000000e-01 -2.068434894827939530e-22 -9.381790368128491248e-23
2.988281250000000000e-01 6.630551718619923691e-23 -1.133951457485464901e-22
2.993164062500000000e-01 -1.604540625923003079e-22 1.989932699017088290e-22
2.998046875000000000e-01 -1.536883915669914227e-22 1.651853539262158474e-22
3.002929687500000000e-01 4.439516110004646127e-23 2.290161753662850791e-22
3.007812500000000000e-01 -1.402032915104162998e-22 9.265023027050578135e-23
3.012695312500000000e-01 3.621726348686602530e-23 1.028920800342521126e-22
3.017578125000000000e-01 -2.841709141798840523e-23 6.899302860224972766e-23
3.022460937500000000e-01 -4.377415368209188415e-23 2.708216715968486180e-23
3.027343750000000000e-01 -4.474608316601533481e-23 8.075965373010327718e-23
3.032226562500000000e-01 -1.305260179331085573e-23 -5.797911120083421078e-23
3.037109375000000000e-01 -7.337708331050585690e-23 -2.501631741316131874e-23
3.041992187500000000e-01 1.283767504175937484e-22 -1.111123300061066036e-22
3.046875000000000000e-01 1.987758389482840680e-23 1.198405956883263059e-22
3.051757812500000000e-01 2.224453611869089886e-22 -4.080593877716419029e-23
3.056640625000000000e-01 5.666601591687264327e-23 -2.667362302175960126e-22
3.061523437500000000e-01 -8.172831915744791587e-23 2.480334277025434700e-23
3.066406250000000000e-01 1.879563208254378797e-22 -2.541217448697812062e-22
3.071289062500000000e-01 -5.077397920773226199e-23 -6.807267214789384034e-23
3.076171875000000000e-01 2.093856937873740918e-22 -1.031376065122233314e-22
3.081054687500000000e-01 -2.232114717809799705e-22 -9.878496971370489936e-23
3.085937500000000000e-01 3.800256831712093223e-22 -6.269770442166406127e-23
3.090820312500000000e-01 -1.571296636112753519e-22 -2.095827448259589126e-22
3.095703125000000000e-01 -8.482641809855414269e-23 1.441293606896781011e-22
3.100585937500000000e-01 2.035247436948921040e-22 4.827481752396859650e-23
3.105468750000000000e-01 -7.607220138252197220e-23 -2.603477955002053713e-22
3.110351562500000000e-01 -9.757434583631498516e-24 -1.573053123399222144e-22
3.115234375000000000e-01 2.176137098080934481e-23 8.876143216499431254e-23
3.120117187500000000e-01 -6.908237786428990880e-23 2.771777033265870492e-23
3.125000000000000000e-01 1.427773783341255262e-22 -4.059127358225975447e-23
3.129882812500000000e-01 4.089164020641785387e-24 -1.432320452588632005e-22
3.134765625000000000e-01 -7.630032301367539499e-23 -6.612958453000358541e-23
3.139648437500000000e-01 4.167835153274325999e-25 -2.550132089233599228e-23
3.144531250000000000e-01 1.935200789297076060e-22 3.012569065845118032e-22
3.149414062500000000e-01 2.546866670613737656e-22 9.406369542629177812e-23
3.154296875000000000e-01 -1.332650197077939370e-22 -2.748016887305611218e-23
3.159179687500000000e-01 2.441340466294611288e-22 2.563956901813619900e-23
3.164062500000000000e-01 -1.803188250036640287e-22 1.461693286394075768e-22
3.168945312500000000e-01 -1.137204129055875722e-22 7.970415663410303330e-23
3.173828125000000000e-01 1.636237238123439027e-22 1.082917739698236731e-22
3.178710937500000000e-01 1.090147361386477030e-22 1.020161713393253764e-22
3.183593750000000000e-01 3.785778997210454059e-23 -4.295323521324640596e-23
3.188476562500000000e-01 3.603350142218902571e-23 1.797779908724807836e-22
3.193359375000000000e-01 1.168048822730518901e-22 -1.411556669379719459e-22
3.198242187500000000e-01 -2.134702257397942340e-22 1.829759125867849062e-22
3.203125000000000000e-01 1.864844289135615231e-22 -1.197826121995919858e-22
3.208007812500000000e-01 -1.252656777051619397e-22 9.338707182406918367e-23
3.212890625000000000e-01 4.762721317858584384e-23 -1.551098756172664836e-22
3.217773437500000000e-01 -8.165412194803710280e-23 5.338190491961064626e-24
3.222656250000000000e-01 -1.618715281667675826e-22 -3.275805460074940095e-23
3.227539062500000000e-01 2.714953634844689340e-22 4.192916288634700265e-23
3.232421875000000000e-01 -1.637232962200408091e-22 1.323143868449561676e-22
3.237304687500000000e-01 -3.051693955044451930e-22 -9.614085875789022009e-24
3.242187500000000000e-01 1.709923976779606970e-22 1.307736733311950412e-22
3.247070312500000000e-01 1.775608346805550827e-23 -2.643475501714920524e-22
3.251953125000000000e-01 -1.031806261688296615e-22 1.231065152636155674e-22
3.256835937500000000e-01 -2.147959984550436070e-22 1.420611497183081625e-22
3.261718750000000000e-01 -6.827841849971448176e-23 1.452450443817868952e-22
3.266601562500000000e-01 5.363648212893053812e-23 1.368266126990432808e-22
3.271484375000000000e-01 -2.023587197841907081e-22 -1.585249095175527062e-22
3.276367187500000000e-01 2.580577320362611702e-23 1.071592735694917063e-23
3.281250000000000000e-01 1.280985271590739416e-22 -9.064103876680402837e-23
3.286132812500000000e-01 8.925100864515336430e-23 -2.094207117412832715e-22
3.291015625000000000e-01 -1.986191623335125565e-23 -2.862082159968267804e-23
3.295898437500000000e-01 1.643688268857390780e-23 9.081699153828505870e-23
3.300781250000000000e-01 -1.761822142528903608e-22 8.099147614663172527e-23
3.305664062500000000e-01 -2.265193583446314999e-23 1.951378511073358390e-22
3.310546875000000000e-01 -2.029720982955211604e-22 -5.025303828067007193e-23
3.315429687500000000e-01 -1.646969443826251905e-23 -7.977238146289998932e-23
3.320312500000000000e-01 -2.663559123561191747e-22 1.086767287308585025e-22
3.325195312500000000e-01 4.430790996704647774e-23 4.570945911098915705e-23
3.330078125000000000e-01 -4.029940362112828718e-23 1.250703051158120412e-22
3.334960937500000000e-01 -6.192047101861051643e-23 1.195118468167747471e-22
3.339843750000000000e-01 7.505008450157819961e-24 -2.743019591163022043e-22
3.344726562500000000e-01 2.934813824324551294e-23 -2.111827499659108481e-22
3.349609375000000000e-01 8.920328353555694133e-23 -8.535560913280286313e-24
3.354492187500000000e-01 1.241520532165979793e-22 -2.213736676797585292e-22
3.359375000000000000e-01 2.370689946882856583e-22 -1.138522845953542358e-22
3.364257812500000000e-01 -2.488308214098880389e-22 -7.100038857617696016e-23
3.369140625000000000e-01 1.422050753036661455e-22 -8.654381636032304636e-23
3.374023437500000000e-01 -9.439146578704973661e-23 3.227432519972901723e-24
3.378906250000000000e-01 -6.441789533868069569e-23 -2.134452878287020509e-22
3.383789062500000000e-01 3.617167102245202112e-23 -1.125841167353815699e-22
3.388671875000000000e-01 1.002175467148715620e-22 1.687089873539115583e-23
3.393554687500000000e-01 3.604017664919963291e-23 1.009498366994450853e-22
3.398437500000000000e-01 4.522370495844012864e-23 2.081765978129083653e-22
3.403320312500000000e-01 1.813916962816395662e-22 4.638751989509870959e-23
3.408203125000000000e-01 3.428727249419309596e-23 -1.065211996458274011e-23
3.413085937500000000e-01 2.025794839853336193e-22 1.510574428852550962e-22
3.417968750000000000e-01 1.342393039676328972e-22 -1.669616846120589708e-22
3.422851562500000000e-01 3.036362006990651519e-25 -4.506269033000530861e-23
3.427734375000000000e-01 1.073490270058243806e-22 8.208099079443412139e-23
3.432617187500000000e-01 2.852957088041411829e-22 -3.313665457861694851e-23
3.437500000000000000e-01 3.772318869641187509e-23 3.246164005636367030e-23
3.442382812500000000e-01 -7.090714037485017103e-23 -5.981184635527966830e-23
3.447265625000000000e-01 6.554908334567899385e-23 6.160537502708820527e-23
3.452148437500000000e-01 -4.459275941936659938e-23 -1.745521485189330456e-23
3.457031250000000000e-01 1.586066522988404793e-22 -3.744529364691058015e-23
3.461914062500000000e-01 -8.479309832214733783e-23 8.306043070429011468e-23
3.466796875000000000e-01 4.844745946788085727e-23 -6.318786999939433856e-23
3.471679687500000000e-01 -1.046441586626531018e-22 1.819632617379275931e-23
3.476562500000000000e-01 4.513176640826688148e-23 -3.794300772832689415e-23
3.481445312500000000e-01 4.120485542147068462e-23 -1.271305398750556353e-23
3.486328125000000000e-01 -2.457548546616796645e-22 -2.506991684434216407e-23
3.491210937500000000e-01 -1.815698263524330706e-22 4.094224601489814158e-23
3.496093750000000000e-01 3.550450207943990377e-23 -1.124775967797645995e-22
3.500976562500000000e-01 -1.414922398040402543e-23 1.180042566798395341e-22
3.505859375000000000e-01 -2.787211129142896771e-23 1.508786190840967068e-22
3.510742187500000000e-01 -1.571849961875690353e-22 -2.020365722861462341e-23
3.515625000000000000e-01 -1.226527988628618148e-22 -1.472678639928094059e-22
3.520507812500000000e-01 -1.197685426445735903e-22 -6.284202760610986129e-24
3.525390625000000000e-01 -5.238018295489831757e-23 -1.736324148881695228e-23
3.530273437500000000e-01 -8.315397732087067919e-23 2.570764679068910219e-22
3.535156250000000000e-01 8.693009793378145602e-23 -5.243916655211926124e-23
3.540039062500000000e-01 -3.374542926134910978e-22 1.041379222890897081e-22
3.544921875000000000e-01 1.898788484559385985e-22 1.012973195573633051e-22
3.549804687500000000e-01 4.419381746706694066e-23 -1.168261491355629804e-22
3.554687500000000000e-01 -2.054221330816111946e-22 1.273149509982018776e-22
3.559570312500000000e-01 -6.170900113763881409e-24 1.339012058023585897e-23
3.564453125000000000e-01 -1.160722847937017353e-22 1.338233570651208507e-22
3.569335937500000000e-01 -5.873796983921283864e-24 1.169082798650272356e-22
3.574218750000000000e-01 1.230724004977056395e-22 1.882832641495326502e-22
3.579101562500000000e-01 7.312195825769892559e-23 1.252376539667905018e-23
3.583984375000000000e-01 -1.306203403409284408e-22 2.096871598622102598e-22
3.588867187500000000e-01 9.953138503413048210e-23 1.575393157418229325e-22
3.593750000000000000e-01 2.598187464124505144e-23 1.916616065732699606e-24
3.598632812500000000e-01 1.268516839584512442e-23 -1.227439478493243851e-22
3.603515625000000000e-01 -1.330598606202545577e-22 -1.949642511918543616e-23
3.608398437500000000e-01 -2.850538575678240418e-22 -1.876973175744423287e-22
3.613281250000000000e-01 1.713911957677504321e-22 7.221794996601555346e-23
3.618164062500000000e-01 1.893801353444799697e-22 -1.998892613506666484e-22
3.623046875000000000e-01 2.706290645234958345e-23 -3.058064759484473372e-23
3.627929687500000000e-01 -3.805310669730401013e-23 -3.559977700559363592e-22
3.632812500000000000e-01 2.822025239930876735e-22 -1.145491046909861545e-22
3.637695312500000000e-01 3.638414884187698951e-23 -7.593615223179911898e-23
3.642578125000000000e-01 -7.815396336387458017e-23 4.260934919735657246e-23
3.647460937500000000e-01 -5.117364932014061530e-23 4.602741265695525730e-23
3.652343750000000000e-01 1.259127840423316974e-24 -7.007864131202037001e-23
3.657226562500000000e-01 1.445725482262248158e-22 4.219100614757140729e-23
3.662109375000000000e-01 2.435377353999728924e-22 -1.718768685537850197e-22
3.666992187500000000e-01 1.178178636570380661e-22 -1.053026604748320154e-22
3.671875000000000000e-01 1.038806066069465080e-22 5.501317609845749731e-23
3.676757812500000000e-01 1.293127327535494642e-22 7.297806288297184022e-23
3.681640625000000000e-01 3.032775228862866437e-22 -1.578729378799154440e-22
3.686523437500000000e-01 -7.411292198123846214e-23 1.265928590230313108e-22
3.691406250000000000e-01 -3.353610810663585233e-24 -4.786462215151281281e-23
3.696289062500000000e-01 -3.390603365581948923e-23 -7.244418063093446224e-23
3.701171875000000000e-01 -1.246014169312924624e-22 -1.648797090134407909e-22
3.706054687500000000e-01 1.526386307064979734e-22 -5.146865519664866726e-23
3.710937500000000000e-01 -8.481291565104430883e-23 -1.215435526692988004e-22
3.715820312500000000e-01 -6.330669188012501492e-23 1.673988801085882087e-24
3.720703125000000000e-01 -1.535672587590638437e-22 8.692054101429102710e-23
3.725585937500000000e-01 -9.647798737884533971e-24 -1.076981961497785892e-22
3.730468750000000000e-01 -2.474438789972111405e-23 -3.992263563993589158e-24
3.735351562500000000e-01 -1.138778580745991767e-22 8.819453493211404470e-23
3.740234375000000000e-01 1.117854096408995246e-22 1.271228220735822190e-22
3.745117187500000000e-01 -5.046668665501003698e-23 -1.642147754535332490e-23
3.750000000000000000e-01 1.907522196327725779e-23 1.805198710211620057e-22
3.754882812500000000e-01 2.522832916403894201e-23 2.415469801761793064e-22
3.759765625000000000e-01 -3.095714986107030058e-22 1.854427242606344593e-22
3.764648437500000000e-01 5.978300722431582360e-23 -9.815267109436245632e-23
3.769531250000000000e-01 -7.467410544001754142e-23 2.609818566345868183e-23
3.774414062500000000e-01 -6.889029361407070636e-23 1.439481758286193065e-22
3.779296875000000000e-01 -8.307532436893113181e-23 -7.986937125427446910e-23
3.784179687500000000e-01 -6.623989703800546339e-23 -8.736050780166370472e-23
3.789062500000000000e-01 -1.351224283121614785e-22 1.189698252256421655e-22
3.793945312500000000e-01 -1.353735995880038438e-22 -8.637621757423832802e-24
3.798828125000000000e-01 3.697567116930097461e-23 9.726383904565139152e-23
3.803710937500000000e-01 6.278867483470000992e-23 5.395455860760165191e-23
3.808593750000000000e-01 -7.248065418389892618e-23 1.362071082268802699e-22
3.813476562500000000e-01 1.242428057906814846e-23 -1.416081427981130193e-22
3.818359375000000000e-01 -7.139161117831525627e-23 -9.095217231568184811e-23
3.823242187500000000e-01 1.397316444352566717e-22 4.091306006931465066e-23
3.828125000000000000e-01 -2.556447217308576924e-22 -2.578876368399985675e-23
3.833007812500000000e-01 8.204155719912183276e-23 -8.389895186425147927e-23
3.837890625000000000e-01 -1.470238984218026417e-22 -1.007892945621289524e-22
3.842773437500000000e-01 1.217130823278680888e-23 -2.224369546108335006e-23
3.847656250000000000e-01 3.078310152458229052e-22 -5.652015460931666280e-23
3.852539062500000000e-01 1.428855643974903239e-22 3.186394863400511358e-22
3.857421875000000000e-01 7.663336923572425932e-24 -1.517696487551830555e-22
3.862304687500000000e-01 -2.559971337182019976e-22 1.701559944838146326e-22
3.867187500000000000e-01 7.795423385932268864e-23 3.008914485755123487e-23
3.872070312500000000e-01 1.302935948439898204e-22 -5.941997322348780530e-23
3.876953125000000000e-01 -4.124608019176159803e-23 -1.417377279248689444e-22
3.881835937500000000e-01 7.312408046096340384e-23 -9.023535344558701066e-23
3.886718750000000000e-01 1.060299972121370559e-22 -7.262097318046037256e-23
3.891601562500000000e-01 -4.953791634168759553e-23 1.237242546476009134e-23
3.896484375000000000e-01 8.918476528599198494e-24 9.407914421259744469e-23
3.901367187500000000e-01 1.648120652287568668e-22 -6.678651907310881265e-23
3.906250000000000000e-01 -3.104825120984216278e-22 -1.057259260917472288e-22
3.911132812500000000e-01 2.286093855305927894e-22 1.799337900050769363e-23
3.916015625000000000e-01 2.069882015856390386e-22 6.048630138009956868e-23
3.920898437500000000e-01 2.202223709618498070e-23 -1.078431752150998971e-23
3.925781250000000000e-01 6.132462983065145853e-23 4.181634155540893547e-23
3.930664062500000000e-01 -5.103223642260454543e-24 1.865160399975973739e-22
3.935546875000000000e-01 1.327621670286883273e-22 -2.428450749339807924e-22
3.940429687500000000e-01 -1.099969023536527243e-22 7.346816860412713156e-23
3.945312500000000000e-01 1.733890633820591643e-22 -2.755373598562594901e-22
3.950195312500000000e-01 -2.256483902662029750e-22 -8.143638516784045334e-23
3.955078125000000000e-01 6.755629483936992972e-23 1.885569378664121354e-23
3.959960937500000000e-01 1.032502029014274245e-22 1.379712723163428236e-22
3.964843750000000000e-01 6.323564791000190582e-23 -6.634243416005794618e-24
3.969726562500000000e-01 1.091091818347220430e-23 6.071738314564977034e-23
3.974609375000000000e-01 2.835898944846445505e-23 6.461423033344561263e-23
3.979492187500000000e-01 4.644445952792879901e-23 -1.123653021486794978e-22
3.984375000000000000e-01 -1.054146186259531624e-22 2.736640594705498009e-22
3.989257812500000000e-01 -3.693335582142455198e-23 -1.032554432212018850e-22
3.994140625000000000e-01 -1.649741561798698264e-22 5.066831601439414849e-23
3.999023437500000000e-01 1.019537232098883279e-22 1.407256671950569436e-23
4.003906250000000000e-01 -3.420205684895658189e-24 2.290856281173167629e-23
4.008789062500000000e-01 -1.697683127057021784e-22 7.207429975458770946e-23
4.013671875000000000e-01 -2.831786209232762063e-22 -3.518183228592022142e-23
4.018554687500000000e-01 -2.887077234187329966e-23 1.034690017713380907e-23
4.023437500000000000e-01 1.118259399222319699e-22 2.906118154630337830e-23
4.028320312500000000e-01 -2.815040531056118549e-23 -1.079830332868997133e-22
4.033203125000000000e-01 2.195105535603780541e-22 -1.659741928569569834e-23
4.038085937500000000e-01 1.398973336957252862e-22 -3.256711720871458005e-23
4.042968750000000000e-01 1.501375992297902797e-22 1.340229647142831281e-23
4.047851562500000000e-01 -1.264900421623379418e-22 4.265276446778887340e-23
4.052734375000000000e-01 -8.450581535829441203e-23 6.432982104186638180e-23
4.057617187500000000e-01 2.528974644898183106e-22 2.145291474274170193e-23
4.062500000000000000e-01 -1.883347527848980871e-22 1.182088333815148641e-22
4.067382812500000000e-01 -1.567681323728964699e-22 -1.346191129679802478e-22
4.072265625000000000e-01 -7.459452467003643988e-23 1.052739786361388350e-22
4.077148437500000000e-01 -1.160988573536508227e-22 -1.055014908036490118e-22
4.082031250000000000e-01 -2.262100836889131102e-22 -1.390759157821702927e-22
4.086914062500000000e-01 3.075106467078216963e-23 -1.885249185574990600e-22
4.091796875000000000e-01 -1.423017862574740521e-22 4.250463872172674774e-23
4.096679687500000000e-01 -1.139668691898460075e-22 -8.849783006982768057e-23
4.101562500000000000e-01 1.210577635434244079e-22 -8.309575952390957251e-23
4.106445312500000000e-01 -1.128287333424450201e-22 -1.516210693631550374e-22
4.111328125000000000e-01 -5.334463758136214273e-23 -3.708407037211858699e-24
4.116210937500000000e-01 2.700171566586012707e-23 3.100649210755860561e-22
4.121093750000000000e-01 1.773907258522883831e-26 -3.078198332084285431e-23
4.125976562500000000e-01 1.233156153559242229e-23 2.444852719491843410e-23
4.130859375000000000e-01 -1.046720945841149995e-22 -6.619330495334718416e-24
4.135742187500000000e-01 -1.456791324413143513e-23 2.549752276636478354e-22
4.140625000000000000e-01 3.145276745988620716e-22 1.533099438462826013e-22
4.145507812500000000e-01 8.198936970866764174e-24 3.319699002042860787e-23
4.150390625000000000e-01 -1.069833002825518964e-22 5.963321600727756101e-23
4.155273437500000000e-01 2.367766272565331367e-22 -6.629194261996121252e-23
4.160156250000000000e-01 -5.640683630898764481e-23 1.453120268483989713e-22
4.165039062500000000e-01 3.206997991740916593e-22 -2.164504425836238778e-22
4.169921875000000000e-01 5.117962022387042880e-23 -8.292557747118957702e-24
4.174804687500000000e-01 -1.484344219764823414e-22 3.670347321191441280e-23
4.179687500000000000e-01 -5.235326884087277398e-23 7.985511647641085149e-23
4.184570312500000000e-01 -6.864352100473326684e-23 -2.039211454728961818e-22
4.189453125000000000e-01 -2.057891950479369093e-23 -1.381716734465882471e-22
4.194335937500000000e-01 1.623344566688005775e-22 -5.528245271730881564e-24
4.199218750000000000e-01 5.142622446935992521e-23 -1.519093466624121207e-23
4.204101562500000000e-01 4.273625415191991984e-23 -5.883058288007669900e-23
4.208984375000000000e-01 1.189749825211247133e-22 -1.795425775993140428e-22
4.213867187500000000e-01 -8.989584408074713892e-23 -2.791406589497206871e-23
4.218750000000000000e-01 7.967661094076142737e-24 1.126368610245375756e-22
4.223632812500000000e-01 2.077690827975094899e-22 -7.038788345616220020e-23
4.228515625000000000e-01 3.753711437022918657e-23 -2.595335997107823256e-24
4.233398437500000000e-01 -1.158050206411476939e-22 7.285530994958969693e-23
4.238281250000000000e-01 1.438590036530508849e-22 6.891304287932964525e-23
4.243164062500000000e-01 -1.087168418104953659e-22 -1.275436764073553510e-22
4.248046875000000000e-01 1.146126824232078025e-22 1.318093711249599819e-22
4.252929687500000000e-01 -1.133002212470149815e-23 7.092301805332923049e-24
4.257812500000000000e-01 8.513705481019420078e-23 2.236002455441855704e-23
4.262695312500000000e-01 -1.295107147280791664e-22 -3.097242616293445967e-23
4.267578125000000000e-01 -2.661792284122290086e-23 2.243364739741946909e-23
4.272460937500000000e-01 3.102433734280929279e-22 7.269953178721487114e-23
4.277343750000000000e-01 -2.465985171462997660e-22 1.391547350694753665e-22
4.282226562500000000e-01 -2.479827841902150515e-22 1.533842255561661370e-22
4.287109375000000000e-01 -1.717264130512269361e-23 -1.206141675122915006e-22
4.291992187500000000e-01 -2.680316344460940959e-23 -6.307144589907014907e-23
4.296875000000000000e-01 -1.545282570812574412e-22 -1.278841239844831905e-22
4.301757812500000000e-01 -4.888359732986175659e-23 7.624456386064196024e-23
4.306640625000000000e-01 -4.254819110782169728e-23 8.068401315462853253e-23
4.311523437500000000e-01 -7.126357369353616738e-23 -3.322909258672269409e-23
4.316406250000000000e-01 -1.515401911498410858e-22 8.058153300678747135e-23
4.321289062500000000e-01 1.359539676269084186e-23 -8.954116781114917515e-23
4.326171875000000000e-01 -1.184688201760736634e-22 1.936085359439493858e-22
4.331054687500000000e-01 3.348051743611977741e-23 4.260153719391734156e-23
4.335937500000000000e-01 3.525139178138619331e-22 1.459791949267878798e-22
4.340820312500000000e-01 -7.317785903217886684e-23 1.062150455311738110e-22
4.345703125000000000e-01 1.621922745374208310e-23 -1.501580009699350724e-23
4.350585937500000000e-01 -4.526601614885074192e-23 5.773793988189925293e-23
4.355468750000000000e-01 1.258238454711267791e-22 -7.425426896250318077e-23
4.360351562500000000e-01 1.613509519666835460e-22 6.011412914376868496e-23
4.365234375000000000e-01 8.453212733752053592e-23 -2.053040120701719541e-22
4.370117187500000000e-01 1.463262974183824398e-22 1.821467773932729582e-22
4.375000000000000000e-01 -1.343625047605863929e-24 -9.738092107630942055e-23
4.379882812500000000e-01 -7.807743150678914169e-23 -3.008526097506320849e-22
4.384765625000000000e-01 1.513486047762009521e-22 3.796486174532347221e-23
4.389648437500000000e-01 -1.697066457164990044e-22 -9.050073970887679742e-23
4.394531250000000000e-01 5.264541914971066876e-23 -3.358898222464865758e-22
4.399414062500000000e-01 -1.720956315258247662e-22 6.595569834629799332e-23
4.404296875000000000e-01 -4.316181296045332626e-23 -5.040550743511646276e-23
4.409179687500000000e-01 2.456017613942040453e-23 -9.770008574499106766e-25
4.414062500000000000e-01 5.132088092684716661e-25 -6.797961461286911991e-23
4.418945312500000000e-01 -2.986223570766181440e-23 5.316912723690709750e-23
4.423828125000000000e-01 -1.074281559380391023e-22 -2.338642287575517695e-22
4.428710937500000000e-01 6.433600817755699831e-23 1.443617669236546927e-22
4.433593750000000000e-01 -4.804756545958020314e-23 4.784243506674206374e-23
4.438476562500000000e-01 -8.792789711994634929e-23 -2.235458839553887054e-23
4.443359375000000000e-01 2.442840765056955491e-22 1.369685733289507119e-22
4.448242187500000000e-01 -1.487981401903587958e-22 -5.693066734011907833e-23
4.453125000000000000e-01 1.802524103034331853e-22 -9.442102534779327941e-23
4.458007812500000000e-01 -1.174103674569945026e-22 3.306790072847204992e-22
4.462890625000000000e-01 -7.835537968777738258e-23 1.144523998203666151e-22
4.467773437500000000e-01 -1.082796964287059140e-22 -5.134503663760974570e-23
4.472656250000000000e-01 -1.588463206691902498e-22 -3.699707214668428991e-23
4.477539062500000000e-01 1.636983105489436071e-23 2.141972792174199435e-24
4.482421875000000000e-01 9.750403572814913117e-23 -2.638285996192468429e-22
4.487304687500000000e-01 -1.052205475243266371e-23 1.446976032855771655e-22
4.492187500000000000e-01 -1.012854427652848516e-22 -2.306191399370326807e-22
4.497070312500000000e-01 -5.144161122391849597e-23 -1.188842159668100839e-23
4.501953125000000000e-01 6.253030304260996821e-23 8.983586080227279362e-23
4.506835937500000000e-01 -2.324201624849686060e-22 5.858427222130211225e-23
4.511718750000000000e-01 1.672211994390046927e-22 1.212868627133811542e-22
4.516601562500000000e-01 -1.041071896978195476e-22 -1.051466760457848636e-22
4.521484375000000000e-01 1.666917866508814099e-23 -1.950796116497770507e-22
4.526367187500000000e-01 2.211494656377767131e-22 2.340212217837042534e-22
4.531250000000000000e-01 -4.785341354750018065e-23 1.197823518625529509e-24
4.536132812500000000e-01 -9.501514184908714682e-23 8.535277062797829073e-23
4.541015625000000000e-01 7.676093410610156416e-23 5.929927226353286646e-23
4.545898437500000000e-01 1.635635416385848078e-22 -1.442151039459062059e-22
4.550781250000000000e-01 5.202727930260943742e-23 -2.079035419142470626e-22
4.555664062500000000e-01 4.784562903565446560e-24 4.776049639186502494e-23
4.560546875000000000e-01 7.378921158934079134e-23 2.590704501413623112e-22
4.565429687500000000e-01 -4.587340467022983257e-23 -1.164552838174980653e-22
4.570312500000000000e-01 1.374194325984714909e-22 3.809026824215641340e-22
4.575195312500000000e-01 2.550132411969725680e-24 2.947677388308284877e-23
4.580078125000000000e-01 -2.219523011585061002e-22 6.168839241280891610e-23
4.584960937500000000e-01 -2.679636763980603790e-24 2.074004152984315979e-22
4.589843750000000000e-01 3.090570483347858137e-24 -1.042107764175294811e-22
4.594726562500000000e-01 -5.013292886596119859e-23 5.650065266105516544e-23
4.599609375000000000e-01 2.143101428574536546e-22 -7.201528615863782086e-23
4.604492187500000000e-01 5.446356178838374214e-23 -1.253975142588309789e-22
4.609375000000000000e-01 1.035129993908723010e-22 -9.759938581073938929e-23
4.614257812500000000e-01 -1.287429573197985661e-22 1.528847469858409649e-22
4.619140625000000000e-01 2.405248075714920041e-22 -1.912856707497923660e-22
4.624023437500000000e-01 4.744603865335267495e-23 6.517619957246397808e-23
4.628906250000000000e-01 8.283640821492009227e-23 -1.770007878755628917e-22
4.633789062500000000e-01 3.232550964085396897e-23 1.578250530730615119e-22
4.638671875000000000e-01 3.639884748460194886e-22 -6.676830315814790556e-23
4.643554687500000000e-01 2.816497889079295874e-23 8.749780295670869935e-23
4.648437500000000000e-01 -1.543940626737558101e-22 -1.351162243593388908e-22
4.653320312500000000e-01 -2.942467122896279759e-23 7.172475173035771518e-23
4.658203125000000000e-01 -1.791703556772865742e-23 -1.648591152775025071e-22
4.663085937500000000e-01 -6.444160619806439868e-23 1.333253214402691185e-22
4.667968750000000000e-01 2.276946912009404888e-23 -2.126222897450971267e-22
4.672851562500000000e-01 -7.500581979352399227e-23 2.170352007386406844e-22
4.677734375000000000e-01 2.414544261499641853e-22 -1.258580537521527794e-22
4.682617187500000000e-01 -3.332219489452242563e-22 -8.386731149219224313e-24
4.687500000000000000e-01 -2.758657082263707151e-22 1.598005153350188442e-22
4.692382812500000000e-01 -1.118121459327670424e-22 -3.702193066934001527e-22
4.697265625000000000e-01 -7.139291814263002880e-23 1.060709504231790310e-22
4.702148437500000000e-01 -3.604760487141269659e-23 -8.663477450567983850e-23
4.707031250000000000e-01 3.465696390441119983e-23 1.338728910966784138e-22
4.711914062500000000e-01 1.567575829859489116e-22 -8.295936139111961268e-24
4.716796875000000000e-01 -1.426858442884558461e-22 1.280290643300793501e-22
4.721679687500000000e-01 -3.784565352402927631e-23 3.256838886702131253e-22
4.726562500000000000e-01 1.671381401309096577e-23 3.787899915575733572e-23
4.731445312500000000e-01 -2.193525638972115847e-22 -5.730107052341732030e-23
4.736328125000000000e-01 -1.054280210937994014e-22 -1.330322685461401400e-22
4.741210937500000000e-01 -7.215552707575409231e-23 -1.104467175808714390e-23
4.746093750000000000e-01 3.560808085961221019e-23 -1.632603724050774805e-22
4.750976562500000000e-01 -4.976051986765271078e-23 -3.738656395809863751e-23
4.755859375000000000e-01 -1.881169715290976826e-22 -5.099444227446992856e-23
4.760742187500000000e-01 -1.189652240338610005e-22 -2.109241586530806637e-22
4.765625000000000000e-01 7.706353568840138444e-23 1.034972118470495199e-22
4.770507812500000000e-01 8.374190212352254930e-23 -5.622008282862342418e-23
4.775390625000000000e-01 -1.380919239743415318e-22 4.862315243503287710e-23
4.780273437500000000e-01 1.197060762525459285e-22 -7.771481254816697714e-23
4.785156250000000000e-01 -9.807709016097098398e-23 -4.666554469355211011e-23
4.790039062500000000e-01 1.474397580748609458e-22 -1.084302880500378827e-22
4.794921875000000000e-01 1.858946589559131560e-23 1.180839289922326680e-22
4.799804687500000000e-01 -7.926786859948640092e-23 -1.407039333117487959e-23
4.804687500000000000e-01 2.281737011731268797e-22 -1.390733633024639969e-22
4.809570312500000000e-01 1.787528501804634355e-24 1.090726217453586981e-22
4.814453125000000000e-01 2.952144443620044161e-23 3.916239095575691938e-23
4.819335937500000000e-01 -1.896071659588846808e-23 1.409553251211745820e-22
4.824218750000000000e-01 1.037218039866354203e-22 -1.077655874509242053e-22
4.829101562500000000e-01 2.536046704218492959e-22 9.137847494999751967e-23
4.833984375000000000e-01 -2.388400480182869928e-22 -6.080054742193259959e-23
4.838867187500000000e-01 1.280991786930016914e-22 1.528090921400204602e-22
4.843750000000000000e-01 1.159508564825425141e-22 -1.486898031220529635e-22
4.848632812500000000e-01 2.706635108877007225e-23 -1.757078514455729900e-22
4.853515625000000000e-01 1.851552263335783388e-22 4.532758321137357780e-23
4.858398437500000000e-01 1.584975216280361938e-22 1.025535009730541382e-22
4.863281250000000000e-01 -2.556685289456772432e-22 -5.535651772331650481e-24
4.868164062500000000e-01 9.564439540995788025e-24 -4.235417961303868125e-24
4.873046875000000000e-01 2.257420419750386675e-25 -4.449325743524880705e-23
4.877929687500000000e-01 8.522556975531548626e-23 2.964069706781949314e-22
4.882812500000000000e-01 -5.930740224146994472e-23 -1.708318143354473191e-22
4.887695312500000000e-01 2.093014273577145901e-22 1.567247689464421207e-22
4.892578125000000000e-01 -6.804461410199307725e-23 -1.261593811201194698e-23
4.897460937500000000e-01 -4.402946830771722420e-23 4.733656396227859048e-23
4.902343750000000000e-01 1.956951680628844359e-23 -7.789593000665251607e-23
4.907226562500000000e-01 7.875838100173753234e-23 6.492069521167096477e-23
4.912109375000000000e-01 1.843658301450731528e-23 2.503690816925274894e-22
4.916992187500000000e-01 3.604837650366665057e-23 9.193289914857661803e-23
4.921875000000000000e-01 1.009305415361085334e-22 -5.608430102844234363e-23
4.926757812500000000e-01 -1.755292292205018856e-22 1.718346718430571431e-22
4.931640625000000000e-01 -4.964901348352651871e-23 9.648402658450169824e-23
4.936523437500000000e-01 2.042702112165014321e-23 -6.230620028908306004e-23
4.941406250000000000e-01 1.713409320061063680e-22 -4.706125413870622060e-23
4.946289062500000000e-01 2.691588175084660020e-22 2.175041944683047059e-22
4.951171875000000000e-01 -1.559103267458038988e-22 -1.960495308226152581e-22
4.956054687500000000e-01 -1.521472522939689659e-22 -9.185473212157633857e-23
4.960937500000000000e-01 -2.400685211037463195e-22 -9.374800747979572365e-23
4.965820312500000000e-01 -3.010504458793528694e-22 -1.179742489684788439e-22
4.970703125000000000e-01 3.160646442072998405e-22 1.355762805033377855e-22
4.975585937500000000e-01 -1.573051850838877280e-23 -6.635034020217443664e-23
4.980468750000000000e-01 5.335167277310815587e-23 2.247099473190365862e-23
4.985351562500000000e-01 -6.131933654867808348e-23 -1.060498257085493653e-22
4.990234375000000000e-01 -6.010395239233734032e-23 3.736520280825210772e-23
4.995117187500000000e-01 -1.896716752627554812e-22 -7.477538375748561998e-23
5.000000000000000000e-01 -9.739467453717649913e-23 1.897230136273773392e-22
5.004882812500000000e-01 -2.243236754834063279e-22 9.018227863667810186e-23
5.009765625000000000e-01 -4.590394268116104953e-23 -4.093369740692420602e-23
5.014648437500000000e-01 3.227836634499971384e-22 3.799159856041363483e-23
5.019531250000000000e-01 6.517713085740450404e-23 -6.118582294506114440e-23
5.024414062500000000e-01 -9.010056847495987174e-23 -7.411736461253288723e-23
5.029296875000000000e-01 -1.167267307195341882e-22 -1.947895074982394658e-22
5.034179687500000000e-01 2.755323699682447211e-22 -9.489762051489376084e-23
5.039062500000000000e-01 -6.267169918058734097e-23 -4.618272146687813806e-23
5.043945312500000000e-01 -7.719962700101815482e-23 9.955331474909987925e-24
5.048828125000000000e-01 -9.721541759794831887e-23 -6.145096821774813847e-23
5.053710937500000000e-01 2.572001024417679430e-23 -2.481773380590511811e-22
5.058593750000000000e-01 7.051424339443065068e-23 -2.067325516415738144e-23
5.063476562500000000e-01 1.695568105358152689e-22 -1.462467463013631984e-22
5.068359375000000000e-01 -1.231569000206170946e-22 -8.855907925966674871e-23
5.073242187500000000e-01 -6.500307427773467596e-23 -5.495708507193605947e-23
5.078125000000000000e-01 1.376669563316817562e-22 -6.203596063016870447e-23
5.083007812500000000e-01 1.028739630875861328e-22 1.874757416672773297e-22
5.087890625000000000e-01 -2.396045309804618774e-22 -1.997635525083090579e-23
5.092773437500000000e-01 -3.623580257688487934e-23 9.952765778130624545e-23
5.097656250000000000e-01 -5.962119188918795502e-23 -6.043368909134428443e-23
5.102539062500000000e-01 -4.855675527020528713e-23 1.859634827584879668e-22
5.107421875000000000e-01 -7.865678589853598365e-24 7.796250846514384247e-23
5.112304687500000000e-01 1.388978810194293256e-22 -1.261602169676185443e-23
5.117187500000000000e-01 -3.328093003931065716e-23 -2.443799980480569366e-22
5.122070312500000000e-01 -1.215072550936982000e-23 1.829791826718073562e-22
5.126953125000000000e-01 -3.911245156572737287e-23 5.153665161629775211e-23
5.131835937500000000e-01 1.692189080957156587e-22 -8.201411343111855639e-23
5.136718750000000000e-01 -7.487868567866977352e-23 1.377979734532334892e-22
5.141601562500000000e-01 -1.569366948825994273e-22 3.125764033003284320e-24
5.146484375000000000e-01 1.207552742054867202e-22 1.704866831127847513e-22
5.151367187500000000e-01 -1.382538733735327392e-22 -8.469652893988493302e-23
5.156250000000000000e-01 -2.106734689183020058e-22 -6.754341763446439874e-23
5.161132812500000000e-01 7.509668761011008105e-23 1.875038699409366929e-22
5.166015625000000000e-01 -3.276396661476691075e-23 1.236668781542756266e-22
5.170898437500000000e-01 2.730642649652712694e-23 -1.576620897545583579e-23
5.175781250000000000e-01 2.821991809654614189e-22 -1.013599002386038341e-22
5.180664062500000000e-01 1.040661387470360485e-22 1.402488569240948595e-22
5.185546875000000000e-01 9.672991705654117503e-23 2.176299800666745939e-22
5.190429687500000000e-01 -1.439413748486183601e-22 -1.464669775501553517e-23
5.195312500000000000e-01 2.537461570699659118e-22 9.004146006277769951e-23
5.200195312500000000e-01 -1.492962074600261246e-23 -1.428934690683878581e-22
5.205078125000000000e-01 1.132608336448050144e-22 1.333407639566130962e-22
5.209960937500000000e-01 -1.099439129447043217e-22 1.555293720338728663e-22
5.214843750000000000e-01 1.136431430378246120e-22 -1.343526387787793837e-22
5.219726562500000000e-01 1.174464904699579688e-23 7.105116647242891194e-23
5.224609375000000000e-01 3.822649939195588051e-23 7.482885229485961593e-23
5.229492187500000000e-01 4.985013209013731834e-23 -6.684947996829343380e-23
5.234375000000000000e-01 -1.798480234045087769e-22 -8.781365284895543918e-23
5.239257812500000000e-01 7.433081570287663040e-23 1.908942610809846447e-22
5.244140625000000000e-01 1.015766944121559773e-22 -1.921112581007285025e-22
5.249023437500000000e-01 -3.604323353783672671e-23 -1.430792233625038092e-22
5.253906250000000000e-01 7.218197562886660508e-23 1.235355378455378778e-24
5.258789062500000000e-01 -4.513455515556830273e-23 -5.321848425553841036e-23
5.263671875000000000e-01 -1.282461082240320680e-22 -1.236769120868007325e-22
5.268554687500000000e-01 -6.813466262599510811e-23 -3.501389712940673034e-24
5.273437500000000000e-01 1.211082888637013842e-23 -9.089829821229564659e-23
5.278320312500000000e-01 -1.825716610886744539e-22 1.697701138555439226e-22
5.283203125000000000e-01 -1.370925374767959653e-22 -7.046662166515617127e-23
5.288085937500000000e-01 1.839613308385420849e-23 -1.130632207389235422e-22
5.292968750000000000e-01 1.932509873372867187e-22 4.114452662382341279e-23
5.297851562500000000e-01 -6.591948748679917925e-24 4.955256075040197893e-24
5.302734375000000000e-01 1.472348717537162047e-22 1.008902021453069486e-22
5.307617187500000000e-01 9.145048123439154155e-23 -6.520333220527246312e-23
5.312500000000000000e-01 3.448687490421326627e-22 6.175194963714347274e-23
5.317382812500000000e-01 -2.837130023306509852e-22 -4.145995320434441319e-22
5.322265625000000000e-01 3.813365368467588347e-23 1.166318799341679895e-22
5.327148437500000000e-01 2.123029864932126569e-22 -1.266316393346807417e-22
5.332031250000000000e-01 -5.544131082909904415e-23 -1.917563159792092694e-22
5.336914062500000000e-01 -7.711975636208496938e-23 2.128020169078915759e-22
5.341796875000000000e-01 -2.637093558644015394e-23 -1.111660204120845450e-22
5.346679687500000000e-01 5.946055207968237922e-24 1.658426934565870884e-22
5.351562500000000000e-01 -1.633419640353650727e-22 -6.360984934279672631e-23
5.356445312500000000e-01 5.821834019625455183e-23 -3.262904104800502378e-23
5.361328125000000000e-01 -7.443441824967458122e-23 3.030501723280279294e-22
5.366210937500000000e-01 -2.199750020896514208e-23 -4.434655585813114685e-23
5.371093750000000000e-01 -2.112215540368862093e-22 -3.750896757522279904e-23
5.375976562500000000e-01 -2.169167561665353881e-22 -1.777725223359392253e-22
5.380859375000000000e-01 -2.265342702347071527e-22 3.134019048432077356e-22
5.385742187500000000e-01 -1.546638355325393880e-22 -2.536071104592471576e-22
5.390625000000000000e-01 7.051124054292042414e-24 1.705608510843859828e-22
5.395507812500000000e-01 -1.314965828174970991e-23 -1.598677568937666362e-22
5.400390625000000000e-01 1.425922574133718629e-22 -4.137222801441847240e-23
5.405273437500000000e-01 -2.840735892884138027e-24 -8.252899952175738072e-24
5.410156250000000000e-01 3.906163596510859629e-22 -1.988133957234971407e-22
5.415039062500000000e-01 8.361314623729084327e-23 1.275693751440352677e-22
5.419921875000000000e-01 -2.838451422102707575e-22 4.786236321537651693e-24
5.424804687500000000e-01 8.853948030064616118e-23 2.755280015572802077e-22
5.429687500000000000e-01 -2.546315516915224753e-23 -1.873656769335021650e-22
5.434570312500000000e-01 3.684875222820117203e-24 1.250887319670036836e-22
5.439453125000000000e-01 -2.505629436986046689e-22 1.288758195685914466e-22
5.444335937500000000e-01 -5.697097190661029044e-24 -7.405236010823347004e-23
5.449218750000000000e-01 1.346079686161585705e-23 2.864579334326011209e-23
5.454101562500000000e-01 9.174655683339354388e-23 -3.253948677494405058e-23
5.458984375000000000e-01 -1.097778588538217915e-23 1.513649363732765161e-22
5.463867187500000000e-01 -1.729527610452122870e-22 1.774653533794269731e-22
5.468750000000000000e-01 6.596165694091995061e-24 -4.619579207114696690e-23
5.473632812500000000e-01 -8.795798083854294194e-23 -1.798537611670098284e-22
5.478515625000000000e-01 1.808613146259984416e-22 5.562375910582282938e-23
5.483398437500000000e-01 -1.654056572648754186e-22 5.716245631894344860e-23
5.488281250000000000e-01 1.626085850194478887e-22 -1.106796058595471675e-23
5.493164062500000000e-01 8.102041727458596960e-23 7.624014850917659006e-23
5.498046875000000000e-01 -8.656236026105832633e-23 1.196320127582465851e-22
5.502929687500000000e-01 2.045711638162881550e-22 -3.185937065564221492e-23
5.507812500000000000e-01 2.424360288946002922e-22 -2.433174318880542935e-22
5.512695312500000000e-01 5.265550735931788472e-23 5.170306985495256105e-23
5.517578125000000000e-01 1.722299045597635240e-22 3.534653046583964490e-23
5.522460937500000000e-01 4.797254647410720296e-24 -1.177826784418448798e-22
5.527343750000000000e-01 1.150070254797787984e-22 -1.203327915969313226e-23
5.532226562500000000e-01 4.616401403207292808e-23 -4.590253438097078624e-23
5.537109375000000000e-01 9.654116638428653270e-24 -1.241229860753518092e-24
5.541992187500000000e-01 1.091632017071745433e-22 1.039364436911910717e-22
5.546875000000000000e-01 -2.016819225772871701e-22 -8.914242826173597573e-23
5.551757812500000000e-01 -1.093859050544066826e-22 6.080729607888716215e-23
5.556640625000000000e-01 2.602590155205001488e-23 -1.932189324978529307e-22
5.561523437500000000e-01 1.183331007814881597e-22 1.484946524194642839e-22
5.566406250000000000e-01 -1.329965738166175666e-22 -1.483753245522253615e-22
5.571289062500000000e-01 1.354784813472498294e-22 1.194944738422129781e-22
5.576171875000000000e-01 -1.914073440706196766e-23 1.512428950957692841e-22
5.581054687500000000e-01 -1.698017016099871359e-24 2.920253341644148714e-22
5.585937500000000000e-01 -1.373733472957555039e-22 2.625550006703779681e-24
5.590820312500000000e-01 1.328205682345493447e-22 -1.009163551750365076e-22
5.595703125000000000e-01 -1.401754083656902597e-22 5.983671812549686089e-23
5.600585937500000000e-01 2.282245277982732906e-22 -4.910964586045727154e-23
5.605468750000000000e-01 -8.533234954440065556e-23 1.237550608238870199e-23
5.610351562500000000e-01 4.383581759068256127e-23 -1.132787835187201889e-23
5.615234375000000000e-01 1.359596931963998894e-22 -4.486847830706940756e-23
5.620117187500000000e-01 -4.880819518441465675e-24 -2.336800734876569660e-22
5.625000000000000000e-01 -8.061007832522248986e-23 -3.797461129203683927e-22
5.629882812500000000e-01 -8.954295322839910617e-23 2.011548566630034405e-22
5.634765625000000000e-01 -1.190178063933043543e-22 -1.711460075036923272e-22
5.639648437500000000e-01 5.340814520945472918e-23 7.541464249675634093e-23
5.644531250000000000e-01 -2.017494337258793907e-22 3.478053384986013821e-23
5.649414062500000000e-01 1.048481289650531736e-22 4.158204481722892317e-23
5.654296875000000000e-01 -8.217086065799934471e-23 2.055397020801954885e-23
5.659179687500000000e-01 -1.424540677959110514e-22 -2.478880287985591932e-23
5.664062500000000000e-01 -2.395769852966252952e-22 -1.429314414731808756e-22
5.668945312500000000e-01 6.839734619566361276e-23 -2.142967218401277551e-22
5.673828125000000000e-01 1.817410219856171755e-22 -4.764283287082877136e-23
5.678710937500000000e-01 -8.058364750941395383e-23 -3.869203459926890572e-23
5.683593750000000000e-01 -5.464968952291571554e-23 1.013792051367466941e-22
5.688476562500000000e-01 -1.823082275844202077e-22 1.103314733692037760e-23
5.693359375000000000e-01 -1.718315483647310654e-24 7.535302767241220627e-25
5.698242187500000000e-01 2.050840637480744137e-22 3.098722393784914967e-22
5.703125000000000000e-01 -1.720333095696084593e-23 -2.772318915951294630e-23
5.708007812500000000e-01 1.015554183296396531e-22 2.082565514019330274e-22
5.712890625000000000e-01 -3.654100979592267965e-23 -1.721321116393724311e-22
5.717773437500000000e-01 2.154304543220227181e-22 1.347109397632973380e-22
5.722656250000000000e-01 -8.601904897134285593e-23 -2.214138869217998654e-23
5.727539062500000000e-01 8.893875083760100417e-23 9.925119310333397272e-23
5.732421875000000000e-01 -6.460732510453147986e-23 1.096168400658755433e-23
5.737304687500000000e-01 -7.966011928611004234e-23 1.646824580600530270e-22
5.742187500000000000e-01 2.693279746293744909e-22 1.999621836206608892e-23
5.747070312500000000e-01 -1.657155131664009705e-22 1.837132876538881687e-22
5.751953125000000000e-01 -1.070222357970027357e-22 -7.073261722430185576e-23
5.756835937500000000e-01 -1.408732606044797627e-22 8.442497843852217155e-23
5.761718750000000000e-01 5.443836007126395825e-23 4.243885878642551403e-24
5.766601562500000000e-01 -1.506933130621938717e-22 -3.939462896861058892e-23
5.771484375000000000e-01 -1.484045175269586660e-22 3.837659545294797072e-24
5.776367187500000000e-01 1.321910478499565726e-22 -3.339968727636171226e-23
5.781250000000000000e-01 -2.721961223672860712e-22 -1.577472100462079859e-22
5.786132812500000000e-01 3.233124896430237956e-23 -2.936786502052764589e-22
5.791015625000000000e-01 -2.243971747559420539e-22 9.321615789426403242e-23
5.795898437500000000e-01 2.711842094952474346e-22 1.299774269658205331e-22
5.800781250000000000e-01 -2.114540320455716375e-22 -6.809936287472602501e-23
5.805664062500000000e-01 2.604346969927130879e-22 -5.222432890714554036e-23
5.810546875000000000e-01 1.018571213425852434e-22 -1.133159213690875110e-22
5.815429687500000000e-01 3.463318120971658964e-23 2.231884186760703040e-23
5.820312500000000000e-01 -2.910429424329539891e-23 2.927275375437028652e-22
5.825195312500000000e-01 -2.429705166060871746e-22 -4.353631170551313727e-22
5.830078125000000000e-01 1.298578291950363902e-22 -2.291310835434390626e-22
5.834960937500000000e-01 -5.608148727318440381e-23 -3.276394088344973664e-23
5.839843750000000000e-01 3.359711267531613753e-22 4.585488946358830876e-23
5.844726562500000000e-01 4.319232546718566707e-23 -1.697839837919061573e-22
5.849609375000000000e-01 -3.860197439787605395e-23 2.094805604982512391e-22
5.854492187500000000e-01 3.200861260042860256e-24 7.300345961547593705e-23
5.859375000000000000e-01 2.462348960530737969e-22 -2.437103410197037980e-22
5.864257812500000000e-01 2.053363061347281032e-22 1.322950578676912828e-22
5.869140625000000000e-01 8.457634423022056776e-23 1.338344719117788639e-22
5.874023437500000000e-01 1.797611847079851877e-22 2.473764438077787138e-22
5.878906250000000000e-01 -6.690463658760299904e-23 -1.022276726502755486e-23
5.883789062500000000e-01 -1.025332365833559846e-22 5.382417403400682793e-23
5.888671875000000000e-01 -6.256072487620652714e-23 5.171847243529363923e-23
5.893554687500000000e-01 -1.689141216261836629e-22 -1.947543775925392583e-23
5.898437500000000000e-01 2.035856830266347739e-22 1.261105579707726157e-22
5.903320312500000000e-01 -1.767665939303430275e-22 5.147104370217443504e-23
5.908203125000000000e-01 1.126672383244836339e-23 -7.409667025895292601e-23
5.913085937500000000e-01 2.274753395198454990e-22 3.157435011066696569e-22
5.917968750000000000e-01 1.007813407211591650e-23 -1.901435109484392829e-22
5.922851562500000000e-01 -7.457618044179410394e-23 8.183354451833013660e-23
5.927734375000000000e-01 1.623577967458123179e-22 1.785991733565603329e-22
5.932617187500000000e-01 1.358939270645463174e-22 -1.490653216543349288e-22
5.937500000000000000e-01 -1.832007385706613822e-23 -4.930090259951066201e-23
5.942382812500000000e-01 2.368703298078101950e-22 -6.296872856229339804e-25
5.947265625000000000e-01 7.128781354799210056e-23 -1.250073002974212332e-22
5.952148437500000000e-01 -8.585973075211672734e-23 -5.875555006639829818e-23
5.957031250000000000e-01 1.528229067193641034e-22 -1.720541082603650226e-23
5.961914062500000000e-01 -2.702138267878173080e-22 -2.531041544992101320e-23
5.966796875000000000e-01 -1.843132302043145691e-22 -1.001175784210139387e-22
5.971679687500000000e-01 -3.370548182962449178e-22 1.307855864462025839e-22
5.976562500000000000e-01 -6.821568293146377669e-23 -2.297462469578604151e-24
5.981445312500000000e-01 -1.561888052608497781e-22 -5.242856335411194191e-23
5.986328125000000000e-01 -1.683689887858480042e-22 -1.634939558546173724e-22
5.991210937500000000e-01 -1.718180309580758192e-22 9.496170110425743571e-23
5.996093750000000000e-01 -6.641808395936579274e-23 7.489803774516462661e-23
6.000976562500000000e-01 6.367572337028238824e-23 -1.069886298005662499e-22
6.005859375000000000e-01 -8.914535136391098530e-23 -1.150044103545441994e-22
6.010742187500000000e-01 -1.307702827589115115e-24 8.513099818729652696e-23
6.015625000000000000e-01 -1.394900551538945481e-22 -2.630257365160656382e-23
6.020507812500000000e-01 1.579912042990437156e-22 -7.851786281759049501e-23
6.025390625000000000e-01 -1.063678378961778313e-22 7.069168428589521707e-23
6.030273437500000000e-01 1.904781717827720910e-22 -1.942709123562369155e-22
6.035156250000000000e-01 -8.999561796751558343e-23 9.364113633843985845e-23
6.040039062500000000e-01 -4.353288850329750132e-23 -7.935037090396870975e-23
6.044921875000000000e-01 8.346701222550939361e-23 3.306718423747810122e-23
6.049804687500000000e-01 1.332307057562518493e-23 -2.647377754484597884e-22
6.054687500000000000e-01 -1.043955506437016075e-22 2.164845553224973822e-22
6.059570312500000000e-01 2.821554094366668732e-23 3.685687998699248370e-23
6.064453125000000000e-01 -2.236680997318167639e-23 2.794968819636775741e-23
6.069335937500000000e-01 -3.843480669056631687e-23 6.608428136967133776e-24
6.074218750000000000e-01 -2.389217131473324851e-23 8.043736998941456190e-24
6.079101562500000000e-01 6.047714732446108850e-23 1.108496395673291612e-22
6.083984375000000000e-01 -5.550977912914580270e-23 5.740236815392169712e-23
6.088867187500000000e-01 1.949472003023884726e-22 -2.637618176527976208e-22
6.093750000000000000e-01 1.475859194907706092e-22 6.742368997862944961e-23
6.098632812500000000e-01 2.145773398635219855e-22 4.638947990322526339e-25
6.103515625000000000e-01 -2.801868222372997678e-23 -2.443313399418365606e-22
6.108398437500000000e-01 1.703731558885797791e-22 -2.052802150065378181e-22
6.113281250000000000e-01 6.033191684724329559e-23 1.542505847834365401e-22
6.118164062500000000e-01 3.777107415754828448e-23 6.691318001725285644e-23
6.123046875000000000e-01 1.548490546497727524e-22 2.496263153035835796e-22
6.127929687500000000e-01 -1.412445296831451556e-22 1.956313826645509895e-23
6.132812500000000000e-01 -2.819344814140975965e-22 1.411954275939875294e-22
6.137695312500000000e-01 -3.024446800268069756e-23 1.618089016895191292e-22
6.142578125000000000e-01 1.081438193462779590e-23 7.380733774969682614e-23
6.147460937500000000e-01 9.217510560354319353e-23 8.206587596810592966e-23
6.152343750000000000e-01 -1.474123014576840858e-22 3.273803941003698408e-22
6.157226562500000000e-01 -1.022483329681088833e-22 -1.160793275444299763e-22
6.162109375000000000e-01 2.067617319484651058e-22 -9.364280784310044568e-23
6.166992187500000000e-01 -1.586473142617944127e-23 1.099203528260451767e-23
6.171875000000000000e-01 9.320482085784834202e-23 1.511637342232408919e-23
6.176757812500000000e-01 -1.023520941648838179e-23 9.719675578515508815e-23
6.181640625000000000e-01 -1.060488702451989780e-22 1.293482541756287705e-22
6.186523437500000000e-01 1.078491581939372843e-22 -1.486670670250761208e-22
6.191406250000000000e-01 -6.626481285001944847e-23 -5.943923017274153635e-23
6.196289062500000000e-01 7.688215374392246780e-23 -6.669274672860208191e-23
6.201171875000000000e-01 1.030233107226773853e-23 6.487149570617521926e-23
6.206054687500000000e-01 4.395302873028977722e-23 8.770833331825746821e-24
6.210937500000000000e-01 -6.170419517491731942e-23 -7.425447001947073118e-23
6.215820312500000000e-01 -4.965475895555534777e-24 2.114402750837453092e-22
6.220703125000000000e-01 -9.052844511236243390e-23 -8.621342173425865935e-23
6.225585937500000000e-01 5.149524306677503816e-23 -3.024910967726385508e-22
6.230468750000000000e-01 -2.582685874722291895e-22 9.873109105883484043e-23
6.235351562500000000e-01 1.578056336227267746e-22 -3.960973252454126227e-24
6.240234375000000000e-01 5.335516519828427473e-23 -5.472835811806891565e-23
6.245117187500000000e-01 -4.811062492474650010e-23 -9.539835098542002387e-23
6.250000000000000000e-01 -1.617789681881170581e-22 -1.799480018192310668e-22
6.254882812500000000e-01 -5.829549086444497161e-24 -1.355427467062958858e-22
6.259765625000000000e-01 1.436727509777177859e-22 -2.211426813738161760e-24
6.264648437500000000e-01 9.224924378453858280e-23 -9.508500071068599995e-23
6.269531250000000000e-01 -1.160710444924401361e-22 -2.891700360180099117e-22
6.274414062500000000e-01 1.709398173730072491e-22 9.735509457392624569e-23
6.279296875000000000e-01 1.676986426593336597e-22 -1.528500580289128659e-22
6.284179687500000000e-01 3.521321763383781532e-23 1.407507592498781792e-23
6.289062500000000000e-01 -3.498151427032999412e-23 4.643052051371952016e-23
6.293945312500000000e-01 -5.826251903621228272e-24 2.530201360936890413e-22
6.298828125000000000e-01 -6.437444392511491626e-23 4.374872103330005667e-23
6.303710937500000000e-01 4.839017348687706604e-23 -1.269961839326107234e-22
6.308593750000000000e-01 -9.413625615949999859e-23 2.657499145360550421e-23
6.313476562500000000e-01 1.117613962716088774e-22 -5.364874373865185942e-23
6.318359375000000000e-01 2.743737171851813046e-22 -2.275629943831800135e-22
6.323242187500000000e-01 -2.934232010634865518e-22 5.618072344843497083e-23
6.328125000000000000e-01 1.228596311118238319e-22 6.693163737656432281e-23
6.333007812500000000e-01 -5.749027018505482859e-23 2.032585657775922504e-22
6.337890625000000000e-01 -7.791397778179775857e-23 -3.389496863696682908e-23
6.342773437500000000e-01 -2.770996754812379864e-23 1.854028261596231588e-22
6.347656250000000000e-01 -7.073403873195478797e-23 -1.390343711579360179e-22
6.352539062500000000e-01 1.845276084716694952e-22 5.715595036685211861e-23
6.357421875000000000e-01 1.011290860555239670e-22 1.281429667302531366e-22
6.362304687500000000e-01 -1.741134927137583484e-22 -1.136003895510159107e-23
6.367187500000000000e-01 4.458246822502766486e-23 6.006439779652651699e-23
6.372070312500000000e-01 -1.050418752820761943e-22 -2.673770591914204039e-23
6.376953125000000000e-01 -1.981484334831617050e-24 -2.291256237180492866e-22
6.381835937500000000e-01 -2.196531674077731243e-22 1.824526143464273012e-22
6.386718750000000000e-01 -1.556329792890827707e-23 2.712974300022371940e-22
6.391601562500000000e-01 -5.069089393126732295e-24 9.365999078401104099e-23
6.396484375000000000e-01 3.719454968920493682e-23 2.570369464296005674e-22
6.401367187500000000e-01 -1.461650054070831531e-22 -1.435003665908719140e-22
6.406250000000000000e-01 2.737584030483415704e-24 9.269860247859104009e-23
6.411132812500000000e-01 3.442381419513095030e-24 -5.924504694243661601e-23
6.416015625000000000e-01 -2.774242423179205958e-22 -8.059143907342951745e-23
6.420898437500000000e-01 2.910104344468018000e-22 1.972544774666630965e-23
6.425781250000000000e-01 -1.836649886451759524e-22 -1.144216768222209574e-22
6.430664062500000000e-01 -1.291564373487492121e-22 1.246785106184302128e-22
6.435546875000000000e-01 3.140721362394762749e-23 7.023781294737994289e-23
6.440429687500000000e-01 4.320304587452894728e-23 -1.859048771274303062e-23
6.445312500000000000e-01 2.888091046387815081e-23 1.950526649351765776e-22
6.450195312500000000e-01 -6.115657588815936754e-23 -1.411896431902779321e-22
6.455078125000000000e-01 -1.412451800168306369e-22 1.498246161179980165e-22
6.459960937500000000e-01 -1.893581054885317134e-22 -6.276802633987843575e-23
6.464843750000000000e-01 1.972368703684054074e-22 7.932880090626432280e-23
6.469726562500000000e-01 -1.830596984943895052e-22 -2.815296039633958320e-22
6.474609375000000000e-01 4.696345826664312927e-23 8.851771577385977987e-23
6.479492187500000000e-01 1.075520716879947883e-23 1.695610853752417913e-23
6.484375000000000000e-01 5.382310808492523983e-23 -4.603966703504118630e-23
6.489257812500000000e-01 -8.211892368567827755e-23 -2.089130204263012206e-22
6.494140625000000000e-01 3.366245220845850410e-22 -2.493706847744562959e-23
6.499023437500000000e-01 1.642028719158510243e-22 9.101670222418328343e-23
6.503906250000000000e-01 -3.146486652464478917e-23 -1.310679856391769966e-22
6.508789062500000000e-01 -2.515408642924043350e-23 -1.137959291075358983e-22
6.513671875000000000e-01 -1.913913365076995398e-23 -6.365824361247612502e-23
6.518554687500000000e-01 -5.327081818298719175e-23 -3.996890983871121193e-23
6.523437500000000000e-01 1.256271231841670638e-22 -3.429465705525308363e-22
6.528320312500000000e-01 -4.475873473473664400e-23 7.750431642085939277e-23
6.533203125000000000e-01 6.673950991577587152e-23 -1.801842015224831201e-23
6.538085937500000000e-01 2.376282068365041647e-22 4.703860194298902401e-23
6.542968750000000000e-01 1.695719769186354021e-22 -1.045867015452041020e-22
6.547851562500000000e-01 5.911386157338487282e-23 5.517334518203263070e-23
6.552734375000000000e-01 -2.222395867168814046e-23 8.104995814363018765e-23
6.557617187500000000e-01 3.489090117660314223e-23 -2.418382013462998504e-23
6.562500000000000000e-01 2.779241557369657970e-22 -1.359777367939494461e-23
6.567382812500000000e-01 -6.777772896168573846e-23 -9.404117345081677321e-24
6.572265625000000000e-01 5.614459784026786840e-24 7.679628047821256614e-23
6.577148437500000000e-01 2.629807121502398012e-22 1.698647766272751072e-23
6.582031250000000000e-01 1.076023456317082183e-22 5.977870805431691531e-23
6.586914062500000000e-01 2.538644817722512316e-22 1.206710641630063181e-22
6.591796875000000000e-01 -4.542988672743728343e-23 -2.736876235272692929e-22
6.596679687500000000e-01 -2.492649014614055336e-22 1.965130166250442858e-22
6.601562500000000000e-01 -7.679582993807395349e-23 -2.076686913090310255e-23
6.606445312500000000e-01 4.009901077718919654e-24 1.620553631087820017e-22
6.611328125000000000e-01 1.207048482788330633e-23 1.605022249031011134e-23
6.616210937500000000e-01 -3.786137068339497633e-23 2.632470367004997212e-23
6.621093750000000000e-01 -1.739642822838395369e-23 -1.069980499602749449e-22
6.625976562500000000e-01 1.147111267109807248e-22 -5.057288618900307017e-23
6.630859375000000000e-01 -4.822648122648500828e-23 3.538862262041832711e-23
6.635742187500000000e-01 -1.203337778387156140e-22 1.867586576184055356e-22
6.640625000000000000e-01 -2.490907690854284287e-22 -1.570828933955387671e-22
6.645507812500000000e-01 -1.394771847007946096e-22 -4.669903068767796928e-24
6.650390625000000000e-01 -8.949525810702813355e-23 -1.458272779874742339e-22
6.655273437500000000e-01 -6.836136984976326716e-23 -6.770503838171766439e-23
6.660156250000000000e-01 -1.747749441886892001e-23 2.136833408278638583e-22
6.665039062500000000e-01 -6.545395366700132937e-23 -5.401655044169870688e-26
6.669921875000000000e-01 -7.635316432282804266e-23 1.274798394255926402e-22
6.674804687500000000e-01 -1.208091504052153165e-23 3.534386876888965737e-23
6.679687500000000000e-01 -1.394354578093468285e-22 1.957921002760120341e-22
6.684570312500000000e-01 5.278409189767769956e-23 1.133072220963966760e-23
6.689453125000000000e-01 -1.859117577960104093e-22 -1.233456943275239769e-22
6.694335937500000000e-01 2.319453021580598562e-22 -1.995243482597530114e-22
6.699218750000000000e-01 -2.275510189744718368e-22 -4.140434029281287667e-23
6.704101562500000000e-01 -5.586558188760522741e-23 6.637747498886199168e-23
6.708984375000000000e-01 -2.251733302806757233e-22 -3.458101916173157015e-23
6.713867187500000000e-01 -2.443959812606714641e-22 5.668830962524280567e-23
6.718750000000000000e-01 -3.450307275836784675e-23 -1.158720959517750444e-22
6.723632812500000000e-01 5.926388834307924652e-23 5.966843187667578998e-23
6.728515625000000000e-01 -6.516210425899540098e-24 9.674131922179941032e-23
6.733398437500000000e-01 -1.513672054142973440e-22 2.482513070823396788e-22
6.738281250000000000e-01 2.223360501611732757e-22 1.406587574217658169e-22
6.743164062500000000e-01 2.314767315763688280e-22 -6.652922566529009364e-23
6.748046875000000000e-01 7.191282641141530132e-23 1.893797842568260986e-22
6.752929687500000000e-01 -1.278168968666498792e-22 -3.946726050805885060e-23
6.757812500000000000e-01 -1.532438486306235848e-22 2.004822348956397895e-22
6.762695312500000000e-01 1.318131592057224138e-22 -1.451424659494006705e-22
6.767578125000000000e-01 4.596287035228046111e-23 3.886579373026989486e-23
6.772460937500000000e-01 1.535030138062669117e-22 -3.352805985346010576e-23
6.777343750000000000e-01 -1.438537274387446374e-22 -9.210308651251033392e-23
6.782226562500000000e-01 -3.297756135797359336e-23 -2.382542944215812117e-23
6.787109375000000000e-01 1.030863254110591728e-22 -2.075765863954511515e-22
6.791992187500000000e-01 -1.946988677707444055e-22 -1.394311739278395311e-22
6.796875000000000000e-01 2.817727437787706058e-22 -1.196247138013086223e-22
6.801757812500000000e-01 -1.048185280789307131e-22 -1.061410504560249592e-22
6.806640625000000000e-01 -3.123294768356823154e-23 -1.068451891873537392e-22
6.811523437500000000e-01 1.497859680747216760e-22 -1.362004188053335552e-24
6.816406250000000000e-01 3.297748727819736488e-23 5.583298431968395685e-23
6.821289062500000000e-01 2.453293587515434323e-22 -1.307974885114716344e-22
6.826171875000000000e-01 2.837492421156888070e-22 8.640602995670348530e-23
6.831054687500000000e-01 1.687060717977547901e-22 -1.045596748857376808e-22
6.835937500000000000e-01 2.846463031708422144e-23 8.956869305259221527e-23
6.840820312500000000e-01 1.534429572030787125e-22 -3.649357746512477477e-23
6.845703125000000000e-01 3.934008748526512913e-23 5.374041351368157042e-23
6.850585937500000000e-01 -8.384714079769939941e-23 -1.026213308351763055e-23
6.855468750000000000e-01 2.394427428779497798e-22 7.996240215422246190e-23
6.860351562500000000e-01 -2.350315435729750962e-22 1.002722589136585113e-22
6.865234375000000000e-01 -2.544166197660302771e-24 -2.798904687032198483e-24
6.870117187500000000e-01 -1.452532453562221071e-22 1.135515642544489799e-22
6.875000000000000000e-01 -1.843422976945302173e-23 -4.175145589500424586e-23
6.879882812500000000e-01 8.601162904266312322e-23 -6.671388123684228974e-23
6.884765625000000000e-01 -4.948362117723553135e-23 -1.604272465747651997e-23
6.889648437500000000e-01 -9.674170378476245802e-24 -1.232398830191327737e-22
6.894531250000000000e-01 2.250715451588686704e-22 -1.575623981827119867e-22
6.899414062500000000e-01 2.764441284403973173e-23 -1.475429646315828921e-22
6.904296875000000000e-01 -3.632074131971686213e-23 5.439065485312521276e-23
6.909179687500000000e-01 2.673760113271900165e-22 5.856778092064392732e-23
6.914062500000000000e-01 3.528789786455771135e-23 1.418718937884657477e-22
6.918945312500000000e-01 -1.723458308360912224e-22 -6.306520147067633314e-23
6.923828125000000000e-01 2.409644598494518773e-22 -7.118599688423430502e-23
6.928710937500000000e-01 -2.647266508470833100e-22 -9.576814638764084066e-23
6.933593750000000000e-01 2.049690587223065153e-22 2.222570953940495761e-22
6.938476562500000000e-01 4.352304242245811876e-23 -8.898464048477318369e-23
6.943359375000000000e-01 7.142692000581442425e-23 2.053846498109665318e-22
6.948242187500000000e-01 -1.064243374843097869e-22 -2.114199884877265743e-22
6.953125000000000000e-01 -1.906048605659661500e-22 2.277948211295384594e-22
6.958007812500000000e-01 -2.697324240999545766e-22 -7.243298298482400921e-23
6.962890625000000000e-01 -6.248829287866933302e-23 2.662455747542141913e-22
6.967773437500000000e-01 -7.055714041036403139e-23 -1.669558518068350282e-22
6.972656250000000000e-01 -1.721639128575181901e-22 -3.552026401827993824e-23
6.977539062500000000e-01 -2.384924282711754671e-22 1.307827525884804409e-22
6.982421875000000000e-01 3.277125833287659609e-23 4.710249971888159577e-23
6.987304687500000000e-01 -1.919076241901543833e-22 -6.253887121471392390e-23
6.992187500000000000e-01 -1.909773288314330818e-22 -1.892807533083899913e-23
6.997070312500000000e-01 -1.792553548634919769e-22 8.353336376929562175e-24
7.001953125000000000e-01 -3.336466984214161078e-22 1.013137664029266319e-22
7.006835937500000000e-01 5.191387676213755403e-23 -7.112550269387693406e-23
7.011718750000000000e-01 -1.634753107888060778e-23 -1.078325132048233936e-22
7.016601562500000000e-01 -2.648852876989181101e-22 2.914117821390260379e-22
7.021484375000000000e-01 1.533542489328833385e-22 -3.704910454577388999e-23
7.026367187500000000e-01 1.780651265397329463e-22 3.318523830852810522e-23
7.031250000000000000e-01 3.238176148082056164e-23 1.390957775583520785e-23
7.036132812500000000e-01 2.807790600972435575e-22 1.576496463977013046e-23
7.041015625000000000e-01 -1.224780482479465258e-22 5.045534403472009769e-23
7.045898437500000000e-01 3.020553145193318151e-23 8.074704574689385979e-23
7.050781250000000000e-01 -9.510440623699229319e-23 2.905434944657556561e-22
7.055664062500000000e-01 -4.010054560290203562e-23 -6.854626319185667617e-23
7.060546875000000000e-01 -8.016086589166579186e-24 -3.517833181469070058e-23
7.065429687500000000e-01 -3.441618214047608950e-23 -1.441640125734986801e-22
7.070312500000000000e-01 1.816826923008976272e-22 2.067229066138695768e-22
7.075195312500000000e-01 2.152365748696423471e-22 -1.341759480913267675e-22
7.080078125000000000e-01 1.001227058048861020e-22 3.989690737416615772e-23
7.084960937500000000e-01 3.619405236620502700e-24 -1.205322150264454641e-22
7.089843750000000000e-01 -2.167603120748798933e-22 1.461173121737347008e-23
7.094726562500000000e-01 1.910380923002403739e-22 4.945510170208847857e-24
7.099609375000000000e-01 6.271507737205351690e-23 -2.303549475116379454e-22
7.104492187500000000e-01 5.731798148763818752e-23 -8.020926009330448600e-23
7.109375000000000000e-01 2.032279280560714574e-22 -1.992229161795821817e-22
7.114257812500000000e-01 2.527083483948214993e-23 -3.647293933818076041e-23
7.119140625000000000e-01 -2.970800775985083218e-23 1.057164835265654527e-22
7.124023437500000000e-01 1.084979268264813169e-22 1.442553871343418172e-22
7.128906250000000000e-01 1.648863800052426771e-22 -2.701538067718118790e-23
7.133789062500000000e-01 1.048836878048890953e-23 -1.368094028638465701e-22
7.138671875000000000e-01 1.095037153533164532e-22 -8.817348097965004131e-23
7.143554687500000000e-01 1.875347611412797136e-22 -6.426630633644882612e-23
7.148437500000000000e-01 1.226084700944351843e-22 5.201995300263397843e-23
7.153320312500000000e-01 -1.376772545235242686e-23 2.627530169332628312e-23
7.158203125000000000e-01 5.753252840150796910e-23 -8.703247899095516024e-23
7.163085937500000000e-01 3.137322269061315537e-23 -3.471122550548442266e-22
7.167968750000000000e-01 7.426177248567046038e-23 1.547946579605883120e-23
7.172851562500000000e-01 -1.263541641861289227e-22 -8.882148074078829581e-23
7.177734375000000000e-01 1.059692029187842813e-22 5.017943722757144043e-23
7.182617187500000000e-01 9.916820065555170633e-23 -1.390269296792384270e-23
7.187500000000000000e-01 -1.527873573916772104e-22 1.795801401170286611e-22
7.192382812500000000e-01 -1.441609567698149777e-22 2.933088689148978144e-23
7.197265625000000000e-01 4.604694413394005266e-23 4.854197038500194389e-23
7.202148437500000000e-01 -8.611254071192397044e-23 1.846282925778376771e-23
7.207031250000000000e-01 -8.339480692399218433e-23 -7.005303985619739435e-23
7.211914062500000000e-01 -1.472816739158973449e-22 -1.088546738239663702e-22
7.216796875000000000e-01 -3.374982419251453296e-23 -1.384375187333201516e-23
7.221679687500000000e-01 3.897612726377719275e-23 2.141215850396282142e-22
7.226562500000000000e-01 3.666689108212960312e-23 -2.348741027121905128e-23
7.231445312500000000e-01 -2.954361412082637925e-22 1.087842199163759302e-22
7.236328125000000000e-01 8.889112558922757515e-24 1.909000388681017562e-22
7.241210937500000000e-01 -1.504360795708794620e-23 -1.185444365011871723e-22
7.246093750000000000e-01 -1.097515045890689558e-22 7.282206139381318006e-23
7.250976562500000000e-01 2.638588670852344443e-22 -2.687679973052032133e-22
7.255859375000000000e-01 -4.167240907791241705e-22 1.678317722818216020e-22
7.260742187500000000e-01 -6.554662384552481027e-23 1.394950039538276321e-22
7.265625000000000000e-01 -4.600804143694299167e-23 7.489485861894172906e-24
7.270507812500000000e-01 -2.099896660264378485e-23 -1.061033336688663289e-22
7.275390625000000000e-01 2.800025807107735155e-23 6.104859412716019944e-23
7.280273437500000000e-01 2.745983510101449587e-24 3.284881723151619068e-22
7.285156250000000000e-01 -3.584056682149227169e-22 9.809228781869503981e-23
7.290039062500000000e-01 3.063798856455705815e-22 -1.185826051154270564e-22
7.294921875000000000e-01 -2.081301324118220444e-22 -3.742065442417891268e-23
7.299804687500000000e-01 1.616250412622059964e-22 2.534807488304429759e-23
7.304687500000000000e-01 -7.884073252295602333e-23 2.327944893805881926e-22
7.309570312500000000e-01 2.703637160499150131e-22 -1.700313064849271615e-22
7.314453125000000000e-01 -6.307112774579957083e-23 1.312711683383645567e-22
7.319335937500000000e-01 1.639767366077143008e-23 -1.693996065079286379e-22
7.324218750000000000e-01 -2.479494955200764725e-23 -5.291036208571031400e-23
7.329101562500000000e-01 6.131252251558301356e-23 3.141151213992927472e-22
7.333984375000000000e-01 -2.156956326777890908e-22 -9.279125414068792795e-24
7.338867187500000000e-01 2.169707456298914734e-22 -9.633214684515843734e-23
7.343750000000000000e-01 7.710139635595832935e-23 -6.579174984930326653e-23
7.348632812500000000e-01 7.966829866698893071e-23 1.345697032533436665e-22
7.353515625000000000e-01 -1.573239447543669896e-23 -2.459597169112457277e-22
7.358398437500000000e-01 1.368560244641109587e-22 -7.512258471999685772e-23
7.363281250000000000e-01 -1.490680302448578052e-22 -1.888217140068457759e-23
7.368164062500000000e-01 9.052970136956864795e-23 3.177028516829916010e-23
7.373046875000000000e-01 6.995428258326893873e-23 -6.138550011699478968e-23
7.377929687500000000e-01 7.022939774766071289e-23 -1.541927320276468934e-23
7.382812500000000000e-01 -9.426804653238590116e-24 -1.196525493393237693e-22
7.387695312500000000e-01 1.181235783691344771e-22 -1.451891331530233653e-22
7.392578125000000000e-01 -2.496632393320308346e-22 3.272944490082350051e-22
7.397460937500000000e-01 1.158458489046916228e-22 -3.051223291966742437e-22
7.402343750000000000e-01 -1.201446669677208105e-22 -4.473187585694172286e-23
7.407226562500000000e-01 2.160983121164629979e-22 1.502540569521878652e-22
7.412109375000000000e-01 -3.082081560757160784e-22 6.735064622250115469e-23
7.416992187500000000e-01 2.134303314028911817e-22 -5.507912029106878724e-23
7.421875000000000000e-01 -1.192640453041989527e-22 -2.644656875567239005e-22
7.426757812500000000e-01 7.859224643125398197e-23 2.578072490904065483e-24
7.431640625000000000e-01 -1.059384931464630021e-22 3.762175159814666944e-23
7.436523437500000000e-01 -2.900928371954471136e-23 9.087707271999687543e-23
7.441406250000000000e-01 -7.689217587568822093e-23 -3.462487072794946052e-22
7.446289062500000000e-01 1.409922959377985623e-22 2.163113975397370604e-22
7.451171875000000000e-01 -4.997729981467921938e-23 4.809110295886645368e-23
7.456054687500000000e-01 -2.301977174499294853e-22 6.318293911110551388e-23
7.460937500000000000e-01 5.475913437796325574e-23 -3.717702915131950122e-23
7.465820312500000000e-01 -1.464914875474296971e-23 6.399169714916287126e-23
7.470703125000000000e-01 1.667783496520946693e-22 6.386992606494453617e-23
7.475585937500000000e-01 -2.312447469983938046e-22 4.849002921366729595e-23
7.480468750000000000e-01 -5.304239291210219272e-23 -8.621391255070958290e-24
7.485351562500000000e-01 -9.836506078178139876e-23 -3.680716940356745952e-23
7.490234375000000000e-01 3.709825035351646263e-23 -1.369109878294844266e-22
7.495117187500000000e-01 1.629435824660367488e-22 2.888982896176653276e-23
7.500000000000000000e-01 2.339283595799624127e-22 8.678144667938979782e-23
7.504882812500000000e-01 -2.815998069347950945e-22 -1.277712564582586904e-22
7.509765625000000000e-01 1.463545629368452366e-22 7.905603531967296920e-23
7.514648437500000000e-01 -3.282300771854629019e-23 3.000469346200063187e-22
7.519531250000000000e-01 2.061643606926328661e-22 1.262479382810594238e-22
7.524414062500000000e-01 -4.197143334271424652e-25 1.839599454603428098e-23
7.529296875000000000e-01 -3.167069212551851558e-23 9.609412466919693535e-23
7.534179687500000000e-01 1.118020115486830113e-22 -1.496722792070535479e-22
7.539062500000000000e-01 3.012900924738802985e-22 6.815463093903040190e-23
7.543945312500000000e-01 6.170736633917262953e-23 -6.288995615948798654e-25
7.548828125000000000e-01 1.758927239119007216e-22 4.745197552703926647e-23
7.553710937500000000e-01 -1.344036845123510317e-22 -1.687154270851571363e-22
7.558593750000000000e-01 -3.162353148088619294e-23 8.534180496235373322e-23
7.563476562500000000e-01 5.722511851805387788e-24 -6.894969370874953602e-23
7.568359375000000000e-01 -1.782889828786323710e-22 -3.297180082886758936e-22
7.573242187500000000e-01 -1.140050982887740940e-23 5.988980897044674760e-23
7.578125000000000000e-01 1.472620545212717775e-22 -1.233850531382865451e-22
7.583007812500000000e-01 1.454979805646706046e-22 -3.744400693436298074e-23
7.587890625000000000e-01 -8.386451311065744781e-23 8.341974502707950547e-24
7.592773437500000000e-01 -5.395544071944553050e-23 6.958389967198231587e-23
7.597656250000000000e-01 -7.578788528146920602e-23 -8.610394191914337410e-23
7.602539062500000000e-01 -3.649621700710799685e-23 -2.760282694605406313e-23
7.607421875000000000e-01 -1.944773282755048321e-22 -7.277500556725072904e-23
7.612304687500000000e-01 8.911449758009317334e-23 -8.581962450908624183e-23
7.617187500000000000e-01 -2.772664793547864144e-23 -1.090329335804746570e-23
7.622070312500000000e-01 -8.474842721477343219e-24 -2.673078112489906545e-23
7.626953125000000000e-01 -1.786539375472513238e-23 4.276134162733416443e-23
7.631835937500000000e-01 2.597430276802000583e-22 4.853667019189236368e-23
7.636718750000000000e-01 -3.294451930386658300e-22 3.233940678837686641e-24
7.641601562500000000e-01 -1.385384602757148552e-23 -1.747167454304674399e-23
7.646484375000000000e-01 -9.326199175626497381e-23 3.225247645926169294e-22
7.651367187500000000e-01 1.289652619812201194e-24 1.096191437062604009e-22
7.656250000000000000e-01 -1.029805736908602684e-22 1.077210957116009345e-22
7.661132812500000000e-01 -1.698399345315709003e-22 -2.205830560102338166e-22
7.666015625000000000e-01 -6.411752077180233589e-23 8.553294091259593752e-23
7.670898437500000000e-01 -1.272801455981615288e-22 1.526579522844395057e-23
7.675781250000000000e-01 8.839755198456649470e-23 1.808875395174398996e-23
7.680664062500000000e-01 -8.400478677136361732e-23 -1.820805432513123653e-22
7.685546875000000000e-01 -1.202616668485000405e-22 1.528662484435037931e-22
7.690429687500000000e-01 -9.597552160532083112e-23 1.862114733886381518e-22
7.695312500000000000e-01 -3.427768518331421639e-23 2.125328175257572577e-22
7.700195312500000000e-01 6.605973748964270120e-23 -2.743249531616255400e-23
7.705078125000000000e-01 1.508034593661587326e-23 6.199292144458390823e-23
7.709960937500000000e-01 1.463860468114691167e-22 1.224793445495826505e-22
7.714843750000000000e-01 4.592513719815903336e-23 -9.223708006979160714e-23
7.719726562500000000e-01 5.868517680462618931e-23 -1.030707997981372682e-22
7.724609375000000000e-01 1.271622716086258228e-22 -5.282300498108571091e-23
7.729492187500000000e-01 -5.299273765444224521e-23 1.380413036328239881e-22
7.734375000000000000e-01 5.511583819792358167e-23 -1.983807054356601069e-22
7.739257812500000000e-01 5.441112041288880327e-24 2.864814766816454693e-23
7.744140625000000000e-01 -6.061965299174616036e-23 -1.412937645543000179e-22
7.749023437500000000e-01 4.079873268713098053e-23 9.766306085577977555e-23
7.753906250000000000e-01 1.525782941117554245e-22 9.147134131759140136e-23
7.758789062500000000e-01 -5.207143727219049185e-23 4.147225481368833957e-23
7.763671875000000000e-01 1.660586151973086083e-22 -7.530279190134075455e-23
7.768554687500000000e-01 -1.923526109403706040e-22 -1.508572455833634590e-22
7.773437500000000000e-01 2.222789326251112211e-22 9.607717061803237291e-23
7.778320312500000000e-01 1.157565338776789143e-23 -3.830359743342538248e-22
7.783203125000000000e-01 7.677682407237080751e-23 -1.825508900075813857e-22
7.788085937500000000e-01 1.483426800669862515e-23 -4.237949688873371491e-23
7.792968750000000000e-01 -1.202953111228773019e-22 1.292185329574635989e-22
7.797851562500000000e-01 6.537108972289598185e-23 -2.680504391911147591e-22
7.802734375000000000e-01 -1.147056227597036398e-22 2.375475205846580466e-22
7.807617187500000000e-01 2.139139609321944985e-22 8.872929928388634589e-23
7.812500000000000000e-01 4.772758793119399113e-23 3.172194783829395996e-23
7.817382812500000000e-01 1.144020235722446346e-22 -2.224339319707795040e-22
7.822265625000000000e-01 1.315022884215785797e-23 -3.764719180186686791e-23
7.827148437500000000e-01 1.961695110117759789e-22 2.968465315462062685e-22
7.832031250000000000e-01 -1.329091657071415248e-22 -2.116639396233582573e-23
7.836914062500000000e-01 1.886898514804643685e-23 -1.614733103307941432e-22
7.841796875000000000e-01 1.175783754465893410e-22 5.996473625910166596e-23
7.846679687500000000e-01 -3.671396447327128309e-23 9.737341171349056576e-23
7.851562500000000000e-01 -1.864847685400152055e-22 5.746606745774484281e-23
7.856445312500000000e-01 -1.742792382177329816e-22 9.804433833154506074e-23
7.861328125000000000e-01 6.462409767026621294e-23 -1.657654458043246151e-22
7.866210937500000000e-01 4.709134040542298723e-24 -5.432499525747270236e-23
7.871093750000000000e-01 5.132786964971965838e-23 -7.231584343793592366e-23
7.875976562500000000e-01 -7.827979894774630266e-23 2.415743672909822232e-22
7.880859375000000000e-01 7.065862342079107301e-23 7.285278286529317857e-23
7.885742187500000000e-01 -1.503500936786249328e-23 -2.284190664168178963e-23
7.890625000000000000e-01 9.615432095073403659e-24 1.518558344457589705e-23
7.895507812500000000e-01 -1.655234859891231365e-22 -8.697555143971005920e-23
7.900390625000000000e-01 -4.161969202454156198e-23 -6.752165398599592354e-23
7.905273437500000000e-01 -2.217062814200886738e-22 -1.073838562205380118e-22
7.910156250000000000e-01 -1.736532924245089200e-22 9.592611568200568588e-23
7.915039062500000000e-01 4.131490633217591312e-23 -8.987322729735304634e-23
7.919921875000000000e-01 -1.154433060713587818e-22 -6.298157799325905221e-24
7.924804687500000000e-01 1.707149863385149109e-22 2.688690617875606853e-23
7.929687500000000000e-01 -6.135490876173389660e-23 4.669529270169726306e-23
7.934570312500000000e-01 1.601033011768419637e-22 -2.363773693437916459e-23
7.939453125000000000e-01 -5.699715691890497166e-23 -3.631355383341582129e-23
7.944335937500000000e-01 5.245486765629240035e-23 2.182299585916810901e-22
7.949218750000000000e-01 -1.641585711562547256e-22 -3.434420551865716762e-23
7.954101562500000000e-01 1.800983072988411207e-22 1.286849653732037637e-22
7.958984375000000000e-01 -6.080747763634725338e-23 8.118844838089319944e-23
7.963867187500000000e-01 1.056477997679283728e-22 9.865526560503502929e-24
7.968750000000000000e-01 -3.404912466301084626e-23 -1.289349128513369966e-22
7.973632812500000000e-01 2.544773568048952793e-22 1.574306546872031528e-22
7.978515625000000000e-01 -1.244148401068982938e-22 2.569633003733698178e-22
7.983398437500000000e-01 -9.195650828147220111e-23 -3.966379199355235336e-22
7.988281250000000000e-01 2.289613962249424925e-22 -6.989238891235802312e-23
7.993164062500000000e-01 1.982202127446913715e-22 -1.541270323059590096e-22
7.998046875000000000e-01 -1.004716353146174685e-23 -9.618548114796946834e-23
8.002929687500000000e-01 -5.618762939138918213e-23 2.916740272207924801e-23
8.007812500000000000e-01 -1.620059654452861395e-22 -8.806441922956891945e-23
8.012695312500000000e-01 7.624558038883809909e-23 1.582298464466378617e-22
8.017578125000000000e-01 6.727030987553693625e-24 2.302639403885562514e-24
8.022460937500000000e-01 -1.039241031370027330e-22 3.413517328391576414e-23
8.027343750000000000e-01 -1.346809452233439368e-22 -1.366163837124598267e-22
8.032226562500000000e-01 3.932079562197639386e-23 -2.609362700569422760e-23
8.037109375000000000e-01 4.719795616506241987e-23 6.039099020342142054e-23
8.041992187500000000e-01 -8.212523788446629530e-23 -4.432176742359499055e-23
8.046875000000000000e-01 3.665974603130987346e-23 9.472993553958577660e-23
8.051757812500000000e-01 -2.661372454407296031e-22 7.431776670386925111e-23
8.056640625000000000e-01 -2.287832049721124448e-23 3.809752433714377217e-23
8.061523437500000000e-01 -1.982135519937107643e-24 1.418796388184191461e-22
8.066406250000000000e-01 -7.764771553275398398e-23 1.042032575369341476e-22
8.071289062500000000e-01 -8.098186289456677757e-23 8.182376957975902686e-23
8.076171875000000000e-01 2.120791461412076729e-22 -9.747220104203735595e-23
8.081054687500000000e-01 -1.446554833392715432e-23 6.553367759646079236e-23
8.085937500000000000e-01 -2.904479911035713598e-23 -1.003461858729538332e-22
8.090820312500000000e-01 -1.447193328845597598e-23 3.707513044473075262e-22
8.095703125000000000e-01 1.246495958952704140e-22 -3.219243050083595727e-23
8.100585937500000000e-01 3.042347886697198796e-22 1.813056822021106542e-23
8.105468750000000000e-01 8.897816246549557545e-23 2.935173001859477742e-23
8.110351562500000000e-01 -3.740439507025891867e-22 3.214770671300749207e-23
8.115234375000000000e-01 2.517563484450097637e-22 1.125748233755876587e-23
8.120117187500000000e-01 5.017625208372701718e-24 -2.548327823479310385e-23
8.125000000000000000e-01 -9.998834512836690184e-23 -2.342919347052056457e-22
8.129882812500000000e-01 5.779994774305310002e-23 1.824497139968188911e-22
8.134765625000000000e-01 -9.292724293401253616e-23 -3.349474881288088109e-24
8.139648437500000000e-01 -1.458530624901335990e-22 -1.244310671639836318e-22
8.144531250000000000e-01 -1.947267659210697959e-22 -1.071772076635163841e-23
8.149414062500000000e-01 1.249291557256057849e-22 -7.245269293708857159e-23
8.154296875000000000e-01 -1.929532994658066203e-22 -2.235417074003045208e-22
8.159179687500000000e-01 6.733837519913371065e-23 -8.931232214014467996e-23
8.164062500000000000e-01 -1.184293658369719981e-22 -1.607276904077629687e-22
8.168945312500000000e-01 1.812931894029544179e-22 1.582760076012854829e-22
8.173828125000000000e-01 -3.388293210259363417e-23 -2.266999777289007061e-22
8.178710937500000000e-01 -9.369078262214308987e-23 -2.222332120571204185e-22
8.183593750000000000e-01 2.458904021614043875e-22 1.843418559223778480e-22
8.188476562500000000e-01 1.018459581307333093e-22 -9.602488019061741913e-23
8.193359375000000000e-01 3.093905825131932001e-22 -1.188190325560756643e-22
8.198242187500000000e-01 2.287102975865808161e-23 1.598654198826436567e-23
8.203125000000000000e-01 1.690838289792011801e-22 -3.592000097730812619e-23
8.208007812500000000e-01 2.061912653475344794e-22 -1.209945804948006238e-23
8.212890625000000000e-01 3.555775190732211670e-23 -1.572081561801763251e-23
8.217773437500000000e-01 -2.592740655617777750e-22 -2.825617866537368039e-23
8.222656250000000000e-01 -7.238271208201774509e-23 -3.203158908979984452e-25
8.227539062500000000e-01 -1.710796771514907152e-22 -1.310379283039385581e-22
8.232421875000000000e-01 2.737766451031816827e-23 6.468484186772834747e-23
8.237304687500000000e-01 7.151092905541994167e-23 -1.831585933800640097e-22
8.242187500000000000e-01 9.760876628291379859e-24 1.208025793060242041e-22
8.247070312500000000e-01 -2.701950268072675478e-23 -9.671042080394156441e-23
8.251953125000000000e-01 2.932284600191289154e-23 2.532792848984065326e-22
8.256835937500000000e-01 -8.876647093561824667e-23 -6.414668435034281817e-23
8.261718750000000000e-01 2.697184494279906871e-22 1.125781601679687691e-22
8.266601562500000000e-01 -8.476950481216209273e-25 4.685649403315232733e-23
8.271484375000000000e-01 -1.340558933987195902e-22 4.994167190839267119e-23
8.276367187500000000e-01 -7.412220229720153323e-23 6.527887736418253006e-23
8.281250000000000000e-01 1.689115213035864312e-22 2.635130049862265213e-23
8.286132812500000000e-01 9.556168646285256904e-23 1.939347949407087052e-22
8.291015625000000000e-01 -8.349056494419787656e-23 2.498226845421789525e-22
8.295898437500000000e-01 -3.804454050594957754e-23 5.271521975587778333e-23
8.300781250000000000e-01 6.165673909561780064e-23 1.477742756678163500e-22
8.305664062500000000e-01 -1.405412331634730807e-22 6.589033896618599530e-23
8.310546875000000000e-01 -1.255159991772396239e-22 -1.209801848829981346e-22
8.315429687500000000e-01 -2.285816860510822159e-22 1.319666177297382311e-22
8.320312500000000000e-01 2.792832514958924186e-24 -4.848645207832781239e-23
8.325195312500000000e-01 -3.467790983954802112e-23 1.404486305017853732e-23
8.330078125000000000e-01 -3.394066196772686986e-23 -1.017618667960484522e-22
8.334960937500000000e-01 2.265807359773914501e-23 -1.449727007484180938e-22
8.339843750000000000e-01 -9.884866168492756217e-23 2.704914159312250786e-22
8.344726562500000000e-01 -4.401107773669222605e-23 1.205672874810590788e-22
8.349609375000000000e-01 -1.082287409519179539e-22 -8.370221215555604004e-23
8.354492187500000000e-01 1.681619498445254148e-22 1.159740468915745327e-22
8.359375000000000000e-01 -1.361205855314844646e-22 -8.066921209543252019e-23
8.364257812500000000e-01 4.893158569832002594e-24 7.751047775307904059e-23
8.369140625000000000e-01 -1.496803901466079364e-22 -2.363046802758967852e-23
8.374023437500000000e-01 1.084221599810762530e-22 1.108998210649413705e-22
8.378906250000000000e-01 -3.152993039180022732e-23 -1.186477109427856964e-22
8.383789062500000000e-01 -7.758545327643951986e-23 -7.451010802884432630e-23
8.388671875000000000e-01 9.601519858850293330e-23 -4.955704441563869243e-23
8.393554687500000000e-01 -7.403296379250025574e-23 4.880860862264929406e-23
8.398437500000000000e-01 -1.812607561766516861e-22 -4.963570068197863089e-23
8.403320312500000000e-01 -1.483774822960505142e-22 -1.605719760673628885e-22
8.408203125000000000e-01 1.879177891326504296e-22 -1.377768953124925367e-22
8.413085937500000000e-01 -1.784456607342683617e-22 2.839237652753783423e-23
8.417968750000000000e-01 1.093357493886221038e-22 -3.186023152625607209e-23
8.422851562500000000e-01 2.232564759466752153e-22 3.473901574318921428e-23
8.427734375000000000e-01 -7.132797218479861779e-23 -1.461483332636134619e-22
8.432617187500000000e-01 -6.170899615182444071e-23 -8.831098311491835255e-23
8.437500000000000000e-01 2.999027702565798769e-22 1.544374454016207949e-22
8.442382812500000000e-01 -3.597431728739463247e-24 -1.399208998321731591e-22
8.447265625000000000e-01 1.113140729494653998e-22 2.438691201052167577e-23
8.452148437500000000e-01 6.202801263033739855e-23 -6.833647159705142890e-23
8.457031250000000000e-01 -3.934352172715678001e-23 -7.856276912501132697e-24
8.461914062500000000e-01 9.796364702264409857e-23 -4.481498344723011008e-23
8.466796875000000000e-01 2.853835250542111222e-22 1.505400629919573843e-22
8.471679687500000000e-01 -8.846976683125346810e-23 6.827118057615137148e-23
8.476562500000000000e-01 -3.967700963001190522e-23 4.205991965011391811e-23
8.481445312500000000e-01 -2.007653077162107483e-22 -1.506512088466436583e-22
8.486328125000000000e-01 1.150146753211999520e-22 1.162707239297914667e-23
8.491210937500000000e-01 2.848668461963932518e-22 -2.480216373187392920e-22
8.496093750000000000e-01 -2.278933623196721192e-23 -7.688760541445057077e-23
8.500976562500000000e-01 1.289445533991867716e-22 1.493406330716086382e-22
8.505859375000000000e-01 3.616058072197271707e-23 -2.141679452323962435e-22
8.510742187500000000e-01 1.379091373955395705e-22 7.850534274337712310e-23
8.515625000000000000e-01 -1.784416266934406660e-22 1.292110004489942914e-23
8.520507812500000000e-01 7.156994454717973026e-23 1.631977023642953004e-23
8.525390625000000000e-01 6.710469369777065231e-23 4.129568910148483431e-23
8.530273437500000000e-01 2.229929114141301427e-23 9.070240130221669469e-23
8.535156250000000000e-01 -3.364621758338186727e-24 -2.294289747330403378e-22
8.540039062500000000e-01 4.663499833411040844e-23 1.185055316793661466e-22
8.544921875000000000e-01 6.908999817431954508e-23 -9.099033273994498668e-23
8.549804687500000000e-01 -3.061194148511115514e-23 2.051655205139896693e-23
8.554687500000000000e-01 6.780677160139096937e-23 1.580367358991156987e-22
8.559570312500000000e-01 -2.653964850367464791e-22 -2.907391114770665765e-23
8.564453125000000000e-01 -4.996633631045681930e-23 -8.976045319520162897e-23
8.569335937500000000e-01 -2.452875934043449217e-22 -9.659853954625050837e-24
8.574218750000000000e-01 2.587097371605748274e-22 -1.793579738488814644e-22
8.579101562500000000e-01 2.196502607231237084e-23 -1.226189243207294152e-22
8.583984375000000000e-01 2.193982295891128004e-23 -1.294099630352849359e-22
8.588867187500000000e-01 -2.189076357131226081e-22 -5.999534281743020786e-23
8.593750000000000000e-01 3.712215297268598832e-23 6.047881446146375254e-23
8.598632812500000000e-01 -2.992005806793726271e-22 -2.499897649716306779e-23
8.603515625000000000e-01 -4.528451548666951460e-23 2.103663156438753353e-22
8.608398437500000000e-01 -2.629079657495795536e-22 4.003776166903372386e-22
8.613281250000000000e-01 -3.715440993612985165e-23 -1.234267198721541811e-22
8.618164062500000000e-01 -1.349388554200942926e-22 3.911401600940983641e-22
8.623046875000000000e-01 1.579884628392497182e-22 2.395102392440515718e-22
8.627929687500000000e-01 -9.616678887342974810e-23 2.033662295246643755e-22
8.632812500000000000e-01 -1.015158464903244863e-22 1.090110824765899894e-22
8.637695312500000000e-01 -1.122280594386980117e-22 -8.065289615694679206e-23
8.642578125000000000e-01 1.308946968957506043e-22 6.552626867957185535e-23
8.647460937500000000e-01 4.697774437895707259e-24 2.984936584188978775e-23
8.652343750000000000e-01 -1.580979530202906432e-22 -9.924707151382424106e-23
8.657226562500000000e-01 1.519443953246433053e-24 6.618482367060669310e-24
8.662109375000000000e-01 2.100910517451077486e-22 4.804526691362496202e-23
8.666992187500000000e-01 -1.994435020258875234e-22 -3.731468287569034620e-22
8.671875000000000000e-01 1.305136141255638053e-22 1.032710896680207089e-22
8.676757812500000000e-01 -3.297656375516691348e-23 1.550610044995615576e-22
8.681640625000000000e-01 3.164842663664237306e-22 -3.333622156858825100e-24
8.686523437500000000e-01 -4.920188177747237304e-23 2.609817122368771085e-22
8.691406250000000000e-01 1.941826917124027587e-22 5.073472385307907895e-23
8.696289062500000000e-01 -8.936470098113068131e-23 1.404108312250174516e-22
8.701171875000000000e-01 3.614895916033636928e-24 -5.248916619773336104e-23
8.706054687500000000e-01 -9.821882793755002725e-23 -7.098709786402078551e-23
8.710937500000000000e-01 3.372704080297977846e-23 -1.748210109166892498e-22
8.715820312500000000e-01 2.701391271990147361e-23 1.095019546710927657e-23
8.720703125000000000e-01 2.267624773241517680e-23 -2.553213438154687391e-22
8.725585937500000000e-01 1.629595782771800769e-22 2.820854052563846941e-23
8.730468750000000000e-01 -1.026526251686610440e-22 -1.172056419704990066e-22
8.735351562500000000e-01 -2.011189641525607888e-23 -1.366983181287712010e-22
8.740234375000000000e-01 5.772028750800819080e-23 4.993724517372537065e-24
8.745117187500000000e-01 -3.344539714569296060e-23 -4.242327957308351998e-23
8.750000000000000000e-01 -1.025521404416081595e-23 -1.313626908761997420e-22
8.754882812500000000e-01 2.390869378386025059e-22 -1.878968673083857297e-23
8.759765625000000000e-01 1.593910308796372861e-22 -1.130107120855251619e-22
8.764648437500000000e-01 1.210231315228750914e-22 -5.512673014843420314e-23
8.769531250000000000e-01 -1.115239058287441951e-22 -1.353839747580810764e-22
8.774414062500000000e-01 1.843545337691168485e-22 9.930732159436850701e-23
8.779296875000000000e-01 -1.294770999019736878e-22 -6.376843945268687638e-23
8.784179687500000000e-01 1.396771529217497489e-22 1.238170416293130745e-22
8.789062500000000000e-01 2.223330383759928167e-23 1.432679547218800222e-22
8.793945312500000000e-01 2.868941104421590238e-25 -2.723808189801299168e-22
8.798828125000000000e-01 -1.561004442875059846e-22 -6.760153778776323561e-23
8.803710937500000000e-01 1.207676892650037522e-22 -1.221459785302273060e-22
8.808593750000000000e-01 -1.070376646383234375e-22 -2.117939403535876849e-22
8.813476562500000000e-01 1.208584167239823747e-22 1.109090641198943142e-22
8.818359375000000000e-01 -1.576480387462179613e-22 -8.276087945035638680e-23
8.823242187500000000e-01 -5.150464593480187131e-23 3.761946160029171432e-24
8.828125000000000000e-01 -5.237786624478860107e-23 5.426207287117608082e-23
8.833007812500000000e-01 9.926169142822836260e-23 -4.963290978513781794e-23
8.837890625000000000e-01 -2.043272283549201262e-22 4.186765592391110647e-23
8.842773437500000000e-01 1.136348123833556585e-22 -2.854611676547475013e-23
8.847656250000000000e-01 -1.585189002174664073e-22 1.146005753756215572e-22
8.852539062500000000e-01 -1.334655262366438564e-22 -4.505179897566748867e-23
8.857421875000000000e-01 -2.679136564163928992e-22 1.214060779860350010e-22
8.862304687500000000e-01 2.391878695189059869e-23 1.089246461765583930e-22
8.867187500000000000e-01 1.739889719946020108e-22 1.113908524714941281e-23
8.872070312500000000e-01 -1.052528514322777946e-22 1.878413205622186336e-22
8.876953125000000000e-01 1.129546762631119533e-22 3.048369195341056131e-23
8.881835937500000000e-01 1.984268266816643185e-23 5.333182556287662145e-23
8.886718750000000000e-01 -1.596173321256612263e-22 1.156492679002847562e-22
8.891601562500000000e-01 3.433043097576195778e-23 3.439608641301644479e-22
8.896484375000000000e-01 2.106833237033233265e-23 -1.008719679892504121e-22
8.901367187500000000e-01 -5.353996494710866959e-23 -1.532810136959369407e-22
8.906250000000000000e-01 1.434536275485783259e-22 -2.086308192747240915e-22
8.911132812500000000e-01 -4.818202237000754354e-23 3.892678809698364911e-23
8.916015625000000000e-01 1.352403846432615670e-22 -1.208276430197076274e-22
8.920898437500000000e-01 8.896296974470989583e-23 3.934450911266350908e-22
8.925781250000000000e-01 7.478574326576439905e-23 -4.142875519429004396e-23
8.930664062500000000e-01 -9.767654932498351310e-23 1.537170600910478766e-23
8.935546875000000000e-01 -1.004634509216249421e-22 -4.258621649722586922e-23
8.940429687500000000e-01 -7.420131200143141634e-23 1.487456134202297962e-22
8.945312500000000000e-01 1.421884255751394236e-22 2.591328638433210451e-23
8.950195312500000000e-01 -2.144511358407240076e-22 2.728984624696223292e-23
8.955078125000000000e-01 -1.524325597351534362e-22 2.591176009769435854e-23
8.959960937500000000e-01 4.009944983326869863e-23 -1.233486793876479181e-22
8.964843750000000000e-01 7.960825600582421904e-23 -2.482551196896133240e-22
8.969726562500000000e-01 1.686317374818725070e-22 1.100160508335650258e-22
8.974609375000000000e-01 2.088470178617371794e-23 -5.977731904685848942e-23
8.979492187500000000e-01 1.286171980277578394e-22 6.528026417210985837e-23
8.984375000000000000e-01 8.042214927899881070e-23 7.345153809876045520e-23
8.989257812500000000e-01 9.660739319301441484e-23 -2.064243422474017341e-22
8.994140625000000000e-01 -1.246793174188961087e-23 5.281556910149304341e-23
8.999023437500000000e-01 -1.198901413521497304e-22 -1.367401137098791237e-22
9.003906250000000000e-01 8.417445259913965968e-23 1.707122281281640052e-22
9.008789062500000000e-01 2.348809652125880799e-22 -3.339038876431699278e-23
9.013671875000000000e-01 -2.445335868778657729e-22 -7.687754337562176622e-23
9.018554687500000000e-01 4.752171007051400761e-23 2.685783455623557029e-22
9.023437500000000000e-01 8.799929787600539908e-24 1.311577061719475866e-22
9.028320312500000000e-01 -5.560721936395823944e-23 1.210944908981639372e-22
9.033203125000000000e-01 -1.187966015672693433e-22 -3.630168363848091161e-23
9.038085937500000000e-01 3.647798379527721296e-23 -1.044052329129262644e-22
9.042968750000000000e-01 -1.317625937277553060e-22 -2.807221424783917879e-23
9.047851562500000000e-01 -9.608373300257948296e-23 5.393691409334382379e-24
9.052734375000000000e-01 -1.022338419506525080e-22 -1.253935994405898165e-22
9.057617187500000000e-01 2.670127643935971546e-23 1.951548098571570331e-22
9.062500000000000000e-01 -4.997734268323528943e-23 -1.655593763804875693e-22
9.067382812500000000e-01 1.501225441137178143e-22 -5.039540838650765122e-23
9.072265625000000000e-01 3.059652043750103548e-24 -9.381892270936057109e-25
9.077148437500000000e-01 1.551450551268055052e-22 -1.906433308088478022e-22
9.082031250000000000e-01 -1.886545205070262494e-22 7.544507987783940606e-23
9.086914062500000000e-01 8.000314836524400877e-24 -8.711595054342492248e-23
9.091796875000000000e-01 3.450559409201033707e-23 -1.891314934453991807e-22
9.096679687500000000e-01 1.560432816538879360e-23 -5.082841485021835580e-24
9.101562500000000000e-01 -9.183853012110492139e-23 2.812882773997957861e-22
9.106445312500000000e-01 3.121847989712092778e-22 -8.163529873125088540e-23
9.111328125000000000e-01 -8.300725301888297070e-23 -1.286344379084608763e-22
9.116210937500000000e-01 7.202153151271230268e-23 -9.290764155222849057e-23
9.121093750000000000e-01 -2.723966545170979431e-22 -1.675083689453684006e-22
9.125976562500000000e-01 -8.687138146908940744e-23 1.027273141380018298e-22
9.130859375000000000e-01 2.255742751489079915e-22 1.128962614301740293e-22
9.135742187500000000e-01 7.421276724804436137e-23 1.449387985654545659e-22
9.140625000000000000e-01 -1.557236536307941438e-22 2.493377725841692744e-23
9.145507812500000000e-01 -1.837380567681882061e-23 8.785147060176642139e-23
9.150390625000000000e-01 1.530082216612696159e-22 1.045384974458968138e-22
9.155273437500000000e-01 -7.300153403939166043e-23 -1.878958026071526970e-22
9.160156250000000000e-01 -1.658106481888513624e-22 -6.900506631068372277e-23
9.165039062500000000e-01 1.191083880289931925e-22 -3.793339689100197379e-22
9.169921875000000000e-01 -2.424399809331639139e-22 1.673023566378206526e-22
9.174804687500000000e-01 6.914286572640632068e-23 1.459279429855347145e-22
9.179687500000000000e-01 -1.361742316982371290e-22 -1.395478414214938700e-22
9.184570312500000000e-01 2.106926233919900838e-22 -3.965852807710426020e-23
9.189453125000000000e-01 2.611948156714582142e-22 2.644711653965962236e-23
9.194335937500000000e-01 8.975992371297965459e-23 -9.715574329874044384e-23
9.199218750000000000e-01 -2.503008370426529000e-23 1.070374435697978578e-23
9.204101562500000000e-01 3.763360546412582899e-23 -1.459229267353841664e-22
9.208984375000000000e-01 -2.212305882503175553e-22 2.159389536950295326e-23
9.213867187500000000e-01 1.719414174665000160e-22 7.977407859389403280e-23
9.218750000000000000e-01 7.534567162862377929e-25 2.656517342678426070e-23
9.223632812500000000e-01 3.425991789042556457e-23 -2.262880672172509553e-22
9.228515625000000000e-01 -1.363353844180174666e-22 2.605872881994211337e-22
9.233398437500000000e-01 2.690815291913595369e-23 2.142131628825095771e-22
9.238281250000000000e-01 6.772617920984679113e-24 3.923363144475221423e-23
9.243164062500000000e-01 -1.738554030345798885e-22 -2.869714219718951866e-23
9.248046875000000000e-01 -2.423296572169024410e-23 -1.580924704982873051e-22
9.252929687500000000e-01 -3.216037204101381024e-23 2.252644264774734910e-24
9.257812500000000000e-01 6.546974633109955633e-23 1.287642386035186435e-23
9.262695312500000000e-01 2.115304985934566226e-22 8.395277722278052557e-23
9.267578125000000000e-01 1.089686709006854374e-22 1.216870752792085731e-22
9.272460937500000000e-01 5.877570425906446539e-24 -1.241154737012934909e-22
9.277343750000000000e-01 5.309288223497654478e-23 1.574335504342403801e-22
9.282226562500000000e-01 -1.254490953081382505e-22 -5.433290980574732905e-23
9.287109375000000000e-01 -1.371753384710445870e-23 2.141174066928545233e-22
9.291992187500000000e-01 4.624266798142700231e-23 -5.039571644889085533e-23
9.296875000000000000e-01 2.307897850154777342e-23 1.415415103654800935e-22
9.301757812500000000e-01 1.294598633798304798e-23 1.046735721784042176e-22
9.306640625000000000e-01 -9.367038910646604527e-23 7.634949165529593287e-24
9.311523437500000000e-01 -1.063720100631290089e-22 2.227604165725337535e-22
9.316406250000000000e-01 -5.433331535112356673e-23 -1.084087564158205437e-22
9.321289062500000000e-01 2.638090079606084482e-23 1.933806749511484305e-22
9.326171875000000000e-01 -2.117260118285633173e-23 2.132941467742462335e-23
9.331054687500000000e-01 -7.979100213552141898e-23 -2.032122205573439849e-22
9.335937500000000000e-01 4.291030704001304542e-23 -2.132588127075097001e-23
9.340820312500000000e-01 -4.038257020434729740e-23 -4.038616179544754373e-23
9.345703125000000000e-01 5.060854814289074690e-23 2.108408441674959053e-23
9.350585937500000000e-01 2.579733721603018918e-23 1.085898820675769513e-22
9.355468750000000000e-01 -1.208036375729071827e-23 -1.221175923082269746e-22
9.360351562500000000e-01 -8.105330453407161940e-23 7.811676935693874439e-23
9.365234375000000000e-01 -2.039005790056307357e-23 -1.130773414991837422e-22
9.370117187500000000e-01 8.908971583189107716e-23 4.154747128509238011e-24
9.375000000000000000e-01 2.619646048646212226e-24 2.107151261650788671e-22
9.379882812500000000e-01 7.625423566475487999e-23 -7.847338853010443140e-23
9.384765625000000000e-01 -1.245449769189246448e-22 -6.226872943280697653e-23
9.389648437500000000e-01 2.348900553079159717e-22 2.863275237712449966e-23
9.394531250000000000e-01 -3.287072350429862006e-22 4.493156787340031285e-23
9.399414062500000000e-01 -4.055075768083427376e-23 -1.142281140810867177e-22
9.404296875000000000e-01 -1.331357876457061554e-22 -1.985008493699829417e-22
9.409179687500000000e-01 5.583311737806832656e-23 9.503850188757981100e-23
9.414062500000000000e-01 1.089896681130551635e-22 -1.319437102357094879e-23
9.418945312500000000e-01 -1.123260224576990436e-22 -9.482667120562373228e-24
9.423828125000000000e-01 6.079659921939920134e-23 -1.729767974668762410e-22
9.428710937500000000e-01 1.379994314079597051e-22 -1.378277336313299372e-22
9.433593750000000000e-01 -4.660800781966886551e-23 -4.295173091217997153e-22
9.438476562500000000e-01 -2.874150709892713222e-23 -3.883972288006499076e-23
9.443359375000000000e-01 2.845724229031684296e-22 1.391445289257215384e-22
9.448242187500000000e-01 -1.663568661976940975e-22 -1.663209571304918260e-22
9.453125000000000000e-01 -1.026580303806784135e-23 1.013763495297834400e-22
9.458007812500000000e-01 3.624756069548398858e-23 -5.155403561309297367e-23
9.462890625000000000e-01 1.199928932639425496e-22 -3.589338421640301482e-23
9.467773437500000000e-01 1.766265242475603927e-23 5.508048917080724934e-24
9.472656250000000000e-01 -1.860301713942764692e-22 2.607908966558263097e-22
9.477539062500000000e-01 4.940855725966556608e-23 3.756313862109990394e-23
9.482421875000000000e-01 9.797500519111516129e-23 -4.979089047195159632e-23
9.487304687500000000e-01 -7.801511608815209326e-23 -3.269117283693942083e-22
9.492187500000000000e-01 -1.079223477658948888e-22 6.573420784694392194e-23
9.497070312500000000e-01 -2.687517956991685376e-23 -9.965628685101781711e-23
9.501953125000000000e-01 4.947923365104725582e-23 5.384423264751861729e-23
9.506835937500000000e-01 -1.206042735792201163e-22 -2.933758185941713019e-23
9.511718750000000000e-01 -1.392176007823640578e-22 9.363760053808732492e-23
9.516601562500000000e-01 1.551621037923448391e-22 5.910273948552530610e-23
9.521484375000000000e-01 7.835456623350550633e-23 -1.134151827839416746e-22
9.526367187500000000e-01 2.228808644358979189e-22 3.733159379030282215e-22
9.531250000000000000e-01 3.230824993260547022e-23 7.792748824634506836e-23
9.536132812500000000e-01 7.235125461846210021e-23 6.000289500435092799e-23
9.541015625000000000e-01 -2.689935045396479207e-23 -1.088803200287223387e-24
9.545898437500000000e-01 -2.099049965852843370e-23 1.913288193028550622e-23
9.550781250000000000e-01 2.993061954617317203e-23 -7.506147582409006698e-23
9.555664062500000000e-01 8.888745850545226473e-24 -1.438741517224936063e-23
9.560546875000000000e-01 -1.115252099480974471e-22 -1.470367816636849769e-22
9.565429687500000000e-01 1.636655899353043263e-22 -2.262715335607270391e-23
9.570312500000000000e-01 -9.138662345706741504e-23 2.017236092477766575e-22
9.575195312500000000e-01 1.942942441718444303e-22 -7.586377582094700394e-23
9.580078125000000000e-01 -9.977103869192349782e-24 5.011970460311456825e-23
9.584960937500000000e-01 -2.042966930058941622e-22 3.868219142949368720e-23
9.589843750000000000e-01 6.491570288208977697e-23 2.589970173963777034e-23
9.594726562500000000e-01 -1.681508128341081324e-22 2.242658330538453829e-22
9.599609375000000000e-01 -6.224780523504606728e-24 1.167113992475571517e-22
9.604492187500000000e-01 -1.668505339812421711e-22 -1.752363835375274492e-22
9.609375000000000000e-01 1.247291397335145416e-22 -1.518305264646656778e-22
9.614257812500000000e-01 2.278233951011123291e-23 1.887964698350742899e-22
9.619140625000000000e-01 2.134278689898586701e-22 2.806757884361850436e-22
9.624023437500000000e-01 -7.776546807453593796e-23 8.449290670053760097e-23
9.628906250000000000e-01 -3.085899590137826810e-23 2.594872541561949962e-23
9.633789062500000000e-01 -8.718465381582801995e-23 1.250666387409209970e-22
9.638671875000000000e-01 -2.038434934957814132e-22 -4.417088967904272985e-23
9.643554687500000000e-01 7.830887332363380395e-23 1.248965290743123093e-22
9.648437500000000000e-01 -7.430328504930460850e-23 -3.269144904292737153e-22
9.653320312500000000e-01 -2.617414278284453084e-23 -1.281642456509544328e-22
9.658203125000000000e-01 5.461932887375109879e-23 6.529891287441919195e-23
9.663085937500000000e-01 3.139285195437374253e-23 3.769625849539371553e-23
9.667968750000000000e-01 1.588020457192553082e-23 1.650810276515566606e-22
9.672851562500000000e-01 -1.334673648977622603e-22 -3.563253842233948266e-22
9.677734375000000000e-01 5.177337163750766525e-23 1.126275863945884626e-22
9.682617187500000000e-01 -6.274322785586735971e-23 -1.227539605490592251e-22
9.687500000000000000e-01 1.900081238881464764e-22 -1.619361240232754546e-22
9.692382812500000000e-01 2.832149403466615958e-23 6.831482542899783892e-23
9.697265625000000000e-01 1.006408913525596332e-22 -1.628744231452519024e-22
9.702148437500000000e-01 1.654782624553687723e-22 -9.693331165307560165e-23
9.707031250000000000e-01 3.936272059260678991e-23 2.212567850489113395e-23
9.711914062500000000e-01 -1.001078589473436957e-22 3.165850105876368298e-22
9.716796875000000000e-01 -8.444306371465361991e-23 1.773377493138295789e-23
9.721679687500000000e-01 -5.326775299448008835e-23 9.794842106157847630e-23
9.726562500000000000e-01 1.150122585317546880e-22 1.034604149724186307e-22
9.731445312500000000e-01 -5.037976293427773608e-23 -1.689157035708854790e-22
9.736328125000000000e-01 -1.379005615859130023e-22 -2.123052235041535408e-22
9.741210937500000000e-01 2.440032794088621177e-22 6.219148305657568854e-23
9.746093750000000000e-01 2.429084201394238654e-23 -6.549055944481547661e-23
9.750976562500000000e-01 -2.465003963389497290e-22 6.388976673783912855e-23
9.755859375000000000e-01 -1.116138492229674728e-22 -8.301668106113856426e-23
9.760742187500000000e-01 3.419384158867897394e-23 -2.771775229077457571e-22
9.765625000000000000e-01 9.894690089809703839e-23 7.132508495681281896e-23
9.770507812500000000e-01 -2.947838133230328130e-22 -1.102910933432047489e-22
9.775390625000000000e-01 2.271642681009537120e-22 8.632373973397393084e-23
9.780273437500000000e-01 -2.289395404617205329e-22 1.504154074093471474e-22
9.785156250000000000e-01 2.253339844059647412e-22 1.660496650722300332e-22
9.790039062500000000e-01 -1.171073879797222230e-22 5.500342226569234802e-24
9.794921875000000000e-01 -1.398905862304871903e-22 -9.140294211201496975e-23
9.799804687500000000e-01 3.110517089458568567e-23 -1.222655262964041283e-22
9.804687500000000000e-01 -9.732654525624484743e-23 2.362596110344912696e-22
9.809570312500000000e-01 8.729850371172669620e-23 -1.645958606949321052e-22
9.814453125000000000e-01 3.208673538399783319e-24 3.613465480213242942e-22
9.819335937500000000e-01 4.835061582894269094e-23 -1.100247152665251886e-22
9.824218750000000000e-01 4.594091103263578455e-23 -1.200008698718315814e-22
9.829101562500000000e-01 2.708810858383682598e-22 -8.202720655614719228e-23
9.833984375000000000e-01 -9.435358076680145778e-23 -2.180155690404491570e-22
9.838867187500000000e-01 -1.680933774436767824e-22 -2.803896391014845965e-22
9.843750000000000000e-01 1.359686050533575806e-22 5.132859526505505238e-23
9.848632812500000000e-01 -1.024275590447813953e-22 -1.441741907391032197e-23
9.853515625000000000e-01 1.137704298428598888e-22 -1.254269514095317184e-22
9.858398437500000000e-01 1.276994923374795441e-22 -4.340611592245333188e-23
9.863281250000000000e-01 7.289012912851950864e-23 -2.299694720263550412e-23
9.868164062500000000e-01 -1.562547775022622104e-23 6.388278443262882057e-23
9.873046875000000000e-01 -1.305204225386910664e-23 -2.117477565311143818e-22
9.877929687500000000e-01 -2.072421272316241559e-22 9.388446880958661711e-23
9.882812500000000000e-01 8.025754087873440853e-23 -1.180105927177834718e-22
9.887695312500000000e-01 -3.727131686631630719e-23 2.467834101682491106e-23
9.892578125000000000e-01 5.207053791588990780e-23 7.644836063299890252e-24
9.897460937500000000e-01 -1.622423514718483476e-23 -1.287319284261099784e-22
9.902343750000000000e-01 -1.084683420328943280e-23 1.842338873825188310e-22
9.907226562500000000e-01 -1.578730959564570842e-22 3.097336852798798742e-22
9.912109375000000000e-01 9.577854454972223377e-23 3.732352550061488692e-22
9.916992187500000000e-01 4.937615345994920319e-24 -6.584658310364019548e-23
9.921875000000000000e-01 -8.039410362103427287e-23 3.560111712647356489e-22
9.926757812500000000e-01 2.474739470197192748e-23 2.856768275457961915e-23
9.931640625000000000e-01 -1.496335081018927527e-22 -3.760872729466852970e-23
9.936523437500000000e-01 2.155719962672024003e-22 9.388444259434918145e-23
9.941406250000000000e-01 4.420589500809768960e-23 -2.770521993013133489e-23
9.946289062500000000e-01 6.561226988228260112e-23 2.335073472075496926e-22
9.951171875000000000e-01 3.231137108630626942e-23 2.497271785379848802e-22
9.956054687500000000e-01 -1.111012585551567537e-22 -2.043710398497813095e-23
9.960937500000000000e-01 2.281821242846222395e-22 -7.811715396285775284e-23
9.965820312500000000e-01 5.910279559620166223e-23 -2.571382732791218976e-22
9.970703125000000000e-01 2.764451376804256488e-22 2.536528228194189737e-23
9.975585937500000000e-01 3.666415669809268302e-23 6.852823609702735976e-23
9.980468750000000000e-01 9.049475728128142050e-23 9.802236150431047905e-23
9.985351562500000000e-01 -3.330344418320779539e-22 -5.531166376727165862e-23
9.990234375000000000e-01 -3.229185859280319382e-23 3.667407146940476184e-23
9.995117187500000000e-01 -9.409295157879565746e-24 -2.913086022578426278e-22
1.000000000000000000e+00 2.550714624408103454e-23 1.154045465232179391e-22
1.000488281250000000e+00 2.161642603300971824e-22 9.036765987380603251e-23
1.000976562500000000e+00 -1.168255384393847142e-23 6.353222911857324554e-23
1.001464843750000000e+00 -7.400290385668308016e-23 -1.093804483645571982e-22
1.001953125000000000e+00 -2.696156950261076065e-22 2.620435763473457200e-22
1.002441406250000000e+00 8.839806336375597951e-23 3.974463918082309050e-23
1.002929687500000000e+00 -1.047875565367589594e-22 -6.356500530267096382e-23
1.003417968750000000e+00 -1.533776830451523317e-22 -1.144442860108287571e-22
1.003906250000000000e+00 1.192086396646619841e-22 4.614141019347606333e-23
1.004394531250000000e+00 7.617874940673801349e-23 -1.012681509130798059e-22
1.004882812500000000e+00 8.779657615202107200e-24 6.756528404187011598e-24
1.005371093750000000e+00 -3.516611469286963512e-22 -9.751490807815071554e-23
1.005859375000000000e+00 -5.301491578143453052e-23 -3.240050500324509530e-23
1.006347656250000000e+00 1.708946325398541213e-23 -7.085010674193732261e-23
1.006835937500000000e+00 4.297815061801519861e-23 -7.297327096292417329e-23
1.007324218750000000e+00 -1.313476333619991826e-22 -9.530880851008696800e-23
1.007812500000000000e+00 1.138998876401235922e-23 -1.287194300270484833e-22
1.008300781250000000e+00 -1.262029807491370177e-22 -8.562721311069355245e-23
1.008789062500000000e+00 7.171170267991497015e-23 -2.278950232381113380e-22
1.009277343750000000e+00 -9.353946648650978717e-24 -2.707199639699384609e-22
1.009765625000000000e+00 -9.716958907471591973e-23 6.168126494879401019e-23
1.010253906250000000e+00 -4.751244939826199473e-23 -2.306152439648788841e-22
1.010742187500000000e+00 -1.225784464427554670e-22 -8.685412892622235958e-23
1.011230468750000000e+00 -3.334707972167165324e-23 5.268975354454270290e-23
1.011718750000000000e+00 -3.172219526654853526e-23 -1.057914276339950487e-22
1.012207031250000000e+00 1.279539835684120963e-22 1.592396898250178052e-23
1.012695312500000000e+00 -6.363162792240376145e-24 -4.272873576657824149e-23
1.013183593750000000e+00 -4.914879653349432700e-24 2.355020391950229530e-22
1.013671875000000000e+00 1.861701221178051107e-22 4.106501534341864153e-23
1.014160156250000000e+00 6.747213947591632634e-23 1.156839236494360543e-23
1.014648437500000000e+00 3.649383105691473681e-23 2.165071000655884588e-22
1.015136718750000000e+00 2.923473591641190489e-23 -1.705059228536021446e-22
1.015625000000000000e+00 -1.117248332223820959e-22 -3.730308974334227431e-23
1.016113281250000000e+00 -8.426858473956341026e-23 -6.466760517470988360e-24
1.016601562500000000e+00 -1.729171801677761162e-22 -2.675448947462490481e-23
1.017089843750000000e+00 1.456210820146324258e-22 -5.958378241896897758e-23
1.017578125000000000e+00 1.587524184081591102e-22 1.205363627354169605e-22
1.018066406250000000e+00 1.357731601910022527e-22 1.754009989956584864e-23
1.018554687500000000e+00 -1.049231515134148975e-22 5.363109736633174696e-23
1.019042968750000000e+00 -1.132950847148306203e-22 -2.417084969399408673e-23
1.019531250000000000e+00 2.442846785617999949e-22 4.933133997432744888e-23
1.020019531250000000e+00 9.205693534680174232e-23 1.927969017526267862e-22
1.020507812500000000e+00 -1.714471213168199951e-22 3.667678252994793815e-23
1.020996093750000000e+00 1.259637180299866584e-22 2.638569375546907222e-22
1.021484375000000000e+00 2.246950993239420243e-22 1.038938961474838074e-22
1.021972656250000000e+00 -5.525157418365333444e-24 -9.620202286422231142e-23
1.022460937500000000e+00 1.356898355269828686e-22 4.001911651276162671e-22
1.022949218750000000e+00 1.479197049524473278e-22 -2.161937203884874579e-22
1.023437500000000000e+00 1.902797253247140116e-23 1.987051087733335393e-22
1.023925781250000000e+00 -5.936009492872934058e-23 1.049769813482937406e-22
1.024414062500000000e+00 5.847441526989762922e-23 -7.854940859325907104e-23
1.024902343750000000e+00 7.241651261296891049e-24 -2.053888068649052822e-22
1.025390625000000000e+00 -1.890746436483557311e-22 2.470834742141000774e-22
1.025878906250000000e+00 2.345887373911768811e-22 9.167261308933201834e-23
1.026367187500000000e+00 8.057251762488862388e-23 1.465239750704266219e-22
1.026855468750000000e+00 -9.986290589114350078e-24 -1.141160309394634626e-22
1.027343750000000000e+00 5.174816991023890999e-23 -9.274418725478581131e-24
1.027832031250000000e+00 9.610559036971363445e-24 -1.101073658363263987e-22
1.028320312500000000e+00 2.449224619791067404e-22 -8.327379546795323433e-24
1.028808593750000000e+00 2.146661665210242909e-22 -5.464511360285005495e-23
1.029296875000000000e+00 -3.754941598164720220e-23 5.270619691505946564e-25
1.029785156250000000e+00 -1.576854787217748260e-22 1.038478306897876288e-22
1.030273437500000000e+00 -1.890025316164905323e-22 2.689735955543362485e-25
1.030761718750000000e+00 -2.423417023119189580e-22 7.759178778819561334e-23
1.031250000000000000e+00 2.067012628658275656e-22 -8.615217371789484534e-25
1.031738281250000000e+00 -1.476431345560805420e-22 -4.680999796505724425e-23
1.032226562500000000e+00 -7.905911308968104997e-23 1.485243792258447692e-22
1.032714843750000000e+00 -2.134934659610558118e-22 -1.166029569166367088e-22
1.033203125000000000e+00 8.266722019024762882e-23 -6.814126022602931034e-23
1.033691406250000000e+00 -4.839878319401765936e-22 -1.419377788873368184e-23
1.034179687500000000e+00 1.100380728047917308e-22 -1.208909148128222274e-22
1.034667968750000000e+00 -1.890405125594694873e-22 1.371473031221788243e-22
1.035156250000000000e+00 -6.021562127131015149e-23 -2.681178302005713732e-22
1.035644531250000000e+00 6.655630480984337553e-24 -2.410138676024513686e-22
1.036132812500000000e+00 -1.570133813055373486e-22 -1.652213456136959264e-22
1.036621093750000000e+00 -5.126689332334443107e-23 -1.737482924756967115e-22
1.037109375000000000e+00 -1.451698942762905928e-22 1.396015234465626335e-23
1.037597656250000000e+00 1.556194607046634587e-22 -3.002415695870491868e-24
1.038085937500000000e+00 -1.437311779541286422e-22 -6.949535771321072820e-23
1.038574218750000000e+00 -1.036802034334234668e-22 -1.513252364354159018e-23
1.039062500000000000e+00 1.570635266708557595e-22 -2.741964469775014596e-23
1.039550781250000000e+00 -1.273906504312882147e-22 -1.568512532478589144e-22
1.040039062500000000e+00 2.891603084998309604e-23 -5.876330844927559076e-23
1.040527343750000000e+00 -1.354454912437016422e-22 -4.225780898586097854e-23
1.041015625000000000e+00 2.146809355684297701e-22 -8.935427095342706946e-23
1.041503906250000000e+00 -3.984436478444079914e-22 2.070364846463818520e-22
1.041992187500000000e+00 4.109868824949112171e-23 4.475055633303561611e-23
1.042480468750000000e+00 -1.652762304391329003e-22 1.424633314240025898e-22
1.042968750000000000e+00 1.270889016757736725e-22 5.533287935403468750e-23
1.043457031250000000e+00 1.164587701769913729e-22 5.702132664255292928e-23
1.043945312500000000e+00 -6.306998461460306550e-23 -2.576459734591145493e-23
1.044433593750000000e+00 4.772960463264690962e-22 1.091232724848918357e-22
1.044921875000000000e+00 -9.755345364161991955e-24 -5.162758031629662970e-24
1.045410156250000000e+00 1.808901870242165799e-22 -1.189466853101065554e-22
1.045898437500000000e+00 1.534734827421095298e-22 1.496859635089459992e-22
1.046386718750000000e+00 1.366147935231306519e-22 1.305543806106225890e-23
1.046875000000000000e+00 1.831540363269583685e-23 -1.234597633473204287e-23
1.047363281250000000e+00 1.357047440800498063e-22 -1.210183777513789861e-22
1.047851562500000000e+00 9.615083949240829487e-23 1.610402704220018642e-22
1.048339843750000000e+00 1.452893926568627713e-22 -1.074074796860114247e-22
1.048828125000000000e+00 4.847049492141944518e-23 -6.184311971666763464e-23
1.049316406250000000e+00 1.553601347511994677e-24 9.546569828474101567e-23
1.049804687500000000e+00 -1.322877657404488491e-22 -4.823472547144455919e-23
1.050292968750000000e+00 1.521832428756275138e-22 1.775369237905411125e-22
1.050781250000000000e+00 -5.574973386481817796e-23 4.947015689668705818e-24
1.051269531250000000e+00 -2.073837240236800336e-23 -6.936788290445371038e-23
1.051757812500000000e+00 -1.856678665992305350e-23 8.520462650905664968e-24
1.052246093750000000e+00 2.591796250670992288e-22 2.886092259125898958e-22
1.052734375000000000e+00 7.244269422685007571e-23 3.297896440770485060e-23
1.053222656250000000e+00 -1.337783589805404716e-22 1.198807815646318423e-22
1.053710937500000000e+00 1.251739852114138127e-23 -4.750352510605707255e-24
1.054199218750000000e+00 -1.537489735600383610e-22 -1.352625128689768815e-22
1.054687500000000000e+00 1.149659345455317332e-22 -6.066406454481396668e-24
1.055175781250000000e+00 -2.705457626948454009e-22 -4.612961699120868170e-23
1.055664062500000000e+00 8.342580606395029694e-23 8.782673464488899770e-23
1.056152343750000000e+00 8.437860737841844844e-23 8.968417039708952158e-23
1.056640625000000000e+00 -8.810637699358681593e-23 -4.485802006945580578e-23
1.057128906250000000e+00 -1.495359418198468959e-22 -1.046799241088051549e-22
1.057617187500000000e+00 -1.501672533151326227e-22 5.052608388897961124e-24
1.058105468750000000e+00 8.499681496346958463e-24 3.749988260057183139e-23
1.058593750000000000e+00 2.009210803064115083e-22 -1.240223114321115984e-23
1.059082031250000000e+00 -1.854775706710627581e-22 -3.834210617128828726e-23
1.059570312500000000e+00 2.754803960572740209e-22 1.954178164332666019e-22
1.060058593750000000e+00 4.795781959419406797e-23 9.928391928560168741e-23
1.060546875000000000e+00 -1.668818392512144910e-22 1.973613338427736583e-22
1.061035156250000000e+00 -2.784070515071289288e-23 -1.012553597234580313e-22
1.061523437500000000e+00 -1.036140107359923910e-22 -3.782124581630047321e-22
1.062011718750000000e+00 -7.087491777061031170e-23 1.171110423286243890e-22
1.062500000000000000e+00 -7.126819302740596267e-23 -3.145001808413667157e-24
1.062988281250000000e+00 -1.286525387714949197e-22 -1.528839387534324490e-22
1.063476562500000000e+00 -1.132114150599713809e-22 -1.470989167441604942e-24
1.063964843750000000e+00 -1.050528512883990484e-22 -2.502383026907306505e-23
1.064453125000000000e+00 9.936058216125439229e-23 -3.240120249302804707e-23
1.064941406250000000e+00 1.583068692536336105e-22 -9.414108765347639374e-23
1.065429687500000000e+00 1.278222164050543025e-22 -3.520636252337717257e-23
1.065917968750000000e+00 -6.683460465955785049e-23 -6.402884713357191099e-23
1.066406250000000000e+00 8.405939676411122728e-23 -1.146372240715843501e-23
1.066894531250000000e+00 -1.220280988142069348e-23 2.053753379073941900e-22
1.067382812500000000e+00 -1.791774837787344743e-22 -3.201684811705046711e-22
1.067871093750000000e+00 8.818274783383131792e-23 1.453564531470024497e-22
1.068359375000000000e+00 1.390844582037396930e-22 -1.485692681631036457e-22
1.068847656250000000e+00 -4.843898212806382164e-23 -8.863910738382135454e-23
1.069335937500000000e+00 2.263490456136949739e-23 -1.867477547640103680e-23
1.069824218750000000e+00 4.780346128854207453e-23 8.422968595739697671e-23
1.070312500000000000e+00 1.275260126749470110e-22 1.198556128564173791e-22
1.070800781250000000e+00 -1.517906915751965405e-22 -8.811862514846107763e-23
1.071289062500000000e+00 -5.390643597901999329e-23 4.242393304235990968e-23
1.071777343750000000e+00 -1.511416280486755441e-22 -1.801982238830578619e-22
1.072265625000000000e+00 1.777249639561918550e-23 4.051059224346260901e-22
1.072753906250000000e+00 -1.817861801965758829e-22 -8.641076858312074730e-23
1.073242187500000000e+00 4.831739550643106797e-23 2.175564742587887228e-22
1.073730468750000000e+00 8.111740123182698556e-23 1.845900293483414360e-22
1.074218750000000000e+00 -6.947187470862236350e-23 -1.328007483478603145e-22
1.074707031250000000e+00 6.764941316014950181e-23 -4.930919890170395174e-23
1.075195312500000000e+00 -1.399331913549773242e-22 -4.376578837321596648e-23
1.075683593750000000e+00 -6.214448559400901463e-24 2.629831484813754449e-23
1.076171875000000000e+00 -1.088078831639442264e-22 -1.456150928721868006e-26
1.076660156250000000e+00 1.407265051995004776e-22 -3.712080442576075015e-23
1.077148437500000000e+00 -2.401829856733172774e-22 -1.840181496859772510e-22
1.077636718750000000e+00 7.975400534406718232e-23 -5.848692688377424595e-23
1.078125000000000000e+00 -3.046894236321668880e-22 2.132488792017971359e-22
1.078613281250000000e+00 -2.870235158951736109e-23 -1.383018130543231641e-22
1.079101562500000000e+00 1.302854760187824893e-22 -2.411898069225408225e-23
1.079589843750000000e+00 5.633071226653996052e-23 -3.109402381171771178e-23
1.080078125000000000e+00 2.866290415787249430e-22 -2.766280267657650237e-23
1.080566406250000000e+00 -2.253451250774154038e-22 6.217942760605172670e-23
1.081054687500000000e+00 1.869517366712873828e-22 -1.516826191912837051e-22
1.081542968750000000e+00 1.315657259853284389e-23 -4.482018321793889060e-23
1.082031250000000000e+00 2.078916132248985513e-22 2.298084024805979012e-23
1.082519531250000000e+00 1.055265062308497922e-22 -5.111574831932146400e-24
1.083007812500000000e+00 2.607881181777265506e-22 1.718350879748046013e-22
1.083496093750000000e+00 7.402466396641680724e-23 -1.856666304528988100e-22
1.083984375000000000e+00 -3.240462137803888956e-23 1.775800510851187058e-22
1.084472656250000000e+00 -4.261339697345431549e-24 2.095516167516909062e-23
1.084960937500000000e+00 1.500203713557428765e-22 -2.239512447774219506e-22
1.085449218750000000e+00 -7.426673404349650038e-23 1.466379855975878540e-22
1.085937500000000000e+00 -3.512942091688223738e-23 4.275892344629185616e-23
1.086425781250000000e+00 1.299584372730669695e-23 -9.113544688130763021e-23
1.086914062500000000e+00 9.272229123444672000e-24 8.863832359351666923e-23
1.087402343750000000e+00 1.488945393890737308e-22 1.983565916768499759e-22
1.087890625000000000e+00 6.414439100467450937e-23 -7.641968897884520132e-25
1.088378906250000000e+00 3.948496782781572172e-23 1.953544017716192834e-22
1.088867187500000000e+00 -1.158263076856960674e-22 2.659744229266838107e-22
1.089355468750000000e+00 1.442816884024904528e-22 -2.762202319263824210e-22
1.089843750000000000e+00 -4.387161362587583383e-23 -3.468116642628232425e-23
1.090332031250000000e+00 1.990864820313843978e-22 -9.357013271848893207e-24
1.090820312500000000e+00 -1.037977922178277693e-22 9.605734353257993287e-23
1.091308593750000000e+00 6.415452530883745541e-23 2.330527660383597772e-22
1.091796875000000000e+00 -2.793763618117890089e-22 2.496063414994325019e-23
1.092285156250000000e+00 -7.488351199174924488e-23 -9.446119251204787530e-23
1.092773437500000000e+00 -1.649497494140247727e-22 -1.434273946652358869e-24
1.093261718750000000e+00 -2.403319404174876111e-22 -1.918715192138260433e-22
1.093750000000000000e+00 4.179890421642979812e-22 -1.989796513907112118e-22
1.094238281250000000e+00 -1.784790098351733187e-22 9.432791163358968181e-23
1.094726562500000000e+00 4.163309593403216963e-23 -1.294541655132490284e-22
1.095214843750000000e+00 -1.634304241691921593e-22 -1.954011615257551446e-22
1.095703125000000000e+00 2.046585861108410542e-22 -2.344683049888398139e-22
1.096191406250000000e+00 -1.722731160548911583e-22 -3.992854847946343454e-23
1.096679687500000000e+00 2.358434154931075603e-23 -1.157830617330577660e-22
1.097167968750000000e+00 2.714318066479313875e-24 2.013453745538145580e-22
1.097656250000000000e+00 1.898218904179476403e-22 -4.047836593883871099e-23
1.098144531250000000e+00 8.628269867258658964e-23 4.014401480448915384e-23
1.098632812500000000e+00 -1.692477221059386629e-22 -1.616629341634608765e-22
1.099121093750000000e+00 -2.541464438046817523e-22 8.137660952703962997e-23
1.099609375000000000e+00 4.679978339167040878e-23 -8.563045790006270168e-24
1.100097656250000000e+00 -3.328208595713792027e-22 2.299749605100478384e-22
1.100585937500000000e+00 -4.440061768813927128e-23 6.123693644747904992e-23
1.101074218750000000e+00 1.392568569832545366e-22 4.441275106676719555e-23
1.101562500000000000e+00 -3.028615255759706102e-23 -4.581275069514541276e-23
1.102050781250000000e+00 -8.021174972288160962e-23 2.644238910920114151e-23
1.102539062500000000e+00 -2.811828893836240750e-23 1.893201458869090023e-22
1.103027343750000000e+00 -2.554436595897006683e-22 9.798062710470857554e-23
1.103515625000000000e+00 9.892748114999727466e-23 -8.081484574334251613e-23
1.104003906250000000e+00 -2.282270296787074472e-22 1.325466315186578573e-22
1.104492187500000000e+00 -3.244723002878971646e-24 -2.244655854625350308e-22
1.104980468750000000e+00 -1.726807252516434373e-22 1.481497937706113063e-22
1.105468750000000000e+00 8.692007116920757279e-23 1.910050330510673549e-22
1.105957031250000000e+00 1.102419911410294534e-22 -7.194542892303278282e-24
1.106445312500000000e+00 1.116164020999669732e-22 9.476730271513089765e-23
1.106933593750000000e+00 1.729874153830559985e-22 -5.409337620361408101e-23
1.107421875000000000e+00 -2.157560984673925483e-24 1.749205034747433615e-22
1.107910156250000000e+00 1.833595412357576526e-22 -1.771526144093815061e-22
1.108398437500000000e+00 -7.290716273126392209e-23 7.190711767325981722e-23
1.108886718750000000e+00 1.370567289438547357e-22 7.746399231115527728e-23
1.109375000000000000e+00 -1.518808172347475965e-22 9.109984059874476357e-23
1.109863281250000000e+00 -7.834830918706859033e-23 -1.990079935808322321e-22
1.110351562500000000e+00 1.446668738776949008e-22 -3.793058518682955543e-23
1.110839843750000000e+00 6.513753595465853122e-23 -1.156920990961999601e-22
1.111328125000000000e+00 7.729834961738917930e-23 -2.327004101478716350e-22
1.111816406250000000e+00 3.952159504011319526e-23 -5.205249125672694624e-24
1.112304687500000000e+00 -1.103628568741872923e-22 -1.993346844280181771e-23
1.112792968750000000e+00 1.786155313704259332e-22 -1.669935470691542663e-23
1.113281250000000000e+00 -5.524815242143673528e-24 -1.561900336644035160e-22
1.113769531250000000e+00 3.330844243358675308e-23 -4.245105714947330728e-23
1.114257812500000000e+00 -6.394373752442395036e-23 -1.446514208308556041e-22
1.114746093750000000e+00 2.131524904736539681e-22 2.049298869992454700e-22
1.115234375000000000e+00 -3.963700500115780175e-23 -1.203400119919032603e-22
1.115722656250000000e+00 -1.001611973135021662e-22 -6.168106754431476015e-23
1.116210937500000000e+00 1.477679688659803247e-22 1.663395700320722819e-22
1.116699218750000000e+00 1.994880152581741299e-23 -1.119995137333133152e-22
1.117187500000000000e+00 1.490049999762710368e-22 1.039450589313504337e-22
1.117675781250000000e+00 7.456961068956444634e-23 -2.440670978348852022e-22
1.118164062500000000e+00 -1.194830955565380240e-22 -9.019029367108080331e-23
1.118652343750000000e+00 2.459130544835487286e-23 5.574592337265293079e-23
1.119140625000000000e+00 1.118897411060702974e-22 -2.380746757679685403e-22
1.119628906250000000e+00 1.333435413490874691e-22 1.492240978495570135e-22
1.120117187500000000e+00 -1.467488960230163005e-22 -1.969260459848196477e-22
1.120605468750000000e+00 2.123383704049343639e-22 2.745779031849650879e-22
1.121093750000000000e+00 -4.525796167275088336e-23 -5.226119289246248311e-23
1.121582031250000000e+00 7.367328358130962161e-23 7.192366387007407698e-23
1.122070312500000000e+00 -1.569441357800531243e-22 8.340844704398504429e-23
1.122558593750000000e+00 -8.649880160913156033e-23 2.972326992319099094e-22
1.123046875000000000e+00 -1.198042292449132824e-22 1.173248603816024230e-22
1.123535156250000000e+00 -1.245314435109526327e-23 -1.631892895239099944e-22
1.124023437500000000e+00 -2.792868060650154700e-22 1.594060073615503558e-22
1.124511718750000000e+00 -3.482849338550890062e-23 7.636602241840233547e-23
1.125000000000000000e+00 2.013748504303533456e-22 4.367951095785653581e-23
1.125488281250000000e+00 5.027043941234349702e-23 3.794984083918910300e-22
1.125976562500000000e+00 -3.548202941325037205e-23 -1.206428577661803843e-22
1.126464843750000000e+00 -2.015303964016357709e-22 5.857876724518642880e-24
1.126953125000000000e+00 -2.875722762736597105e-23 -9.656889912593366187e-23
1.127441406250000000e+00 1.402336744082940794e-22 -2.426905114738805515e-22
1.127929687500000000e+00 9.480514763123307134e-23 -1.875358035780111192e-22
1.128417968750000000e+00 -9.063952726522711739e-23 -6.684153445218761635e-23
1.128906250000000000e+00 1.682200763885266430e-22 -2.523599640963680922e-22
1.129394531250000000e+00 1.214355353231306752e-22 3.480740212580194346e-22
1.129882812500000000e+00 -2.750839156239300435e-22 -1.002265448400221679e-23
1.130371093750000000e+00 1.871630151505112681e-22 8.637876587567681388e-23
1.130859375000000000e+00 -1.388619449929527225e-22 -5.257701915978169072e-24
1.131347656250000000e+00 -1.899012368667392853e-22 1.649084518030848762e-22
1.131835937500000000e+00 -9.931471336432515717e-23 5.985190323955672800e-23
1.132324218750000000e+00 4.176232325012806040e-23 1.854885623968870146e-22
1.132812500000000000e+00 -4.632232515673424301e-23 -9.032455717187744341e-23
1.133300781250000000e+00 3.192849994902341873e-23 1.738986806270801828e-22
1.133789062500000000e+00 -1.847451374141040768e-23 -2.007457300825862243e-22
1.134277343750000000e+00 -1.430097960658562782e-22 2.051618462193611895e-22
1.134765625000000000e+00 1.702240254472947786e-22 -7.628635224218626710e-23
1.135253906250000000e+00 -1.169828642418761504e-22 5.412387147782451050e-23
1.135742187500000000e+00 2.148340513056886965e-22 7.294773916631432256e-23
1.136230468750000000e+00 -2.884295616796488204e-22 -1.620982383062819114e-22
1.136718750000000000e+00 -1.492049196879560739e-22 -1.326966674220509181e-22
1.137207031250000000e+00 2.116190130198337439e-22 -1.249367129463532664e-23
1.137695312500000000e+00 -3.376032710461116939e-23 5.630350949831036638e-23
1.138183593750000000e+00 -2.190656683777846307e-22 1.152622381482029178e-22
1.138671875000000000e+00 -3.646045455300031917e-23 -2.283588204870046858e-22
1.139160156250000000e+00 1.147621586194474326e-22 -1.391966428733757470e-23
1.139648437500000000e+00 -2.640258218875518259e-22 -1.056332464213127646e-22
1.140136718750000000e+00 8.115714818330768469e-24 -3.214061081371320682e-24
1.140625000000000000e+00 -9.641509126755999455e-23 -1.235206452062723897e-22
1.141113281250000000e+00 2.064634516816034365e-23 4.743426743681944022e-23
1.141601562500000000e+00 -1.751145296537901883e-22 1.898842460139697167e-23
1.142089843750000000e+00 4.190762666717212931e-23 -4.215078239614244608e-22
1.142578125000000000e+00 1.284265617157943929e-22 8.681144966966587076e-23
1.143066406250000000e+00 -3.084639642879868500e-23 1.558378011526959198e-23
1.143554687500000000e+00 2.313053550556432705e-22 6.229755269411085364e-23
1.144042968750000000e+00 2.019298745595026561e-22 -1.423184305049706257e-22
1.144531250000000000e+00 -6.491097906270577265e-23 -1.288855010526204484e-22
1.145019531250000000e+00 3.713359742581366630e-23 1.210761962052208897e-22
1.145507812500000000e+00 1.632757937671784302e-22 -1.389780578592399729e-22
1.145996093750000000e+00 1.036146869550189662e-22 8.156302418862400242e-23
1.146484375000000000e+00 2.586288414116674391e-22 -8.769518031980065456e-23
1.146972656250000000e+00 2.469112609792902718e-22 9.655552854916974422e-23
1.147460937500000000e+00 -6.703121052098108422e-23 5.171089095092169879e-23
1.147949218750000000e+00 1.067683270712448876e-22 2.044686565805424475e-22
1.148437500000000000e+00 2.277324717023555415e-22 -1.714110157745390148e-22
1.148925781250000000e+00 7.923984399007066922e-23 3.637005467525855199e-23
1.149414062500000000e+00 4.450831890076907829e-23 7.900111726114765071e-24
1.149902343750000000e+00 -2.346398416579434056e-22 2.794539341203416321e-22
1.150390625000000000e+00 -4.319276584114046801e-23 9.886987599024062364e-23
1.150878906250000000e+00 1.606667051129658463e-22 -1.031278415307346137e-22
1.151367187500000000e+00 -2.145844764713243294e-22 1.622909669354086197e-22
1.151855468750000000e+00 -1.216542370940864970e-22 -1.816236963853205726e-23
1.152343750000000000e+00 -3.156790695624154903e-24 6.316659979997806774e-24
1.152832031250000000e+00 -7.365480247887315847e-23 7.847455614524568941e-23
1.153320312500000000e+00 6.642109667862587180e-23 3.594007686453657971e-23
1.153808593750000000e+00 1.263544116774517145e-22 3.026091557806493829e-23
1.154296875000000000e+00 -4.024798666080551764e-23 1.172438555657139865e-22
1.154785156250000000e+00 -1.186865057578086070e-22 2.229746083682376500e-24
1.155273437500000000e+00 3.239826879484874664e-23 -1.189296121272501842e-22
1.155761718750000000e+00 -1.986655791014871950e-23 -4.459427681823304128e-23
1.156250000000000000e+00 -5.159601883539666494e-23 8.922906327839296723e-23
1.156738281250000000e+00 -9.471921651059449342e-23 -1.126822110961444580e-22
1.157226562500000000e+00 -5.885051873591401354e-23 -7.992450058978076235e-23
1.157714843750000000e+00 -5.000582831787377811e-23 9.610515752791004132e-23
1.158203125000000000e+00 -1.584690881959097034e-22 -3.723902053288877405e-22
1.158691406250000000e+00 2.166087296065071364e-22 -1.854065667183822312e-24
1.159179687500000000e+00 -9.899855375479331192e-23 -1.342952876599067262e-22
1.159667968750000000e+00 -1.757474884457409763e-22 -1.097301170183648795e-22
1.160156250000000000e+00 1.395379344388379063e-22 -2.789176712727724433e-24
1.160644531250000000e+00 4.330496257050283590e-24 -1.004518063290659494e-22
1.161132812500000000e+00 2.653515052108834829e-22 -1.848839521013424987e-22
1.161621093750000000e+00 -2.330060522575794723e-23 2.541015419956055800e-22
1.162109375000000000e+00 -5.108816492794494056e-23 3.055507982722916571e-23
1.162597656250000000e+00 3.507095229850220648e-23 4.077011165411859872e-22
1.163085937500000000e+00 8.182998436947499045e-23 -1.156984523885064471e-22
1.163574218750000000e+00 -4.145710204581200115e-23 9.581212495447982416e-23
1.164062500000000000e+00 -1.396980560204635668e-22 3.727194858909495456e-23
1.164550781250000000e+00 -5.281989025945003399e-23 2.378839066677013775e-22
1.165039062500000000e+00 6.637082690087227340e-23 -1.400673668680726593e-22
1.165527343750000000e+00 -1.020321345521569542e-22 -3.810381069318953521e-25
1.166015625000000000e+00 -1.225317468927427914e-22 7.220241603513916416e-23
1.166503906250000000e+00 -3.505725511095673804e-23 1.832955409745384400e-23
1.166992187500000000e+00 1.119702196004415404e-22 7.019151221890057209e-23
1.167480468750000000e+00 -2.285171492403580375e-22 1.395315117745034133e-22
1.167968750000000000e+00 -1.670091613326866064e-22 2.671457803785618897e-23
1.168457031250000000e+00 -1.023781444782357160e-22 -2.176177517473822728e-22
1.168945312500000000e+00 -3.462266031421008636e-22 -6.758665404023161952e-23
1.169433593750000000e+00 1.516250791537528353e-23 1.614597495095142790e-22
1.169921875000000000e+00 9.205108883868114307e-23 1.177699881635852739e-22
1.170410156250000000e+00 7.110047762375994349e-23 1.113233221788501339e-22
1.170898437500000000e+00 -7.076854171740949964e-23 1.840993709867427928e-22
1.171386718750000000e+00 -7.205658166268159309e-23 -2.861191559442026689e-22
1.171875000000000000e+00 7.428095776101798027e-23 -1.090328505759245312e-22
1.172363281250000000e+00 2.660451673672703814e-22 2.169053749548922593e-22
1.172851562500000000e+00 -1.474826641391863071e-22 -1.989319102186970931e-22
1.173339843750000000e+00 3.375114742037139284e-23 5.083009819013114384e-23
1.173828125000000000e+00 -1.691609378465257580e-22 -3.373346417570204427e-22
1.174316406250000000e+00 1.191139037888625721e-22 5.235419313105782220e-23
1.174804687500000000e+00 3.443086097460759221e-22 -1.845270910315260483e-22
1.175292968750000000e+00 1.280497243834121324e-22 -2.706970687162372601e-23
1.175781250000000000e+00 -6.536451600992683547e-23 2.921145402719676756e-23
1.176269531250000000e+00 9.378973481860565683e-23 -4.948069801463331191e-23
1.176757812500000000e+00 -1.368290752220689147e-22 -2.419259321688252742e-22
1.177246093750000000e+00 2.065246125528770205e-22 1.139993712987374790e-22
1.177734375000000000e+00 1.100498541290254001e-22 1.164451274168400818e-22
1.178222656250000000e+00 -7.039232750692496968e-23 -3.587132339313864578e-22
1.178710937500000000e+00 2.654333995398306267e-22 1.006164945929247714e-22
1.179199218750000000e+00 9.470325098747102737e-23 1.706268313864784286e-22
1.179687500000000000e+00 4.395733900573062830e-23 -1.357316473079688216e-22
1.180175781250000000e+00 1.803193680344499258e-22 5.241064377762112495e-23
1.180664062500000000e+00 1.434039629436199192e-22 1.058217949949102409e-22
1.181152343750000000e+00 2.498556602826722797e-23 1.595389322679073086e-22
1.181640625000000000e+00 -9.489543803767974596e-23 -9.523448232926118239e-23
1.182128906250000000e+00 1.619278252775619099e-22 1.345047026864648219e-22
1.182617187500000000e+00 -1.352435019514890323e-22 -1.294508405570585394e-22
1.183105468750000000e+00 -2.929012180492526677e-24 -1.053623651358884972e-22
1.183593750000000000e+00 -1.503982884772270547e-22 -5.153449253187130371e-23
1.184082031250000000e+00 -9.364423217683676476e-23 9.887445708583914518e-23
1.184570312500000000e+00 -1.824287621292328740e-22 2.740760445449566689e-23
1.185058593750000000e+00 1.360599605247464778e-22 -1.551503162065320134e-22
1.185546875000000000e+00 -2.328320456086378971e-22 -6.204915817600501699e-23
1.186035156250000000e+00 -1.049894445944947562e-22 -1.280588435067529695e-22
1.186523437500000000e+00 -1.072373258120029409e-23 2.538285911182979823e-22
1.187011718750000000e+00 -3.341678511479485617e-23 1.481519090030959540e-22
1.187500000000000000e+00 2.424537095248024850e-22 1.530570929205144295e-22
1.187988281250000000e+00 9.574483455758567042e-23 1.785301204468489478e-22
1.188476562500000000e+00 9.794957499030765794e-23 7.737287960914697278e-23
1.188964843750000000e+00 -1.182207889356969861e-22 8.267214045846272855e-23
1.189453125000000000e+00 2.832365925086085234e-22 3.058229323101535583e-24
1.189941406250000000e+00 -2.397562349125934472e-22 -1.298538545090883456e-22
1.190429687500000000e+00 1.277414740774329609e-22 -2.614873288052114378e-22
1.190917968750000000e+00 -9.834465269847718954e-23 -1.369171036088588293e-22
1.191406250000000000e+00 -5.671333463940360853e-23 -1.859394332739968783e-22
1.191894531250000000e+00 8.568668028762832899e-23 3.818772427308384204e-23
1.192382812500000000e+00 -3.005145901315055365e-23 -2.063066208091358388e-23
1.192871093750000000e+00 9.669933116803947618e-24 -2.865300452729267445e-22
1.193359375000000000e+00 -3.331887686741680153e-22 3.643665760183050019e-22
1.193847656250000000e+00 5.492098640477651777e-23 -1.370913526348386221e-23
1.194335937500000000e+00 -2.319598156418061928e-22 -3.154583328386028904e-25
1.194824218750000000e+00 -2.281409238643371374e-22 3.839052350711833322e-23
1.195312500000000000e+00 -1.667970761065119343e-22 -1.541953785390782930e-23
1.195800781250000000e+00 -1.401941862880578111e-22 -3.935189174512148914e-23
1.196289062500000000e+00 -1.700207248802553785e-22 -8.657602627450999735e-23
1.196777343750000000e+00 -4.745107862263521044e-23 3.185994753680946508e-22
1.197265625000000000e+00 3.695470875638812062e-23 1.651501118920251005e-22
1.197753906250000000e+00 2.080160959832418709e-22 -8.474293671228975196e-23
1.198242187500000000e+00 1.048343521885391051e-22 1.832439239602672277e-24
1.198730468750000000e+00 3.232263978674690354e-23 2.872464928657986122e-22
1.199218750000000000e+00 3.642836276430717415e-23 1.058483514126994341e-22
1.199707031250000000e+00 -1.525879353104796424e-22 -2.248016584123279845e-22
1.200195312500000000e+00 1.801357602809700039e-22 2.293284047509905973e-23
1.200683593750000000e+00 8.391627919637898244e-23 1.671734514480067371e-22
1.201171875000000000e+00 1.518710931904305990e-22 -2.257849168049472938e-22
1.201660156250000000e+00 -9.588579149914195233e-23 1.331076254037804004e-22
1.202148437500000000e+00 5.426032000571611244e-23 1.212304392882594025e-22
1.202636718750000000e+00 3.917936605943922707e-23 -6.580525523282627392e-23
1.203125000000000000e+00 1.052508029117882714e-23 2.291755027329378586e-22
1.203613281250000000e+00 1.866840872886202851e-22 -5.983442834380766442e-23
1.204101562500000000e+00 -4.174017511586981638e-23 1.582671766038523124e-23
1.204589843750000000e+00 1.943196114777601011e-22 -1.869421547819198930e-22
1.205078125000000000e+00 3.967531732715209293e-23 2.408903336587019213e-24
1.205566406250000000e+00 -9.584014254641282935e-23 -1.386906304298520832e-23
1.206054687500000000e+00 -6.689919194514544125e-23 -4.663319981671683397e-23
1.206542968750000000e+00 -1.066630642279586875e-22 1.544900817076189647e-23
1.207031250000000000e+00 -8.742918284847058659e-23 9.305531552318620209e-23
1.207519531250000000e+00 2.920136014045048770e-22 -1.619243705336375233e-22
1.208007812500000000e+00 1.044811638633849087e-23 2.280207434560092335e-22
1.208496093750000000e+00 -1.074831819644985763e-23 -1.171913576359563550e-22
1.208984375000000000e+00 2.156231171428311798e-22 -9.127000524876707130e-23
1.209472656250000000e+00 -2.857012152385413996e-23 1.059719487044023327e-22
1.209960937500000000e+00 1.114763398833387882e-22 -2.373493436148986580e-22
1.210449218750000000e+00 -1.586917902707808330e-22 2.132310819804195936e-23
1.210937500000000000e+00 -1.608973999714029134e-22 -1.142489805278139374e-22
1.211425781250000000e+00 -8.134790869756867142e-23 -7.452114938538344120e-23
1.211914062500000000e+00 -6.568242802471028328e-23 -1.055313605046173183e-22
1.212402343750000000e+00 4.686514445693306327e-23 -1.097095651096611503e-22
1.212890625000000000e+00 1.940438521137109320e-22 -2.650764464029172548e-22
1.213378906250000000e+00 2.410247744028650565e-22 3.796570172404856557e-24
1.213867187500000000e+00 -3.643489887693156046e-23 8.152645789255046245e-23
1.214355468750000000e+00 -5.715710475394630285e-23 -2.194816493712018773e-22
1.214843750000000000e+00 -2.136174963282415850e-22 3.724599191852578524e-24
1.215332031250000000e+00 1.666441238766885752e-22 -1.584760818116575830e-22
1.215820312500000000e+00 -1.829948502398923481e-22 -1.142026051377562489e-22
1.216308593750000000e+00 -1.605433868087440653e-22 -4.833696032651751936e-24
1.216796875000000000e+00 8.884346664836701628e-23 1.447368895373259023e-22
1.217285156250000000e+00 9.115147363525019668e-23 -8.869765258623509193e-23
1.217773437500000000e+00 -3.514898833804370776e-23 1.464644022099796805e-22
1.218261718750000000e+00 -8.308421974735279209e-23 -1.280871111395885048e-23
1.218750000000000000e+00 2.477079455550730044e-22 1.511254212845188303e-22
1.219238281250000000e+00 4.646344035924127384e-23 -7.290079786139691774e-23
1.219726562500000000e+00 -1.457593936550046909e-22 1.718991842589677697e-23
1.220214843750000000e+00 -3.878850227456603001e-23 3.574144579716485874e-22
1.220703125000000000e+00 1.956032564346006621e-24 1.722381058360034544e-23
1.221191406250000000e+00 -4.252300277443265680e-22 2.381438478107771553e-23
1.221679687500000000e+00 2.366074337971037661e-23 1.947097294651209311e-22
1.222167968750000000e+00 -7.569572974163373180e-23 -8.430152741240855507e-23
1.222656250000000000e+00 8.760927394800993556e-23 3.248499865942626733e-22
1.223144531250000000e+00 1.323614565352271108e-24 -2.970187697089750181e-23
1.223632812500000000e+00 1.380020658790094503e-22 6.638345462943982026e-23
1.224121093750000000e+00 -1.925605050201508367e-23 -1.516392120768378607e-22
1.224609375000000000e+00 1.617893395445494411e-22 -7.926088819637373572e-23
1.225097656250000000e+00 -1.222590664451815267e-22 1.090240670958324980e-22
1.225585937500000000e+00 -9.259165993111655681e-23 -1.396081521789168083e-22
1.226074218750000000e+00 1.246798264203024151e-22 2.464503698144600978e-22
1.226562500000000000e+00 2.830641869993049906e-23 5.577064139869536232e-23
1.227050781250000000e+00 8.054642275976471019e-23 1.495368290633942236e-22
1.227539062500000000e+00 -6.343494310808600926e-24 -1.690224801145020394e-22
1.228027343750000000e+00 -1.152777764770877538e-22 -4.710880009263758918e-23
1.228515625000000000e+00 -2.007013487360266923e-22 4.091264341539240690e-23
1.229003906250000000e+00 3.904242895463702715e-22 9.245072358883769097e-23
1.229492187500000000e+00 -1.496137112559222850e-22 -7.834379790779226900e-23
1.229980468750000000e+00 2.226070307148459264e-23 1.234192079266206357e-22
1.230468750000000000e+00 1.894760816512764535e-23 -6.543942803541701510e-23
1.230957031250000000e+00 6.123392249461162353e-23 7.130997315482255373e-23
1.231445312500000000e+00 7.942913499127434205e-23 -4.361925241518199830e-23
1.231933593750000000e+00 2.047026279386355165e-23 1.296163522461099254e-22
1.232421875000000000e+00 2.034865710507881561e-23 -7.537031002927950281e-23
1.232910156250000000e+00 6.856451193176952265e-23 -4.712339840987519134e-23
1.233398437500000000e+00 5.914621136709323040e-24 6.383358511783127840e-23
1.233886718750000000e+00 -2.453137567838265876e-22 -4.186674968045997388e-23
1.234375000000000000e+00 5.274930051275432897e-23 -5.597914090729873433e-23
1.234863281250000000e+00 6.479758790674071238e-23 -1.391536362845297720e-22
1.235351562500000000e+00 1.176620866102125631e-22 -5.453092460661476088e-23
1.235839843750000000e+00 -1.673363458728230271e-22 1.177506926312518059e-22
1.236328125000000000e+00 2.408462017050246708e-23 7.391807299182163156e-23
1.236816406250000000e+00 -2.840437573794009723e-22 2.480893666159451586e-22
1.237304687500000000e+00 1.908097004552100935e-23 -1.733136054689248825e-22
1.237792968750000000e+00 1.585823789601648520e-22 -1.014812067389117583e-22
1.238281250000000000e+00 1.187602602437551772e-23 -8.219506009272967043e-23
1.238769531250000000e+00 5.754513988074097057e-23 6.642471479401044608e-23
1.239257812500000000e+00 1.276240064246262812e-22 5.939287887438280416e-23
1.239746093750000000e+00 -2.122766622175918950e-22 -1.620498410500114731e-22
1.240234375000000000e+00 -1.931184697378595669e-23 -1.707315498672185816e-22
1.240722656250000000e+00 4.554503986086452970e-23 -2.911248368571943574e-22
1.241210937500000000e+00 -1.723335179176332011e-22 -8.200223910750041016e-23
1.241699218750000000e+00 -8.794914874914755379e-23 1.421131253427031735e-22
1.242187500000000000e+00 -7.739443774231212858e-23 -1.039069537603552153e-22
1.242675781250000000e+00 4.837079006604693386e-23 -2.456924718468978334e-22
1.243164062500000000e+00 -1.018107412920192648e-22 1.147593056694284692e-22
1.243652343750000000e+00 -1.595317421572170052e-22 4.609880054661984294e-23
1.244140625000000000e+00 3.231056567253664533e-22 1.338635852465785297e-23
1.244628906250000000e+00 1.624986450247644262e-23 -4.544414633836078857e-23
1.245117187500000000e+00 3.025269369494900818e-24 -1.496275675660885285e-22
1.245605468750000000e+00 -5.750026799816386472e-23 1.141021238970539112e-22
1.246093750000000000e+00 5.180300736182551404e-23 2.230234554025078857e-22
1.246582031250000000e+00 -2.623196723186758495e-25 -1.205130222982380298e-22
1.247070312500000000e+00 -3.048180564512640289e-23 1.191596590972392811e-22
1.247558593750000000e+00 7.127267525219465521e-23 1.637953647866857621e-22
1.248046875000000000e+00 1.193137711727974494e-22 -2.145188371125119301e-22
1.248535156250000000e+00 1.721737351456348605e-22 6.342987243510123808e-24
1.249023437500000000e+00 1.846758279969724635e-22 5.155619007002822925e-24
1.249511718750000000e+00 -1.463750711815735490e-22 5.080545061718702865e-23
1.250000000000000000e+00 -3.710804037702907683e-23 -3.009948932691941653e-22
1.250488281250000000e+00 5.470689203620028582e-23 1.786801450393410388e-23
1.250976562500000000e+00 -1.121167853605991883e-23 -7.357208876384444094e-23
1.251464843750000000e+00 -5.296816807900069872e-23 1.552609757473656556e-22
1.251953125000000000e+00 -5.926817228037206162e-23 8.011597550466960318e-23
1.252441406250000000e+00 2.091415568385982599e-22 -1.170886854491458130e-22
1.252929687500000000e+00 -2.197772161580726879e-22 3.737747751682401693e-23
1.253417968750000000e+00 3.806738217601670123e-23 1.472252947098036673e-22
1.253906250000000000e+00 1.543507655861079181e-22 1.699380593211930611e-22
1.254394531250000000e+00 -4.054703911286007721e-22 8.461219317106735067e-23
1.254882812500000000e+00 1.960754707926492471e-22 1.382402340105730289e-22
1.255371093750000000e+00 3.956243991956083722e-23 2.441699206336547938e-22
1.255859375000000000e+00 1.824324394903660846e-22 -2.993032245939852088e-22
1.256347656250000000e+00 6.035691924017902102e-23 9.796155517604614251e-23
1.256835937500000000e+00 -2.630797356848777831e-23 -1.686615979781412685e-23
1.257324218750000000e+00 6.813409726995997539e-23 -1.875429939174052744e-22
1.257812500000000000e+00 -3.073310541913635665e-24 2.739486833331111154e-22
1.258300781250000000e+00 -1.466507315818632711e-22 -1.357214156284946721e-22
1.258789062500000000e+00 -3.967067234733486003e-23 -6.196303750901697752e-23
1.259277343750000000e+00 2.393310390988655833e-22 1.230148812559801946e-22
1.259765625000000000e+00 -2.145197319880443515e-22 -1.756851992895751245e-24
1.260253906250000000e+00 -1.289021336275456458e-22 1.154188989348638318e-22
1.260742187500000000e+00 4.411280482539535800e-23 7.479477630242937019e-23
1.261230468750000000e+00 -8.701210494960297110e-23 2.787620776139248091e-22
1.261718750000000000e+00 -1.573513968596368533e-22 -6.358533934053628653e-23
1.262207031250000000e+00 1.138299837768843233e-22 -5.703760244986276497e-23
1.262695312500000000e+00 -1.247206135966264845e-22 1.567704551758236038e-22
1.263183593750000000e+00 1.498928347005466958e-22 -1.385986460691246042e-22
1.263671875000000000e+00 -3.334336999289202683e-23 -7.336667497653212826e-23
1.264160156250000000e+00 1.544930191249813408e-22 1.197701513662609153e-22
1.264648437500000000e+00 2.100636444137800020e-22 -7.966155920345620869e-23
1.265136718750000000e+00 -2.661384343867708477e-22 -1.865577702790571219e-22
1.265625000000000000e+00 1.071274411266019791e-22 -7.231127783991533342e-23
1.266113281250000000e+00 -5.432238130803137071e-23 1.885903021183801953e-22
1.266601562500000000e+00 -3.219393136560725311e-22 -7.453028136841493924e-23
1.267089843750000000e+00 2.039460143327190306e-22 -3.933180393316298065e-23
1.267578125000000000e+00 -1.377883469267906627e-22 -1.031919498009422102e-22
1.268066406250000000e+00 -1.246507540274976639e-22 -1.788434213127595521e-22
1.268554687500000000e+00 -4.170604331053711010e-23 5.859852574978026259e-23
1.269042968750000000e+00 1.328960618820477138e-22 -2.450042920330133468e-22
1.269531250000000000e+00 -1.779019561155277905e-23 1.770051658989146869e-22
1.270019531250000000e+00 9.458795259479109263e-23 -9.565334581370374826e-23
1.270507812500000000e+00 -6.056681699616860140e-23 2.425992747409660267e-22
1.270996093750000000e+00 -1.426773982107780340e-23 -1.756376128396764430e-22
1.271484375000000000e+00 -2.906590985529931821e-23 6.297735931995040694e-23
1.271972656250000000e+00 2.960380937595287932e-23 -1.859356614358840377e-23
1.272460937500000000e+00 4.779405640083248726e-23 -3.145437351776319547e-22
1.272949218750000000e+00 -7.099520843692119453e-23 8.606694964323567575e-23
1.273437500000000000e+00 1.079403456323149109e-23 8.182212828713079683e-24
1.273925781250000000e+00 1.686726202185916631e-22 9.125896206628831215e-23
1.274414062500000000e+00 -4.917774384782220582e-24 -4.145133607345209375e-23
1.274902343750000000e+00 3.952841677677064403e-23 1.185846844302577905e-22
1.275390625000000000e+00 -6.385298941404450574e-23 -5.219759124575197800e-23
1.275878906250000000e+00 1.330223595681626846e-22 -2.640399611517398345e-22
1.276367187500000000e+00 3.255195519999195138e-23 9.817987843513005787e-23
1.276855468750000000e+00 -1.859135381117370034e-22 -7.678101731445711145e-23
1.277343750000000000e+00 1.217117987394410532e-22 -2.256212357365850860e-23
1.277832031250000000e+00 -4.143539003480429417e-23 -1.752102036116728550e-24
1.278320312500000000e+00 -1.009259163047073492e-22 -1.212619385356931739e-22
1.278808593750000000e+00 -1.049655312435366249e-22 -6.376218471638185500e-24
1.279296875000000000e+00 -4.287930551637486929e-23 1.943783649280654622e-22
1.279785156250000000e+00 1.279435084628288200e-22 6.781079026309537006e-24
1.280273437500000000e+00 -2.236458146477368242e-22 -1.865672177097539788e-22
1.280761718750000000e+00 -3.557925396780978806e-23 2.809058225967972004e-22
1.281250000000000000e+00 4.442192826368689831e-23 -5.176337905384648475e-23
1.281738281250000000e+00 -1.547851765164975530e-22 5.610856300532868106e-23
1.282226562500000000e+00 -2.191564215510803809e-23 -3.697086051768067383e-23
1.282714843750000000e+00 1.807042691405109368e-22 8.309802772618040992e-23
1.283203125000000000e+00 5.790632550661514315e-23 -9.994267096358212746e-23
1.283691406250000000e+00 -7.118191917127429616e-23 5.252874222132265546e-23
1.284179687500000000e+00 1.931361485848621262e-22 2.155987295936023827e-22
1.284667968750000000e+00 -5.724198759528642721e-23 2.247937227064738771e-23
1.285156250000000000e+00 2.130414000706274987e-22 2.087303464036802057e-22
1.285644531250000000e+00 1.648430656138314039e-22 -1.803936962853480410e-22
1.286132812500000000e+00 1.237837253466379571e-22 -1.102171170969140656e-22
1.286621093750000000e+00 -1.500724578388659648e-22 1.491593572478557726e-22
1.287109375000000000e+00 8.797022161683256685e-23 -2.731013025655490653e-23
1.287597656250000000e+00 2.823069478214189719e-23 -7.592087963797624988e-23
1.288085937500000000e+00 1.817176202819012431e-22 8.160358441359864166e-23
1.288574218750000000e+00 -1.360517177512566493e-22 1.777464614347253684e-22
1.289062500000000000e+00 2.602256602830432308e-22 -1.126493252518976064e-22
1.289550781250000000e+00 -2.326343314715191566e-22 1.552746294812456703e-22
1.290039062500000000e+00 1.271550764787685743e-22 5.228834331755330938e-23
1.290527343750000000e+00 5.996895112468927143e-24 -1.209317552381339653e-22
1.291015625000000000e+00 7.245772533013394461e-23 -1.690558945464600838e-23
1.291503906250000000e+00 1.099733439893762745e-22 1.116087679150792162e-23
1.291992187500000000e+00 5.640630611815736321e-23 -3.713865587031584977e-22
1.292480468750000000e+00 -1.656112947148864855e-23 -3.241972262460403388e-24
1.292968750000000000e+00 3.071516411296149844e-23 -1.293596511737621503e-23
1.293457031250000000e+00 -5.257536940725479169e-23 6.839659450556372748e-23
1.293945312500000000e+00 -3.423828466634515503e-22 -1.859902257901070055e-22
1.294433593750000000e+00 -1.717586119693526047e-22 -1.600103179420171531e-22
1.294921875000000000e+00 1.304182850370844341e-22 1.213869838918917931e-23
1.295410156250000000e+00 -1.225419625861722181e-22 -4.857019118217828179e-23
1.295898437500000000e+00 -9.298725747737647380e-25 2.319691856086366539e-22
1.296386718750000000e+00 -5.181297923278492344e-23 2.288209441914662461e-23
1.296875000000000000e+00 -1.667813532243132835e-22 2.761802436202508795e-22
1.297363281250000000e+00 -1.488180726416802710e-22 1.034026604851728365e-22
1.297851562500000000e+00 2.506986841019395612e-23 -2.278459161133147937e-24
1.298339843750000000e+00 -9.317490945203484936e-23 3.819034485056287194e-23
1.298828125000000000e+00 -1.803658861682889496e-23 -6.352350034869896607e-23
1.299316406250000000e+00 -2.129751151734109216e-22 -6.561977914580302824e-23
1.299804687500000000e+00 1.209166226256477579e-22 9.711957433793258754e-23
1.300292968750000000e+00 -3.291365742544042762e-22 1.930717417541069725e-22
1.300781250000000000e+00 1.310819984875004476e-22 -3.763989918054044294e-23
1.301269531250000000e+00 -1.978058097157762990e-24 1.669337451193997319e-22
1.301757812500000000e+00 8.505246116630347251e-23 -3.576834419481026547e-23
1.302246093750000000e+00 -1.421852332618373229e-22 -1.387838220506337262e-22
1.302734375000000000e+00 1.145674135147027344e-22 -9.918096289119010190e-23
1.303222656250000000e+00 1.258952773395807314e-22 2.834288557584844261e-23
1.303710937500000000e+00 4.065386369567260865e-23 1.274261906141217785e-22
1.304199218750000000e+00 2.053156784441690833e-22 -2.643625404091416016e-22
1.304687500000000000e+00 4.242963062565900099e-23 9.411446218807446461e-23
1.305175781250000000e+00 -1.346147663240276986e-22 1.400308126003047675e-22
1.305664062500000000e+00 -1.077470557641349656e-22 -8.403245635377983344e-23
1.306152343750000000e+00 1.522873293859407245e-22 9.468583191083978606e-23
1.306640625000000000e+00 -5.421624908192877346e-24 2.631634145685802871e-23
1.307128906250000000e+00 3.660198188159635944e-23 -1.259299488254828533e-22
1.307617187500000000e+00 7.588544788950169760e-23 1.061794181171556619e-22
1.308105468750000000e+00 4.344973173775937838e-23 -2.383178694414717555e-22
1.308593750000000000e+00 2.210847679972532619e-22 -9.338933611094014874e-23
1.309082031250000000e+00 7.659278443650999767e-23 9.670195022382895547e-23
1.309570312500000000e+00 1.053853576702704472e-23 -5.709066917935874129e-23
1.310058593750000000e+00 -2.103499490026861785e-22 -1.857871729252300028e-22
1.310546875000000000e+00 -1.135047116086709039e-22 3.801872977265712741e-23
1.311035156250000000e+00 -1.253929584539107898e-22 -3.892297214093820496e-23
1.311523437500000000e+00 1.436071008808892588e-22 -2.510739951276777378e-22
1.312011718750000000e+00 -1.418833745624767374e-22 -8.365981809029059024e-23
1.312500000000000000e+00 1.339988547710804990e-22 -1.411147371513355317e-22
1.312988281250000000e+00 -2.165490652063613447e-22 2.226409180928999388e-22
1.313476562500000000e+00 3.044222370796149829e-22 -1.736024628448419999e-22
1.313964843750000000e+00 -3.233676942993942991e-22 -5.392912866474121998e-23
1.314453125000000000e+00 1.827497683558602185e-22 -5.895806342125078460e-23
1.314941406250000000e+00 6.561560598753934444e-24 -8.893833266206237844e-23
1.315429687500000000e+00 3.566782257361987510e-23 1.945451231901121587e-22
1.315917968750000000e+00 1.419016489871744027e-22 1.798768437113891701e-22
1.316406250000000000e+00 -6.748757911794029487e-23 2.730583938093619296e-22
1.316894531250000000e+00 1.209342612852859123e-22 -2.527003343056339229e-22
1.317382812500000000e+00 9.011262309929800871e-23 -1.121954200265572923e-22
1.317871093750000000e+00 1.706905445032229505e-22 -3.994625185379680884e-23
1.318359375000000000e+00 -5.092270782556967322e-23 -2.200938042268007920e-22
1.318847656250000000e+00 1.403768412189241671e-22 -8.662696571943222969e-23
1.319335937500000000e+00 -4.650344668025086927e-23 1.904389199228882807e-22
1.319824218750000000e+00 -8.189352150217584340e-23 2.719100569429916858e-22
1.320312500000000000e+00 -6.175335933675492352e-24 -9.814699301771959308e-23
1.320800781250000000e+00 -1.043002938288153188e-22 4.967169735308930867e-23
1.321289062500000000e+00 8.206767246760074490e-23 1.877436110044583132e-22
1.321777343750000000e+00 -5.751845015478386233e-23 4.414058596061981710e-22
1.322265625000000000e+00 4.356199591093257657e-23 -1.207435093923217461e-22
1.322753906250000000e+00 2.297296692597385178e-23 9.554464455304815253e-23
1.323242187500000000e+00 -6.598715099844866646e-23 9.733677478762877824e-23
1.323730468750000000e+00 -6.304293676484985614e-24 3.769833679910955960e-23
1.324218750000000000e+00 -4.635031066157563427e-23 -2.003973206414281234e-23
1.324707031250000000e+00 4.990156131328552241e-23 -1.043580223425192807e-22
1.325195312500000000e+00 1.634542960945238982e-24 7.043625783758145415e-23
1.325683593750000000e+00 -3.163783481578940537e-23 1.413260699695778014e-22
1.326171875000000000e+00 -2.608774649308503406e-22 7.214132585303650503e-23
1.326660156250000000e+00 6.052112420852235659e-23 -9.555768885216470152e-23
1.327148437500000000e+00 1.211247708424841640e-23 -3.797243111093648514e-23
1.327636718750000000e+00 -1.533778818133499671e-22 -1.083476134691595842e-22
1.328125000000000000e+00 -5.407797284537141951e-23 1.656593396028296992e-22
1.328613281250000000e+00 -4.105856349147711088e-24 1.610361022666180692e-24
1.329101562500000000e+00 -2.660513545609394826e-22 -1.735718415582233930e-22
1.329589843750000000e+00 3.525788211833560666e-22 -8.533733202497908331e-24
1.330078125000000000e+00 -1.594990692657670196e-22 -1.180445332395989069e-22
1.330566406250000000e+00 8.885890590495259378e-23 -3.236442834072441207e-23
1.331054687500000000e+00 -8.729655467024858137e-23 1.574554672004986235e-22
1.331542968750000000e+00 -5.723483317109817170e-23 -2.974775771174163789e-22
1.332031250000000000e+00 -8.904029876598040366e-23 1.232526910150148660e-22
1.332519531250000000e+00 7.401009216974107743e-23 -1.611748162959915541e-23
1.333007812500000000e+00 1.802983721338212812e-22 8.205916554369531500e-23
1.333496093750000000e+00 2.846203094148954800e-23 1.671910339284205932e-22
1.333984375000000000e+00 7.847651131631887810e-23 -7.891819152774264522e-23
1.334472656250000000e+00 -2.484233251117056259e-23 8.896831729191252472e-23
1.334960937500000000e+00 4.135506786827465911e-23 -7.568824352776967086e-24
1.335449218750000000e+00 4.797713942606072903e-24 2.738366569366586276e-23
1.335937500000000000e+00 -1.186938236280849782e-22 7.100728185359785278e-23
1.336425781250000000e+00 1.216841153667695662e-22 -5.543904296916173714e-23
1.336914062500000000e+00 -2.101714501015043362e-22 1.781020202253819969e-23
1.337402343750000000e+00 6.048558967566440978e-23 -1.413547475213555322e-22
1.337890625000000000e+00 5.121761876045914432e-23 -5.609838108198341116e-23
1.338378906250000000e+00 8.042397363176445440e-23 -1.509907767678295796e-22
1.338867187500000000e+00 -6.049920498981634304e-23 7.696262729842325203e-23
1.339355468750000000e+00 -1.826743262282456878e-22 -8.189498431891270844e-23
1.339843750000000000e+00 1.427563540948354832e-22 -1.450556292090792966e-23
1.340332031250000000e+00 -1.899174347166276888e-22 -1.454212964266468475e-22
1.340820312500000000e+00 1.889309805059035975e-22 -6.593205573849793291e-24
1.341308593750000000e+00 -8.246646609693133327e-24 -1.125204014768473379e-22
1.341796875000000000e+00 1.477592941470226603e-22 -9.178333093555362265e-23
1.342285156250000000e+00 -5.405270380757849206e-23 1.253691704047512025e-22
1.342773437500000000e+00 -7.804342645796872928e-23 -8.376001700145956621e-23
1.343261718750000000e+00 8.017879068786459449e-23 2.706173821244734260e-23
1.343750000000000000e+00 2.943614637554506303e-23 -1.134786927323796587e-22
1.344238281250000000e+00 -6.101021363051074943e-23 6.913390658064176708e-23
1.344726562500000000e+00 1.124113519331600224e-22 -8.003698173174282273e-23
1.345214843750000000e+00 -1.878908921716343140e-22 5.364629818751098191e-23
1.345703125000000000e+00 -4.867265286274652816e-24 2.375568377776938663e-23
1.346191406250000000e+00 3.061292061723815546e-23 1.476753338013700804e-23
1.346679687500000000e+00 -2.227184920379943231e-22 -2.508515343166634660e-22
1.347167968750000000e+00 9.188208023167468576e-23 2.170151387512261848e-22
1.347656250000000000e+00 9.098436574430569820e-23 -1.698011997798965580e-22
1.348144531250000000e+00 9.450931160812820898e-23 2.505763335167362755e-22
1.348632812500000000e+00 -1.873322186583141907e-22 -2.015855537461633315e-22
1.349121093750000000e+00 2.227208375846640435e-22 1.989063453015870237e-22
1.349609375000000000e+00 -1.675641291905020912e-22 -6.537382646914454774e-23
1.350097656250000000e+00 1.179967615571536837e-22 -6.616406974613372493e-24
1.350585937500000000e+00 3.112792639938664847e-22 -1.207031409830084313e-22
1.351074218750000000e+00 -9.605948605082163004e-23 1.256029840880899154e-22
1.351562500000000000e+00 -4.756896730002546869e-23 2.523496399715004342e-23
1.352050781250000000e+00 9.605415552681229917e-23 9.429701091224836394e-23
1.352539062500000000e+00 -1.349096068017017432e-22 -2.046033625791392718e-23
1.353027343750000000e+00 1.099882095703222049e-22 -7.607832951079069468e-23
1.353515625000000000e+00 2.800300404522343213e-23 -1.084082573718818742e-22
1.354003906250000000e+00 -1.161037983791201520e-22 2.155661232756751246e-22
1.354492187500000000e+00 1.136447870839272359e-22 -1.392908354013215956e-23
1.354980468750000000e+00 1.086582106448259809e-22 1.110213776646889514e-22
1.355468750000000000e+00 1.174000134598907896e-22 -4.641160793030676502e-23
1.355957031250000000e+00 4.167186374776071655e-23 1.600707903806550947e-22
1.356445312500000000e+00 5.983768805423516864e-23 2.408346348195584177e-24
1.356933593750000000e+00 -2.004843799976660652e-23 1.250564564746826614e-22
1.357421875000000000e+00 -1.751414885799401860e-22 -6.971220075750279387e-24
1.357910156250000000e+00 1.476274900700487257e-22 8.550630696898681210e-23
1.358398437500000000e+00 -4.048433936094983751e-23 2.400382656483885635e-22
1.358886718750000000e+00 5.115436782559525607e-23 1.130598184907927685e-22
1.359375000000000000e+00 -1.331528317294509811e-22 1.850969284659044574e-22
1.359863281250000000e+00 -9.132478366888808470e-23 -2.565610344857840653e-22
1.360351562500000000e+00 1.231017800480822442e-22 -1.102372445105887662e-22
1.360839843750000000e+00 9.808416870486407862e-23 -9.959673413776186303e-23
1.361328125000000000e+00 -1.288963574059198903e-22 4.399148751991123477e-23
1.361816406250000000e+00 -1.387352547987026504e-22 6.884793496379973026e-23
1.362304687500000000e+00 -1.340988513482455623e-22 -1.075414251298780648e-24
1.362792968750000000e+00 -1.726130301849571282e-22 6.808552971579605415e-23
1.363281250000000000e+00 1.765714627746814491e-23 -2.676655859204443952e-23
1.363769531250000000e+00 -2.799971625344293138e-22 3.416594226934578098e-23
1.364257812500000000e+00 -4.921787352925724978e-23 -4.506047454426247821e-23
1.364746093750000000e+00 1.553503476188300030e-23 -3.423426727865223582e-22
1.365234375000000000e+00 -2.875246978443492501e-22 3.219130261652079153e-22
1.365722656250000000e+00 9.800983467509797863e-23 -2.881899552975834704e-22
1.366210937500000000e+00 -1.449692260713831280e-22 2.340344942697435237e-22
1.366699218750000000e+00 1.050371900030753743e-22 3.138826114013032052e-23
1.367187500000000000e+00 2.724341295662885197e-23 1.041062479154102155e-22
1.367675781250000000e+00 1.110906148836609060e-22 1.320242861186809980e-23
1.368164062500000000e+00 1.137530716352132952e-22 -2.253578310014146586e-22
1.368652343750000000e+00 7.533411384666934209e-23 -1.306341005181340963e-22
1.369140625000000000e+00 1.358301853090001550e-22 1.145101775344184102e-23
1.369628906250000000e+00 -1.254184704803333197e-22 -9.090856039932122157e-23
1.370117187500000000e+00 -9.504029451553365890e-24 2.053385120301932609e-22
1.370605468750000000e+00 -7.055817980610282434e-23 -1.751746152955848642e-22
1.371093750000000000e+00 5.899715266639849293e-24 -4.107550568000023285e-22
1.371582031250000000e+00 1.519161176585303866e-22 1.300108606804406131e-22
1.372070312500000000e+00 3.755420605345013141e-23 -5.724258791040523988e-23
1.372558593750000000e+00 1.239743041339632828e-22 2.304308017996147219e-22
1.373046875000000000e+00 5.662507278342789140e-23 -3.553394006702227007e-22
1.373535156250000000e+00 6.790528909825981225e-23 -5.098608092217298435e-23
1.374023437500000000e+00 -5.537756066571915857e-23 1.609374789963311745e-22
1.374511718750000000e+00 1.684495327478963930e-22 4.137740691342751054e-23
1.375000000000000000e+00 -9.621424070863843999e-25 -7.472980277061142293e-24
1.375488281250000000e+00 -1.656274500317474067e-22 -2.392568089683544341e-22
1.375976562500000000e+00 2.341607928105733674e-22 5.304928485448710298e-23
1.376464843750000000e+00 -2.069977142620524599e-22 -1.066461660025808676e-22
1.376953125000000000e+00 -2.868512218009606662e-23 -3.455324626300279833e-23
1.377441406250000000e+00 -2.015798921509117633e-22 2.265412603527079031e-25
1.377929687500000000e+00 2.312119614194305312e-22 2.013095998380868624e-22
1.378417968750000000e+00 -2.152779511651114311e-22 -7.888305895699363067e-23
1.378906250000000000e+00 -1.783068422535715961e-22 5.941202479407364052e-23
1.379394531250000000e+00 7.164283314835033010e-24 7.433553894425723778e-23
1.379882812500000000e+00 1.616922432893569863e-22 1.686472175937058418e-23
1.380371093750000000e+00 1.374495730244756363e-22 -7.866337959500460293e-23
1.380859375000000000e+00 1.856793413180866878e-22 -9.407095704439636276e-23
1.381347656250000000e+00 -7.486858985381934219e-23 -1.074729990542310423e-23
1.381835937500000000e+00 2.648937193666344765e-22 -1.212829759505008569e-22
1.382324218750000000e+00 9.817165227472327320e-23 1.798071158811072537e-22
1.382812500000000000e+00 -1.302838064190993885e-22 -5.790339479132402815e-23
1.383300781250000000e+00 4.342370938657889724e-24 1.626089412435468358e-22
1.383789062500000000e+00 2.179769531103409800e-22 -1.170026378796598659e-22
1.384277343750000000e+00 -3.110360835957305736e-23 1.375579050600385513e-22
1.384765625000000000e+00 -1.774459861327297289e-22 -7.989901949891726023e-23
1.385253906250000000e+00 5.015777324843387675e-23 -8.416003574200319860e-23
1.385742187500000000e+00 -1.340192981292149400e-23 5.927769089480532891e-23
1.386230468750000000e+00 2.343162842604562742e-24 3.294507622782087544e-22
1.386718750000000000e+00 -2.209910984209685123e-22 4.130362623983476098e-23
1.387207031250000000e+00 -7.838616152734724093e-23 -1.153199305522866864e-22
1.387695312500000000e+00 -2.120287185990440588e-22 2.482838596278012356e-22
1.388183593750000000e+00 7.089808708182484137e-23 8.742481008136790061e-23
1.388671875000000000e+00 1.755082273289411735e-23 -7.831720164654427216e-23
1.389160156250000000e+00 -3.100228444125538319e-23 1.224683691720960712e-22
1.389648437500000000e+00 -1.231651842608500155e-22 -1.294608398023059153e-22
1.390136718750000000e+00 -1.025369040985454447e-23 3.255521004465006125e-22
1.390625000000000000e+00 1.131615604208488853e-22 3.522771551190642011e-23
1.391113281250000000e+00 2.752371452550832633e-23 9.671372882295395578e-23
1.391601562500000000e+00 -5.862599556192433941e-23 2.128747668062465022e-22
1.392089843750000000e+00 5.961142337501353906e-24 -4.714911255672905110e-23
1.392578125000000000e+00 1.104397248167792084e-22 -9.616343318462327725e-23
1.393066406250000000e+00 -2.572547257867763742e-22 -1.500524243286281338e-22
1.393554687500000000e+00 4.636485316011369032e-23 1.453936799341797447e-23
1.394042968750000000e+00 1.555090573767672688e-22 9.984669318390147727e-23
1.394531250000000000e+00 -7.097827653573742657e-23 2.425305332897232275e-23
1.395019531250000000e+00 1.823895606424700311e-22 -4.762196949232447322e-23
1.395507812500000000e+00 3.490967814947172621e-23 -5.264866073923135140e-23
1.395996093750000000e+00 -4.557006098896461197e-25 8.493284037825432448e-23
1.396484375000000000e+00 -8.648153974270245809e-25 -1.185225631867443074e-23
1.396972656250000000e+00 6.696794908982260886e-23 -1.606391672122023866e-22
1.397460937500000000e+00 6.883586599799093714e-23 1.002828469707439879e-22
1.397949218750000000e+00 -2.289342409724755819e-22 -1.084557651646408332e-22
1.398437500000000000e+00 6.658027879699824453e-23 7.840386909044373246e-23
1.398925781250000000e+00 -1.231163865320235670e-23 7.173307077493407349e-23
1.399414062500000000e+00 -2.306273656879885695e-23 -2.341967384385285706e-22
1.399902343750000000e+00 1.734478092002250422e-22 -8.000643187097162586e-23
1.400390625000000000e+00 5.965715869692215533e-23 -1.680789325862288088e-22
1.400878906250000000e+00 1.022755150510320841e-22 -8.500385504544840371e-23
1.401367187500000000e+00 -1.071425797076693339e-22 -1.285206216056972409e-22
1.401855468750000000e+00 8.123605220139557543e-24 -1.043956401181096748e-22
1.402343750000000000e+00 -2.161217883243331520e-22 -1.349130012337722724e-22
1.402832031250000000e+00 -3.299391164236766624e-22 -2.662948364089577376e-22
1.403320312500000000e+00 -1.858005386308406514e-23 1.141669433323833202e-24
1.403808593750000000e+00 9.407088184967351089e-23 -2.038959996957935438e-22
1.404296875000000000e+00 -2.037154545573515916e-23 2.786379806587927575e-22
1.404785156250000000e+00 -1.569320418084982004e-23 -1.814690934615475781e-22
1.405273437500000000e+00 3.282414639286411056e-23 -7.311865769456181497e-23
1.405761718750000000e+00 5.681395576925704951e-23 -1.496396627977275992e-22
1.406250000000000000e+00 -2.602679908302393678e-23 2.794011351655007944e-22
1.406738281250000000e+00 1.091863890726544631e-22 -2.567213565548573045e-22
1.407226562500000000e+00 4.514098340903786387e-23 -3.599899588381285689e-24
1.407714843750000000e+00 -6.203022577251701368e-23 2.076422161218804989e-22
1.408203125000000000e+00 -7.303276506345303112e-23 2.234615972111044391e-22
1.408691406250000000e+00 -4.530946193035292857e-23 -8.269539975061930073e-24
1.409179687500000000e+00 1.198294081711673797e-23 4.512615357163791869e-23
1.409667968750000000e+00 -1.564854936856926635e-23 -2.828431673431188969e-22
1.410156250000000000e+00 -3.574483014118628484e-23 3.426909987444296722e-23
1.410644531250000000e+00 2.068287852130439705e-23 2.536991059684510104e-22
1.411132812500000000e+00 5.989392868462451371e-24 -3.160868630627182427e-23
1.411621093750000000e+00 2.536761947817860035e-23 1.061335107792918298e-22
1.412109375000000000e+00 -2.295198725821633003e-22 2.134787790144532769e-22
1.412597656250000000e+00 2.651686304154585576e-22 8.940185323752710315e-23
1.413085937500000000e+00 1.335497898882793759e-23 3.740925560138975179e-24
1.413574218750000000e+00 1.707940626466390397e-22 8.104450289448013310e-23
1.414062500000000000e+00 2.986054068631550405e-23 1.185444628640714357e-22
1.414550781250000000e+00 -1.130811742132518180e-22 2.196825154958312525e-22
1.415039062500000000e+00 1.621943824390673793e-22 1.587024250392933160e-23
1.415527343750000000e+00 5.890571433693728916e-24 1.544530465954180435e-22
1.416015625000000000e+00 -6.270706406858567796e-23 -2.395366019299959196e-22
1.416503906250000000e+00 -9.401313192857733550e-23 1.903119775610955397e-23
1.416992187500000000e+00 -1.459729594025953818e-22 2.459331177145906892e-23
1.417480468750000000e+00 5.430176546638838037e-23 7.984904263755039650e-23
1.417968750000000000e+00 7.858843523438123505e-23 1.986614458607520359e-22
1.418457031250000000e+00 4.560244448689676398e-23 -1.737700923772904239e-22
1.418945312500000000e+00 3.169126801068001841e-22 1.737525892700120623e-22
1.419433593750000000e+00 1.245777214869947877e-23 -7.378155184798139969e-23
1.419921875000000000e+00 4.686693515029010570e-23 6.236248391525755962e-23
1.420410156250000000e+00 -1.997613333301923280e-24 3.811760605161520610e-23
1.420898437500000000e+00 -1.116602150660474399e-22 -8.495533009436957083e-23
1.421386718750000000e+00 1.215077777392227897e-22 -5.892775496312963772e-23
1.421875000000000000e+00 2.394276551613380493e-23 -1.285215711058598840e-22
1.422363281250000000e+00 -1.560252189779705910e-23 -5.189321901866282020e-23
1.422851562500000000e+00 -5.132656194511811672e-24 7.708747047811877324e-23
1.423339843750000000e+00 -4.907803268464203634e-23 3.406817406329685660e-23
1.423828125000000000e+00 1.098088958413516503e-22 -2.614002017646820871e-22
1.424316406250000000e+00 -1.596835474233207818e-23 -1.465567136556263081e-22
1.424804687500000000e+00 -3.401338277266832432e-23 -2.365074484712204035e-22
1.425292968750000000e+00 4.599778762575642295e-23 -1.601759499984811518e-22
1.425781250000000000e+00 -2.339468335897940787e-23 -5.442211580579836538e-23
1.426269531250000000e+00 -8.522463884972519572e-23 1.502376145995783809e-22
1.426757812500000000e+00 3.478964459858033007e-22 -7.403012232222766694e-23
1.427246093750000000e+00 -1.181982245062193694e-22 1.617244667246449265e-22
1.427734375000000000e+00 -1.354083986489493652e-22 8.191401452290510208e-23
1.428222656250000000e+00 -2.046469016496081752e-22 -1.302702361692968800e-23
1.428710937500000000e+00 -7.936762208051462788e-23 1.286307615429957605e-22
1.429199218750000000e+00 -2.297209337242716723e-22 -2.318706322217010335e-22
1.429687500000000000e+00 4.598448263132996795e-23 -1.759504941146812242e-23
1.430175781250000000e+00 -9.941989873085291533e-23 1.550828513761995799e-22
1.430664062500000000e+00 -1.241659035099874779e-23 1.263741611644355329e-22
1.431152343750000000e+00 -6.340198882362769816e-23 -3.045920225656383580e-23
1.431640625000000000e+00 1.234240986476020689e-22 4.411129087125206942e-24
1.432128906250000000e+00 -3.289521551596970255e-22 8.695289172977799707e-23
1.432617187500000000e+00 -4.747550651146436422e-24 5.252603946595230245e-23
1.433105468750000000e+00 -8.735756264208927150e-23 -1.509974076052435096e-22
1.433593750000000000e+00 2.364560963242782847e-22 -1.047206247759714611e-22
1.434082031250000000e+00 -3.784741205640435712e-22 7.644339783179559372e-24
1.434570312500000000e+00 1.882568909136122680e-22 3.413053654129148767e-23
1.435058593750000000e+00 1.326010853690463061e-23 -6.019693864573798049e-23
1.435546875000000000e+00 -1.119779774308083409e-23 -9.745879692468632156e-23
1.436035156250000000e+00 5.503856455709283779e-23 -7.255973112143701479e-23
1.436523437500000000e+00 2.426671799270715432e-22 6.424222991192412097e-23
1.437011718750000000e+00 -1.147758332537152292e-22 -1.606301560278028833e-22
1.437500000000000000e+00 2.585262981927798756e-22 -1.223172839343259077e-23
1.437988281250000000e+00 -8.161537647851649354e-23 2.763409518700323495e-22
1.438476562500000000e+00 7.790628717002831584e-23 1.326442141695455392e-23
1.438964843750000000e+00 -7.154212420243288794e-23 1.100487419475587186e-22
1.439453125000000000e+00 5.942858302157247862e-23 7.862660815422987949e-23
1.439941406250000000e+00 -7.091740158369142512e-23 -8.803087412971291625e-24
1.440429687500000000e+00 -1.436920122438491186e-22 -1.320622242500705138e-22
1.440917968750000000e+00 -2.147794079526689257e-22 2.647836737891240897e-23
1.441406250000000000e+00 2.512718010309301001e-22 -5.423758219822447217e-23
1.441894531250000000e+00 -1.705713683183648081e-22 -3.512995692842284235e-23
1.442382812500000000e+00 -1.126459903441199910e-23 1.575740382146774169e-23
1.442871093750000000e+00 -1.570768152742959331e-23 1.899033798289254436e-22
1.443359375000000000e+00 1.224165268509076955e-22 -3.072833452745249225e-22
1.443847656250000000e+00 1.098858304376427551e-23 -6.292454081588864957e-24
1.444335937500000000e+00 1.953401598955828269e-22 8.217887230389526447e-23
1.444824218750000000e+00 9.349518901663577914e-23 1.200829312127103578e-22
1.445312500000000000e+00 3.120877916061348555e-23 7.508738346341589869e-23
1.445800781250000000e+00 5.300377312606248488e-23 1.762595301971248522e-22
1.446289062500000000e+00 -1.091784613802681845e-22 -3.476995142980411966e-22
1.446777343750000000e+00 9.611646762990172693e-23 2.409259697432419746e-22
1.447265625000000000e+00 3.415170747005132496e-24 1.095819906951290972e-22
1.447753906250000000e+00 3.978153821348607445e-22 -1.869244924244189755e-22
1.448242187500000000e+00 -7.502526611067974856e-23 1.283626730313792080e-22
1.448730468750000000e+00 2.976373851241317744e-22 -3.721836172881087566e-23
1.449218750000000000e+00 -9.397102404182878377e-23 6.455340226831833215e-23
1.449707031250000000e+00 4.167022342096466577e-23 -1.697902898635661401e-22
1.450195312500000000e+00 3.789392606513197324e-23 2.548255497859368056e-23
1.450683593750000000e+00 -9.600454913419247836e-24 -1.267288770845285784e-22
1.451171875000000000e+00 1.233148490076420252e-22 5.663909925475091754e-23
1.451660156250000000e+00 -3.423086052164149555e-22 -1.539917350300037356e-22
1.452148437500000000e+00 5.653254700692521641e-23 1.770589817147860945e-22
1.452636718750000000e+00 1.229564583530099358e-22 7.650848851205993480e-23
1.453125000000000000e+00 -2.624389816589996306e-22 -1.378779906027076090e-22
1.453613281250000000e+00 1.429979958558330625e-22 1.116565849977359220e-22
1.454101562500000000e+00 -1.033617883724203370e-22 -6.959526807500868486e-23
1.454589843750000000e+00 -3.004816965088537327e-23 5.975995159625291309e-23
1.455078125000000000e+00 -8.199113128801038586e-23 1.473477106519722323e-22
1.455566406250000000e+00 -3.730558390064376972e-23 -2.593472642380133708e-22
1.456054687500000000e+00 -1.735870535289393798e-22 2.446795545303698371e-23
1.456542968750000000e+00 1.260193042458454035e-22 2.208250367541272179e-23
1.457031250000000000e+00 -6.374413298828973145e-23 2.799251007314375610e-22
1.457519531250000000e+00 -2.362405874011574389e-22 2.645253109030895143e-23
1.458007812500000000e+00 2.106821442527420589e-23 3.169189970069029844e-23
1.458496093750000000e+00 -2.008880450466899847e-22 5.637506326900056836e-23
1.458984375000000000e+00 4.291300637034807102e-23 -5.997813730610993338e-23
1.459472656250000000e+00 -1.333706476991358425e-22 6.011144864434923686e-23
1.459960937500000000e+00 8.857684177213637759e-24 -2.825199894458712298e-22
1.460449218750000000e+00 -2.440493735472657579e-23 2.043892354069682811e-22
1.460937500000000000e+00 9.499243072708377961e-23 -2.764608680261225908e-22
1.461425781250000000e+00 -3.263482793845762699e-23 2.353011590280501581e-22
1.461914062500000000e+00 1.017737587154871464e-22 -8.438120059841623052e-23
1.462402343750000000e+00 -7.195163699129598148e-23 -1.961197456004854005e-22
1.462890625000000000e+00 -2.104046267677021333e-22 2.304905631699991616e-23
1.463378906250000000e+00 -5.258697700688856206e-23 -2.104563117783847771e-22
1.463867187500000000e+00 1.954803548598612435e-22 -1.114645045061131686e-23
1.464355468750000000e+00 1.363482702500385738e-22 -8.451996503680891083e-24
1.464843750000000000e+00 4.021812206232549372e-23 -1.454777686292015711e-23
1.465332031250000000e+00 -1.297507594779587695e-24 -2.072011848511973118e-23
1.465820312500000000e+00 -1.806929363155484962e-23 1.115131848198322534e-22
1.466308593750000000e+00 -3.248284150383080931e-23 -1.160082453417732989e-22
1.466796875000000000e+00 1.377297585165084688e-22 -8.579676183199571966e-23
1.467285156250000000e+00 -1.401727993010930152e-23 9.485168064243145345e-23
1.467773437500000000e+00 6.892137048763518637e-23 -5.986563805380049367e-23
1.468261718750000000e+00 -4.932818958434014291e-24 8.242027297240849810e-23
1.468750000000000000e+00 2.748344424131049180e-23 -7.732272000580683351e-24
1.469238281250000000e+00 -6.982817199355973262e-23 1.767194522739285384e-22
1.469726562500000000e+00 1.680712618605896209e-22 -6.518034064713230904e-23
1.470214843750000000e+00 -1.515536230652154312e-22 1.204754413258305727e-22
1.470703125000000000e+00 9.050606666994282633e-23 -1.061613765986013890e-22
1.471191406250000000e+00 5.542115899491634248e-23 -5.807141220798226985e-23
1.471679687500000000e+00 -6.695134057279198325e-23 -1.023025735912964149e-22
1.472167968750000000e+00 -6.224243815870402359e-23 1.274393840138850613e-22
1.472656250000000000e+00 -8.394491485305284112e-23 -1.660491963267367086e-22
1.473144531250000000e+00 -8.093502760339072063e-23 1.310221584848857630e-22
1.473632812500000000e+00 -1.553395735515398051e-22 1.380651700178379813e-22
1.474121093750000000e+00 1.277666312853059535e-22 1.103295959536720261e-22
1.474609375000000000e+00 2.862628244519968875e-23 -6.353392700107543889e-23
1.475097656250000000e+00 -1.669573423363106441e-22 -3.064339532262563555e-23
1.475585937500000000e+00 4.490324553379601238e-23 5.309205057957188565e-23
1.476074218750000000e+00 2.952946359888739802e-22 1.953938241868828659e-22
1.476562500000000000e+00 1.620372389698957310e-22 7.357720064290992350e-23
1.477050781250000000e+00 -2.221731981941895756e-24 -3.330173049799533686e-23
1.477539062500000000e+00 2.100803574247096849e-23 1.134612874812001050e-22
1.478027343750000000e+00 3.133408062694409482e-24 -6.511721585789660133e-23
1.478515625000000000e+00 -2.099393222670962713e-23 1.341853611470557240e-22
1.479003906250000000e+00 2.316461001063487507e-22 3.664726302085076575e-24
1.479492187500000000e+00 -2.609986300431679104e-22 -3.497318630374706970e-25
1.479980468750000000e+00 3.228678960327493900e-22 -1.220588423075214345e-22
1.480468750000000000e+00 5.746138180792543134e-23 -1.571671337200877855e-22
1.480957031250000000e+00 -6.257270683076529307e-23 -7.033612043445937872e-23
1.481445312500000000e+00 1.993401459382461455e-22 1.878610352173754748e-22
1.481933593750000000e+00 -6.320412130459647045e-25 -6.268266076594508782e-23
1.482421875000000000e+00 -1.117247502794473110e-22 1.132155851013530129e-23
1.482910156250000000e+00 -8.473477543791807921e-23 -1.464509013047016723e-22
1.483398437500000000e+00 -5.222711593057238265e-23 9.838327554766039621e-23
1.483886718750000000e+00 -2.434243453582123542e-23 -1.578092644547198972e-22
1.484375000000000000e+00 -1.410185862994117298e-22 -1.882034567643004742e-22
1.484863281250000000e+00 1.079498137093443873e-23 -5.111789297445482141e-23
1.485351562500000000e+00 -1.105254059223645826e-23 -1.172384090791318869e-23
1.485839843750000000e+00 4.413825945134152841e-23 9.827288368969105350e-23
1.486328125000000000e+00 1.474437869464685966e-22 -1.021697642096794000e-22
1.486816406250000000e+00 -1.519762162659207821e-22 -2.719546236260367802e-22
1.487304687500000000e+00 -9.505855495533979701e-24 -1.445060054886863028e-23
1.487792968750000000e+00 -9.435854745494266456e-23 1.953890315292698227e-22
1.488281250000000000e+00 -1.814286753299233687e-22 8.398673528053404054e-23
1.488769531250000000e+00 1.347389131692271363e-22 2.205102469366627597e-22
1.489257812500000000e+00 -2.013363038276516324e-24 -6.895815097530278251e-23
1.489746093750000000e+00 5.040468446984376303e-23 1.159643600330641420e-22
1.490234375000000000e+00 -1.027712680510548299e-22 -2.263490260777298572e-23
1.490722656250000000e+00 -6.370028609356370939e-23 -9.903468195323254621e-24
1.491210937500000000e+00 1.290495206878035305e-24 -7.901697117153207987e-23
1.491699218750000000e+00 1.330843456357227962e-23 -6.824076015112251571e-23
1.492187500000000000e+00 -2.459099291235892480e-22 -1.336882626240917839e-22
1.492675781250000000e+00 2.166597880865753345e-22 1.094209016083144403e-22
1.493164062500000000e+00 -2.536304334204421112e-22 1.882803350988507864e-22
1.493652343750000000e+00 -5.949240426019937993e-23 -1.190542583289988828e-22
1.494140625000000000e+00 -1.000832610506293804e-22 1.640786798840939547e-22
1.494628906250000000e+00 1.838572891871993114e-22 2.316189148405026444e-23
1.495117187500000000e+00 -3.479381590855542082e-22 1.756389501169099522e-23
1.495605468750000000e+00 9.165886863447681082e-23 2.252429299946046871e-22
1.496093750000000000e+00 -1.004994138226315032e-22 -5.362079515934878417e-23
1.496582031250000000e+00 8.068269745395038360e-23 -1.307723531897090841e-22
1.497070312500000000e+00 -1.556008972691355648e-22 -1.267414675838016760e-23
1.497558593750000000e+00 2.603089186742635509e-22 -9.943430493079450377e-23
1.498046875000000000e+00 1.450646049992330239e-22 1.699555074108181913e-22
1.498535156250000000e+00 -1.218659568766046517e-22 -1.660890907889443790e-22
1.499023437500000000e+00 2.245605727717443553e-22 9.163593598821050255e-23
1.499511718750000000e+00 2.947645688842898514e-23 -3.854808926723771487e-23
1.500000000000000000e+00 -2.389931341538470444e-23 3.408097962534899910e-23
1.500488281250000000e+00 8.315020439566317852e-23 -5.757945024179003612e-23
1.500976562500000000e+00 9.731902723302163884e-23 -1.067826069470094434e-23
1.501464843750000000e+00 -1.998027625264038951e-22 -2.572709428006235423e-22
1.501953125000000000e+00 -1.961187827663095229e-23 4.726860664089707790e-23
1.502441406250000000e+00 4.216530629026961572e-23 -2.189592565641220877e-22
1.502929687500000000e+00 4.471645857340842443e-23 2.602563759977123616e-22
1.503417968750000000e+00 3.466301292745596736e-22 -4.186428310774693932e-23
1.503906250000000000e+00 5.173613296522198039e-23 6.006703267008843834e-23
1.504394531250000000e+00 -1.175719182841410308e-22 2.003306458864590203e-22
1.504882812500000000e+00 8.095111919642529073e-23 1.162440295359397438e-22
1.505371093750000000e+00 1.103706375415246368e-22 -2.608570498534220881e-22
1.505859375000000000e+00 1.429250863082722736e-22 1.824164220414402214e-22
1.506347656250000000e+00 1.857281580245812077e-22 -1.060659950158982306e-22
1.506835937500000000e+00 -1.005850546972615157e-22 -2.215111861916925914e-22
1.507324218750000000e+00 1.594051870197885952e-23 1.198208724768827951e-22
1.507812500000000000e+00 -1.412286700151450506e-22 -5.487814675311727394e-24
1.508300781250000000e+00 1.921078347548568116e-23 1.735717039903056911e-23
1.508789062500000000e+00 8.680111567057852744e-23 -4.003460999815520791e-23
1.509277343750000000e+00 1.471267476632041963e-22 -5.831380200409645907e-23
1.509765625000000000e+00 -5.283838272489743122e-23 -9.027746270039781084e-23
1.510253906250000000e+00 -8.668027524753345726e-23 1.262445538373307025e-22
1.510742187500000000e+00 -3.692978886355714415e-22 2.271914008368670047e-22
1.511230468750000000e+00 5.079283308573154903e-23 -8.732202179995194760e-23
1.511718750000000000e+00 -2.670195978389771213e-22 -1.062982771166096453e-23
1.512207031250000000e+00 1.401699195892544888e-22 3.164591017318239321e-22
1.512695312500000000e+00 -3.397788373331164026e-23 2.357454475787977498e-23
1.513183593750000000e+00 -1.272722281415039819e-22 1.798699600010289261e-23
1.513671875000000000e+00 -6.745847180809006901e-23 1.582402600862777650e-22
1.514160156250000000e+00 -5.261690845193136214e-23 6.842904920666760783e-23
1.514648437500000000e+00 2.104487606415459617e-22 1.303899360660718476e-22
1.515136718750000000e+00 -2.007326693683871585e-22 -3.538266680450732848e-22
1.515625000000000000e+00 1.697796784065475901e-22 3.920906767706547409e-23
1.516113281250000000e+00 -6.730612986778566180e-23 -1.977659092102417539e-22
1.516601562500000000e+00 1.575301095555381408e-22 7.876142282377956748e-23
1.517089843750000000e+00 -5.202845686536985251e-23 -3.548725011511636429e-22
1.517578125000000000e+00 -5.554068392624881386e-23 -4.641952194227332599e-23
1.518066406250000000e+00 1.053098524343918142e-24 6.583305573736867342e-23
1.518554687500000000e+00 1.190378660944640620e-23 -1.394548243822951681e-22
1.519042968750000000e+00 3.401323509464684848e-24 -4.579188986447272824e-23
1.519531250000000000e+00 -1.333030594525969566e-22 3.828876408497220933e-23
1.520019531250000000e+00 -2.115505037240281918e-22 1.742807862894595322e-23
1.520507812500000000e+00 6.823887567804059140e-23 -1.841530306919345414e-22
1.520996093750000000e+00 -4.860218948705755235e-23 1.125575193461444402e-22
1.521484375000000000e+00 3.788408370694345696e-23 -1.119974149294593090e-22
1.521972656250000000e+00 5.629400985249497491e-23 2.843678855573014219e-23
1.522460937500000000e+00 5.399068676254138862e-23 -1.992893031006993980e-22
1.522949218750000000e+00 8.974998290779800398e-23 1.314402682926791725e-22
1.523437500000000000e+00 -1.846906274618195917e-22 -1.079579411196657648e-22
1.523925781250000000e+00 1.298738893676982012e-22 -1.466737429089544199e-22
1.524414062500000000e+00 2.128345005645875052e-23 9.345234923600772509e-23
1.524902343750000000e+00 -6.231766034666835963e-23 -2.584761398401073211e-24
1.525390625000000000e+00 6.518490070900480838e-23 2.039978042377233254e-22
1.525878906250000000e+00 1.190145237694661008e-22 1.281176979014487402e-22
1.526367187500000000e+00 -8.925723845605300618e-23 8.065310904927435963e-23
1.526855468750000000e+00 9.519777903314559548e-23 -1.942395208437851115e-23
1.527343750000000000e+00 -3.246984058486335699e-23 7.621449226558582997e-23
1.527832031250000000e+00 4.143535400101259068e-23 9.327841388534144858e-23
1.528320312500000000e+00 -1.075501365636019073e-22 2.144334300458731571e-22
1.528808593750000000e+00 5.558288084684530235e-23 -1.652721464112167230e-22
1.529296875000000000e+00 -1.705286609326204022e-23 1.007020841890569708e-23
1.529785156250000000e+00 -4.180524567315771892e-24 1.204914595036624038e-22
1.530273437500000000e+00 -1.797340268592616447e-23 1.864104823025629746e-22
1.530761718750000000e+00 8.142000035804682860e-23 2.941779112939657484e-23
1.531250000000000000e+00 -7.339981710550301398e-23 -1.493396956910890237e-22
1.531738281250000000e+00 -1.566282244973262693e-23 3.376379157654249314e-23
1.532226562500000000e+00 5.851699239724563022e-23 -5.657224338871734864e-23
1.532714843750000000e+00 -1.136686030024090975e-23 1.648714402937402554e-23
1.533203125000000000e+00 1.031942787029346197e-22 -1.317099713599994816e-22
1.533691406250000000e+00 4.670730719400305416e-23 2.401067472526105015e-22
1.534179687500000000e+00 -5.251327332688404650e-23 -1.858796266302627926e-22
1.534667968750000000e+00 9.822401663336816298e-23 1.640747849128601971e-22
1.535156250000000000e+00 2.411835510241499294e-23 -1.103563366096845257e-22
1.535644531250000000e+00 3.696469279988676407e-24 9.088377716923844916e-23
1.536132812500000000e+00 3.891191254361782312e-23 -1.973018508116021289e-22
1.536621093750000000e+00 9.936489151627677787e-23 2.187368084027436784e-22
1.537109375000000000e+00 -1.432251011087844130e-22 -1.830127579407850476e-22
1.537597656250000000e+00 -7.827978740917122007e-23 3.911100416437527039e-23
1.538085937500000000e+00 -8.047108298502235194e-23 -6.943938881057514442e-23
1.538574218750000000e+00 3.441657245766737922e-23 1.367519041169661538e-22
1.539062500000000000e+00 1.035351349002605676e-22 5.709319509673605782e-23
1.539550781250000000e+00 -7.909665311031765254e-25 -2.915952251068918494e-23
1.540039062500000000e+00 9.415438489257213360e-23 -1.866664173858596140e-22
1.540527343750000000e+00 1.956508020849135948e-22 6.867389177650898204e-23
1.541015625000000000e+00 -1.347725777551397810e-22 -1.617536058828772183e-22
1.541503906250000000e+00 1.305702025414857680e-22 1.430742657534790432e-22
1.541992187500000000e+00 -2.268691394743404696e-22 -4.244644219236731987e-24
1.542480468750000000e+00 7.086354255643757338e-23 5.518694429483157031e-23
1.542968750000000000e+00 -1.211452282853483498e-22 -2.742992017880266490e-22
1.543457031250000000e+00 1.362717663912240485e-22 -1.300716087763938155e-24
1.543945312500000000e+00 1.117070681392950239e-22 9.689271909435841926e-23
1.544433593750000000e+00 4.989793773373595825e-23 -2.207556611518435387e-22
1.544921875000000000e+00 -2.631071635748865254e-22 1.762419967339197833e-23
1.545410156250000000e+00 6.511179254674344723e-23 1.624058673354436418e-22
1.545898437500000000e+00 -2.400860533912281511e-22 -8.559125005010924866e-23
1.546386718750000000e+00 -2.159382407980930294e-22 1.272888271668114800e-22
1.546875000000000000e+00 -1.222478057897211799e-22 -1.835296263326286967e-22
1.547363281250000000e+00 1.621582036130096531e-22 -5.536328879710821654e-23
1.547851562500000000e+00 -2.396285766004456336e-23 3.895101346515191889e-23
1.548339843750000000e+00 -1.733960875975107141e-22 -8.017774079273354585e-23
1.548828125000000000e+00 1.729980420558085839e-22 1.651161922952471877e-22
1.549316406250000000e+00 -3.767637837779821358e-23 -2.239465060679978251e-22
1.549804687500000000e+00 -8.352047667305998614e-23 1.293355946928060449e-22
1.550292968750000000e+00 2.255532890297946164e-22 1.952765948357759238e-23
1.550781250000000000e+00 -1.304798126384651088e-22 -1.391179883767811746e-22
1.551269531250000000e+00 7.407253007398214096e-24 -1.769888386008195880e-22
1.551757812500000000e+00 -1.040550191987747567e-22 -1.641478044235846803e-22
1.552246093750000000e+00 -1.509221687517530009e-22 7.769237513063149274e-24
1.552734375000000000e+00 2.232432847553129813e-23 -5.539724597106896046e-23
1.553222656250000000e+00 4.263811175055583950e-23 3.792332463682381849e-23
1.553710937500000000e+00 -1.184244651971002311e-22 1.125263265091675358e-22
1.554199218750000000e+00 9.225890035482461077e-23 1.798716425854633615e-22
1.554687500000000000e+00 2.389478891765291713e-23 3.009132717086045943e-23
1.555175781250000000e+00 1.000757596068963495e-22 3.382834330873310518e-22
1.555664062500000000e+00 9.893586089805462409e-23 6.097368817631541124e-23
1.556152343750000000e+00 1.568715124943281437e-22 6.048434257650910563e-23
1.556640625000000000e+00 1.648579429175889866e-22 1.046308858022494906e-22
1.557128906250000000e+00 -4.824457328986419709e-23 -7.366193150550318550e-23
1.557617187500000000e+00 5.572842864746424900e-23 5.690752592719659917e-23
1.558105468750000000e+00 -2.156630485115781153e-22 -1.914601631038009521e-23
1.558593750000000000e+00 4.328676306052041186e-23 4.185509736661734903e-23
1.559082031250000000e+00 -5.658755873092464806e-23 8.898140774958257775e-23
1.559570312500000000e+00 1.694740154143019349e-22 2.991514316716037062e-22
1.560058593750000000e+00 2.448609776345167516e-22 2.053034685063584493e-25
1.560546875000000000e+00 -5.783974496771610593e-23 -9.754043349503020398e-23
1.561035156250000000e+00 -1.962891156291302719e-22 2.971822938882704104e-23
1.561523437500000000e+00 1.287222994333989653e-22 -3.326368381441661346e-23
1.562011718750000000e+00 5.710931278266426899e-23 -2.892566465451954345e-23
1.562500000000000000e+00 -1.211651169677929398e-22 -3.439138202087679585e-23
1.562988281250000000e+00 1.429846569726505596e-24 -1.045918989867222013e-22
1.563476562500000000e+00 6.095945860664330122e-23 -2.175926228802727445e-23
1.563964843750000000e+00 -7.206766944355916238e-23 -1.955106195110852570e-22
1.564453125000000000e+00 -1.435080363937963963e-22 8.820706940304191090e-23
1.564941406250000000e+00 -9.480681701122308411e-23 -1.880989092295524228e-22
1.565429687500000000e+00 2.009429955679081132e-23 1.638963617245126374e-22
1.565917968750000000e+00 9.742477379695069628e-23 -4.107026899830403546e-22
1.566406250000000000e+00 1.586158545314589080e-24 3.501359136085111437e-23
1.566894531250000000e+00 1.303173470095887328e-22 5.265954121198332396e-23
1.567382812500000000e+00 -6.411541636101622431e-23 3.478083899734573250e-23
1.567871093750000000e+00 -3.994237457439970584e-23 5.642672940677951711e-23
1.568359375000000000e+00 1.925805201368224403e-22 -3.046494241083859969e-24
1.568847656250000000e+00 6.699830620600688673e-23 8.320064150044451336e-23
1.569335937500000000e+00 1.688317411958997243e-22 5.668493531414784735e-23
1.569824218750000000e+00 -1.263170551326836059e-22 -3.509893900812438174e-22
1.570312500000000000e+00 1.787500769323308008e-22 9.042560052852811183e-24
1.570800781250000000e+00 -1.419150266775638130e-23 -8.238074553056324638e-23
1.571289062500000000e+00 -1.591627136705940238e-22 -2.643821030993473585e-23
1.571777343750000000e+00 -5.720390360525202446e-23 -3.171133528821530413e-23
1.572265625000000000e+00 -1.271714535271389438e-22 2.484049523975522047e-22
1.572753906250000000e+00 -1.213701568026392360e-22 -6.502367010741324504e-23
1.573242187500000000e+00 -2.922230407057001652e-24 1.555553262385496311e-22
1.573730468750000000e+00 1.554840275496868814e-22 -3.529355731378455138e-23
1.574218750000000000e+00 3.943725120912507252e-23 1.280279399476949026e-22
1.574707031250000000e+00 5.167022561910963030e-23 -1.348460878163961840e-22
1.575195312500000000e+00 -8.064451103344354883e-23 1.219216990167136014e-22
1.575683593750000000e+00 8.259012710661131128e-23 5.885050665801793803e-23
1.576171875000000000e+00 2.411312659428568874e-23 1.096521173226038388e-22
1.576660156250000000e+00 6.921044983630457851e-23 4.444447597342542454e-23
1.577148437500000000e+00 -1.880803105936614763e-22 1.430187983891573375e-23
1.577636718750000000e+00 -4.886355342229245635e-23 -2.784356279771168648e-22
1.578125000000000000e+00 -1.524309771231554977e-22 4.736609792459508924e-23
1.578613281250000000e+00 -4.011596265831346368e-23 7.749844804611909374e-23
1.579101562500000000e+00 2.143157570618804149e-23 2.671444576407915115e-23
1.579589843750000000e+00 9.532957682151541758e-24 -6.843337405024838005e-23
1.580078125000000000e+00 -1.227553692749909551e-22 -7.705311903328059895e-23
1.580566406250000000e+00 -1.153637697842555236e-22 2.095905346068792736e-22
1.581054687500000000e+00 -1.592154257740678764e-22 -1.522921959073363534e-22
1.581542968750000000e+00 -1.259617479116805877e-22 3.274288844401172004e-23
1.582031250000000000e+00 -1.977393780972190401e-22 2.509667624889752453e-23
1.582519531250000000e+00 -9.976571530965911832e-23 -8.635380212503235668e-23
1.583007812500000000e+00 2.775263013309627525e-23 -2.010048434315372908e-22
1.583496093750000000e+00 1.044843072389395536e-22 -1.082955471936712970e-22
1.583984375000000000e+00 7.758635787957471410e-23 -1.451944079700382623e-22
1.584472656250000000e+00 1.757436152789813651e-22 1.024983584392583872e-22
1.584960937500000000e+00 7.004676855007472412e-23 -1.979869092644731993e-23
1.585449218750000000e+00 -1.333489444590036675e-23 1.240692892606121687e-22
1.585937500000000000e+00 -1.582088507514200841e-22 -6.530827919291637260e-23
1.586425781250000000e+00 -1.556842412184666722e-22 -1.104906524468424447e-22
1.586914062500000000e+00 3.698800391049133740e-22 -6.141249945354678507e-23
1.587402343750000000e+00 -1.855780444732116647e-22 -7.104915019166808307e-23
1.587890625000000000e+00 -6.637497029647403134e-23 -1.095610546486005645e-22
1.588378906250000000e+00 1.915268264057767918e-22 1.431474758208732555e-22
1.588867187500000000e+00 -6.782406093661419274e-23 1.793333118197967842e-22
1.589355468750000000e+00 -2.029134609562376472e-23 1.259932145276229877e-22
1.589843750000000000e+00 3.417875445060071550e-22 2.081873388011929366e-22
1.590332031250000000e+00 4.333941930729375432e-23 -5.819350324407249637e-23
1.590820312500000000e+00 9.310811644434716992e-23 1.177035887985069605e-22
1.591308593750000000e+00 1.625962871639389069e-22 6.993242591220855428e-23
1.591796875000000000e+00 2.529890880427885410e-22 2.707851414889627865e-22
1.592285156250000000e+00 8.544321777974177570e-23 1.971812148818483616e-22
1.592773437500000000e+00 3.161810829659641172e-22 -8.379137838861268743e-23
1.593261718750000000e+00 -6.919783123007324932e-24 -2.142793261506903259e-24
1.593750000000000000e+00 1.921754740365197244e-22 4.434517675685639571e-24
1.594238281250000000e+00 2.535517990673568896e-24 6.927182511744639690e-23
1.594726562500000000e+00 2.579201084293655453e-24 4.639798102860283581e-23
1.595214843750000000e+00 4.655856434505354677e-23 -8.356570339936801049e-23
1.595703125000000000e+00 -1.353445503718959969e-22 1.904524682767864512e-22
1.596191406250000000e+00 -1.515249302270619324e-22 -1.528379387148712125e-22
1.596679687500000000e+00 -2.682325507591832921e-23 -7.918355894957666684e-23
1.597167968750000000e+00 -3.150413762114629210e-23 -2.508668783692172356e-23
1.597656250000000000e+00 1.748693030162372527e-22 -1.641168796633991343e-22
1.598144531250000000e+00 -2.585336128295768692e-22 -1.731755721620875842e-22
1.598632812500000000e+00 1.092137880844125253e-22 -1.871290182819484258e-22
1.599121093750000000e+00 4.404929375133532807e-24 -8.330424298852629484e-24
1.599609375000000000e+00 -3.869395189996227601e-22 -9.507067210521261425e-23
1.600097656250000000e+00 1.038841436548078320e-22 -1.998921349477412661e-22
1.600585937500000000e+00 -2.810745620881706714e-22 1.567473683554593582e-23
1.601074218750000000e+00 -2.611740935027843072e-23 4.815064095668202419e-24
1.601562500000000000e+00 -1.426163383421427148e-22 -6.701033959767871373e-23
1.602050781250000000e+00 -1.261432010360228724e-22 -2.260957651978322538e-22
1.602539062500000000e+00 -1.619900570376900394e-22 1.923366613795678457e-24
1.603027343750000000e+00 1.975267373204789755e-22 1.646777441804526165e-22
1.603515625000000000e+00 -3.235714352722452964e-22 -8.047608228325605458e-23
1.604003906250000000e+00 1.100180953613178072e-22 -9.649799971826280417e-24
1.604492187500000000e+00 1.011340488468781026e-22 9.639103255043798124e-23
1.604980468750000000e+00 3.618092855811470186e-23 5.461831794082826554e-23
1.605468750000000000e+00 -1.460611505055019057e-22 2.866746034334298334e-22
1.605957031250000000e+00 -2.718276142388422050e-23 -1.776159218499580899e-23
1.606445312500000000e+00 -4.131607064527605108e-23 2.400267037880470898e-23
1.606933593750000000e+00 2.452949192627457221e-22 2.074036086272904525e-22
1.607421875000000000e+00 -1.670831956988946600e-22 1.862299745227617625e-23
1.607910156250000000e+00 -3.456828285068011872e-22 4.183472438719486629e-23
1.608398437500000000e+00 1.652213005977772862e-22 -9.690957093531249471e-23
1.608886718750000000e+00 4.652685378203563675e-23 1.067525392771505312e-22
1.609375000000000000e+00 -2.174808346470948845e-22 -3.991781945894424833e-23
1.609863281250000000e+00 2.275424727293622520e-22 5.217674426985865998e-23
1.610351562500000000e+00 -9.441564145646273140e-23 7.993894741287111128e-23
1.610839843750000000e+00 -3.709931085921274469e-23 1.557553097669595501e-23
1.611328125000000000e+00 -9.052475849503184660e-23 5.770621678497598486e-23
1.611816406250000000e+00 1.237176471014718058e-22 -1.433220177647928814e-22
1.612304687500000000e+00 -2.560848778882477737e-23 -2.017146516382550680e-22
1.612792968750000000e+00 -6.212780383221503697e-23 1.572142658428355925e-22
1.613281250000000000e+00 9.654221176940348368e-23 -7.515628541615094445e-23
1.613769531250000000e+00 -5.523326510352412944e-23 -1.540009822826460893e-22
1.614257812500000000e+00 2.315086753183402641e-22 9.296315158459467753e-23
1.614746093750000000e+00 2.028100171336176217e-22 2.211837797833907082e-22
1.615234375000000000e+00 2.206610315926303646e-23 -9.695752938692311157e-23
1.615722656250000000e+00 1.280710023285438891e-22 -1.859669356915697947e-22
1.616210937500000000e+00 2.582626963023170272e-23 2.285807819617739048e-23
1.616699218750000000e+00 9.339727313619819719e-23 -4.647270544842193219e-23
1.617187500000000000e+00 4.077771316158686724e-23 -9.049279235444334149e-23
1.617675781250000000e+00 -1.494955962263190427e-23 -6.997758145281165013e-23
1.618164062500000000e+00 -1.750288844850316577e-22 2.109409153862714047e-22
1.618652343750000000e+00 2.064481500290890005e-22 -1.102091427556122065e-23
1.619140625000000000e+00 1.507026133697565004e-22 -2.523299493661086280e-25
1.619628906250000000e+00 -1.261207635231168982e-22 -3.467292665965339679e-22
1.620117187500000000e+00 2.310923017558473268e-22 2.582820377515470579e-22
1.620605468750000000e+00 4.976189559724689445e-24 -1.824126561449243736e-22
1.621093750000000000e+00 8.630367330974099231e-23 8.126713937713099577e-23
1.621582031250000000e+00 -6.596817207802596791e-23 2.390881598310532185e-22
1.622070312500000000e+00 7.787486244337859059e-23 -1.848310776077242609e-22
1.622558593750000000e+00 1.288516818336616659e-22 6.597785333797095182e-23
1.623046875000000000e+00 -2.566875524087396286e-23 -1.884105633923317239e-22
1.623535156250000000e+00 -1.226038135246887650e-23 -2.462506797608551580e-23
1.624023437500000000e+00 -1.139698210511714384e-22 2.163515237645670071e-22
1.624511718750000000e+00 1.600624335416194103e-22 -3.006612276253389839e-24
1.625000000000000000e+00 -2.959929811963433882e-22 -8.900910506449548887e-23
1.625488281250000000e+00 -2.347022065880114590e-22 6.329749000666057086e-23
1.625976562500000000e+00 3.255030498644860763e-23 -1.019175995914585717e-24
1.626464843750000000e+00 2.744247385525208877e-23 1.765588614079356245e-22
1.626953125000000000e+00 -2.158858943080437151e-22 -4.593170355107203971e-23
1.627441406250000000e+00 1.677284397937505242e-22 -1.047068267236661211e-22
1.627929687500000000e+00 2.519470716017546763e-23 1.966686475645776775e-22
1.628417968750000000e+00 -7.536170513578197898e-23 -2.414015440342005644e-23
1.628906250000000000e+00 5.071850169939018520e-23 -1.255630309064834857e-24
1.629394531250000000e+00 1.230059762298292508e-22 -1.530578064273291521e-22
1.629882812500000000e+00 1.081213495443301652e-24 2.616269537452062832e-22
1.630371093750000000e+00 4.202798935874773498e-23 -1.651925378592077322e-22
1.630859375000000000e+00 -1.209633430310371262e-22 9.728996009015353339e-23
1.631347656250000000e+00 9.929952965960264815e-23 1.434856879484167423e-22
1.631835937500000000e+00 -3.290525192754600704e-22 5.859150142561108413e-23
1.632324218750000000e+00 2.476589151190308676e-22 -2.450566433290888057e-22
1.632812500000000000e+00 3.142559903768589968e-23 1.481718770227759473e-22
1.633300781250000000e+00 -1.025389123441382549e-23 -1.862591515405319098e-22
1.633789062500000000e+00 -1.918273479380313729e-23 4.763524204101137403e-23
1.634277343750000000e+00 4.752460822443807836e-23 6.075437781509398770e-23
1.634765625000000000e+00 -1.119330224609033025e-22 2.048924980751153048e-22
1.635253906250000000e+00 -4.676942780068415483e-22 -7.934612426227965701e-23
1.635742187500000000e+00 -4.160871068470913334e-23 9.263647174676353946e-23
1.636230468750000000e+00 -1.450094246440365331e-22 -2.256937584991032795e-22
1.636718750000000000e+00 -1.106017875066468997e-22 1.648187358930337948e-22
1.637207031250000000e+00 -1.522734643623346315e-23 -1.178801426615587672e-22
1.637695312500000000e+00 -3.784706042385120341e-23 5.630960960881585809e-23
1.638183593750000000e+00 -6.078342430440770656e-23 3.585640188727863830e-23
1.638671875000000000e+00 1.641150196160379818e-23 -3.452488930124306675e-23
1.639160156250000000e+00 -2.991679710451907709e-23 -1.132664612647449595e-22
1.639648437500000000e+00 1.450192306839114329e-22 -3.211554327182841125e-22
1.640136718750000000e+00 1.240719107041554695e-22 -1.223470397984668096e-22
1.640625000000000000e+00 -1.201775404468795793e-22 -9.074814673174954116e-23
1.641113281250000000e+00 6.780976736289408848e-23 -1.088818935319133648e-24
1.641601562500000000e+00 1.980360271132551532e-22 2.409215137074291982e-22
1.642089843750000000e+00 -6.084350233604557236e-23 -1.358998665886973458e-22
1.642578125000000000e+00 9.968875014843648881e-23 2.124315668971155067e-22
1.643066406250000000e+00 1.286380879120301314e-22 -1.750514669471232811e-22
1.643554687500000000e+00 1.467170027137768901e-22 1.067919692440377352e-22
1.644042968750000000e+00 -1.054395856153019755e-22 -1.264826395244796679e-22
1.644531250000000000e+00 1.612139877007521156e-22 -2.776306149229520994e-23
1.645019531250000000e+00 -2.060376474226232915e-23 1.504318447408106009e-22
1.645507812500000000e+00 2.719178068607348662e-23 -1.346613105143426081e-22
1.645996093750000000e+00 2.576415753354267305e-22 5.362701290889645787e-23
1.646484375000000000e+00 -2.838463514263947291e-22 -1.237819095456212457e-22
1.646972656250000000e+00 5.475811524316386552e-24 2.747862630581660676e-22
1.647460937500000000e+00 4.244994845758747808e-23 5.872565202130858659e-24
1.647949218750000000e+00 -4.503833813697594920e-23 3.054702673435595701e-22
1.648437500000000000e+00 7.071055397737147234e-23 -1.930354100725594051e-22
1.648925781250000000e+00 3.822652810439827477e-23 -9.799691021875262581e-24
1.649414062500000000e+00 7.761519495943220758e-23 9.351168598820367785e-23
1.649902343750000000e+00 2.475640710782042369e-22 -1.818091065647363718e-22
1.650390625000000000e+00 5.495325217522958089e-23 -2.292437195949380966e-22
1.650878906250000000e+00 -9.303006300872596118e-23 1.742203417914495461e-22
1.651367187500000000e+00 -9.562747290175834160e-23 -1.017238428771795258e-22
1.651855468750000000e+00 1.744731669844512768e-22 1.190460845884815606e-22
1.652343750000000000e+00 -8.121926187442672761e-23 8.303642534294236697e-23
1.652832031250000000e+00 8.183119695875484541e-25 -9.361454697335193371e-23
1.653320312500000000e+00 -2.735507613374748140e-22 1.116752557300509941e-22
1.653808593750000000e+00 1.082154063487856140e-22 1.315859843285301413e-22
1.654296875000000000e+00 -1.784269168975717458e-22 4.068727731585299177e-23
1.654785156250000000e+00 1.275831942343620860e-22 2.368559866397903311e-22
1.655273437500000000e+00 1.748913275555944193e-22 2.360048367610688009e-23
1.655761718750000000e+00 -6.102610241071560850e-23 7.155312906261208747e-23
1.656250000000000000e+00 -1.831374498586036466e-22 -1.681127647688698883e-22
1.656738281250000000e+00 1.425327625390162730e-22 -2.125005099078798780e-23
1.657226562500000000e+00 -2.077896583691176501e-22 -4.040826814085701881e-23
1.657714843750000000e+00 5.106585369526255487e-23 -2.404613007681066234e-24
1.658203125000000000e+00 6.358178171995571360e-23 -1.365812819206866455e-22
1.658691406250000000e+00 -1.578028972611896153e-22 -1.065724740043208162e-22
1.659179687500000000e+00 1.019962356907524013e-22 -7.452472806372634498e-23
1.659667968750000000e+00 -9.401777557915959189e-23 -2.098404224794513735e-22
1.660156250000000000e+00 8.924437603586822792e-23 1.114871382866143765e-22
1.660644531250000000e+00 -1.865522294767742047e-22 -7.889490575158586596e-24
1.661132812500000000e+00 1.337216036432162688e-23 4.703303510901717697e-23
1.661621093750000000e+00 8.662317623605747815e-23 -9.331040495442649836e-23
1.662109375000000000e+00 -8.201942715726019955e-26 -3.185212764922160705e-23
1.662597656250000000e+00 -1.521308937856721275e-22 -4.130474979803404561e-23
1.663085937500000000e+00 3.182565074940759669e-23 3.985274904415952171e-23
1.663574218750000000e+00 -1.956327349519312607e-22 1.056179019189597021e-22
1.664062500000000000e+00 9.828221437996925325e-23 -1.678988005703893589e-22
1.664550781250000000e+00 -1.328262882403111368e-22 -3.632591043855006538e-23
1.665039062500000000e+00 1.118494556038301856e-22 3.786770945187431735e-23
1.665527343750000000e+00 -1.840383635796250936e-22 -7.980619952156694843e-23
1.666015625000000000e+00 4.952647155173314914e-23 3.165593193957697085e-23
1.666503906250000000e+00 1.213918496318783693e-22 1.162507494175499105e-22
1.666992187500000000e+00 -1.179426721675397094e-22 2.131642270102033095e-22
1.667480468750000000e+00 1.052427016609724291e-22 1.653606269888142904e-22
1.667968750000000000e+00 2.985622001987097330e-22 6.749342658339696459e-23
1.668457031250000000e+00 -2.072439310730768945e-22 5.016914671511585502e-23
1.668945312500000000e+00 7.611454615675956248e-23 3.485006955774021652e-23
1.669433593750000000e+00 1.450514104426718866e-22 5.849369186802130466e-23
1.669921875000000000e+00 -1.558998189365637721e-22 2.395205998469021660e-23
1.670410156250000000e+00 1.302296384588842457e-22 -7.239934508140304392e-23
1.670898437500000000e+00 -2.506502924037901654e-23 1.313121227839966042e-22
1.671386718750000000e+00 -2.550639530172245100e-23 -1.311727916267736331e-23
1.671875000000000000e+00 -9.845835501053238187e-25 -1.249424744257052144e-22
1.672363281250000000e+00 -1.088114800253722780e-22 4.546781940411738603e-23
1.672851562500000000e+00 -1.025411613070710237e-22 -2.709673056167337273e-22
1.673339843750000000e+00 2.798042989177971417e-22 1.682386865699265136e-22
1.673828125000000000e+00 -2.842846269724402717e-23 7.970995636813362012e-23
1.674316406250000000e+00 9.048489173946857662e-23 -1.410969411612371351e-22
1.674804687500000000e+00 -1.308141933837879620e-22 1.046305863470404593e-22
1.675292968750000000e+00 -9.808995216375188297e-24 -1.100457180212511439e-22
1.675781250000000000e+00 -3.468219260109806817e-23 -7.844219979957160944e-23
1.676269531250000000e+00 4.359932753518879169e-23 -1.440435166168522795e-22
1.676757812500000000e+00 1.316406740731611696e-23 -8.052612263606776600e-23
1.677246093750000000e+00 -2.158501971932563530e-23 -1.334574292034357849e-22
1.677734375000000000e+00 -1.509593829397742281e-22 5.955006785123055132e-23
1.678222656250000000e+00 1.636829211537182920e-22 -1.807195650563200840e-22
1.678710937500000000e+00 -1.101685323390991854e-22 2.761150189409364184e-24
1.679199218750000000e+00 1.890619775463115738e-22 1.135028250467771895e-23
1.679687500000000000e+00 8.205396662445093042e-24 -3.379943926105748407e-23
1.680175781250000000e+00 7.998139999281924702e-23 9.629388527191161371e-24
1.680664062500000000e+00 1.823149123982865945e-22 1.695002838403224134e-22
1.681152343750000000e+00 -8.751657373422444423e-23 -1.467516884165020927e-23
1.681640625000000000e+00 -1.757958998723594924e-22 7.322866203030392856e-23
1.682128906250000000e+00 -8.251302293509976195e-23 -6.758775310469479487e-23
1.682617187500000000e+00 1.985650885849745515e-23 -5.506704626832450972e-23
1.683105468750000000e+00 3.039443246614479596e-23 -7.899696431726387216e-23
1.683593750000000000e+00 1.601270709637420980e-23 6.376644254995393554e-23
1.684082031250000000e+00 -1.089004970791577238e-22 -7.859423706234470017e-24
1.684570312500000000e+00 -1.627165911562452242e-22 -5.205809549887527678e-23
1.685058593750000000e+00 -1.483582399220750407e-22 2.429972295085836591e-22
1.685546875000000000e+00 -4.319625455404376642e-23 -6.096622276279100659e-24
1.686035156250000000e+00 6.832147153204171322e-24 -1.123397227277516119e-22
1.686523437500000000e+00 3.333487607720626242e-22 -5.761599044640460237e-23
1.687011718750000000e+00 -7.950732307429552801e-23 1.505869582560484432e-22
1.687500000000000000e+00 1.028619467470298382e-23 2.717234624116153349e-22
1.687988281250000000e+00 -3.862771675835911486e-23 -6.197804127757646395e-23
1.688476562500000000e+00 4.207419969998505058e-23 -8.665671597423739890e-23
1.688964843750000000e+00 -1.081602611171688377e-23 -6.543959176647366707e-23
1.689453125000000000e+00 -1.611886360083611304e-22 1.941511118970162484e-22
1.689941406250000000e+00 1.577041187564127234e-22 -2.346327774680557512e-23
1.690429687500000000e+00 2.971735275338827642e-22 1.585429808560115361e-22
1.690917968750000000e+00 1.339853792372931094e-22 1.298305268288693929e-23
1.691406250000000000e+00 -1.659852563578658585e-22 1.970192191460064288e-22
1.691894531250000000e+00 7.724853402319276742e-23 -6.421049753332242630e-23
1.692382812500000000e+00 -1.391949862968930197e-22 2.321304018649082756e-22
1.692871093750000000e+00 -1.381657458312334714e-22 -1.840312956545786253e-22
1.693359375000000000e+00 3.101434339106892260e-23 -3.891063448758247456e-23
1.693847656250000000e+00 2.438751178992354122e-22 5.502667381312853446e-23
1.694335937500000000e+00 1.283724188130193672e-22 -3.326025380963536195e-22
1.694824218750000000e+00 3.006343754889567806e-23 -7.295051984299580292e-23
1.695312500000000000e+00 -1.349483658368768581e-22 8.462339072527671496e-23
1.695800781250000000e+00 1.306798729195743709e-22 -2.078837764364978065e-22
1.696289062500000000e+00 6.667417476585300320e-23 1.189727940082169109e-22
1.696777343750000000e+00 -1.476512340859339721e-23 8.691643513765546045e-23
1.697265625000000000e+00 -3.701616533081317995e-23 1.662658178774783444e-22
1.697753906250000000e+00 1.388548706616721031e-22 -7.783417657853501882e-23
1.698242187500000000e+00 1.568734516639595849e-24 -7.564990679309653994e-23
1.698730468750000000e+00 2.039150441299800313e-22 -2.506768204109217055e-22
1.699218750000000000e+00 -3.301934458283305440e-22 -1.559728383673645842e-22
1.699707031250000000e+00 -2.998917883944975191e-23 1.081575438676108116e-22
1.700195312500000000e+00 -1.734725555422597339e-22 -2.221509023445773071e-22
1.700683593750000000e+00 2.361364655088575066e-23 2.041970691239393843e-22
1.701171875000000000e+00 -2.641275384843862716e-22 1.003249497326832239e-22
1.701660156250000000e+00 -1.775734419064150602e-22 -1.045294301444696879e-22
1.702148437500000000e+00 -4.999432620060336611e-23 -5.445068870492329423e-23
1.702636718750000000e+00 -1.871484797569417353e-22 -9.743091751147633825e-24
1.703125000000000000e+00 1.431598489018901106e-23 1.530790049806369818e-22
1.703613281250000000e+00 -1.398905180841780594e-22 4.089618702268879946e-23
1.704101562500000000e+00 6.366220895510749771e-23 -1.489612010704780052e-22
1.704589843750000000e+00 8.321532650207840942e-23 1.588142136030135224e-22
1.705078125000000000e+00 8.258178921438515545e-23 -1.187458966439711202e-22
1.705566406250000000e+00 -4.641220343311595725e-23 1.756056783799677012e-22
1.706054687500000000e+00 9.802922843970565606e-23 1.637426826938541311e-22
1.706542968750000000e+00 4.664172011623060697e-23 1.282626690447793573e-23
1.707031250000000000e+00 3.240745781853599076e-25 -1.015109693303153884e-22
1.707519531250000000e+00 5.644781076607835708e-23 -6.876270790960296025e-23
1.708007812500000000e+00 -1.576999158727676702e-22 -6.079289270396802990e-23
1.708496093750000000e+00 1.355799584625660249e-22 3.631228597886752423e-23
1.708984375000000000e+00 1.231208574876188873e-22 6.550925433011886362e-23
1.709472656250000000e+00 -3.356427253611420118e-22 -3.081219811924657185e-22
1.709960937500000000e+00 -1.151512364926166441e-22 6.184206572164169981e-23
1.710449218750000000e+00 2.106589000968663896e-22 -5.347369395114224184e-23
1.710937500000000000e+00 2.483778995845882264e-23 4.074091599318579860e-23
1.711425781250000000e+00 3.970090980820140978e-22 2.826796296011634387e-24
1.711914062500000000e+00 -9.676642789893882005e-23 -5.057709452349611406e-23
1.712402343750000000e+00 -2.179332594960610414e-23 5.385506881600811391e-23
1.712890625000000000e+00 9.296652888964775721e-23 -9.058069475702878518e-23
1.713378906250000000e+00 1.942744569056969945e-22 7.422479901088059217e-23
1.713867187500000000e+00 -1.010348604076211545e-22 -1.023925485625325517e-22
1.714355468750000000e+00 -5.430294343451966803e-23 7.330693784635720236e-23
1.714843750000000000e+00 9.859291437511592043e-23 5.069625863485718643e-23
1.715332031250000000e+00 2.825629352921115064e-23 -9.006524522029888688e-24
1.715820312500000000e+00 5.479651356366692535e-24 1.037782129435911470e-22
1.716308593750000000e+00 -1.823940044528084003e-22 7.668005569947351114e-23
1.716796875000000000e+00 5.201913747204604621e-23 3.618126922111556471e-23
1.717285156250000000e+00 1.800712793160038235e-23 1.138553231949607803e-22
1.717773437500000000e+00 -8.191378966766037006e-23 -2.774963986988722565e-23
1.718261718750000000e+00 -1.169437263291411826e-22 -9.781267127367890939e-23
1.718750000000000000e+00 1.536225568367515775e-22 1.062796910676609337e-22
1.719238281250000000e+00 -5.784080486961205048e-23 1.284161193066050575e-22
1.719726562500000000e+00 2.147220594790247946e-22 2.070957809457559541e-22
1.720214843750000000e+00 8.351407353305873465e-23 -7.004269965606652624e-23
1.720703125000000000e+00 -9.656791775845169185e-23 -1.512743595916221639e-22
1.721191406250000000e+00 1.315924876025115938e-22 9.537289781005015709e-23
1.721679687500000000e+00 8.178399906677313265e-23 6.649274887481922005e-23
1.722167968750000000e+00 -1.917502799779958735e-22 -1.879343659423647883e-22
1.722656250000000000e+00 -1.722075531336644363e-22 2.889367765105067743e-23
1.723144531250000000e+00 -9.548426906803244679e-23 -2.010692532593463596e-22
1.723632812500000000e+00 2.314455970968633956e-22 2.593824938940135517e-23
1.724121093750000000e+00 -1.841390212459812646e-22 -1.900554654899075071e-22
1.724609375000000000e+00 -2.372743013753578094e-23 1.170452442509863488e-22
1.725097656250000000e+00 -4.511855900205878902e-23 1.230515812932097980e-22
1.725585937500000000e+00 1.993732879476490725e-23 1.785268654153988775e-22
1.726074218750000000e+00 1.514254835251193941e-24 -7.114890843628097257e-23
1.726562500000000000e+00 -1.976021414146441297e-22 -1.386318172056586772e-22
1.727050781250000000e+00 1.160290227481547077e-22 1.076173484363870107e-22
1.727539062500000000e+00 1.223991674033272792e-22 -9.419147257408043876e-23
1.728027343750000000e+00 6.478001313110377939e-23 1.884365448076881009e-22
1.728515625000000000e+00 -1.420032081867850409e-24 -3.267235237035511505e-22
1.729003906250000000e+00 1.108878918210222016e-22 -1.431258045943792146e-22
1.729492187500000000e+00 1.483072963078078587e-22 6.827168383763919282e-23
1.729980468750000000e+00 -1.667690570734555455e-22 9.683253939468242077e-23
1.730468750000000000e+00 2.816126439754858069e-22 -1.087909782121803270e-22
1.730957031250000000e+00 -2.418243118495188135e-22 6.042901707312626911e-23
1.731445312500000000e+00 1.341160059629213802e-22 -2.396275507893923001e-22
1.731933593750000000e+00 -1.050614411210465894e-22 8.273131165242777513e-23
1.732421875000000000e+00 9.019083470114876088e-23 -8.289076350276197276e-23
1.732910156250000000e+00 -2.431194395000959790e-22 -9.577812398046060861e-23
1.733398437500000000e+00 2.187571130658937537e-22 -1.611627959491436072e-23
1.733886718750000000e+00 -2.190164487651945861e-22 -9.649045442731813250e-24
1.734375000000000000e+00 -8.662743897929966624e-23 1.574310273359091420e-22
1.734863281250000000e+00 9.216106276135072033e-23 -6.259410785742762376e-23
1.735351562500000000e+00 -8.662922195935318446e-24 -4.720109860173295839e-23
1.735839843750000000e+00 -1.948264157030235181e-22 -4.147238466139857448e-23
1.736328125000000000e+00 6.636124562136345444e-24 1.592212386700288698e-22
1.736816406250000000e+00 -9.444018714359553725e-23 -1.298763159946974658e-22
1.737304687500000000e+00 9.164311450602541931e-23 1.162333338200261254e-22
1.737792968750000000e+00 2.449969911228105409e-23 8.617918240572379285e-23
1.738281250000000000e+00 2.559414081266044590e-23 3.342001742806478694e-25
1.738769531250000000e+00 -1.680409850301822383e-22 2.919789608243582756e-23
1.739257812500000000e+00 1.988788345550908262e-22 1.522945966734757456e-22
1.739746093750000000e+00 -2.798617429235391072e-22 1.629365426199740447e-22
1.740234375000000000e+00 5.526225065380559801e-23 1.040266370536781466e-23
1.740722656250000000e+00 3.373224210862172265e-23 5.335510545452737085e-23
1.741210937500000000e+00 -1.700340837411864480e-22 1.793413819781569382e-23
1.741699218750000000e+00 -2.066711115396480289e-23 1.132135219345980716e-22
1.742187500000000000e+00 -1.372454831116152627e-22 4.774488304677739536e-23
1.742675781250000000e+00 7.204350321752330488e-23 -2.141240438866880690e-23
1.743164062500000000e+00 6.750854991683252775e-23 9.511950476084233363e-23
1.743652343750000000e+00 -1.914726921262435360e-22 -1.345397648405348037e-22
1.744140625000000000e+00 1.764437246778733733e-22 -2.997095500786718624e-23
1.744628906250000000e+00 5.194186536222180647e-24 -1.487554476736298542e-22
1.745117187500000000e+00 -1.783154707504187107e-23 -2.353876885799005399e-22
1.745605468750000000e+00 6.686321508783527570e-23 7.202873590297593803e-23
1.746093750000000000e+00 8.266473550878026250e-23 -1.335976210147086969e-22
1.746582031250000000e+00 2.335438945151023331e-23 2.478126382926486107e-23
1.747070312500000000e+00 -6.033430113033969390e-23 -1.654127082780498082e-23
1.747558593750000000e+00 2.556841651043646789e-22 1.393477852773628850e-22
1.748046875000000000e+00 -1.653644204862892269e-22 1.947605699540700559e-23
1.748535156250000000e+00 1.493725948034241423e-22 7.688969683037708967e-23
1.749023437500000000e+00 1.458269480451220165e-22 -2.892585920127424902e-23
1.749511718750000000e+00 -2.965121560984656212e-23 1.359321042098203726e-23
1.750000000000000000e+00 2.391464770910584619e-23 5.945072437836546969e-23
1.750488281250000000e+00 -1.083896785356707288e-23 1.097955537746196916e-22
1.750976562500000000e+00 1.457190360347498667e-22 -4.000493014216672369e-23
1.751464843750000000e+00 1.606069615938355136e-22 2.021877376130800019e-23
1.751953125000000000e+00 1.049764833526860652e-22 7.666974660396555891e-23
1.752441406250000000e+00 -4.108873729860067273e-23 -1.693830423012524642e-22
1.752929687500000000e+00 -2.579051589830223502e-23 1.033389399005711494e-23
1.753417968750000000e+00 2.606299662888462675e-22 2.810485123283147955e-24
1.753906250000000000e+00 1.566943091465907572e-22 1.385831973474817416e-22
1.754394531250000000e+00 -2.563103061478000317e-22 3.861168969514970347e-23
1.754882812500000000e+00 1.064653149852871201e-22 -1.185040367348761719e-22
1.755371093750000000e+00 3.088791291188623316e-23 -4.718518841456287830e-23
1.755859375000000000e+00 -1.794675469743585862e-22 1.960366942743491680e-23
1.756347656250000000e+00 1.487907333416304113e-22 -5.523646019680291990e-23
1.756835937500000000e+00 -7.311969649228434912e-23 -7.967669752829729826e-23
1.757324218750000000e+00 -1.425050384506493435e-22 -4.056829452374770774e-23
1.757812500000000000e+00 2.898478600803881712e-23 -2.989998072676997224e-22
1.758300781250000000e+00 -5.041414132677304280e-23 1.822260898195379153e-23
1.758789062500000000e+00 1.570620225697288183e-23 -9.215038344183215026e-23
1.759277343750000000e+00 -1.705673141950093051e-22 -1.084662276310950506e-22
1.759765625000000000e+00 -5.559197466677721487e-23 1.650400272013093706e-23
1.760253906250000000e+00 -8.491941542327336481e-23 7.458319279670664164e-23
1.760742187500000000e+00 -3.756062005181083137e-23 -7.314492795804428619e-23
1.761230468750000000e+00 1.513961944640252716e-22 1.393139033962262619e-22
1.761718750000000000e+00 -2.202235638603310331e-22 -1.402706276792634023e-22
1.762207031250000000e+00 -3.009502120697364439e-23 -5.672701845685630029e-23
1.762695312500000000e+00 -1.653530476314251629e-22 -1.448161770488724427e-23
1.763183593750000000e+00 -1.211769174695733126e-22 -7.038058460972596080e-23
1.763671875000000000e+00 8.259708460522834092e-23 -2.647729217583636769e-23
1.764160156250000000e+00 1.288814692630325538e-22 1.110645354335936802e-22
1.764648437500000000e+00 -6.916283093264172482e-23 -3.591714673213611215e-22
1.765136718750000000e+00 3.026491451406685626e-23 7.600724682767756145e-23
1.765625000000000000e+00 -1.577930226274316671e-22 2.197110298720507126e-22
1.766113281250000000e+00 -6.128277316257677909e-23 1.962805866109144726e-22
1.766601562500000000e+00 -1.257074182987951228e-22 -1.856357858662110766e-24
1.767089843750000000e+00 -1.004464212069390725e-22 1.515288759538492154e-22
1.767578125000000000e+00 -1.638835244384302618e-22 1.432319527078867718e-22
1.768066406250000000e+00 1.716504690531954300e-22 2.959934700328192396e-22
1.768554687500000000e+00 1.051833139569569599e-22 1.447268410973688403e-23
1.769042968750000000e+00 -8.492969073093793263e-23 6.820478372019707092e-25
1.769531250000000000e+00 1.801298445847431592e-22 5.370990998205654309e-23
1.770019531250000000e+00 -7.643584025428413391e-23 2.226387330430384138e-22
1.770507812500000000e+00 -7.061737502854660164e-23 -2.152838943944850703e-22
1.770996093750000000e+00 -6.126459338616158412e-23 3.103467771676620466e-22
1.771484375000000000e+00 2.675548902429249316e-22 2.074516790247239596e-22
1.771972656250000000e+00 2.446840322998426350e-23 -1.942707718777081674e-22
1.772460937500000000e+00 1.482246096254479427e-22 -4.052560534753197079e-23
1.772949218750000000e+00 1.846785913281865798e-23 -4.242099318497979327e-23
1.773437500000000000e+00 -7.120489414308558733e-23 1.613632451624559262e-22
1.773925781250000000e+00 1.803649001168837119e-22 -1.471225509732814540e-22
1.774414062500000000e+00 1.060086716282588468e-22 -2.040454490118390258e-22
1.774902343750000000e+00 -1.454106697593128444e-22 2.397711153877928761e-23
1.775390625000000000e+00 1.470566459239209077e-22 2.590562866483848929e-23
1.775878906250000000e+00 1.290675676751851212e-22 9.571248174570719344e-23
1.776367187500000000e+00 -5.303845793413109172e-23 -1.773868335518604983e-22
1.776855468750000000e+00 -1.152413127330152939e-22 6.185525470382630634e-23
1.777343750000000000e+00 -6.989454166487612877e-23 -9.634151764643687346e-23
1.777832031250000000e+00 1.396911347234420047e-23 9.552305065760650231e-23
1.778320312500000000e+00 -4.841850305352065818e-23 -1.214196636994134262e-22
1.778808593750000000e+00 5.299967953540554777e-23 1.399139370137984577e-23
1.779296875000000000e+00 -5.628118775105986371e-24 -1.752930969732783997e-22
1.779785156250000000e+00 1.630614019358182641e-22 2.310054025639556048e-22
1.780273437500000000e+00 -2.562117346773131898e-23 -1.963862504680397228e-22
1.780761718750000000e+00 2.466743998788781703e-22 1.543792257470487467e-22
1.781250000000000000e+00 -9.832902658671175850e-23 -2.945435267637302635e-23
1.781738281250000000e+00 4.244110688137254295e-23 -1.297992426233301638e-23
1.782226562500000000e+00 -4.727969993118174626e-23 -2.374248278888141263e-22
1.782714843750000000e+00 -4.024288424665917016e-23 -2.182108608825173417e-22
1.783203125000000000e+00 -3.877391388824688412e-23 -1.491667799513176268e-22
1.783691406250000000e+00 -6.181059644480688807e-23 -1.604469316030775022e-22
1.784179687500000000e+00 -5.954266007309497231e-23 1.921053474484863682e-22
1.784667968750000000e+00 1.699991859180422030e-22 2.001984535235141507e-22
1.785156250000000000e+00 1.221573591830208837e-22 -4.266718783834378768e-22
1.785644531250000000e+00 5.203340937272074781e-23 1.314172707886967395e-22
1.786132812500000000e+00 9.993861833021221674e-23 -5.394376156521696194e-23
1.786621093750000000e+00 -1.130818026057753062e-22 -1.134648060127894958e-23
1.787109375000000000e+00 1.558184484838722600e-22 -1.172184701280942258e-22
1.787597656250000000e+00 -8.676687357860729335e-23 -2.406861574977562838e-22
1.788085937500000000e+00 -7.953282852899253410e-23 -7.027074362804899898e-23
1.788574218750000000e+00 -3.118770007201925185e-23 -3.438646652183490565e-23
1.789062500000000000e+00 -2.067585883120034006e-22 2.385637965510450217e-22
1.789550781250000000e+00 -1.346229185500535289e-22 1.529599521089247414e-22
1.790039062500000000e+00 -1.224094390786200166e-22 1.553226349846088328e-22
1.790527343750000000e+00 1.461187851938557712e-23 -1.004661211437402923e-22
1.791015625000000000e+00 1.969928281954219676e-23 1.163262625801447451e-22
1.791503906250000000e+00 -1.587034199101586719e-22 1.048575279582491363e-22
1.791992187500000000e+00 -1.877394813702520997e-22 -9.410352585660857751e-25
1.792480468750000000e+00 6.369504573178964688e-23 1.923670741812627525e-22
1.792968750000000000e+00 5.971116570201052031e-23 1.137441149793685798e-22
1.793457031250000000e+00 -1.678795523226514742e-22 -9.135109037772945070e-23
1.793945312500000000e+00 1.367296582244630292e-22 1.219496859363796583e-22
1.794433593750000000e+00 9.740748100769688462e-23 -6.565418326825453347e-23
1.794921875000000000e+00 -6.611380722976764525e-23 1.205098928657540733e-22
1.795410156250000000e+00 1.498970654835227837e-23 1.459056179589142283e-23
1.795898437500000000e+00 3.446784042390930126e-23 -7.638876018520559061e-23
1.796386718750000000e+00 1.413790918130637320e-22 9.767174197121168490e-24
1.796875000000000000e+00 8.949764299820457394e-23 -2.020228554606562419e-22
1.797363281250000000e+00 1.640894003298759237e-22 -1.791865215117266764e-23
1.797851562500000000e+00 1.084057424388812617e-22 1.659089712913849873e-22
1.798339843750000000e+00 -2.306268097081678462e-22 -8.123658040303362786e-23
1.798828125000000000e+00 6.531103524899298352e-23 2.177648997643630344e-22
1.799316406250000000e+00 -3.123992821758282505e-23 1.583225531427314196e-22
1.799804687500000000e+00 2.092533822636039379e-22 1.904384995550916936e-22
1.800292968750000000e+00 -3.400064698419988889e-22 1.482091956449049114e-22
1.800781250000000000e+00 3.099348060368372893e-23 1.461084310487322461e-22
1.801269531250000000e+00 2.886951863149249959e-23 -4.330060977069092370e-23
1.801757812500000000e+00 -1.275533080441204775e-22 -1.488471605964210694e-22
1.802246093750000000e+00 1.315292454081716677e-22 7.428681382455423453e-23
1.802734375000000000e+00 1.044952153529588922e-23 8.601893614451191725e-24
1.803222656250000000e+00 -1.745614011634480155e-22 -1.666730141196917694e-22
1.803710937500000000e+00 -8.663760272363153626e-23 2.139576058839243500e-22
1.804199218750000000e+00 1.393992164755421613e-22 1.710466970992438015e-23
1.804687500000000000e+00 -6.133723378631032019e-23 -2.319640592073596189e-22
1.805175781250000000e+00 -3.040283666310613321e-22 8.002291137663383637e-23
1.805664062500000000e+00 2.171900381844692768e-23 6.027003181144810046e-23
1.806152343750000000e+00 -1.298797071682621545e-22 -3.317716841000051558e-23
1.806640625000000000e+00 1.279268072401789833e-22 -1.153328170726212379e-22
1.807128906250000000e+00 1.648377757648945643e-23 -6.912478824719143902e-23
1.807617187500000000e+00 1.886594640934520686e-22 -2.419147947725724659e-23
1.808105468750000000e+00 1.504893687460865485e-22 -9.186809022442041604e-23
1.808593750000000000e+00 -9.023977744967685458e-23 -1.376495570065849033e-22
1.809082031250000000e+00 -9.042840050433941025e-25 6.007244329486945079e-23
1.809570312500000000e+00 2.036831224937571820e-22 -5.865003801464935185e-23
1.810058593750000000e+00 -1.465468925857385919e-22 -1.644548371076171693e-22
1.810546875000000000e+00 1.131040393633948689e-22 -9.526723656213466419e-23
1.811035156250000000e+00 1.631945777019198590e-22 -4.955302822636757006e-23
1.811523437500000000e+00 5.084376169738947985e-23 9.219348824014417073e-23
1.812011718750000000e+00 8.394354093038857147e-25 -1.240292460482748398e-22
1.812500000000000000e+00 1.338689942039652274e-22 -3.818977603063049098e-22
1.812988281250000000e+00 -1.044865855601483517e-22 -2.598896639383002651e-22
1.813476562500000000e+00 -1.637799192982588959e-22 1.535137496541496696e-22
1.813964843750000000e+00 7.539710284982997900e-23 -2.090974600471521890e-22
1.814453125000000000e+00 -7.988443947406474497e-23 -1.009381410557152394e-22
1.814941406250000000e+00 6.702962967682764919e-23 -5.425301701946717353e-23
1.815429687500000000e+00 1.663236355843818207e-22 -1.418611650516816162e-22
1.815917968750000000e+00 -5.237597687236368968e-23 2.492459737641030153e-22
1.816406250000000000e+00 9.762219794607976548e-23 9.333314279478262145e-23
1.816894531250000000e+00 -4.736004567900751667e-23 -6.156686180521732028e-23
1.817382812500000000e+00 2.144581720439294247e-23 5.296187385269969961e-23
1.817871093750000000e+00 -1.752205447223691303e-22 3.721545967789429837e-23
1.818359375000000000e+00 2.237170672708840746e-22 -6.649303428995859036e-23
1.818847656250000000e+00 6.236752055418042865e-23 1.902041289053013984e-22
1.819335937500000000e+00 3.935153053732441114e-23 -4.031525948042095981e-23
1.819824218750000000e+00 -8.937696011734885986e-23 5.401783318549172103e-23
1.820312500000000000e+00 -1.302405551529582149e-23 3.544351356860683717e-22
1.820800781250000000e+00 -1.971053724694799411e-22 1.003276178602407736e-23
1.821289062500000000e+00 -6.231371585231376424e-23 1.559489300264357513e-22
1.821777343750000000e+00 2.739217178056326142e-23 -5.909998929468887808e-23
1.822265625000000000e+00 -1.989536699679483623e-23 2.457425975298536799e-22
1.822753906250000000e+00 -2.751519501075824125e-22 3.415712695698670669e-22
1.823242187500000000e+00 5.012359506147253420e-23 -1.022671729566967536e-22
1.823730468750000000e+00 1.188043159258784977e-22 1.901324719623800588e-22
1.824218750000000000e+00 -5.996166225421329913e-23 2.130483647167165587e-22
1.824707031250000000e+00 7.939157276111915529e-23 1.621448905476554658e-22
1.825195312500000000e+00 1.930122699207007298e-24 8.323638155905990927e-24
1.825683593750000000e+00 -1.347995800859423960e-22 1.492691848125770534e-23
1.826171875000000000e+00 1.490950363986595716e-22 1.469628475239820715e-24
1.826660156250000000e+00 -1.745398522375927781e-22 1.464818225529502913e-23
1.827148437500000000e+00 1.655566385914981549e-22 9.066797225270056148e-23
1.827636718750000000e+00 -9.247532667850746853e-23 -2.079275035549833351e-22
1.828125000000000000e+00 2.219374048335144214e-22 -1.808088208589585578e-22
1.828613281250000000e+00 -4.874546340399198891e-23 -1.056663528877591715e-22
1.829101562500000000e+00 4.679309460870351816e-23 -2.129646620665675145e-22
1.829589843750000000e+00 -4.643558866497166746e-24 -1.360229974336655157e-23
1.830078125000000000e+00 -2.492246798637096060e-22 -8.308787348793550312e-23
1.830566406250000000e+00 -9.950543914710892120e-23 -5.493969458714757521e-23
1.831054687500000000e+00 -2.193121694184065820e-22 -2.007528733137111587e-22
1.831542968750000000e+00 1.069974965169892758e-23 1.692971289427048659e-22
1.832031250000000000e+00 1.428995569396665756e-22 -6.758723169370874391e-23
1.832519531250000000e+00 -8.990709222974966216e-24 -3.567027219249683463e-23
1.833007812500000000e+00 4.886684254003580990e-23 1.407640277142271681e-22
1.833496093750000000e+00 -8.025307875813254737e-23 7.079968192436391404e-23
1.833984375000000000e+00 -9.181179383838807461e-23 1.812476993353628859e-22
1.834472656250000000e+00 2.753410434100750391e-24 -2.444273271638161905e-23
1.834960937500000000e+00 -1.489087338186895629e-22 -1.282880847648505193e-22
1.835449218750000000e+00 -3.605320383197517752e-23 -1.542732062979237850e-22
1.835937500000000000e+00 -3.537202144434834135e-23 -9.675329122355693461e-23
1.836425781250000000e+00 2.021247805099104525e-23 -1.045416102180172631e-22
1.836914062500000000e+00 1.374555897897257372e-22 8.295562847991913566e-23
1.837402343750000000e+00 1.820725360941989817e-23 -7.429642554517373674e-24
1.837890625000000000e+00 2.015447273749980346e-22 -4.269911625482667969e-24
1.838378906250000000e+00 -7.450611750684785889e-23 -5.577421343867645958e-23
1.838867187500000000e+00 1.411741681810809276e-22 6.004136704411090080e-23
1.839355468750000000e+00 1.508287075384197659e-22 -4.685939314940938337e-23
1.839843750000000000e+00 3.395008963093291946e-23 -2.758895669303236423e-22
1.840332031250000000e+00 7.750776686198244043e-23 -1.182538017656012816e-22
1.840820312500000000e+00 1.995995974568626263e-22 1.621309185171236614e-23
1.841308593750000000e+00 2.057465102448179316e-22 1.551434449098552766e-22
1.841796875000000000e+00 -1.642506310020057292e-22 -8.066995240271899951e-23
1.842285156250000000e+00 2.854612285322705874e-22 -7.708539339867501758e-23
1.842773437500000000e+00 -7.253947604437088695e-23 7.614936804419958100e-23
1.843261718750000000e+00 1.799654043160168255e-22 6.191388835651684575e-24
1.843750000000000000e+00 1.081241109111984352e-22 -1.079749175763265303e-22
1.844238281250000000e+00 -4.446025902973612616e-23 -8.375003576052965011e-23
1.844726562500000000e+00 -2.206536837835131765e-22 4.314228136496166742e-23
1.845214843750000000e+00 -1.218690370347895027e-22 1.447432544641962953e-22
1.845703125000000000e+00 5.624233211138849635e-24 7.664913570809577225e-23
1.846191406250000000e+00 -4.474712586438471708e-23 -3.639801579897998375e-23
1.846679687500000000e+00 -2.264296228014713965e-22 9.568704719366451620e-23
1.847167968750000000e+00 -5.980272676283683976e-23 1.465986539602133038e-22
1.847656250000000000e+00 -1.733941080848583042e-22 -7.309737344056111688e-23
1.848144531250000000e+00 9.057831678212068186e-23 1.234007708709348861e-22
1.848632812500000000e+00 -1.165636739731980034e-22 8.165794148200965795e-23
1.849121093750000000e+00 -2.178802589833107046e-22 7.635082042752706366e-23
1.849609375000000000e+00 -1.266758474369737623e-22 1.607568683018563081e-23
1.850097656250000000e+00 -8.808184209902872157e-23 1.489215635218494869e-22
1.850585937500000000e+00 1.781863485285577507e-22 -1.568639095236825237e-23
1.851074218750000000e+00 1.123267789272981510e-22 6.133247976942711254e-23
1.851562500000000000e+00 3.527787883848858765e-23 -1.372145134256516273e-22
1.852050781250000000e+00 4.000172957864437979e-23 4.069943353892624637e-23
1.852539062500000000e+00 -1.922736325557481761e-22 -3.239343489037036214e-22
1.853027343750000000e+00 1.453464616296326239e-22 2.376019327474890108e-22
1.853515625000000000e+00 1.037122287406536001e-22 -1.975560030947255670e-23
1.854003906250000000e+00 -1.439524789336711772e-22 7.565790711916626108e-23
1.854492187500000000e+00 -1.082327167368938541e-22 -1.395234613111824605e-22
1.854980468750000000e+00 3.189938851494288880e-22 2.075529662356534872e-22
1.855468750000000000e+00 -7.203164865091469409e-23 -9.726566658751322560e-23
1.855957031250000000e+00 4.204490002584540150e-23 -5.608107526755143319e-23
1.856445312500000000e+00 1.846592957001805728e-22 7.455633144848257777e-23
1.856933593750000000e+00 -6.071516683252405606e-23 -1.570073479449071840e-22
1.857421875000000000e+00 1.587523789742588661e-22 1.819953877384464855e-22
1.857910156250000000e+00 4.769189306874272550e-23 -1.993741266548645137e-22
1.858398437500000000e+00 -2.425835979393629644e-23 3.203470587857546280e-22
1.858886718750000000e+00 -4.485924077900090693e-23 1.877048025707122876e-22
1.859375000000000000e+00 2.056196423419673135e-22 -2.719341173961429778e-23
1.859863281250000000e+00 -3.410474021735682227e-22 -4.371879507750375768e-23
1.860351562500000000e+00 -8.865182533651558127e-23 -1.341800523175536072e-22
1.860839843750000000e+00 1.473684746526335819e-23 -1.050712302261368392e-22
1.861328125000000000e+00 1.778349409297324174e-22 8.374472561039864485e-23
1.861816406250000000e+00 -2.148421960289955845e-22 -2.279448415803074199e-22
1.862304687500000000e+00 2.471157114716487318e-22 -1.303280333863106065e-22
1.862792968750000000e+00 4.654352587257282912e-23 1.326865505858190841e-22
1.863281250000000000e+00 -1.295440658898208995e-22 9.217595465444207577e-23
1.863769531250000000e+00 6.192863649183738385e-23 -1.244982492143540981e-22
1.864257812500000000e+00 1.246360806070833051e-22 3.542764585690180096e-23
1.864746093750000000e+00 -8.105450460547034363e-23 -3.288769158175326149e-22
1.865234375000000000e+00 -9.522670609100952240e-23 -1.410781101099688547e-23
1.865722656250000000e+00 -1.940415460619707126e-24 1.440193588481482022e-22
1.866210937500000000e+00 -4.030042848282462958e-23 -1.936641567020968142e-22
1.866699218750000000e+00 -1.064787668975035163e-22 1.315897356898847441e-22
1.867187500000000000e+00 4.215036919938909134e-23 -1.991995238505534095e-22
1.867675781250000000e+00 -1.080207894955424522e-22 9.890177712009395557e-23
1.868164062500000000e+00 -2.050627759860052994e-22 -4.356030167160631742e-23
1.868652343750000000e+00 -1.147595470670423370e-22 1.791922866321420455e-22
1.869140625000000000e+00 -3.247671591278221907e-23 1.882048815985304320e-22
1.869628906250000000e+00 -1.243521311362117290e-22 -5.709646498922218398e-23
1.870117187500000000e+00 9.302975597674178472e-23 -6.458387980361324680e-24
1.870605468750000000e+00 -6.519734205421675006e-23 2.215842725830559215e-23
1.871093750000000000e+00 -1.031669934238829396e-23 1.080916591888329866e-22
1.871582031250000000e+00 2.205787818780395912e-22 -5.737816716089643887e-23
1.872070312500000000e+00 -3.215344061018602595e-22 3.862620157720880920e-25
1.872558593750000000e+00 3.378405208666655087e-23 -4.777172948774542977e-23
1.873046875000000000e+00 7.554945980894041558e-23 -4.794870138009330353e-23
1.873535156250000000e+00 5.921358155976273887e-24 2.012178124760022885e-22
1.874023437500000000e+00 1.442504947073458959e-22 -2.374833875693759105e-23
1.874511718750000000e+00 -4.360776781027800694e-24 -2.071463842805097668e-22
1.875000000000000000e+00 3.543577429962661205e-23 1.453640473912516805e-22
1.875488281250000000e+00 1.595222905601348582e-22 -9.812243295887363543e-23
1.875976562500000000e+00 1.817516154681984623e-22 1.812651437224877091e-22
1.876464843750000000e+00 1.033578797898495304e-22 -2.535526046314821200e-23
1.876953125000000000e+00 -1.783746980317979794e-23 1.082218243264971520e-22
1.877441406250000000e+00 5.839336758682200352e-23 7.381364341611647502e-24
1.877929687500000000e+00 -5.819716122848251196e-25 -5.391972918615020872e-23
1.878417968750000000e+00 -2.674102818217165151e-24 4.453874649894306670e-23
1.878906250000000000e+00 -4.220151088647051845e-23 6.066936872316369397e-23
1.879394531250000000e+00 6.630667198898029109e-23 -1.182565290003060984e-22
1.879882812500000000e+00 -1.015317725519944968e-22 1.680879949247898089e-22
1.880371093750000000e+00 2.305317584677071059e-22 -2.248568617461875155e-22
1.880859375000000000e+00 2.758991411376030249e-23 -1.796126760422278071e-22
1.881347656250000000e+00 2.126871120447617489e-22 -1.638632064451874372e-22
1.881835937500000000e+00 -1.498967749772757087e-23 -1.575795460805157061e-22
1.882324218750000000e+00 1.571497829089962081e-22 2.171985310495288567e-22
1.882812500000000000e+00 -2.058716561779836493e-22 4.054182296254000378e-23
1.883300781250000000e+00 1.025011627732454189e-22 -2.274896251033983883e-22
1.883789062500000000e+00 1.643873289512648148e-22 -2.685619672887003921e-23
1.884277343750000000e+00 -5.968184501324388157e-23 1.429953578984001387e-22
1.884765625000000000e+00 3.117733992999659721e-23 -2.861050638624429281e-22
1.885253906250000000e+00 4.281504313577760877e-23 3.542993362586460729e-23
1.885742187500000000e+00 1.058658182279618099e-22 -3.260862386687846187e-23
1.886230468750000000e+00 -2.128412576690726642e-22 1.419919441404688868e-22
1.886718750000000000e+00 1.085109250876812858e-23 2.061481061036328574e-23
1.887207031250000000e+00 -2.714408257994393485e-22 2.484040269072093884e-22
1.887695312500000000e+00 -7.720910879962341033e-23 7.338472492552127190e-23
1.888183593750000000e+00 1.027331742578019113e-22 8.893256474645898186e-23
1.888671875000000000e+00 -6.939811357523821824e-23 2.863094255909234084e-22
1.889160156250000000e+00 -1.430173571483008404e-22 -1.362584373237109445e-22
1.889648437500000000e+00 -2.578717890344879959e-22 -7.960588064824334034e-24
1.890136718750000000e+00 -4.315543499290111321e-23 -2.369059883134724505e-22
1.890625000000000000e+00 -9.922896630947665456e-23 1.354175253185129914e-22
1.891113281250000000e+00 -7.508253722235492960e-23 8.832745772727894398e-24
1.891601562500000000e+00 -1.193431718164865549e-22 -4.918244797456751530e-23
1.892089843750000000e+00 -2.137860882084102836e-22 -2.912419769806881536e-23
1.892578125000000000e+00 -8.414384958125884330e-23 2.465321429546630902e-22
1.893066406250000000e+00 -1.726875083835980833e-22 9.196918850471456065e-23
1.893554687500000000e+00 2.444623359575165524e-22 2.437610915242793243e-23
1.894042968750000000e+00 2.511673646564460326e-22 -2.526750397530908702e-23
1.894531250000000000e+00 2.202360621204967740e-23 2.796537864952280941e-22
1.895019531250000000e+00 -1.433093372075161579e-22 -2.266800039714475050e-22
1.895507812500000000e+00 3.378088063642068861e-23 3.977729076493229438e-23
1.895996093750000000e+00 -3.335721190062992723e-22 -1.043918397404777875e-22
1.896484375000000000e+00 2.937590902271443441e-24 -3.777249457501518867e-23
1.896972656250000000e+00 -1.155907388747416243e-23 1.857706917271405378e-22
1.897460937500000000e+00 3.593890231324071176e-23 -8.979841230359871235e-23
1.897949218750000000e+00 -5.707252859409351001e-24 3.076984431786785229e-23
1.898437500000000000e+00 -1.325408138308344387e-22 5.614145066063529925e-23
1.898925781250000000e+00 1.374268807609600657e-22 -1.342150472444598279e-23
1.899414062500000000e+00 1.912874291043138244e-22 -2.386353182581155224e-22
1.899902343750000000e+00 1.324083472854241413e-22 -1.423839574690102895e-22
1.900390625000000000e+00 5.611282701380149481e-23 -7.824384907382135064e-23
1.900878906250000000e+00 2.245711106716821241e-22 4.502030003426958087e-24
1.901367187500000000e+00 2.552106731548977028e-24 -9.414342203118946684e-23
1.901855468750000000e+00 9.575348197776042099e-23 -8.236892186901191247e-23
1.902343750000000000e+00 3.849724449169326515e-22 -8.290064079287090430e-23
1.902832031250000000e+00 1.053827766154519439e-22 -7.989674667246936000e-23
1.903320312500000000e+00 3.026768961799947762e-23 -1.103506207931054436e-22
1.903808593750000000e+00 1.544211251256658251e-22 5.312664571327899057e-23
1.904296875000000000e+00 -1.734023405241807768e-22 -1.774131015499517858e-23
1.904785156250000000e+00 1.731096332811616583e-22 -7.759949951502355591e-23
1.905273437500000000e+00 4.647250253390825701e-23 -2.045852563628262428e-23
1.905761718750000000e+00 -1.137569422334902197e-22 1.731728237743578101e-23
1.906250000000000000e+00 1.592712018539392902e-22 5.590567952537051067e-24
1.906738281250000000e+00 -5.555073879977243360e-23 -6.630327330524581271e-24
1.907226562500000000e+00 -3.186258115007855410e-23 5.759823641217725828e-23
1.907714843750000000e+00 -6.026698774151938544e-23 -2.417215733158608451e-22
1.908203125000000000e+00 -1.834173136747852193e-22 8.701530633279745530e-23
1.908691406250000000e+00 7.576197148215416603e-24 1.770478040262462599e-22
1.909179687500000000e+00 -5.815812011978207010e-23 4.526743404451294090e-23
1.909667968750000000e+00 4.186416549209696561e-24 2.193515629232173044e-22
1.910156250000000000e+00 4.573567921185272898e-23 2.540614161252079157e-22
1.910644531250000000e+00 -1.115525658080920698e-22 8.368912089545169553e-23
1.911132812500000000e+00 -3.126993717777663302e-22 2.953409627074193660e-23
1.911621093750000000e+00 4.909827663343013360e-23 -1.724570885084842095e-22
1.912109375000000000e+00 3.814908854566100264e-23 1.727195561202666299e-22
1.912597656250000000e+00 -5.300127098360035189e-23 5.109645894092179791e-23
1.913085937500000000e+00 1.117669604868234258e-22 4.342795147711587293e-24
1.913574218750000000e+00 4.740292098356184224e-23 -5.974696046885652026e-23
1.914062500000000000e+00 -1.292307033669283545e-22 -1.578629747156459428e-22
1.914550781250000000e+00 -5.072505128906630797e-23 1.981190111091295231e-22
1.915039062500000000e+00 -1.664288103387802562e-23 -7.008770955490882080e-23
1.915527343750000000e+00 2.199545123890361257e-22 7.428656139047273551e-23
1.916015625000000000e+00 8.019493005123813069e-23 6.092568436455058284e-24
1.916503906250000000e+00 2.810848478280113908e-24 1.859662385230462928e-25
1.916992187500000000e+00 -4.784924375124527899e-23 9.822860759673201829e-23
1.917480468750000000e+00 -1.091199409436331157e-23 8.819768589792643756e-23
1.917968750000000000e+00 -6.189404939340025999e-23 1.343254042850798756e-24
1.918457031250000000e+00 -4.739483491271002142e-23 1.129547618126350256e-22
1.918945312500000000e+00 1.404694117450554455e-23 -1.408387812658671745e-22
1.919433593750000000e+00 1.551826255123349392e-22 -2.550417971883516267e-22
1.919921875000000000e+00 -2.496149943270166126e-22 8.183551998557040116e-23
1.920410156250000000e+00 -3.975218892862435372e-23 -1.175932176777993920e-22
1.920898437500000000e+00 9.328007225721256912e-23 7.031040347712763069e-23
1.921386718750000000e+00 -9.588389635236775044e-23 -5.612316240569771591e-22
1.921875000000000000e+00 -1.723859679268496786e-22 4.712617367686357284e-23
1.922363281250000000e+00 -3.480401695015034340e-22 -1.292647704765349959e-23
1.922851562500000000e+00 -1.262199138106526817e-22 1.218632244637901845e-22
1.923339843750000000e+00 7.654897583185783955e-23 -2.377421939374710919e-23
1.923828125000000000e+00 -1.377662590883396674e-22 2.407124257629129935e-23
1.924316406250000000e+00 1.012034657003285554e-22 -6.078006697097114493e-23
1.924804687500000000e+00 1.770074292320931791e-23 8.042382649950175437e-24
1.925292968750000000e+00 2.056180631335060862e-22 -3.565882440275092905e-23
1.925781250000000000e+00 1.524426787371020974e-23 4.630825320461044534e-23
1.926269531250000000e+00 -1.213677674388912493e-22 9.030278432264878680e-23
1.926757812500000000e+00 1.630863868361087671e-22 -6.246747291399897425e-23
1.927246093750000000e+00 -1.276160909269735397e-22 -3.619606266847081833e-24
1.927734375000000000e+00 7.019266195397247753e-23 1.130025299306253669e-22
1.928222656250000000e+00 3.126747384416734390e-22 -4.876385585137683426e-23
1.928710937500000000e+00 5.725243509240584743e-23 -8.821817715759131485e-23
1.929199218750000000e+00 -3.051810866508243891e-23 8.803218299463996514e-23
1.929687500000000000e+00 1.374152790106795252e-22 4.498571410658446983e-23
1.930175781250000000e+00 1.147000429796436018e-22 6.896096214704350998e-23
1.930664062500000000e+00 -8.111107667749220268e-23 1.494997191100008468e-22
1.931152343750000000e+00 7.188426929550804724e-23 7.336684967825108571e-23
1.931640625000000000e+00 1.030593874232975713e-23 -6.017198359889388415e-23
1.932128906250000000e+00 -1.704871413704474183e-22 -1.116794389377285249e-22
1.932617187500000000e+00 2.819216028506073343e-22 2.043974738020916445e-22
1.933105468750000000e+00 -9.677116945300049987e-23 -3.960393042296923247e-23
1.933593750000000000e+00 8.366486165687138445e-23 8.001576341597507814e-23
1.934082031250000000e+00 -3.396629877103869261e-22 -4.162814777769258119e-23
1.934570312500000000e+00 -1.419879472359359522e-22 1.274772273757368259e-23
1.935058593750000000e+00 2.257846172142933012e-22 -1.355321700477445827e-22
1.935546875000000000e+00 -1.764123692331944340e-22 -8.590884921078554041e-23
1.936035156250000000e+00 1.790333300614319583e-22 5.334504875679688546e-24
1.936523437500000000e+00 -7.101671580080687129e-23 -4.067701770521678992e-23
1.937011718750000000e+00 1.774809318242102717e-22 -7.710036214781327502e-23
1.937500000000000000e+00 1.487279756069168940e-22 6.256378592180000043e-23
1.937988281250000000e+00 3.579277549515459268e-23 3.941270137644324876e-23
1.938476562500000000e+00 2.352339365959476721e-22 2.443131721539420078e-23
1.938964843750000000e+00 4.105549206611317091e-23 -5.896449527878192877e-23
1.939453125000000000e+00 -9.540997539648230805e-23 8.310912518800110244e-25
1.939941406250000000e+00 -6.075511220654717182e-23 -1.462674209573550987e-22
1.940429687500000000e+00 7.276042448614381173e-23 1.165244672823833608e-22
1.940917968750000000e+00 -1.011053686978676206e-22 1.405635112792674302e-22
1.941406250000000000e+00 2.368755477612757548e-23 -3.144429866614176505e-23
1.941894531250000000e+00 -2.104272907171182130e-22 1.400339683343936205e-22
1.942382812500000000e+00 8.310563313847278796e-23 4.955535756004078434e-25
1.942871093750000000e+00 8.569719597621286086e-23 8.554696707594406343e-23
1.943359375000000000e+00 -7.439636382915157293e-24 3.755761753477241726e-23
1.943847656250000000e+00 7.470644979811647634e-23 4.854132830913078138e-23
1.944335937500000000e+00 -8.233179776412486997e-23 3.543007842041748064e-24
1.944824218750000000e+00 -6.409782347618352030e-23 -4.098640973511358151e-23
1.945312500000000000e+00 -2.698611145995824179e-22 -4.126156692887576770e-23
1.945800781250000000e+00 1.986184076294040722e-23 -4.002309689996084792e-23
1.946289062500000000e+00 -3.818291195348559359e-23 -1.089596167438879333e-22
1.946777343750000000e+00 -1.097114522985449081e-22 -2.445572547758082344e-22
1.947265625000000000e+00 1.628292201043214923e-22 -9.793755158502511919e-23
1.947753906250000000e+00 8.347652675084184562e-25 -5.853452177627581047e-23
1.948242187500000000e+00 1.372333752899478377e-23 -9.454473409453507166e-23
1.948730468750000000e+00 7.728373771089083512e-23 7.974568787066665907e-23
1.949218750000000000e+00 -1.240911349663308878e-22 -1.158754325053337652e-22
1.949707031250000000e+00 -1.815891310351255542e-22 1.644374364057799927e-22
1.950195312500000000e+00 -1.451574271799651647e-22 1.015391842152465923e-22
1.950683593750000000e+00 -2.773290063805991845e-22 -9.222762314580343094e-23
1.951171875000000000e+00 2.324603977414753208e-22 -7.836320467313500076e-23
1.951660156250000000e+00 1.063450494282566543e-22 1.127460379671618630e-22
1.952148437500000000e+00 -1.008806760561925245e-22 1.606285213377041829e-22
1.952636718750000000e+00 -2.541209701847185175e-26 -1.575304096117967706e-22
1.953125000000000000e+00 9.589583265948779496e-23 1.173115400374879331e-22
1.953613281250000000e+00 -9.450096004622774681e-23 -3.097912250856998014e-22
1.954101562500000000e+00 8.424473915576323272e-23 -5.693054336826753128e-23
1.954589843750000000e+00 -1.671828946784958521e-22 -5.735810446592310166e-23
1.955078125000000000e+00 -6.369766366333798061e-23 1.552135373285254030e-23
1.955566406250000000e+00 -1.108595734603486881e-22 7.065081290930052166e-23
1.956054687500000000e+00 1.310363677664730732e-22 2.312871017104312832e-22
1.956542968750000000e+00 7.145598157668773856e-23 4.088087349357010519e-24
1.957031250000000000e+00 -7.666348874470278155e-23 5.839783810013466496e-23
1.957519531250000000e+00 -1.071279636561688705e-22 -1.655102585198355322e-22
1.958007812500000000e+00 1.135706020700139843e-22 -1.102353751639963235e-22
1.958496093750000000e+00 -5.819580322248111558e-23 2.995900187377724665e-22
1.958984375000000000e+00 -1.453022142976214995e-23 1.134587833418435630e-22
1.959472656250000000e+00 2.973614759038348384e-22 -6.092344517494535997e-24
1.959960937500000000e+00 6.178953534629890360e-23 9.309013424444128499e-23
1.960449218750000000e+00 1.968568819099871830e-22 -1.248344075470192320e-22
1.960937500000000000e+00 1.540145937744301115e-22 1.867867025454523999e-22
1.961425781250000000e+00 -2.294656937059833909e-23 1.208903305554414910e-22
1.961914062500000000e+00 2.382537315273940307e-23 1.264906220940872641e-22
1.962402343750000000e+00 7.892689894786888533e-23 1.485787456735503428e-22
1.962890625000000000e+00 -3.186426730481534453e-23 2.195742063953958394e-23
1.963378906250000000e+00 -1.761574002821180409e-22 3.299219514877052457e-22
1.963867187500000000e+00 1.099108108075342193e-22 -7.205531615401289368e-23
1.964355468750000000e+00 -3.289552500142056656e-23 2.131091560517422207e-22
1.964843750000000000e+00 -7.233052003527597436e-24 -1.835235723102290740e-22
1.965332031250000000e+00 1.369946359544627195e-22 -1.789221090682479497e-22
1.965820312500000000e+00 2.475104845220044188e-22 -1.925067878605536514e-23
1.966308593750000000e+00 3.791995661665948749e-23 -1.127018782162726159e-22
1.966796875000000000e+00 -1.830087010201606042e-22 9.246153872084909214e-24
1.967285156250000000e+00 -2.707837526792293635e-23 1.475057492833033902e-24
1.967773437500000000e+00 7.848051746571671843e-23 -2.471267169171497210e-22
1.968261718750000000e+00 -1.904933654215300500e-23 -8.789900419817538865e-23
1.968750000000000000e+00 1.047322964257294128e-22 -1.374266775543596130e-22
1.969238281250000000e+00 8.823702594512727969e-23 9.850095628489721877e-24
1.969726562500000000e+00 -3.316860978359950181e-24 -1.385123836905391512e-22
1.970214843750000000e+00 -9.415306469516169189e-23 -1.642680961148189735e-22
1.970703125000000000e+00 3.139574796053504610e-23 2.147680154166108445e-23
1.971191406250000000e+00 3.774517858321452729e-23 -1.462456429059619573e-22
1.971679687500000000e+00 -1.825292175709286294e-22 1.804163584431881494e-22
1.972167968750000000e+00 -5.866212202918836962e-23 -1.952522003980786550e-22
1.972656250000000000e+00 -8.440552053492844707e-23 2.713733577761118449e-23
1.973144531250000000e+00 -3.098179028044790797e-23 -2.086346838522170344e-22
1.973632812500000000e+00 -5.487036770264900497e-23 6.461437876805618925e-23
1.974121093750000000e+00 -6.470837273501227107e-23 -8.949279353843199805e-23
1.974609375000000000e+00 2.861554897795628511e-24 -3.400493410881339714e-23
1.975097656250000000e+00 -2.123606695151988314e-22 -8.487681516910550767e-23
1.975585937500000000e+00 2.878918140898204966e-23 -1.397558715550337169e-23
1.976074218750000000e+00 1.227372176561792901e-22 1.489332710981604911e-22
1.976562500000000000e+00 -8.641533013924399080e-23 -1.771592045202023146e-22
1.977050781250000000e+00 -4.215318967304604398e-23 -5.362565045357772042e-23
1.977539062500000000e+00 -8.269354210211168097e-23 -3.920215464265381868e-23
1.978027343750000000e+00 7.127117721883578170e-23 1.510935072835179757e-22
1.978515625000000000e+00 -7.741793833985587963e-23 -6.167485149702028646e-23
1.979003906250000000e+00 -1.127247380419351526e-22 -6.945260736982668824e-23
1.979492187500000000e+00 -1.464412425559690480e-22 7.658156767303508386e-23
1.979980468750000000e+00 -9.653648606919505153e-24 1.830882791223869930e-22
1.980468750000000000e+00 1.662746909517021802e-22 -6.216167649741844442e-23
1.980957031250000000e+00 9.505364797429659193e-23 6.044961522426325271e-23
1.981445312500000000e+00 -6.543415869448128832e-24 -5.665069354835432562e-23
1.981933593750000000e+00 -2.753493071116225420e-24 2.449552335009219010e-22
1.982421875000000000e+00 -3.515812717020647607e-23 3.481313533095084169e-22
1.982910156250000000e+00 -3.040644086527442997e-22 1.678049746234539362e-22
1.983398437500000000e+00 1.908556922959439279e-22 -5.932289015889488875e-23
1.983886718750000000e+00 -2.494747848257971587e-22 4.133564907998115791e-22
1.984375000000000000e+00 2.110328387949838979e-22 -1.339199157944734830e-22
1.984863281250000000e+00 8.693466769284632491e-23 9.671629991757562707e-23
1.985351562500000000e+00 2.620920940750150997e-23 5.410384540832895156e-23
1.985839843750000000e+00 -1.409614872680531218e-22 2.535144900799499526e-22
1.986328125000000000e+00 -1.054737912426155070e-22 1.408306187802058081e-22
1.986816406250000000e+00 -6.947152240729533102e-23 7.854672233793984558e-23
1.987304687500000000e+00 2.948550901030415381e-22 -1.128683953976096468e-22
1.987792968750000000e+00 2.761855567811402890e-22 4.147974769975362428e-23
1.988281250000000000e+00 -2.653979605199005406e-22 -1.342508235600540900e-22
1.988769531250000000e+00 2.798042373590708476e-22 3.663910701298412591e-23
1.989257812500000000e+00 -5.935961101864199168e-23 -1.523444085861454203e-22
1.989746093750000000e+00 -1.278323285633036528e-22 -7.735811229751826436e-23
1.990234375000000000e+00 -5.986612356911029044e-24 9.265404975395987985e-23
1.990722656250000000e+00 2.409769183209995169e-22 -1.839571764748936786e-22
1.991210937500000000e+00 -2.014437159000551142e-22 -2.225287111594919105e-22
1.991699218750000000e+00 3.528658803077553257e-22 8.423284702787233848e-23
1.992187500000000000e+00 3.802976411914788281e-23 -8.378629342196722788e-24
1.992675781250000000e+00 1.541522350885689959e-22 -2.199364663452550245e-22
1.993164062500000000e+00 1.060081630481566042e-22 -1.497845744538374820e-22
1.993652343750000000e+00 6.771380523722009224e-23 -1.097103180389717294e-22
1.994140625000000000e+00 1.127094451326773741e-22 -7.258892018780046739e-23
1.994628906250000000e+00 -1.841240975708790226e-23 -1.083407503837897137e-22
1.995117187500000000e+00 -7.246451506821613212e-23 8.048484179798974791e-23
1.995605468750000000e+00 -4.975772994432985881e-23 -4.958020972559031706e-23
1.996093750000000000e+00 -3.703759682012925846e-23 1.936826940078621864e-23
1.996582031250000000e+00 8.528570039650439342e-24 1.320877782722653469e-22
1.997070312500000000e+00 9.090535357964730195e-24 -1.968368591569410369e-22
1.997558593750000000e+00 8.007722334519121386e-23 -2.538597204544554833e-22
1.998046875000000000e+00 7.531364627683261824e-23 1.070297941248105988e-22
1.998535156250000000e+00 -3.131891009863348563e-22 1.354079261957053646e-22
1.999023437500000000e+00 1.241480718332972343e-24 -8.509672592642426843e-23
1.999511718750000000e+00 1.074429778966014331e-23 9.350904855773235249e-23
