# time, h1_signal, l1_signal
0.000000000000000000e+00 -1.066540917076030459e-25 -1.750258460944831659e-24
4.882812500000000000e-04 9.564317181749148972e-26 -1.812939163155414121e-24
9.765625000000000000e-04 2.970923966111857961e-25 -1.860506698275896172e-24
1.464843750000000000e-03 4.960370594612464950e-25 -1.892602267419467237e-24
1.953125000000000000e-03 6.908464171646657179e-25 -1.908925887629736083e-24
2.441406250000000000e-03 8.798528249901419848e-25 -1.909345354929342482e-24
2.929687500000000000e-03 1.061510032907307137e-24 -1.893891430686762463e-24
3.417968750000000000e-03 1.234323015366580761e-24 -1.862658048343220815e-24
3.906250000000000000e-03 1.396809325570744359e-24 -1.815916990481318967e-24
4.394531250000000000e-03 1.547652015918401221e-24 -1.754086143060570328e-24
4.882812500000000000e-03 1.685606187199736653e-24 -1.677642360947179149e-24
5.371093750000000000e-03 1.809483554163034402e-24 -1.587239395069909942e-24
5.859375000000000000e-03 1.918293805398040228e-24 -1.483651817853784920e-24
6.347656250000000000e-03 2.011132115335764504e-24 -1.367703899823603766e-24
6.835937500000000000e-03 2.087188974792303864e-24 -1.240385620929514085e-24
7.324218750000000000e-03 2.145875975127979528e-24 -1.102772906666419834e-24
7.812500000000000000e-03 2.186697895398791544e-24 -9.559741632932519428e-25
8.300781250000000000e-03 2.209285540404495186e-24 -8.012406744977027236e-25
8.789062500000000000e-03 2.213499310779561806e-24 -6.398676767896907268e-25
9.277343750000000000e-03 2.199289210380784098e-24 -4.731623335331417309e-25
9.765625000000000000e-03 2.166749795860121127e-24 -3.025457690178954626e-25
1.025390625000000000e-02 2.116199511968458786e-24 -1.294384788529803692e-25
1.074218750000000000e-02 2.048035404562240588e-24 4.475021882264478624e-26
1.123046875000000000e-02 1.962808844552564439e-24 2.185331798452741131e-25
1.171875000000000000e-02 1.861277031452278931e-24 3.904716302409310179e-25
1.220703125000000000e-02 1.744255839445849237e-24 5.591626979061275075e-25
1.269531250000000000e-02 1.612712046654327500e-24 7.231645746849549581e-25
1.318359375000000000e-02 1.467785081948076210e-24 8.811280024562162628e-25
1.367187500000000000e-02 1.310644659350954793e-24 1.031760615615168886e-24
1.416015625000000000e-02 1.142598339158480640e-24 1.173769458286859357e-24
1.464843750000000000e-02 9.650845137017680512e-25 1.305994166015760392e-24
1.513671875000000000e-02 7.795402069685398849e-25 1.427350108085734994e-24
1.562500000000000000e-02 5.875190306388301845e-25 1.536789740674512627e-24
1.611328125000000000e-02 3.906542792312030896e-25 1.633431090577406621e-24
1.660156250000000000e-02 1.905409511815373036e-25 1.716479864558231827e-24
1.708984375000000000e-02 -1.113925752274341860e-26 1.785209769848494831e-24
1.757812500000000000e-02 -2.126812182629460313e-25 1.839081796883438373e-24
1.806640625000000000e-02 -4.124536622697414712e-25 1.877649217280386827e-24
1.855468750000000000e-02 -6.087703586170182599e-25 1.900558705187620232e-24
1.904296875000000000e-02 -7.999776345289541876e-25 1.907656514690702458e-24
1.953125000000000000e-02 -9.845287925408991560e-25 1.898878930501615695e-24
2.001953125000000000e-02 -1.160857145475208093e-24 1.874272466037127516e-24
2.050781250000000000e-02 -1.327484458746881192e-24 1.834081769427876564e-24
2.099609375000000000e-02 -1.483068294931253838e-24 1.778629146424363955e-24
2.148437500000000000e-02 -1.626279091035808428e-24 1.708353971890380350e-24
2.197265625000000000e-02 -1.755923707735764858e-24 1.623880763849657565e-24
2.246093750000000000e-02 -1.870963574033795748e-24 1.525893271371028657e-24
2.294921875000000000e-02 -1.970401071297223392e-24 1.415191705766470793e-24
2.343750000000000000e-02 -2.053415129848252335e-24 1.292737602393784398e-24
2.392578125000000000e-02 -2.119350321512160423e-24 1.159525676859551708e-24
2.441406250000000000e-02 -2.167615903747966006e-24 1.016656143306818472e-24
2.490234375000000000e-02 -2.197826730998062731e-24 8.653554109926178703e-25
2.539062500000000000e-02 -2.209761754973841062e-24 7.068518879269559576e-25
2.587890625000000000e-02 -2.203278283650224569e-24 5.424624987815543162e-25
2.636718750000000000e-02 -2.178453644776339211e-24 3.735894862893793695e-25
2.685546875000000000e-02 -2.135516206803600530e-24 2.016043577298971542e-25
2.734375000000000000e-02 -2.074779376231235177e-24 2.794446430019934675e-26
2.783203125000000000e-02 -1.996779360139655559e-24 -1.459147776995545776e-25
2.832031250000000000e-02 -1.902180277574674610e-24 -3.185635469207044557e-25
2.880859375000000000e-02 -1.791728501544125877e-24 -4.885531467567764464e-25
2.929687500000000000e-02 -1.666380333445989547e-24 -6.544453910288781087e-25
2.978515625000000000e-02 -1.527184718795824558e-24 -8.148986332332454889e-25
3.027343750000000000e-02 -1.375260953525072735e-24 -9.685586713264637417e-25
3.076171875000000000e-02 -1.211913741845993926e-24 -1.114128522504035121e-24
3.125000000000000000e-02 -1.038499179425057722e-24 -1.250434783885080380e-24
3.173828125000000000e-02 -8.564266413183919289e-25 -1.376318255253462666e-24
3.222656250000000000e-02 -6.672560629064913892e-25 -1.490720860737652641e-24
3.271484375000000000e-02 -4.725507318874344933e-25 -1.592728376112278623e-24
3.320312500000000000e-02 -2.739028354032216986e-25 -1.681462904453790478e-24
3.369140625000000000e-02 -7.301057598415414902e-26 -1.756182800302655002e-24
3.417968750000000000e-02 1.284748495240584094e-25 -1.816300492030595748e-24
3.466796875000000000e-02 3.288989526907377383e-25 -1.861281679675689130e-24
3.515625000000000000e-02 5.265486882268931918e-25 -1.890755642249124523e-24
3.564453125000000000e-02 7.198061625608592914e-25 -1.904507691359763594e-24
3.613281250000000000e-02 9.070765975738830145e-25 -1.902387686737496138e-24
3.662109375000000000e-02 1.086757670753708879e-24 -1.884425188267923242e-24
3.710937500000000000e-02 1.257388043288550801e-24 -1.850795647131446125e-24
3.759765625000000000e-02 1.417554535169649753e-24 -1.801741322460074569e-24
3.808593750000000000e-02 1.565884881565368886e-24 -1.737688097565491223e-24
3.857421875000000000e-02 1.701184146313582662e-24 -1.659188082949671204e-24
3.906250000000000000e-02 1.822324167644603515e-24 -1.566856662132978213e-24
3.955078125000000000e-02 1.928260830612959411e-24 -1.461486674162015518e-24
4.003906250000000000e-02 2.018154738985782254e-24 -1.343968504703789765e-24
4.052734375000000000e-02 2.091247379583298335e-24 -1.215244287449302598e-24
4.101562500000000000e-02 2.146901364546388825e-24 -1.076414929608466954e-24
4.150390625000000000e-02 2.184699240885439206e-24 -9.286413115497336628e-25
4.199218750000000000e-02 2.204309006825858558e-24 -7.731187918809688414e-25
4.248046875000000000e-02 2.205545035264271508e-24 -6.111748213095755869e-25
4.296875000000000000e-02 2.188442141224019399e-24 -4.441555610029629338e-25
4.345703125000000000e-02 2.153116738768634808e-24 -2.734212087930818375e-25
4.394531250000000000e-02 2.099847470366612230e-24 -1.004297827395714952e-25
4.443359375000000000e-02 2.029122106221716189e-24 7.338743386791218390e-26
4.492187500000000000e-02 1.941498238893261060e-24 2.466093220720097199e-25
4.541015625000000000e-02 1.837699080902033084e-24 4.177565682981803644e-25
4.589843750000000000e-02 1.718630530108349900e-24 5.854211004087372876e-25
4.638671875000000000e-02 1.585246620150642521e-24 7.482275517624948516e-25
4.687500000000000000e-02 1.438658483810352860e-24 9.047824105978032139e-25
4.736328125000000000e-02 1.280122882130563004e-24 1.053804324018349411e-24
4.785156250000000000e-02 1.110918357760081680e-24 1.194065881899954930e-24
4.833984375000000000e-02 9.324633287541049212e-25 1.324362275888690087e-24
4.882812500000000000e-02 7.462754743307245353e-25 1.443636970967617115e-24
4.931640625000000000e-02 5.538618709026896787e-25 1.550904301800444165e-24
4.980468750000000000e-02 3.568418077135685424e-25 1.645237090478272115e-24
5.029296875000000000e-02 1.568797172736125099e-25 1.725882397210684852e-24
5.078125000000000000e-02 -4.440479830394124296e-26 1.792168030872938410e-24
5.126953125000000000e-02 -2.453119845466904326e-25 1.843510487174151818e-24
5.175781250000000000e-02 -4.441522117999868513e-25 1.879517457046153050e-24
5.224609375000000000e-02 -6.393133447152548030e-25 1.899881541827503962e-24
5.273437500000000000e-02 -8.291391132521414555e-25 1.904407105296852928e-24
5.322265625000000000e-02 -1.012039921845136869e-24 1.893094411692572225e-24
5.371093750000000000e-02 -1.186534681282971842e-24 1.866023322318877813e-24
5.419921875000000000e-02 -1.351135141007297097e-24 1.823398044202433361e-24
5.468750000000000000e-02 -1.504471133595003431e-24 1.765610895709290192e-24
5.517578125000000000e-02 -1.645304023650547441e-24 1.693121426630800948e-24
5.566406250000000000e-02 -1.772420975647770123e-24 1.606518142479738872e-24
5.615234375000000000e-02 -1.884771013607228412e-24 1.506559389313212342e-24
5.664062500000000000e-02 -1.981450705788637844e-24 1.394051184193075831e-24
5.712890625000000000e-02 -2.061612328868012542e-24 1.269922617345767533e-24
5.761718750000000000e-02 -2.124604834092351817e-24 1.135242174007253190e-24
5.810546875000000000e-02 -2.169930527319616569e-24 9.910994474537651996e-25
5.859375000000000000e-02 -2.197168735839973854e-24 8.386929859061999417e-25
5.908203125000000000e-02 -2.206116043219651826e-24 6.793228935593577547e-25
5.957031250000000000e-02 -2.196716257962529874e-24 5.142811825410214703e-25
6.005859375000000000e-02 -2.169003621863004906e-24 3.449484642880868276e-25
6.054687500000000000e-02 -2.123238320106842280e-24 1.727622644874289066e-25
6.103515625000000000e-02 -2.059812240601742437e-24 -8.805931262363090522e-28
6.152343750000000000e-02 -1.979212557069485431e-24 -1.745214632534366232e-25
6.201171875000000000e-02 -1.882146184079518788e-24 -3.466932631577618657e-25
6.250000000000000000e-02 -1.769423901751614630e-24 -5.160008979173194239e-25
6.298828125000000000e-02 -1.641945963197310693e-24 -6.810154096652821117e-25
6.347656250000000000e-02 -1.500812522802529007e-24 -8.403469250098389439e-25
6.396484375000000000e-02 -1.347191971825119776e-24 -9.927056799939584039e-25
6.445312500000000000e-02 -1.182329939145285838e-24 -1.136797348121894295e-24
6.494140625000000000e-02 -1.007641509673240536e-24 -1.271412934641298531e-24
6.542968750000000000e-02 -8.245674431791497120e-25 -1.395467303278259608e-24
6.591796875000000000e-02 -6.346052450248600915e-25 -1.507897814065953256e-24
6.640625000000000000e-02 -4.393799583844203559e-25 -1.607766439278112037e-24
6.689453125000000000e-02 -2.404946894191416615e-25 -1.694273824747166937e-24
6.738281250000000000e-02 -3.958451377333963497e-26 -1.766665211141338735e-24
6.787109375000000000e-02 1.616350094069879095e-25 -1.824341974582542150e-24
6.835937500000000000e-02 3.615170734326063252e-25 -1.866851376629877323e-24
6.884765625000000000e-02 5.584093828763295978e-25 -1.893802846797512617e-24
6.933593750000000000e-02 7.506305379613014262e-25 -1.904983802462805681e-24
6.982421875000000000e-02 9.366140895053346948e-25 -1.900324096020776307e-24
7.031250000000000000e-02 1.114815905517287819e-24 -1.879824740582378847e-24
7.080078125000000000e-02 1.283714488771706440e-24 -1.843673971367547226e-24
7.128906250000000000e-02 1.441942772752038342e-24 -1.792188669986404820e-24
7.177734375000000000e-02 1.588179251151800475e-24 -1.725759168666982887e-24
7.226562500000000000e-02 1.721172156742795654e-24 -1.644961923426400220e-24
7.275390625000000000e-02 1.839855173309438708e-24 -1.550479648064221627e-24
7.324218750000000000e-02 1.943227099216973298e-24 -1.443063098927003132e-24
7.373046875000000000e-02 2.030398949131389934e-24 -1.323635420436560999e-24
7.421875000000000000e-02 2.100688337139337131e-24 -1.193193774743214165e-24
7.470703125000000000e-02 2.153490231443168628e-24 -1.052790309037386059e-24
7.519531250000000000e-02 2.188343780280934515e-24 -9.036258799944798507e-25
7.568359375000000000e-02 2.205001631466065114e-24 -7.469379246840391234e-25
7.617187500000000000e-02 2.203297143406661026e-24 -5.840016128730219067e-25
7.666015625000000000e-02 2.183229725140790198e-24 -4.162091282954257022e-25
7.714843750000000000e-02 2.145007455850081075e-24 -2.449470171167652291e-25
7.763671875000000000e-02 2.088915243592767029e-24 -7.161710218501171452e-26
7.812500000000000000e-02 2.015414387444597616e-24 1.023008815319295251e-25
7.861328125000000000e-02 1.925155650391910445e-24 2.753766427182801996e-25
7.910156250000000000e-02 1.818852417879005958e-24 4.461878725204156664e-25
7.958984375000000000e-02 1.697391415711673868e-24 6.132754656389946019e-25
8.007812500000000000e-02 1.561817250567989824e-24 7.752709590703097268e-25
8.056640625000000000e-02 1.413216559453235121e-24 9.308366578348647623e-25
8.105468750000000000e-02 1.252836580011946917e-24 1.078640847549696875e-24
8.154296875000000000e-02 1.082041372007679885e-24 1.217480619788951666e-24
8.203125000000000000e-02 9.022100425770654530e-25 1.346204708462846277e-24
8.251953125000000000e-02 7.148581382131439764e-25 1.463707975378728636e-24
8.300781250000000000e-02 5.215673935593654183e-25 1.569043917065926084e-24
8.349609375000000000e-02 3.239029612441122046e-25 1.661332516945828114e-24
8.398437500000000000e-02 1.235351049996292497e-25 1.739774566182192892e-24
8.447265625000000000e-02 -7.785353593813816446e-26 1.803750637194038905e-24
8.496093750000000000e-02 -2.786284000082269600e-25 1.852717697679530976e-24
8.544921875000000000e-02 -4.770859222880057317e-25 1.886242288184038386e-24
8.593750000000000000e-02 -6.715662042833894652e-25 1.904081275575283016e-24
8.642578125000000000e-02 -8.604892220336782836e-25 1.906069631169207171e-24
8.691406250000000000e-02 -1.042245623495596204e-24 1.892170508781102689e-24
8.740234375000000000e-02 -1.215323511539494035e-24 1.862535144095256309e-24
8.789062500000000000e-02 -1.378317374081691366e-24 1.817386753394475445e-24
8.837890625000000000e-02 -1.529829647440851475e-24 1.757086651844566400e-24
8.886718750000000000e-02 -1.668607155867095357e-24 1.682171532428805123e-24
8.935546875000000000e-02 -1.793523306984135350e-24 1.593237120323589305e-24
8.984375000000000000e-02 -1.903494572872504163e-24 1.491016923819006140e-24
9.033203125000000000e-02 -1.997621462745054675e-24 1.376394818514606986e-24
9.082031250000000000e-02 -2.075143434768452250e-24 1.250292643005128319e-24
9.130859375000000000e-02 -2.135371546457139096e-24 1.113759660598750772e-24
9.179687500000000000e-02 -2.177827624004437169e-24 9.679613768109883101e-25
9.228515625000000000e-02 -2.202173308706816435e-24 8.140760994965560683e-25
9.277343750000000000e-02 -2.208162002525245984e-24 6.533920982793362997e-25
9.326171875000000000e-02 -2.195772350671300391e-24 4.872725643453662048e-25
9.375000000000000000e-02 -2.165114579388823534e-24 3.170641039289807668e-25
9.423828125000000000e-02 -2.116402980674964188e-24 1.441979247991786465e-25
9.472656250000000000e-02 -2.050077723123347425e-24 -2.986704774720029700e-26
9.521484375000000000e-02 -1.966690618677727671e-24 -2.037190939970593439e-25
9.570312500000000000e-02 -1.866898608631639360e-24 -3.758906669961993467e-25
9.619140625000000000e-02 -1.751570197969963666e-24 -5.449342195320668400e-25
9.667968750000000000e-02 -1.621656138879781056e-24 -7.094779376899028855e-25
9.716796875000000000e-02 -1.478205388888861201e-24 -8.681251225385190356e-25
9.765625000000000000e-02 -1.322452863829083320e-24 -1.019546639841425206e-24
9.814453125000000000e-02 -1.155679182939516734e-24 -1.162515207811279973e-24
9.863281250000000000e-02 -9.792475046722118645e-25 -1.295809656969399189e-24
9.912109375000000000e-02 -7.946688903292739336e-25 -1.418319160347813415e-24
9.960937500000000000e-02 -6.034565258731793181e-25 -1.529053712515186942e-24
1.000976562500000000e-01 -4.071834351754069820e-25 -1.627056323307701903e-24
1.005859375000000000e-01 -2.075248694154294367e-25 -1.711515709378717416e-24
1.010742187500000000e-01 -6.113445184946472321e-27 -1.781753314783781185e-24
1.015625000000000000e-01 1.953841360878930586e-25 -1.837146807973378325e-24
1.020507812500000000e-01 3.952497245965849607e-25 -1.877246625734365491e-24
1.025390625000000000e-01 5.918531734923464938e-25 -1.901738846855903631e-24
1.030273437500000000e-01 7.835593876831800666e-25 -1.910381489246825111e-24
1.035156250000000000e-01 9.687355241166139209e-25 -1.903120144872739183e-24
1.040039062500000000e-01 1.145878331051417370e-24 -1.880028376781039413e-24
1.044921875000000000e-01 1.313506685094676407e-24 -1.841259951526332956e-24
1.049804687500000000e-01 1.470192232426015354e-24 -1.787160244039925921e-24
1.054687500000000000e-01 1.614670278481877121e-24 -1.718186491152244936e-24
1.059570312500000000e-01 1.745722417086245896e-24 -1.634877023877581319e-24
1.064453125000000000e-01 1.862229940494378483e-24 -1.537953495407997343e-24
1.069335937500000000e-01 1.963263934768552563e-24 -1.428223223493212984e-24
1.074218750000000000e-01 2.047960902008151764e-24 -1.306566642297530998e-24
1.079101562500000000e-01 2.115595362009713598e-24 -1.174027661378914268e-24
1.083984375000000000e-01 2.165644852429215674e-24 -1.031702850418070627e-24
1.088867187500000000e-01 2.197662887735180838e-24 -8.807483692635514063e-25
1.093750000000000000e-01 2.211368872651859216e-24 -7.224553195629203074e-25
1.098632812500000000e-01 2.206686673587923641e-24 -5.581291972573928637e-25
1.103515625000000000e-01 2.183619818727281682e-24 -3.891154048918219785e-25
1.108398437500000000e-01 2.142354893361867527e-24 -2.168568954450556040e-25
1.113281250000000000e-01 2.083271124629824313e-24 -4.276902806609873522e-26
1.118164062500000000e-01 2.006821151196192789e-24 1.317159072228508964e-25
1.123046875000000000e-01 1.913643862147634068e-24 3.051094707115814528e-25
1.127929687500000000e-01 1.804545409818103013e-24 4.759916631027369169e-25
1.132812500000000000e-01 1.680391090452504410e-24 6.429491326639011429e-25
1.137695312500000000e-01 1.542224668917548267e-24 8.045562754778833585e-25
1.142578125000000000e-01 1.391221830183872371e-24 9.594951030889551122e-25
1.147460937500000000e-01 1.228596425471780973e-24 1.106477977153639433e-24
1.152343750000000000e-01 1.055721095822176210e-24 1.244248487819423794e-24
1.157226562500000000e-01 8.740544324064419901e-25 1.371690888262435265e-24
1.162109375000000000e-01 6.850654320274118867e-25 1.487739110926106083e-24
1.166992187500000000e-01 4.903524791583544511e-25 1.591397115668215924e-24
1.171875000000000000e-01 2.915484484650523144e-25 1.681834434375438603e-24
1.176757812500000000e-01 9.026706244185333487e-26 1.758285312646557847e-24
1.181640625000000000e-01 -1.117839214528295955e-25 1.820087846371842540e-24
1.186523437500000000e-01 -3.129168116620607344e-25 1.866761563892859713e-24
1.191406250000000000e-01 -5.114943909298954579e-25 1.897899117480970797e-24
1.196289062500000000e-01 -7.058263761538185075e-25 1.913221665029523098e-24
1.201171875000000000e-01 -8.942974748622054885e-25 1.912635292733084477e-24
1.206054687500000000e-01 -1.075371830922411708e-24 1.896119500820041378e-24
1.210937500000000000e-01 -1.247501337342827619e-24 1.863797643978280854e-24
1.215820312500000000e-01 -1.409262393580855015e-24 1.815970871350185029e-24
1.220703125000000000e-01 -1.559334530571439760e-24 1.753007400207532524e-24
1.225585937500000000e-01 -1.696424481865914393e-24 1.675424786397300034e-24
1.230468750000000000e-01 -1.819407024842007505e-24 1.583899285545305706e-24
1.235351562500000000e-01 -1.927278018457422925e-24 1.479159341650387692e-24
1.240234375000000000e-01 -2.019095557377663936e-24 1.362076984147495951e-24
1.245117187500000000e-01 -2.094118323435881156e-24 1.233653268917353343e-24
1.250000000000000000e-01 -2.151733802058586775e-24 1.094920901243721009e-24
1.254882812500000000e-01 -2.191418590699543714e-24 9.470421563989946856e-25
1.259765625000000000e-01 -2.212870052926903223e-24 7.912709121096262802e-25
1.264648437500000000e-01 -2.215913115316373404e-24 6.288673045404200018e-25
1.269531250000000000e-01 -2.200481277726440145e-24 4.611981504030909260e-25
1.274414062500000000e-01 -2.166736168787489628e-24 2.896770694742412772e-25
1.279296875000000000e-01 -2.114955078862798078e-24 1.156950857373305542e-25
1.284179687500000000e-01 -2.045532316753694522e-24 -5.927870992400530672e-26
1.289062500000000000e-01 -1.959082244171215173e-24 -2.337755934770531546e-25
1.293945312500000000e-01 -1.856312354233946853e-24 -4.063776808135957390e-25
1.298828125000000000e-01 -1.738046090505799246e-24 -5.756208000770708901e-25
1.303710937500000000e-01 -1.605306613823583775e-24 -7.400891099330077312e-25
1.308593750000000000e-01 -1.459180093303212565e-24 -8.984450176778758671e-25
1.313476562500000000e-01 -1.300858484330726048e-24 -1.049338479994014243e-24
1.318359375000000000e-01 -1.131700236704205891e-24 -1.191513182347635025e-24
1.323242187500000000e-01 -9.530884111877199745e-25 -1.323813512138507989e-24
1.328125000000000000e-01 -7.664924881891751795e-25 -1.445102619313727277e-24
1.333007812500000000e-01 -5.735052528542779488e-25 -1.554376196948210868e-24
1.337890625000000000e-01 -3.757022627457826758e-25 -1.650746723086111519e-24
1.342773437500000000e-01 -1.747212880899906312e-25 -1.733373643442383201e-24
1.347656250000000000e-01 2.772592300882961730e-26 -1.801580597090894017e-24
1.352539062500000000e-01 2.299883622566049192e-25 -1.854816746872204701e-24
1.357421875000000000e-01 4.303819661143745351e-25 -1.892600375194633267e-24
1.362304687500000000e-01 6.272030026018395867e-25 -1.914634354570420436e-24
1.367187500000000000e-01 8.188509577158728149e-25 -1.920745651286418560e-24
1.372070312500000000e-01 1.003722138281957509e-24 -1.910844731433634116e-24
1.376953125000000000e-01 1.180246367359514374e-24 -1.885035899890471946e-24
1.381835937500000000e-01 1.346993162217325087e-24 -1.843537680144292994e-24
1.386718750000000000e-01 1.502556853156265524e-24 -1.786659315087111260e-24
1.391601562500000000e-01 1.645615786867492645e-24 -1.714901302427820869e-24
1.396484375000000000e-01 1.775018138426337153e-24 -1.628858668058189654e-24
1.401367187500000000e-01 1.889661943427467039e-24 -1.529214966829694954e-24
1.406250000000000000e-01 1.988573265991025206e-24 -1.416829785389428480e-24
1.411132812500000000e-01 2.070967178843671460e-24 -1.292629334852242759e-24
1.416015625000000000e-01 2.136126197737129351e-24 -1.157619141532105594e-24
1.420898437500000000e-01 2.183494677763418885e-24 -1.012955935357930926e-24
1.425781250000000000e-01 2.212713517248704605e-24 -8.598293429187499716e-25
1.430664062500000000e-01 2.223501978480199895e-24 -6.994922279452223434e-25
1.435546875000000000e-01 2.215764890786729413e-24 -5.333140153419619463e-25
1.440429687500000000e-01 2.189599071775582386e-24 -3.626579540593806175e-25
1.445312500000000000e-01 2.145181571190250217e-24 -1.889289308349321890e-25
1.450195312500000000e-01 2.082884960585139827e-24 -1.360762898285834498e-26
1.455078125000000000e-01 2.003255249520579590e-24 1.618712035191226528e-25
1.459960937500000000e-01 1.906911323514707241e-24 3.360548065890349510e-25
1.464843750000000000e-01 1.794665283590771528e-24 5.074588238073160997e-25
1.469726562500000000e-01 1.667473420326732683e-24 6.746840706488813136e-25
1.474609375000000000e-01 1.526350373970084691e-24 8.363387725768412456e-25
1.479492187500000000e-01 1.372489525433228313e-24 9.910453255655194329e-25
1.484375000000000000e-01 1.207188084838906433e-24 1.137546705476570258e-24
1.489257812500000000e-01 1.031778875530946255e-24 1.274616427461068335e-24
1.494140625000000000e-01 8.477472053772595544e-25 1.401084607981235484e-24
1.499023437500000000e-01 6.566341295094229882e-25 1.515930163216343702e-24
1.503906250000000000e-01 4.599895727809376394e-25 1.618182126747983875e-24
1.508789062500000000e-01 2.594821819524285254e-25 1.706964376983001962e-24
1.513671875000000000e-01 5.678414254777398313e-26 1.781570128969414603e-24
1.518554687500000000e-01 -1.464532386761780639e-25 1.841357290448901035e-24
1.523437500000000000e-01 -3.485008839571637733e-25 1.885809070059445551e-24
1.528320312500000000e-01 -5.476809345882988295e-25 1.914587230197406051e-24
1.533203125000000000e-01 -7.423666062710726488e-25 1.927425003320842606e-24
1.538085937500000000e-01 -9.308967009142913465e-25 1.924201816846884553e-24
1.542968750000000000e-01 -1.111712602311455376e-24 1.904974098469654701e-24
1.547851562500000000e-01 -1.283333240408940431e-24 1.869869939259261678e-24
1.552734375000000000e-01 -1.444286114111306506e-24 1.819174972293166953e-24
1.557617187500000000e-01 -1.593247825544585509e-24 1.753338891403156858e-24
1.562500000000000000e-01 -1.728995028879786191e-24 1.672874833438708726e-24
1.567382812500000000e-01 -1.850353556115782500e-24 1.578453030817686101e-24
1.572265625000000000e-01 -1.956336064500641419e-24 1.470883269100316521e-24
1.577148437500000000e-01 -2.046069436341300028e-24 1.351023491121055482e-24
1.582031250000000000e-01 -2.118763132105698174e-24 1.219878744788264662e-24
1.586914062500000000e-01 -2.173839196075026324e-24 1.078560621391457260e-24
1.591796875000000000e-01 -2.210839378422833054e-24 9.282081009557382052e-25
1.596679687500000000e-01 -2.229414295692300506e-24 7.700877158675557176e-25
1.601562500000000000e-01 -2.229440969787835138e-24 6.055311556085514816e-25
1.606445312500000000e-01 -2.210912133515284706e-24 4.358715032970094239e-25
1.611328125000000000e-01 -2.173945417431733878e-24 2.625420044886515506e-25
1.616210937500000000e-01 -2.118883500344803894e-24 8.699530870194041755e-26
1.621093750000000000e-01 -2.046169656605848510e-24 -8.934173803678018699e-26
1.625976562500000000e-01 -1.956377405633321293e-24 -2.649739660161828159e-25
1.630859375000000000e-01 -1.850290702450062086e-24 -4.384343307853277389e-25
1.635742187500000000e-01 -1.728770747164052352e-24 -6.083092854896735416e-25
1.640625000000000000e-01 -1.592804820817925592e-24 -7.731525307550379978e-25
1.645507812500000000e-01 -1.443562970013161875e-24 -9.315929035405033678e-25
1.650390625000000000e-01 -1.282260209948341115e-24 -1.082337807741466927e-24
1.655273437500000000e-01 -1.110222764898819802e-24 -1.224096742000154740e-24
1.660156250000000000e-01 -9.289200635970254302e-25 -1.355696105154480182e-24
1.665039062500000000e-01 -7.398285645248876004e-25 -1.476060593330716483e-24
1.669921875000000000e-01 -5.445141655011825123e-25 -1.584149584502282777e-24
1.674804687500000000e-01 -3.446389169245013578e-25 -1.679074945952812904e-24
1.679687500000000000e-01 -1.418311480670856756e-25 -1.760060738850250523e-24
1.684570312500000000e-01 6.221939316242372566e-26 -1.826393792190538335e-24
1.689453125000000000e-01 2.657804406311950041e-25 -1.877539178769519175e-24
1.694335937500000000e-01 4.671955256387798552e-25 -1.913078909843018572e-24
1.699218750000000000e-01 6.647782283993351562e-25 -1.932678311831326884e-24
1.704101562500000000e-01 8.568545147451564380e-25 -1.936195479767971902e-24
1.708984375000000000e-01 1.041864260460758430e-24 -1.923601752872081410e-24
1.713867187500000000e-01 1.218248430275785030e-24 -1.894965284114908655e-24
1.718750000000000000e-01 1.384513616702142471e-24 -1.850550182862483853e-24
1.723632812500000000e-01 1.539313493427434899e-24 -1.790720850923100849e-24
1.728515625000000000e-01 1.681332746301058704e-24 -1.715942594577277371e-24
1.733398437500000000e-01 1.809370519733276727e-24 -1.626866741078765872e-24
1.738281250000000000e-01 1.922397529640105338e-24 -1.524222758328010553e-24
1.743164062500000000e-01 2.019439688160027418e-24 -1.408836735001152137e-24
1.748046875000000000e-01 2.099676909731624979e-24 -1.281700202572371866e-24
1.752929687500000000e-01 2.162474089337019700e-24 -1.143854156252257018e-24
1.757812500000000000e-01 2.207269151736049522e-24 -9.964244160563390150e-25
1.762695312500000000e-01 2.233683982887245779e-24 -8.406712163427226839e-25
1.767578125000000000e-01 2.241527860390264174e-24 -6.778690937879140006e-25
1.772460937500000000e-01 2.230692973166324877e-24 -5.093582785202168532e-25
1.777343750000000000e-01 2.201272416425366759e-24 -3.365742941822374265e-25
1.782226562500000000e-01 2.153535377376921402e-24 -1.609291415512497161e-25
1.787109375000000000e-01 2.087834021785411058e-24 1.612236337152509234e-26
1.791992187500000000e-01 2.004725109359117622e-24 1.930738301824517216e-25
1.796875000000000000e-01 1.904918721550732163e-24 3.684808176390834252e-25
1.801757812500000000e-01 1.789200210992854407e-24 5.408821644155748305e-25
1.806640625000000000e-01 1.658550781317112953e-24 7.088121103615039053e-25
1.811523437500000000e-01 1.514070916569728613e-24 8.709036163052756068e-25
1.816406250000000000e-01 1.356919622806115459e-24 1.025798982313574431e-24
1.821289062500000000e-01 1.188429781644901055e-24 1.172181316616072134e-24
1.826171875000000000e-01 1.010009919046901235e-24 1.308863433406447282e-24
1.831054687500000000e-01 8.231041234074931562e-25 1.434691017077137812e-24
1.835937500000000000e-01 6.292990665757457575e-25 1.548592594309093630e-24
1.840820312500000000e-01 4.302080232385973363e-25 1.649650923908690034e-24
1.845703125000000000e-01 2.274526278645133389e-25 1.737001702335266827e-24
1.850585937500000000e-01 2.275734191490219186e-26 1.809899257809336962e-24
1.855468750000000000e-01 -1.821800986472961690e-25 1.867766834407328446e-24
1.860351562500000000e-01 -3.856837284407474108e-25 1.910093782935179461e-24
1.865234375000000000e-01 -5.860194888435509244e-25 1.936514553022844969e-24
1.870117187500000000e-01 -7.815323344227623385e-25 1.946836525140636033e-24
1.875000000000000000e-01 -9.706174125909042593e-25 1.940939832398464201e-24
1.879882812500000000e-01 -1.151657476719596845e-24 1.918866877879846368e-24
1.884765625000000000e-01 -1.323162930852245113e-24 1.880826265218350308e-24
1.889648437500000000e-01 -1.483720410964360124e-24 1.827098037367634680e-24
1.894531250000000000e-01 -1.631949321084149567e-24 1.758129870348881313e-24
1.899414062500000000e-01 -1.766638762898049828e-24 1.674516905741145499e-24
1.904296875000000000e-01 -1.886674028286623937e-24 1.576916310265728305e-24
1.909179687500000000e-01 -1.991012690185723090e-24 1.466147512308405552e-24
1.914062500000000000e-01 -2.078813104523541645e-24 1.343149315814408475e-24
1.918945312500000000e-01 -2.149341717606614211e-24 1.208906943206986804e-24
1.923828125000000000e-01 -2.201970027564010197e-24 1.064552370764016539e-24
1.928710937500000000e-01 -2.236290237276098462e-24 9.112998319629614101e-25
1.933593750000000000e-01 -2.252006234644652328e-24 7.503878502326710818e-25
1.938476562500000000e-01 -2.248950513265908466e-24 5.831766064143512866e-25
1.943359375000000000e-01 -2.227181845615812996e-24 4.110651579373063518e-25
1.948242187500000000e-01 -2.186863362115644910e-24 2.354515576602274015e-25
1.953125000000000000e-01 -2.128299050109827152e-24 5.782442441126456559e-26
1.958007812500000000e-01 -2.052010733556552819e-24 -1.203350452120602346e-25
1.962890625000000000e-01 -1.958608356419592515e-24 -2.975737094264823740e-25
1.967773437500000000e-01 -1.848844950963799199e-24 -4.723841067692890867e-25
1.972656250000000000e-01 -1.723669793858004939e-24 -6.433137661748584664e-25
1.977539062500000000e-01 -1.584094845673842902e-24 -8.089649531351591080e-25
1.982421875000000000e-01 -1.431265763349389392e-24 -9.679232460729958984e-25
1.987304687500000000e-01 -1.266489594337536195e-24 -1.118873274789977114e-24
1.992187500000000000e-01 -1.091103056091414470e-24 -1.260577179253812669e-24
1.997070312500000000e-01 -9.065581941118738127e-25 -1.391816759931110893e-24
2.001953125000000000e-01 -7.144245189132515356e-25 -1.511511739628792434e-24
2.006835937500000000e-01 -5.162640723629521209e-25 -1.618677679963919919e-24
2.011718750000000000e-01 -3.137283701566935644e-25 -1.712383173113801529e-24
2.016601562500000000e-01 -1.085346048896060272e-25 -1.791865393638301956e-24
2.021484375000000000e-01 9.764790251688884371e-26 -1.856467993885280315e-24
2.026367187500000000e-01 3.030921228329557521e-25 -1.905614269284840117e-24
2.031250000000000000e-01 5.060608591793530962e-25 -1.938915881963956331e-24
2.036132812500000000e-01 7.049035991740229127e-25 -1.956093381320965563e-24
2.041015625000000000e-01 8.979453441233848554e-25 -1.956966644688649970e-24
2.045898437500000000e-01 1.083556079941951881e-24 -1.941552827417746127e-24
2.050781250000000000e-01 1.260227751833980697e-24 -1.909971805931026411e-24
2.055664062500000000e-01 1.426461564059452846e-24 -1.862453433943970509e-24
2.060546875000000000e-01 1.580856361082137509e-24 -1.799420677000783187e-24
2.065429687500000000e-01 1.722161884602446987e-24 -1.721383381485045374e-24
2.070312500000000000e-01 1.849167259277771010e-24 -1.628962616294932166e-24
2.075195312500000000e-01 1.960804119179016442e-24 -1.522956781509984334e-24
2.080078125000000000e-01 2.056173954204216148e-24 -1.404228016825545429e-24
2.084960937500000000e-01 2.134442030626724383e-24 -1.273742743561261458e-24
2.089843750000000000e-01 2.194951949379126288e-24 -1.132618009492476935e-24
2.094726562500000000e-01 2.237226143396805913e-24 -9.820042084877432442e-25
2.099609375000000000e-01 2.260868417269084445e-24 -8.231403682609206204e-25
2.104492187500000000e-01 2.265684809819820968e-24 -6.573796870868729091e-25
2.109375000000000000e-01 2.251656320712469972e-24 -4.860737442197724488e-25
2.114257812500000000e-01 2.218853166346306568e-24 -3.106414858524414613e-25
2.119140625000000000e-01 2.167557928940768360e-24 -1.325735896936116343e-25
2.124023437500000000e-01 2.098212231418990579e-24 4.667767245011231659e-26
2.128906250000000000e-01 2.011346357874847313e-24 2.256184554123884173e-25
2.133789062500000000e-01 1.907700351957072525e-24 4.027303182686482775e-25
2.138671875000000000e-01 1.788146091737605603e-24 5.765703058055388359e-25
2.143554687500000000e-01 1.653634107044444220e-24 7.456818780512310679e-25
2.148437500000000000e-01 1.505307967998359318e-24 9.086314635872824984e-25
2.153320312500000000e-01 1.344404908803419478e-24 1.064094047612710742e-24
2.158203125000000000e-01 1.172222647288349571e-24 1.210757863829899470e-24
2.163085937500000000e-01 9.902240528592321539e-25 1.347379295454491997e-24
2.167968750000000000e-01 7.999206146515048571e-25 1.472851091019887817e-24
2.172851562500000000e-01 6.028605492588720630e-25 1.586104061769080219e-24
2.177734375000000000e-01 4.007197137333463896e-25 1.686177665166599118e-24
2.182617187500000000e-01 1.951718550286667859e-25 1.772267408240245915e-24
2.187500000000000000e-01 -1.210132844593663480e-26 1.843626128680734475e-24
2.192382812500000000e-01 -2.193353531583124612e-25 1.899647234421368149e-24
2.197265625000000000e-01 -4.248199788911848620e-25 1.939889681937796850e-24
2.202148437500000000e-01 -6.268664234044392099e-25 1.963982737385847245e-24
2.207031250000000000e-01 -8.237506576346906302e-25 1.971719129214524195e-24
2.211914062500000000e-01 -1.013852780290935215e-24 1.963056538605570080e-24
2.216796875000000000e-01 -1.195602920958525465e-24 1.938028610496492520e-24
2.221679687500000000e-01 -1.367444625457363982e-24 1.896843916738493225e-24
2.226562500000000000e-01 -1.527970951437621013e-24 1.839863461952915216e-24
2.231445312500000000e-01 -1.675849856210349168e-24 1.767521206628872846e-24
2.236328125000000000e-01 -1.809807698861951838e-24 1.680425853711955783e-24
2.241210937500000000e-01 -1.928756324978162735e-24 1.579315865927464114e-24
2.246093750000000000e-01 -2.031700403588342136e-24 1.464992709946065394e-24
2.250976562500000000e-01 -2.117741875426251301e-24 1.338421724333653698e-24
2.255859375000000000e-01 -2.186193777119182432e-24 1.200665864066238813e-24
2.260742187500000000e-01 -2.236472719913485760e-24 1.052833705573543098e-24
2.265625000000000000e-01 -2.268123392605333912e-24 8.961758983974841651e-25
2.270507812500000000e-01 -2.280914040522841928e-24 7.320006769191219898e-25
2.275390625000000000e-01 -2.274717094200648453e-24 5.616394277345851310e-25
2.280273437500000000e-01 -2.249552557015800592e-24 3.865361246556220762e-25
2.285156250000000000e-01 -2.205662097663705961e-24 2.081480596172869146e-25
2.290039062500000000e-01 -2.143382762021104475e-24 2.793015189561732631e-26
2.294921875000000000e-01 -2.063208130507304262e-24 -1.525860170989162214e-25
2.299804687500000000e-01 -1.965838322694890618e-24 -3.319026273468667029e-25
2.304687500000000000e-01 -1.852050766944541618e-24 -5.085514560793796862e-25
2.309570312500000000e-01 -1.722776295750606264e-24 -6.810270584604316146e-25
2.314453125000000000e-01 -1.579123072203626397e-24 -8.479033023307744239e-25
2.319335937500000000e-01 -1.422249466026585880e-24 -1.007808750276049150e-24
2.324218750000000000e-01 -1.253453274527279405e-24 -1.159374175752765067e-24
2.329101562500000000e-01 -1.074169715280984595e-24 -1.301351138570882283e-24
2.333984375000000000e-01 -8.858515293661198820e-25 -1.432567898012103046e-24
2.338867187500000000e-01 -6.900681428255577160e-25 -1.551892839450590845e-24
2.343750000000000000e-01 -4.884775163946998847e-25 -1.658350081094797679e-24
2.348632812500000000e-01 -2.827175985932003575e-25 -1.751056492765909956e-24
2.353515625000000000e-01 -7.451225333366466573e-26 -1.829201460263953313e-24
2.358398437500000000e-01 1.343810257660349776e-25 -1.892154995144881196e-24
2.363281250000000000e-01 3.422631899644034558e-25 -1.939388228790134498e-24
2.368164062500000000e-01 5.473836979302221565e-25 -1.970470540514613056e-24
2.373046875000000000e-01 7.480145531571613287e-25 -1.985166441005086106e-24
2.377929687500000000e-01 9.425226487660269767e-25 -1.983342090960673620e-24
2.382812500000000000e-01 1.129259911313021470e-24 -1.964979194542619070e-24
2.387695312500000000e-01 1.306656246037715644e-24 -1.930256472222873196e-24
2.392578125000000000e-01 1.473268828305472841e-24 -1.879445178486083070e-24
2.397460937500000000e-01 1.627675065085339822e-24 -1.812939404506353028e-24
2.402343750000000000e-01 1.768579910256339099e-24 -1.731319792236764072e-24
2.407226562500000000e-01 1.894839605276111561e-24 -1.635242378383440524e-24
2.412109375000000000e-01 2.005361136845027685e-24 -1.525484459740269602e-24
2.416992187500000000e-01 2.099220313085375310e-24 -1.402988093404544216e-24
2.421875000000000000e-01 2.175659301572073429e-24 -1.268745824097517796e-24
2.426757812500000000e-01 2.233995891699481295e-24 -1.123860190564911386e-24
2.431640625000000000e-01 2.273747296654842403e-24 -9.695656708889836531e-25
2.436523437500000000e-01 2.294600580124954425e-24 -8.071160766333032977e-25
2.441406250000000000e-01 2.296334196447217643e-24 -6.378564760407667938e-25
2.446289062500000000e-01 2.278942908901756958e-24 -4.632235564769718618e-25
2.451171875000000000e-01 2.242582569816906348e-24 -2.846390174572372070e-25
2.456054687500000000e-01 2.187507313594076311e-24 -1.035912472694128261e-25
2.460937500000000000e-01 2.114191437200873895e-24 7.838604247365342019e-26
2.465820312500000000e-01 2.023250328380250099e-24 2.598104557016967436e-25
2.470703125000000000e-01 1.915394948260561993e-24 4.391617548325000429e-25
2.475585937500000000e-01 1.791545741639044021e-24 6.149231533942009089e-25
2.480468750000000000e-01 1.652732439578135902e-24 7.856635173157158181e-25
2.485351562500000000e-01 1.500067943148260975e-24 9.499432578152101945e-25
2.490234375000000000e-01 1.334851102913855596e-24 1.106373870155616580e-24
2.495117187500000000e-01 1.158449864671703151e-24 1.253682860451750115e-24
2.500000000000000000e-01 9.722959096422507505e-25 1.390618055804813860e-24
2.504882812500000000e-01 7.779725650811160203e-25 1.516022842118186645e-24
2.509765625000000000e-01 5.770851904750070164e-25 1.628880668866726228e-24
2.514648437500000000e-01 3.712766839753518733e-25 1.728220191587851932e-24
2.519531250000000000e-01 1.622978817359628861e-25 1.813202715332674269e-24
2.524414062500000000e-01 -4.812914692706120828e-26 1.883144386827846677e-24
2.529296875000000000e-01 -2.582740989138339546e-25 1.937425685891070141e-24
2.534179687500000000e-01 -4.663471331907630727e-25 1.975588192347930382e-24
2.539062500000000000e-01 -6.706373890942154591e-25 1.997333701030839107e-24
2.543945312500000000e-01 -8.694558810932290180e-25 2.002440879538609924e-24
2.548828125000000000e-01 -1.061105193931893059e-24 1.990867164274083638e-24
2.553710937500000000e-01 -1.244014555558568517e-24 1.962724160141539123e-24
2.558593750000000000e-01 -1.416663829012207145e-24 1.918204143883159738e-24
2.563476562500000000e-01 -1.577574066063555182e-24 1.857683653696094468e-24
2.568359375000000000e-01 -1.725433184173038266e-24 1.781676604897549951e-24
2.573242187500000000e-01 -1.859003141812928981e-24 1.690773747241496561e-24
2.578125000000000000e-01 -1.977131587237304780e-24 1.585744371914964335e-24
2.583007812500000000e-01 -2.078863858402303493e-24 1.467468566354357467e-24
2.587890625000000000e-01 -2.163336730070496794e-24 1.336891362061624795e-24
2.592773437500000000e-01 -2.229810306589019433e-24 1.195118726880113135e-24
2.597656250000000000e-01 -2.277761469422326317e-24 1.043331678968966105e-24
2.602539062500000000e-01 -2.306767006959701041e-24 8.827574795247917231e-25
2.607421875000000000e-01 -2.316553921539964228e-24 7.147573442402940141e-25
2.612304687500000000e-01 -2.307070905090185207e-24 5.407261336438335460e-25
2.617187500000000000e-01 -2.278365434137952473e-24 3.620818170767521575e-25
2.622070312500000000e-01 -2.230651171433613277e-24 1.803416595347139710e-25
2.626953125000000000e-01 -2.164355102603072113e-24 -2.989010632188636954e-27
2.631835937500000000e-01 -2.079992676777946055e-24 -1.864084431487093128e-25
2.636718750000000000e-01 -1.978249251541850905e-24 -3.683557891848911897e-25
2.641601562500000000e-01 -1.860000707575636777e-24 -5.473282476335795920e-25
2.646484375000000000e-01 -1.726191080775735051e-24 -7.218531746817924925e-25
2.651367187500000000e-01 -1.577925685656815797e-24 -8.904405855063644861e-25
2.656250000000000000e-01 -1.416465364819017872e-24 -1.051701890787673895e-24
2.661132812500000000e-01 -1.243111741369923304e-24 -1.204303554391286133e-24
2.666015625000000000e-01 -1.059308986891843844e-24 -1.346936367412581384e-24
2.670898437500000000e-01 -8.666117855523076791e-25 -1.478431015801559379e-24
2.675781250000000000e-01 -6.665820350882271838e-25 -1.597694060340740922e-24
2.680664062500000000e-01 -4.608956466785415464e-25 -1.703694086773214059e-24
2.685546875000000000e-01 -2.512859778289395040e-25 -1.795569262580683368e-24
2.690429687500000000e-01 -3.945672208339554977e-26 -1.872547701736215731e-24
2.695312500000000000e-01 1.728089468018277916e-25 -1.933951111119531346e-24
2.700195312500000000e-01 3.837266317795303720e-25 -1.979290677116530585e-24
2.705078125000000000e-01 5.915782440337118172e-25 -2.008174568643418326e-24
2.709960937500000000e-01 7.946044818139596733e-25 -2.020328424122454660e-24
2.714843750000000000e-01 9.911019664108897077e-25 -2.015675392358254766e-24
2.719726562500000000e-01 1.179468365592162997e-24 -1.994233454164944025e-24
2.724609375000000000e-01 1.358099395928862294e-24 -1.956151791404005857e-24
2.729492187500000000e-01 1.525500143569456202e-24 -1.901772386487427211e-24
2.734375000000000000e-01 1.680305141590893854e-24 -1.831521343179342265e-24
2.739257812500000000e-01 1.821183034558142500e-24 -1.745960211700511937e-24
2.744140625000000000e-01 1.946958056446167531e-24 -1.645826967172482402e-24
2.749023437500000000e-01 2.056604518962783380e-24 -1.531924883917427127e-24
2.753906250000000000e-01 2.149162476771868957e-24 -1.405186566514626981e-24
2.758789062500000000e-01 2.223864465236954643e-24 -1.266692732447881067e-24
2.763671875000000000e-01 2.280103673367872452e-24 -1.117562973909847776e-24
2.768554687500000000e-01 2.317362654021626845e-24 -9.590309370084946525e-25
2.773437500000000000e-01 2.335340203096381967e-24 -7.924410490590939346e-25
2.778320312500000000e-01 2.333894356874134692e-24 -6.191455983107717196e-25
2.783203125000000000e-01 2.312987079031295537e-24 -4.405884832005932369e-25
2.788085937500000000e-01 2.272807139267341539e-24 -2.582798832948050007e-25
2.792968750000000000e-01 2.213690023091621831e-24 -7.370329915962144486e-26
2.797851562500000000e-01 2.136080138996790210e-24 1.115947748747699712e-25
2.802734375000000000e-01 2.040644658630917253e-24 2.960505216428073369e-25
2.807617187500000000e-01 1.928172771506495081e-24 4.781614683793391516e-25
2.812500000000000000e-01 1.799556826453281159e-24 6.563932313394024835e-25
2.817382812500000000e-01 1.655893668925673418e-24 8.292434134601918954e-25
2.822265625000000000e-01 1.498367683692982103e-24 9.953030883981333846e-25
2.827148437500000000e-01 1.328252166412201009e-24 1.153163334498333674e-24
2.832031250000000000e-01 1.146994718893474621e-24 1.301494870550846628e-24
2.836914062500000000e-01 9.560880687189054136e-25 1.439089553447765430e-24
2.841796875000000000e-01 7.570913755539933912e-25 1.564769105288173953e-24
2.846679687500000000e-01 5.516967710364316186e-25 1.677476679406975807e-24
2.851562500000000000e-01 3.415932619644463921e-25 1.776296268250875051e-24
2.856445312500000000e-01 1.285082645350355778e-25 1.860366714812899638e-24
2.861328125000000000e-01 -8.574602066848562901e-26 1.928982059299294476e-24
2.866210937500000000e-01 -2.994100669360390923e-25 1.981588275820049805e-24
2.871093750000000000e-01 -5.107165568802101219e-25 2.017705420408289598e-24
2.875976562500000000e-01 -7.178658793331732627e-25 2.037032562289978794e-24
2.880859375000000000e-01 -9.191599441614210868e-25 2.039421211508187771e-24
2.885742187500000000e-01 -1.112924413859127512e-24 2.024807806437641291e-24
2.890625000000000000e-01 -1.297505918268954299e-24 1.993319335783540290e-24
2.895507812500000000e-01 -1.471396248855702824e-24 1.945224710583808930e-24
2.900390625000000000e-01 -1.633139127612886605e-24 1.880880458557452373e-24
2.905273437500000000e-01 -1.781348781749902344e-24 1.800833535917068740e-24
2.910156250000000000e-01 -1.914820075389513549e-24 1.705752296276181709e-24
2.915039062500000000e-01 -2.032423255408951312e-24 1.596386938266880000e-24
2.919921875000000000e-01 -2.133143016984884099e-24 1.473665451360171434e-24
2.924804687500000000e-01 -2.216169975378776543e-24 1.338606617518890153e-24
2.929687500000000000e-01 -2.280786174710400023e-24 1.192297045409891416e-24
2.934570312500000000e-01 -2.326422315609907941e-24 1.035977563310150825e-24
2.939453125000000000e-01 -2.352726813837727292e-24 8.709421006622891533e-25
2.944335937500000000e-01 -2.359446220790181125e-24 6.985325386502470633e-25
2.949218750000000000e-01 -2.346498926231836781e-24 5.202125008720972005e-25
2.954101562500000000e-01 -2.314019634727625919e-24 3.374556027680439829e-25
2.958984375000000000e-01 -2.262238875251076649e-24 1.517583268380410863e-25
2.963867187500000000e-01 -2.191570017099366459e-24 -3.530097811853691958e-26
2.968750000000000000e-01 -2.102626938563516330e-24 -2.221796290982537537e-25
2.973632812500000000e-01 -1.996106565772757929e-24 -4.073391884175557711e-25
2.978515625000000000e-01 -1.872886244194337770e-24 -5.892025758918188699e-25
2.983398437500000000e-01 -1.734014612606790935e-24 -7.662727951416821565e-25
2.988281250000000000e-01 -1.580602137850332203e-24 -9.370840505063499364e-25
2.993164062500000000e-01 -1.413925861825722081e-24 -1.100176487024426521e-24
2.998046875000000000e-01 -1.235393880783426918e-24 -1.254211569963253176e-24
3.002929687500000000e-01 -1.046447540602297798e-24 -1.397906789593021018e-24
3.007812500000000000e-01 -8.486696228300411005e-25 -1.530027955698874374e-24
3.012695312500000000e-01 -6.437239442371834804e-25 -1.649496197528963729e-24
3.017578125000000000e-01 -4.332734631329699953e-25 -1.755308051928048777e-24
3.022460937500000000e-01 -2.190890973769778693e-25 -1.846545465391123901e-24
3.027343750000000000e-01 -2.967590295939790053e-27 -1.922470705240332033e-24
3.032226562500000000e-01 2.133309832032885657e-25 -1.982434708439703942e-24
3.037109375000000000e-01 4.279775341344106774e-25 -2.025904091258369818e-24
3.041992187500000000e-01 6.391749221284808785e-25 -2.052539901806786710e-24
3.046875000000000000e-01 8.451986390493889537e-25 -2.062096746278188835e-24
3.051757812500000000e-01 1.044297381465774733e-24 -2.054465318353281541e-24
3.056640625000000000e-01 1.234808144932898710e-24 -2.029732114859427141e-24
3.061523437500000000e-01 1.415172489439447538e-24 -1.988073263409984823e-24
3.066406250000000000e-01 1.583846066182198925e-24 -1.929811443598521395e-24
3.071289062500000000e-01 1.739423364389496808e-24 -1.855454602147430965e-24
3.076171875000000000e-01 1.880629000762074217e-24 -1.765588080140923395e-24
3.081054687500000000e-01 2.006239456578318306e-24 -1.660943452308211261e-24
3.085937500000000000e-01 2.115212689737130033e-24 -1.542414519580868150e-24
3.090820312500000000e-01 2.206653996792109215e-24 -1.410951630335287117e-24
3.095703125000000000e-01 2.279751740731889512e-24 -1.267640453096660095e-24
3.100585937500000000e-01 2.333906323942057862e-24 -1.113695412337427171e-24
3.105468750000000000e-01 2.368671453322201690e-24 -9.503606286620486908e-25
3.110351562500000000e-01 2.383706252609922861e-24 -7.789961115524026831e-25
3.115234375000000000e-01 2.378899315548264760e-24 -6.010488475909268770e-25
3.120117187500000000e-01 2.354287660115023239e-24 -4.179637734290441742e-25
3.125000000000000000e-01 2.310026696843595954e-24 -2.312744081566850923e-25
3.129882812500000000e-01 2.246504329310857545e-24 -4.255316761717576396e-26
3.134765625000000000e-01 2.164239869744476444e-24 1.466635590726904939e-25
3.139648437500000000e-01 2.063872639788928417e-24 3.347826282048944046e-25
3.144531250000000000e-01 1.946262280947741516e-24 5.202221215680492791e-25
3.149414062500000000e-01 1.812371900656071630e-24 7.014691924152074333e-25
3.154296875000000000e-01 1.663276397151772450e-24 8.769884274987544465e-25
3.159179687500000000e-01 1.500245775246490325e-24 1.045305615535545714e-24
3.164062500000000000e-01 1.324616660526339375e-24 1.205046055424484551e-24
3.168945312500000000e-01 1.137819766187506504e-24 1.354846549934097085e-24
3.173828125000000000e-01 9.414431110960546449e-25 1.493450973240767508e-24
3.178710937500000000e-01 7.370968332350093774e-25 1.619726822606498088e-24
3.183593750000000000e-01 5.264596318878718374e-25 1.732583525691330388e-24
3.188476562500000000e-01 3.113206796804357814e-25 1.831076315178613728e-24
3.193359375000000000e-01 9.344345380456279428e-26 1.914400523813608147e-24
3.198242187500000000e-01 -1.253700610602075354e-25 1.981819044075932559e-24
3.203125000000000000e-01 -3.432601941394414903e-25 2.032770345411750198e-24
3.208007812500000000e-01 -5.584418788352417715e-25 2.066839978912923056e-24
3.212890625000000000e-01 -7.691247060267515450e-25 2.083699028274669451e-24
3.217773437500000000e-01 -9.735163909549909229e-25 2.083211956492638181e-24
3.222656250000000000e-01 -1.169945330973666571e-24 2.065386344763155529e-24
3.227539062500000000e-01 -1.356766661149738790e-24 2.030324854598623979e-24
3.232421875000000000e-01 -1.532387477707197530e-24 1.978329376073523552e-24
3.237304687500000000e-01 -1.695375005206728660e-24 1.909830857238853526e-24
3.242187500000000000e-01 -1.844352035926949179e-24 1.825356195231669073e-24
3.247070312500000000e-01 -1.978042938443831014e-24 1.725624499425164233e-24
3.251953125000000000e-01 -2.095363119311203180e-24 1.611459227215466119e-24
3.256835937500000000e-01 -2.195306719676163304e-24 1.483771297614384582e-24
3.261718750000000000e-01 -2.277010727678244541e-24 1.343644555889951839e-24
3.266601562500000000e-01 -2.339821737195865050e-24 1.192234068922753959e-24
3.271484375000000000e-01 -2.383179608107750825e-24 1.030766617141692777e-24
3.276367187500000000e-01 -2.406697522377752839e-24 8.606125074882394573e-25
3.281250000000000000e-01 -2.410203939986054073e-24 6.831735777375168922e-25
3.286132812500000000e-01 -2.393626441380319258e-24 4.999009362405808589e-25
3.291015625000000000e-01 -2.357084497014259696e-24 3.123507393202684798e-25
3.295898437500000000e-01 -2.300904464468830506e-24 1.220665265256450010e-25
3.300781250000000000e-01 -2.225507159112426227e-24 -6.938551466163606827e-26
3.305664062500000000e-01 -2.131509806954077172e-24 -2.603778953546302224e-25
3.310546875000000000e-01 -2.019713865712323794e-24 -4.493403453365834796e-25
3.315429687500000000e-01 -1.891000990216026809e-24 -6.347080675058281673e-25
3.320312500000000000e-01 -1.746441122300164083e-24 -8.149015706886021817e-25
3.325195312500000000e-01 -1.587253828037497830e-24 -9.884416696781990975e-25
3.330078125000000000e-01 -1.414716231778487993e-24 -1.153882616117765904e-24
3.334960937500000000e-01 -1.230273082065706273e-24 -1.309810272148981533e-24
3.339843750000000000e-01 -1.035472933455579499e-24 -1.454948483745114135e-24
3.344726562500000000e-01 -8.318917671711171603e-25 -1.588078690822689444e-24
3.349609375000000000e-01 -6.212419692129987583e-25 -1.708056117802288419e-24
3.354492187500000000e-01 -4.052866589592007452e-25 -1.813903680729134026e-24
3.359375000000000000e-01 -1.857825035114330511e-25 -1.904720999593258880e-24
3.364257812500000000e-01 3.541594748056410230e-26 -1.979717839961653183e-24
3.369140625000000000e-01 2.564606995539154016e-25 -2.038291642705199574e-24
3.374023437500000000e-01 4.755462309070614162e-25 -2.079928398697703708e-24
3.378906250000000000e-01 6.908131429456547437e-25 -2.104251410978010946e-24
3.383789062500000000e-01 9.004667593958028557e-25 -2.111079297049726861e-24
3.388671875000000000e-01 1.102789343598819859e-24 -2.100322331116171855e-24
3.393554687500000000e-01 1.296054118289271451e-24 -2.072045094570812918e-24
3.398437500000000000e-01 1.478653121744564530e-24 -2.026503127859982387e-24
3.403320312500000000e-01 1.649085086604984739e-24 -1.964038387468293039e-24
3.408203125000000000e-01 1.805882908586356100e-24 -1.885153155310980616e-24
3.413085937500000000e-01 1.947746025550838470e-24 -1.790523552286802869e-24
3.417968750000000000e-01 2.073503820128835527e-24 -1.680897604192887395e-24
3.422851562500000000e-01 2.182058175193523537e-24 -1.557177951325538068e-24
3.427734375000000000e-01 2.272514608762206291e-24 -1.420412307041816185e-24
3.432617187500000000e-01 2.344121782974178824e-24 -1.271698448126353939e-24
3.437500000000000000e-01 2.396230968210173824e-24 -1.112273222849863478e-24
3.442382812500000000e-01 2.428421404315019143e-24 -9.434803988012314785e-25
3.447265625000000000e-01 2.440418301065600677e-24 -7.666858373026462471e-25
3.452148437500000000e-01 2.432070587509182448e-24 -5.833695353780338310e-25
3.457031250000000000e-01 2.403465531669822545e-24 -3.950722795463422337e-25
3.461914062500000000e-01 2.354827456491232991e-24 -2.033247266258823376e-25
3.466796875000000000e-01 2.286513994464888948e-24 -9.740115244414261634e-27
3.471679687500000000e-01 2.199115741359250242e-24 1.840575182423421611e-25
3.476562500000000000e-01 2.093339687157138683e-24 3.764873063642808883e-25
3.481445312500000000e-01 1.970024735164385355e-24 5.659213340835512944e-25
3.486328125000000000e-01 1.830223329789610487e-24 7.507722697843735442e-25
3.491210937500000000e-01 1.675073895658572035e-24 9.295282388081364522e-25
3.496093750000000000e-01 1.505834829657049539e-24 1.100667732717430175e-24
3.500976562500000000e-01 1.323944890141647032e-24 1.262759022415474348e-24
3.505859375000000000e-01 1.130889224078812875e-24 1.414473706714578204e-24
3.510742187500000000e-01 9.282511324530928775e-25 1.554509068487212784e-24
3.515625000000000000e-01 7.177499752849738932e-25 1.681695401579516527e-24
3.520507812500000000e-01 5.011065477919349657e-25 1.794987739370737035e-24
3.525390625000000000e-01 2.801114351281153527e-25 1.893398428023486121e-24
3.530273437500000000e-01 5.663931922852761750e-26 1.976108236991266590e-24
3.535156250000000000e-01 -1.674814943399024090e-25 2.042435910906136510e-24
3.540039062500000000e-01 -3.903864904059473519e-25 2.091782535969636480e-24
3.544921875000000000e-01 -6.101842476145997427e-25 2.123741760200137807e-24
3.549804687500000000e-01 -8.250771378621680573e-25 2.138047952737703806e-24
3.554687500000000000e-01 -1.033266299695980489e-24 2.134534462419163713e-24
3.559570312500000000e-01 -1.232983222592511084e-24 2.113239299667524195e-24
3.564453125000000000e-01 -1.422595794332467158e-24 2.074333919249258446e-24
3.569335937500000000e-01 -1.600504088506520564e-24 2.018096688388111733e-24
3.574218750000000000e-01 -1.765193076725797188e-24 1.945009783669715428e-24
3.579101562500000000e-01 -1.915319967224537790e-24 1.855670662222362300e-24
3.583984375000000000e-01 -2.049603837003778185e-24 1.750781502387869765e-24
3.588867187500000000e-01 -2.166896557730075304e-24 1.631234106277475362e-24
3.593750000000000000e-01 -2.266247284984158443e-24 1.498007815447277642e-24
3.598632812500000000e-01 -2.346789232108147298e-24 1.352175920512943023e-24
3.603515625000000000e-01 -2.407826117371999862e-24 1.194975886098623330e-24
3.608398437500000000e-01 -2.448871669661095184e-24 1.027697366987459000e-24
3.613281250000000000e-01 -2.469537735890738787e-24 8.517051819713188969e-25
3.618164062500000000e-01 -2.469632955098828192e-24 6.684923077113253829e-25
3.623046875000000000e-01 -2.449175272081181804e-24 4.795623495756141729e-25
3.627929687500000000e-01 -2.408284633685946129e-24 2.864690118778878873e-25
3.632812500000000000e-01 -2.347289833372557153e-24 9.085089200915217014e-26
3.637695312500000000e-01 -2.266713545035259220e-24 -1.056866119941945770e-25
3.642578125000000000e-01 -2.167173871706661475e-24 -3.015163320083805415e-25
3.647460937500000000e-01 -2.049496132490227780e-24 -4.949738888815022957e-25
3.652343750000000000e-01 -1.914671347131377685e-24 -6.844720850907895847e-25
3.657226562500000000e-01 -1.763770153567847826e-24 -8.684321093188431416e-25
3.662109375000000000e-01 -1.598055227048560826e-24 -1.045287307906515093e-24
3.666992187500000000e-01 -1.418914419309358613e-24 -1.213588801881281092e-24
3.671875000000000000e-01 -1.227790221704850656e-24 -1.371924361910675563e-24
3.676757812500000000e-01 -1.026289397761079159e-24 -1.518940609746417498e-24
3.681640625000000000e-01 -8.160941055705412263e-25 -1.653435838912535550e-24
3.686523437500000000e-01 -5.989103361501733248e-25 -1.774269462634200996e-24
3.691406250000000000e-01 -3.765713917723235835e-25 -1.880401779789662387e-24
3.696289062500000000e-01 -1.509303144662783322e-25 -1.970970276403771352e-24
3.701171875000000000e-01 7.617088998245077331e-26 -2.045192138754443697e-24
3.706054687500000000e-01 3.028074758246973735e-25 -2.102419297500742229e-24
3.710937500000000000e-01 5.270937685096869661e-25 -2.142194821631761084e-24
3.715820312500000000e-01 7.471910196287703767e-25 -2.164151751001257913e-24
3.720703125000000000e-01 9.612255259935731317e-25 -2.168081599305929104e-24
3.725585937500000000e-01 1.167419405349265157e-24 -2.153969082930954090e-24
3.730468750000000000e-01 1.364074785555517151e-24 -2.121890955655920629e-24
3.735351562500000000e-01 1.549506651905440568e-24 -2.072095230634220705e-24
3.740234375000000000e-01 1.722177845487273740e-24 -2.005012464319221516e-24
3.745117187500000000e-01 1.880659775528592778e-24 -1.921157738223105776e-24
3.750000000000000000e-01 2.023581581407881456e-24 -1.821217645153945092e-24
3.754882812500000000e-01 2.149763436514194917e-24 -1.706038045914606161e-24
3.759765625000000000e-01 2.258154198404595897e-24 -1.576533307425408582e-24
3.764648437500000000e-01 2.347798136306246374e-24 -1.433778497380079625e-24
3.769531250000000000e-01 2.417961684687875014e-24 -1.278974296617587955e-24
3.774414062500000000e-01 2.468050427722987507e-24 -1.113366656010017347e-24
3.779296875000000000e-01 2.497594634098272037e-24 -9.383407011520296690e-25
3.784179687500000000e-01 2.506364589406143577e-24 -7.553640626817866923e-25
3.789062500000000000e-01 2.494269183801697707e-24 -5.659202615434280655e-25
3.793945312500000000e-01 2.461360002607775894e-24 -3.716017742913520766e-25
3.798828125000000000e-01 2.407930639842998965e-24 -1.740347215138496362e-25
3.803710937500000000e-01 2.334400558017299630e-24 2.517093272956030842e-26
3.808593750000000000e-01 2.241338051848607851e-24 2.243321653773762708e-25
3.813476562500000000e-01 2.129540533374266412e-24 4.217841126592419790e-25
3.818359375000000000e-01 1.999908095455302587e-24 6.159112050910191557e-25
3.823242187500000000e-01 1.853484398472652712e-24 8.050646136789208662e-25
3.828125000000000000e-01 1.691514677571739265e-24 9.876653249699326932e-25
3.833007812500000000e-01 1.515313278349898112e-24 1.162214468754570816e-24
3.837890625000000000e-01 1.326321189312831198e-24 1.327219450824875379e-24
3.842773437500000000e-01 1.126140375214606186e-24 1.481304628817056351e-24
3.847656250000000000e-01 9.164009713137639420e-25 1.623200283582117211e-24
3.852539062500000000e-01 6.988342365021184260e-25 1.751680085143289673e-24
3.857421875000000000e-01 4.752824192880289132e-25 1.865675262602257548e-24
3.862304687500000000e-01 2.475704194067674031e-25 1.964242097854053288e-24
3.867187500000000000e-01 1.759151332708877058e-26 2.046512133138087401e-24
3.872070312500000000e-01 -2.127073711947454409e-25 2.111804869544169733e-24
3.876953125000000000e-01 -4.414442180912995506e-25 2.159574337369214213e-24
3.881835937500000000e-01 -6.667053899120495055e-25 2.189373669138624868e-24
3.886718750000000000e-01 -8.865832755169944231e-25 2.200962472376734922e-24
3.891601562500000000e-01 -1.099280001787955791e-24 2.194234601291582085e-24
3.896484375000000000e-01 -1.303003178209376063e-24 2.169198324272310597e-24
3.901367187500000000e-01 -1.496025061303898065e-24 2.126074125416644604e-24
3.906250000000000000e-01 -1.676767582331321098e-24 2.065205665325837933e-24
3.911132812500000000e-01 -1.843693605916800265e-24 1.987055800815257377e-24
3.916015625000000000e-01 -1.995384567888621070e-24 1.892291260559067786e-24
3.920898437500000000e-01 -2.130602640838529972e-24 1.781680362342455397e-24
3.925781250000000000e-01 -2.248180449371354293e-24 1.656105631721369083e-24
3.930664062500000000e-01 -2.347113923999428637e-24 1.516632798333958359e-24
3.935546875000000000e-01 -2.426599350847469635e-24 1.364399063709537178e-24
3.940429687500000000e-01 -2.485925639031128083e-24 1.200641700401963754e-24
3.945312500000000000e-01 -2.524579019089275485e-24 1.026748681866418760e-24
3.950195312500000000e-01 -2.542253177542193047e-24 8.441415655105220431e-25
3.955078125000000000e-01 -2.538747140163199743e-24 6.543195695101327732e-25
3.959960937500000000e-01 -2.514077292131084223e-24 4.588908756414955311e-25
3.964843750000000000e-01 -2.468459825184554308e-24 2.594552066668655132e-25
3.969726562500000000e-01 -2.402218014980790710e-24 5.766242101138171701e-26
3.974609375000000000e-01 -2.315898042051041562e-24 -1.447764101894273159e-25
3.979492187500000000e-01 -2.210224855789100139e-24 -3.462025242176218273e-25
3.984375000000000000e-01 -2.086022318745647801e-24 -5.449383401923950191e-25
3.989257812500000000e-01 -1.944328433151408617e-24 -7.392965349278638056e-25
3.994140625000000000e-01 -1.786325769573110984e-24 -9.276847202819722640e-25
3.999023437500000000e-01 -1.613277123449740545e-24 -1.108523272717254082e-24
4.003906250000000000e-01 -1.426636296177702018e-24 -1.280273357299399836e-24
4.008789062500000000e-01 -1.227956323994588555e-24 -1.441528523909765827e-24
4.013671875000000000e-01 -1.018843894270860026e-24 -1.590924312654198728e-24
4.018554687500000000e-01 -8.010624581647672587e-25 -1.727184217316775374e-24
4.023437500000000000e-01 -5.764218566705982819e-25 -1.849194683593098281e-24
4.028320312500000000e-01 -3.467531104434231783e-25 -1.955909098148481724e-24
4.033203125000000000e-01 -1.140001392680436074e-25 -2.046409143194952491e-24
4.038085937500000000e-01 1.199049508899501532e-25 -2.119959622199418550e-24
4.042968750000000000e-01 3.530449761757958010e-25 -2.175909721983773893e-24
4.047851562500000000e-01 5.834394796869738235e-25 -2.213767476248873214e-24
4.052734375000000000e-01 8.091782097260881140e-25 -2.233232647021615814e-24
4.057617187500000000e-01 1.028401271236571625e-24 -2.234098951802022983e-24
4.062500000000000000e-01 1.239236981220166464e-24 -2.216338821040593040e-24
4.067382812500000000e-01 1.439939296914346140e-24 -2.180112641021065397e-24
4.072265625000000000e-01 1.628845525376378355e-24 -2.125674807245619023e-24
4.077148437500000000e-01 1.804331842308677790e-24 -2.053465321163703947e-24
4.082031250000000000e-01 1.964948715954188319e-24 -1.964095075840768586e-24
4.086914062500000000e-01 2.109356518164371539e-24 -1.858259539265284952e-24
4.091796875000000000e-01 2.236299408800368849e-24 -1.736834501104250736e-24
4.096679687500000000e-01 2.344733512417998313e-24 -1.600838313458287017e-24
4.101562500000000000e-01 2.433742753807127748e-24 -1.451356321941546815e-24
4.106445312500000000e-01 2.502532162880704492e-24 -1.289637089887770881e-24
4.111328125000000000e-01 2.550544048330080475e-24 -1.117032722986844330e-24
4.116210937500000000e-01 2.577356460912524706e-24 -9.349368937789415265e-25
4.121093750000000000e-01 2.582695290228698459e-24 -7.448786981116582641e-25
4.125976562500000000e-01 2.566533499895513854e-24 -5.484440832202725683e-25
4.130859375000000000e-01 2.528975515985322317e-24 -3.472305397238459611e-25
4.135742187500000000e-01 2.470287887280939776e-24 -1.429357495567823383e-25
4.140625000000000000e-01 2.390978520670792459e-24 6.273694012869708551e-26
4.145507812500000000e-01 2.291671532151740756e-24 2.681055510066609970e-25
4.150390625000000000e-01 2.173155401222454851e-24 4.714290509687408520e-25
4.155273437500000000e-01 2.036438997755045286e-24 6.710138843907018806e-25
4.160156250000000000e-01 1.882620910020410055e-24 8.652207957014058579e-25
4.165039062500000000e-01 1.712953212577031542e-24 1.052394445145810837e-24
4.169921875000000000e-01 1.528872635978770889e-24 1.230977305617046988e-24
4.174804687500000000e-01 1.331869860470811738e-24 1.399495619274380882e-24
4.179687500000000000e-01 1.123567541164365126e-24 1.556501509166678958e-24
4.184570312500000000e-01 9.057261391632334427e-25 1.700690132023962397e-24
4.189453125000000000e-01 6.801180587608802802e-25 1.830864931985560376e-24
4.194335937500000000e-01 4.486170528294079326e-25 1.945893589819077996e-24
4.199218750000000000e-01 2.131784871379941904e-25 2.044823263599819056e-24
4.204101562500000000e-01 -2.427675746523065577e-26 2.126825498312902493e-24
4.208984375000000000e-01 -2.617637717361327336e-25 2.191167118317981458e-24
4.213867187500000000e-01 -4.972770289949320559e-25 2.237319404509412649e-24
4.218750000000000000e-01 -7.288914898770892488e-25 2.264884826575890867e-24
4.223632812500000000e-01 -9.546578669534762224e-25 2.273584015939460347e-24
4.228515625000000000e-01 -1.172667976631139234e-24 2.263354695388579817e-24
4.233398437500000000e-01 -1.381137192303402592e-24 2.234262235044999277e-24
4.238281250000000000e-01 -1.578296962872482665e-24 2.186502506867286846e-24
4.243164062500000000e-01 -1.762479034163226053e-24 2.120486635995748809e-24
4.248046875000000000e-01 -1.932175156850610442e-24 2.036738669351254729e-24
4.252929687500000000e-01 -2.085929526861532671e-24 1.935914702492472644e-24
4.257812500000000000e-01 -2.222438040270136496e-24 1.818870969238243275e-24
4.262695312500000000e-01 -2.340582802170766970e-24 1.686552576932495927e-24
4.267578125000000000e-01 -2.439328405540035452e-24 1.540028140954868714e-24
4.272460937500000000e-01 -2.517832738946065416e-24 1.380538450668773534e-24
4.277343750000000000e-01 -2.575454760656487853e-24 1.209380047314259806e-24
4.282226562500000000e-01 -2.611657596914702643e-24 1.027954345359655089e-24
4.287109375000000000e-01 -2.626125996893400023e-24 8.377957992770469449e-25
4.291992187500000000e-01 -2.618746327394229506e-24 6.404554051862592939e-25
4.296875000000000000e-01 -2.589519711589936079e-24 4.375633562310218275e-25
4.301757812500000000e-01 -2.538682197549586415e-24 2.308361101117957944e-25
4.306640625000000000e-01 -2.466658167690282229e-24 2.196403829851257211e-26
4.311523437500000000e-01 -2.373986944122383237e-24 -1.873146570629159932e-25
4.316406250000000000e-01 -2.261441254966556261e-24 -3.952280178055880482e-25
4.321289062500000000e-01 -2.129955239435419479e-24 -6.000738331896071970e-25
4.326171875000000000e-01 -1.980566669520151463e-24 -8.001360640788707079e-25
4.331054687500000000e-01 -1.814529370876563757e-24 -9.937184956532767496e-25
4.335937500000000000e-01 -1.633218844758757853e-24 -1.179234918947662331e-24
4.340820312500000000e-01 -1.438093045091239170e-24 -1.355118563802314963e-24
4.345703125000000000e-01 -1.230795608316457276e-24 -1.519874110844361155e-24
4.350585937500000000e-01 -1.013042991330528186e-24 -1.672151237763910409e-24
4.355468750000000000e-01 -7.866052979108956401e-25 -1.810649865419196142e-24
4.360351562500000000e-01 -5.533964700956492707e-25 -1.934187831089432007e-24
4.365234375000000000e-01 -3.153469992139272920e-25 -2.041754123064271850e-24
4.370117187500000000e-01 -7.440601560222456053e-26 -2.132412475519150782e-24
4.375000000000000000e-01 1.673837739282729815e-25 -2.205381885087698007e-24
4.379882812500000000e-01 4.080220309530874067e-25 -2.260067651000601718e-24
4.384765625000000000e-01 6.455264870065453713e-25 -2.295966968041304433e-24
4.389648437500000000e-01 8.778754205068969740e-25 -2.312759416881361834e-24
4.394531250000000000e-01 1.103147283171298461e-24 -2.310314289031129837e-24
4.399414062500000000e-01 1.319475008827286580e-24 -2.288600850180182271e-24
4.404296875000000000e-01 1.525007608289935671e-24 -2.247784876738848772e-24
4.409179687500000000e-01 1.718047610275798125e-24 -2.188211655506437469e-24
4.414062500000000000e-01 1.896984377694390273e-24 -2.110324304915572461e-24
4.418945312500000000e-01 2.060275027488033958e-24 -2.014763427513548747e-24
4.423828125000000000e-01 2.206574009368242204e-24 -1.902326892772528343e-24
4.428710937500000000e-01 2.334647584398514617e-24 -1.773899337611513550e-24
4.433593750000000000e-01 2.443374858333954520e-24 -1.630551168407422227e-24
4.438476562500000000e-01 2.531864854054833014e-24 -1.473476177616520946e-24
4.443359375000000000e-01 2.599354780812048316e-24 -1.303934577632658957e-24
4.448242187500000000e-01 2.645230294169874578e-24 -1.123348099503132649e-24
4.453125000000000000e-01 2.669124861170886759e-24 -9.332184130218064801e-25
4.458007812500000000e-01 2.670804731499485619e-24 -7.350866706143337473e-25
4.462890625000000000e-01 2.650207544899413582e-24 -5.306220276376884460e-25
4.467773437500000000e-01 2.607520750607407604e-24 -3.215240871337301423e-25
4.472656250000000000e-01 2.543057861853600137e-24 -1.095003881123875394e-25
4.477539062500000000e-01 2.457314246843093592e-24 1.036548665221927309e-25
4.482421875000000000e-01 2.351021526639463291e-24 3.161705640935241822e-25
4.487304687500000000e-01 2.225018965538086251e-24 5.263016524096781360e-25
4.492187500000000000e-01 2.080323968435198067e-24 7.322619267397943531e-25
4.497070312500000000e-01 1.918160466258943602e-24 9.323410017501591911e-25
4.501953125000000000e-01 1.739830592522122385e-24 1.124886932203543078e-24
4.506835937500000000e-01 1.546798274074660981e-24 1.308252696762904757e-24
4.511718750000000000e-01 1.340691399103226592e-24 1.480916211583891772e-24
4.516601562500000000e-01 1.123178786370449415e-24 1.641443079035244315e-24
4.521484375000000000e-01 8.960638498941701990e-25 1.788448149536232680e-24
4.526367187500000000e-01 6.612602629263394287e-25 1.920713328107098323e-24
4.531250000000000000e-01 4.206787058574904937e-25 2.037130690787181407e-24
4.536132812500000000e-01 1.763278838949488630e-25 2.136679692225080251e-24
4.541015625000000000e-01 -6.973434938538537265e-26 2.218538218659406147e-24
4.545898437500000000e-01 -3.154991704880368491e-25 2.282008183484447413e-24
4.550781250000000000e-01 -5.589010925415739486e-25 2.326509388491960948e-24
4.555664062500000000e-01 -7.978892298665389662e-25 2.351679750889151757e-24
4.560546875000000000e-01 -1.030506834939602208e-24 2.357285505604543606e-24
4.565429687500000000e-01 -1.254784646213509984e-24 2.343231154635817731e-24
4.570312500000000000e-01 -1.468831534535756640e-24 2.309644567252915204e-24
4.575195312500000000e-01 -1.670891538760021916e-24 2.256774718767188066e-24
4.580078125000000000e-01 -1.859238772943953776e-24 2.185017631247675629e-24
4.584960937500000000e-01 -2.032283061003500136e-24 2.094983834541943121e-24
4.589843750000000000e-01 -2.188601742865828445e-24 1.987387750546766296e-24
4.594726562500000000e-01 -2.326839769597664834e-24 1.863088785622190459e-24
4.599609375000000000e-01 -2.445826665046203935e-24 1.723138410029292953e-24
4.604492187500000000e-01 -2.544581863514703664e-24 1.568664719429765642e-24
4.609375000000000000e-01 -2.622223011242558317e-24 1.400927079638814924e-24
4.614257812500000000e-01 -2.678089090836846355e-24 1.221341500048334522e-24
4.619140625000000000e-01 -2.711718032933307177e-24 1.031365321070332825e-24
4.624023437500000000e-01 -2.722765838603545834e-24 8.325643928461072967e-25
4.628906250000000000e-01 -2.711131385973305408e-24 6.266164703401699432e-25
4.633789062500000000e-01 -2.676907477984739490e-24 4.152003601184529375e-25
4.638671875000000000e-01 -2.620314124437516949e-24 2.000731421459553693e-25
4.643554687500000000e-01 -2.541820650796982073e-24 -1.694858300295054964e-26
4.648437500000000000e-01 -2.442071515123528797e-24 -2.340907355316298559e-25
4.653320312500000000e-01 -2.321835487592484498e-24 -4.495363642546760238e-25
4.658203125000000000e-01 -2.182120203491303448e-24 -6.614647346999192094e-25
4.663085937500000000e-01 -2.024075438574175779e-24 -8.681398617207328257e-25
4.667968750000000000e-01 -1.848960655730095237e-24 -1.067819393369465290e-24
4.672851562500000000e-01 -1.658248819523865674e-24 -1.258812502871558286e-24
4.677734375000000000e-01 -1.453511331645023100e-24 -1.439551756538710978e-24
4.682617187500000000e-01 -1.236405404038114943e-24 -1.608499333775381693e-24
4.687500000000000000e-01 -1.008763261246245015e-24 -1.764221003432436960e-24
4.692382812500000000e-01 -7.724626176939597533e-25 -1.905437681133531835e-24
4.697265625000000000e-01 -5.294344885808040317e-25 -2.030931227660347497e-24
4.702148437500000000e-01 -2.817353133519578661e-25 -2.139631102515803875e-24
4.707031250000000000e-01 -3.140879286625613611e-26 -2.230643500887072052e-24
4.711914062500000000e-01 2.194848938315805766e-25 -2.303160239831155834e-24
4.716796875000000000e-01 4.688157938984432362e-25 -2.356555146102823176e-24
4.721679687500000000e-01 7.145257372674213609e-25 -2.390389510681253189e-24
4.726562500000000000e-01 9.545787578826739892e-25 -2.404326676853850207e-24
4.731445312500000000e-01 1.186928447142638600e-24 -2.398233842811503740e-24
4.736328125000000000e-01 1.409657250603013668e-24 -2.372162917110951771e-24
4.741210937500000000e-01 1.620907156246625241e-24 -2.326273668398053948e-24
4.746093750000000000e-01 1.818867518730625148e-24 -2.260937624393660773e-24
4.750976562500000000e-01 2.001905975657930249e-24 -2.176695550640756592e-24
4.755859375000000000e-01 2.168481289486428818e-24 -2.074192307791614371e-24
4.760742187500000000e-01 2.317152041204346627e-24 -1.954279082704634919e-24
4.765625000000000000e-01 2.446694581577581224e-24 -1.817948569014022499e-24
4.770507812500000000e-01 2.556000952079579435e-24 -1.666283417751428925e-24
4.775390625000000000e-01 2.644107446232917639e-24 -1.500553047934922175e-24
4.780273437500000000e-01 2.710294259228861332e-24 -1.322129295584292496e-24
4.785156250000000000e-01 2.753971052786230422e-24 -1.132451197182458492e-24
4.790039062500000000e-01 2.774723765010451377e-24 -9.331138195509956069e-25
4.794921875000000000e-01 2.772392388609640261e-24 -7.257679407421655456e-25
4.799804687500000000e-01 2.746948689633329162e-24 -5.121025352649553784e-25
4.804687500000000000e-01 2.698559989673139746e-24 -2.939222752706855560e-25
4.809570312500000000e-01 2.627642224195870342e-24 -7.303481219918638768e-26
4.814453125000000000e-01 2.534733643796804674e-24 1.487479186115366698e-25
4.819335937500000000e-01 2.420572562486369404e-24 3.695453252501141096e-25
4.824218750000000000e-01 2.286123312690842931e-24 5.875280494754180735e-25
4.829101562500000000e-01 2.132450591247069218e-24 8.008968743647349717e-25
4.833984375000000000e-01 1.960809126881131729e-24 1.007833287546565808e-24
4.838867187500000000e-01 1.772642511111670652e-24 1.206622190033840791e-24
4.843750000000000000e-01 1.569463357699160282e-24 1.395611784019840277e-24
4.848632812500000000e-01 1.352951836634131856e-24 1.573180579729160302e-24
4.853515625000000000e-01 1.124927141336094689e-24 1.737857745408835947e-24
4.858398437500000000e-01 8.872375175193128253e-25 1.888264235059517709e-24
4.863281250000000000e-01 6.418643663958769955e-25 2.023096303206925654e-24
4.868164062500000000e-01 3.908681979080957354e-25 2.141238470207498964e-24
4.873046875000000000e-01 1.362937402448378776e-25 2.241687815214033800e-24
4.877929687500000000e-01 -1.197228988060674367e-25 2.323554780989290318e-24
4.882812500000000000e-01 -3.750311366416667365e-25 2.386164802785012089e-24
4.887695312500000000e-01 -6.275421216400903955e-25 2.428968140399981270e-24
4.892578125000000000e-01 -8.751224113708451355e-25 2.451557181303282908e-24
4.897460937500000000e-01 -1.115690848816600546e-24 2.453752134173418804e-24
4.902343750000000000e-01 -1.347272622034768132e-24 2.435498929254901820e-24
4.907226562500000000e-01 -1.567896334968611284e-24 2.396902290586075690e-24
4.912109375000000000e-01 -1.775705992274241672e-24 2.338292800345682536e-24
4.916992187500000000e-01 -1.968989871309959001e-24 2.260117068533309656e-24
4.921875000000000000e-01 -2.146084196246581340e-24 2.162985706903182992e-24
4.926757812500000000e-01 -2.305496257597083562e-24 2.047719165858420967e-24
4.931640625000000000e-01 -2.445907131685184928e-24 1.915233570051456145e-24
4.936523437500000000e-01 -2.566085120652706734e-24 1.766601412043487099e-24
4.941406250000000000e-01 -2.665014749323337436e-24 1.603074468263178931e-24
4.946289062500000000e-01 -2.741871995449870351e-24 1.425969942752508242e-24
4.951171875000000000e-01 -2.795949512483414075e-24 1.236742656221064636e-24
4.956054687500000000e-01 -2.826786349004754476e-24 1.036985076642051316e-24
4.960937500000000000e-01 -2.834116652648314032e-24 8.283183072292723093e-25
4.965820312500000000e-01 -2.817809817758274774e-24 6.124731790318537006e-25
4.970703125000000000e-01 -2.777996596867747938e-24 3.912671568162987053e-25
4.975585937500000000e-01 -2.714992897781829921e-24 1.665041098527374128e-25
4.980468750000000000e-01 -2.629256328270349504e-24 -5.993800796581068806e-26
4.985351562500000000e-01 -2.521503377049791582e-24 -2.861514885695273225e-25
4.990234375000000000e-01 -2.392610580805903084e-24 -5.102854809416960009e-25
4.995117187500000000e-01 -2.243589280308398233e-24 -7.304539111518910517e-25
5.000000000000000000e-01 -2.075690469044628833e-24 -9.447990756232849163e-25
5.004882812500000000e-01 -1.890287769650004537e-24 -1.151561526013888265e-24
5.009765625000000000e-01 -1.688871890185204062e-24 -1.348986906242120540e-24
5.014648437500000000e-01 -1.473139377074234095e-24 -1.535406182970983395e-24
5.019531250000000000e-01 -1.244861214044431049e-24 -1.709285367477131433e-24
5.024414062500000000e-01 -1.005896957345224441e-24 -1.869133354820964922e-24
5.029296875000000000e-01 -7.582645130373749501e-25 -2.013594798878552819e-24
5.034179687500000000e-01 -5.040000192036908893e-25 -2.141477223661122308e-24
5.039062500000000000e-01 -2.451925026367886145e-25 -2.251663086625174934e-24
5.043945312500000000e-01 1.596666343231384347e-26 -2.343212192130748010e-24
5.048828125000000000e-01 2.773269541412706234e-25 -2.415365233740588185e-24
5.053710937500000000e-01 5.367246528854991354e-25 -2.467462785746563968e-24
5.058593750000000000e-01 7.919556042446624245e-25 -2.499052691136270942e-24
5.063476562500000000e-01 1.040916136680317039e-24 -2.509868872794177400e-24
5.068359375000000000e-01 1.281530699705507841e-24 -2.499759508437889694e-24
5.073242187500000000e-01 1.511746450743478789e-24 -2.468795512175363517e-24
5.078125000000000000e-01 1.729665408227223113e-24 -2.417225800020899513e-24
5.083007812500000000e-01 1.933455313498982884e-24 -2.345417773803348685e-24
5.087890625000000000e-01 2.121365898112322178e-24 -2.253963213193912851e-24
5.092773437500000000e-01 2.291847613985426165e-24 -2.143611254166827573e-24
5.097656250000000000e-01 2.443448953332059750e-24 -2.015222700404617507e-24
5.102539062500000000e-01 2.574853418329827806e-24 -1.869869041715300942e-24
5.107421875000000000e-01 2.684979546618031514e-24 -1.708745560346888837e-24
5.112304687500000000e-01 2.772867036208583880e-24 -1.533141775191491320e-24
5.117187500000000000e-01 2.837732027825384512e-24 -1.344531011116970947e-24
5.122070312500000000e-01 2.879044365795130728e-24 -1.144467553282201406e-24
5.126953125000000000e-01 2.896406786369413526e-24 -9.345746458281693965e-25
5.131835937500000000e-01 2.889627025175493012e-24 -7.166212600695716565e-25
5.136718750000000000e-01 2.858769747492427308e-24 -4.924067015588444535e-25
5.141601562500000000e-01 2.804032772274992402e-24 -2.637666953972986800e-25
5.146484375000000000e-01 2.725832617117972837e-24 -3.263527728792440681e-26
5.151367187500000000e-01 2.624828354574255571e-24 1.990778481954301516e-25
5.156250000000000000e-01 2.501798926170466444e-24 4.294620754599886646e-25
5.161132812500000000e-01 2.357739424261035840e-24 6.565602419149679641e-25
5.166015625000000000e-01 2.193856861601790534e-24 8.784938339584183401e-25
5.170898437500000000e-01 2.011453867951778511e-24 1.093419564832208323e-24
5.175781250000000000e-01 1.812032720659832460e-24 1.299501611925730769e-24
5.180664062500000000e-01 1.597263000133967982e-24 1.495034430362461947e-24
5.185546875000000000e-01 1.368875389860805340e-24 1.678381623561513562e-24
5.190429687500000000e-01 1.128769514682635619e-24 1.847965756966875872e-24
5.195312500000000000e-01 8.789550248183155485e-25 2.002383248157369248e-24
5.200195312500000000e-01 6.214604016421573477e-25 2.140327131315169797e-24
5.205078125000000000e-01 3.584421234669136119e-25 2.260594838763414683e-24
5.209960937500000000e-01 9.210237406695027254e-26 2.362191265062988398e-24
5.214843750000000000e-01 -1.753833559523915255e-25 2.444238128289047437e-24
5.219726562500000000e-01 -4.417597133855350540e-25 2.505998873338273421e-24
5.224609375000000000e-01 -7.047943522480673365e-25 2.546965169372427707e-24
5.229492187500000000e-01 -9.623286104214626513e-25 2.566755038760349863e-24
5.234375000000000000e-01 -1.212176384529494376e-24 2.565153402996866039e-24
5.239257812500000000e-01 -1.452242428831303924e-24 2.542178942915070511e-24
5.244140625000000000e-01 -1.680547999983675931e-24 2.497975140857027578e-24
5.249023437500000000e-01 -1.895137843794547867e-24 2.432865550634659652e-24
5.253906250000000000e-01 -2.094209446632498935e-24 2.347398685061490262e-24
5.258789062500000000e-01 -2.276112844021229371e-24 2.242235405023224657e-24
5.263671875000000000e-01 -2.439269068411592454e-24 2.118216235640891819e-24
5.268554687500000000e-01 -2.582305176479343595e-24 1.976382160713996269e-24
5.273437500000000000e-01 -2.704027020762515829e-24 1.817862511342861481e-24
5.278320312500000000e-01 -2.803350687088036692e-24 1.643952682446579505e-24
5.283203125000000000e-01 -2.879437398886252370e-24 1.456111068294451556e-24
5.288085937500000000e-01 -2.931639828389608635e-24 1.255852235717963994e-24
5.292968750000000000e-01 -2.959449274735072761e-24 1.044832492131938215e-24
5.297851562500000000e-01 -2.962626087051233456e-24 8.248227948050919945e-25
5.302734375000000000e-01 -2.941121522622294992e-24 5.976107511217996765e-25
5.307617187500000000e-01 -2.895042064872568681e-24 3.650911330710673908e-25
5.312500000000000000e-01 -2.824769728009231918e-24 1.292165046526282918e-25
5.317382812500000000e-01 -2.730861335720313986e-24 -1.080871567685533694e-25
5.322265625000000000e-01 -2.614030971128017060e-24 -3.448269723447352483e-25
5.327148437500000000e-01 -2.475256298372945273e-24 -5.790122846868641181e-25
5.332031250000000000e-01 -2.315659773925921997e-24 -8.087221854782889576e-25
5.336914062500000000e-01 -2.136510735347052442e-24 -1.032012535598384376e-24
5.341796875000000000e-01 -1.939314226631734822e-24 -1.247002357682467859e-24
5.346679687500000000e-01 -1.725678073462280695e-24 -1.451921475717876436e-24
5.351562500000000000e-01 -1.497334029552200626e-24 -1.645020189031681662e-24
5.356445312500000000e-01 -1.256205710385156553e-24 -1.824668459150863354e-24
5.361328125000000000e-01 -1.004266807562521677e-24 -1.989380822008497224e-24
5.366210937500000000e-01 -7.435817658677501851e-25 -2.137731479519512792e-24
5.371093750000000000e-01 -4.763517778353369791e-25 -2.268462835247675814e-24
5.375976562500000000e-01 -2.047702474110481176e-25 -2.380486981372539672e-24
5.380859375000000000e-01 6.891806001486301734e-26 -2.472809118731706390e-24
5.385742187500000000e-01 3.423947746372434190e-25 -2.544640829394390759e-24
5.390625000000000000e-01 6.134101647324408677e-25 -2.595376893955840019e-24
5.395507812500000000e-01 8.797071912005331803e-25 -2.624528701485637138e-24
5.400390625000000000e-01 1.139022694737790393e-24 -2.631837658989508790e-24
5.405273437500000000e-01 1.389220649838915380e-24 -2.617228276282695509e-24
5.410156250000000000e-01 1.628200648662471453e-24 -2.580754525777222151e-24
5.415039062500000000e-01 1.853921654210970751e-24 -2.522709794408452444e-24
5.419921875000000000e-01 2.064521337731344243e-24 -2.443557834805748800e-24
5.424804687500000000e-01 2.258212438289309361e-24 -2.343893408127700794e-24
5.429687500000000000e-01 2.433328202225783173e-24 -2.224544035034186019e-24
5.434570312500000000e-01 2.588422794086046290e-24 -2.086480787741002392e-24
5.439453125000000000e-01 2.722157891321293429e-24 -1.930794864057025496e-24
5.444335937500000000e-01 2.833366730599957380e-24 -1.758788323460996459e-24
5.449218750000000000e-01 2.921130936288900771e-24 -1.571868912874491882e-24
5.454101562500000000e-01 2.984661137620695890e-24 -1.371544122881246403e-24
5.458984375000000000e-01 3.023377717904266658e-24 -1.159497727913146017e-24
5.463867187500000000e-01 3.036961735059179135e-24 -9.374720320481349811e-25
5.468750000000000000e-01 3.025233821138982598e-24 -7.072793369165363368e-25
5.473632812500000000e-01 2.988248080179075176e-24 -4.708617532794273578e-25
5.478515625000000000e-01 2.926314149271742585e-24 -2.301659945191450801e-25
5.483398437500000000e-01 2.839877799210418982e-24 1.282677190782920966e-26
5.488281250000000000e-01 2.729624411859444219e-24 2.560587571992953834e-25
5.493164062500000000e-01 2.596471918874657145e-24 4.975230410449002522e-25
5.498046875000000000e-01 2.441458364547406374e-24 7.352163031129106540e-25
5.502929687500000000e-01 2.265852062370541141e-24 9.671160261210270970e-25
5.507812500000000000e-01 2.071115782564903212e-24 1.191305621336894979e-24
5.512695312500000000e-01 1.858804858228013085e-24 1.405910679883399846e-24
5.517578125000000000e-01 1.630679483646899563e-24 1.609095069982027687e-24
5.522460937500000000e-01 1.388641248263693783e-24 1.799177745819549054e-24
5.527343750000000000e-01 1.134646109446569163e-24 1.974553708700703849e-24
5.532226562500000000e-01 8.708161320087849613e-25 2.133708791657746390e-24
5.537109375000000000e-01 5.993520309502466594e-25 2.275324123337937670e-24
5.541992187500000000e-01 3.224651001525962813e-25 2.398184819682028005e-24
5.546875000000000000e-01 4.248461921474934014e-26 2.501212705019022392e-24
5.551757812500000000e-01 -2.382507369596834541e-25 2.583553774519479380e-24
5.556640625000000000e-01 -5.174396655482704604e-25 2.644476589165787225e-24
5.561523437500000000e-01 -7.927184778935519774e-25 2.683420675551966999e-24
5.566406250000000000e-01 -1.061785659405196731e-24 2.700063349859138182e-24
5.571289062500000000e-01 -1.322423930458567863e-24 2.694211677576758672e-24
5.576171875000000000e-01 -1.572410263469085136e-24 2.665865443790167559e-24
5.581054687500000000e-01 -1.809651229716520418e-24 2.615261316070740827e-24
5.585937500000000000e-01 -2.032179497648196486e-24 2.542762035155126547e-24
5.590820312500000000e-01 -2.238077083313691988e-24 2.448930968940234920e-24
5.595703125000000000e-01 -2.425616503811495521e-24 2.334551124359978441e-24
5.600585937500000000e-01 -2.593230910741903269e-24 2.200515102046324899e-24
5.605468750000000000e-01 -2.739451846304858701e-24 2.047908905955747260e-24
5.610351562500000000e-01 -2.863049611246093752e-24 1.878006016608914653e-24
5.615234375000000000e-01 -2.962977080672397200e-24 1.692163083442003662e-24
5.620117187500000000e-01 -3.038324068333152330e-24 1.491910596101640991e-24
5.625000000000000000e-01 -3.088452320802344237e-24 1.278922131756629264e-24
5.629882812500000000e-01 -3.112915411392723960e-24 1.054919067434256070e-24
5.634765625000000000e-01 -3.111431220314300867e-24 8.217645648820302939e-25
5.639648437500000000e-01 -3.084005843838062407e-24 5.814093782459671024e-25
5.644531250000000000e-01 -3.030831182390892650e-24 3.358100710364134448e-25
5.649414062500000000e-01 -2.952275629937346115e-24 8.702438654661844913e-26
5.654296875000000000e-01 -2.848992315635892059e-24 -1.628632585758152713e-25
5.659179687500000000e-01 -2.721798700334907707e-24 -4.118065175967634139e-25
5.664062500000000000e-01 -2.571686856385009995e-24 -6.577038134939418535e-25
5.668945312500000000e-01 -2.399912849906546649e-24 -8.984907559257017268e-25
5.673828125000000000e-01 -2.207862623108071998e-24 -1.132185343447419398e-24
5.678710937500000000e-01 -1.997080917447190368e-24 -1.356799203859451685e-24
5.683593750000000000e-01 -1.769337909071683029e-24 -1.570443185569203403e-24
5.688476562500000000e-01 -1.526486083293569059e-24 -1.771349852055096029e-24
5.693359375000000000e-01 -1.270507592257342583e-24 -1.957791437357197087e-24
5.698242187500000000e-01 -1.003557148033193254e-24 -2.128194587169071074e-24
5.703125000000000000e-01 -7.278164311186547182e-25 -2.281139544704650822e-24
5.708007812500000000e-01 -4.455590566346193708e-25 -2.415287957212440212e-24
5.712890625000000000e-01 -1.591682275812181142e-25 -2.529502294491665030e-24
5.717773437500000000e-01 1.290064455350464804e-25 -2.622820654665848381e-24
5.722656250000000000e-01 4.165687563882631801e-25 -2.694395632507866794e-24
5.727539062500000000e-01 7.010834886291933189e-25 -2.743613027750038431e-24
5.732421875000000000e-01 9.802105875532288606e-25 -2.770042738084813355e-24
5.737304687500000000e-01 1.251610813695538988e-24 -2.773391234199714123e-24
5.742187500000000000e-01 1.512976914398541343e-24 -2.753615933003228776e-24
5.747070312500000000e-01 1.762153344799215826e-24 -2.710854214153814939e-24
5.751953125000000000e-01 1.997031205539598546e-24 -2.645390873163664155e-24
5.756835937500000000e-01 2.215602161744808500e-24 -2.557763150612082508e-24
5.761718750000000000e-01 2.416059144422576261e-24 -2.448669441999735086e-24
5.766601562500000000e-01 2.596683244902384311e-24 -2.318952539128277696e-24
5.771484375000000000e-01 2.755916835926852535e-24 -2.169691974140757288e-24
5.776367187500000000e-01 2.892440023629244511e-24 -2.002096674385018426e-24
5.781250000000000000e-01 3.005052625011607134e-24 -1.817505637133594960e-24
5.786132812500000000e-01 3.092763877285455006e-24 -1.617464736295099806e-24
5.791015625000000000e-01 3.154842370509244416e-24 -1.403606924556278346e-24
5.795898437500000000e-01 3.190697696526242462e-24 -1.177669784661241741e-24
5.800781250000000000e-01 3.199983246223244922e-24 -9.415537212080230532e-25
5.805664062500000000e-01 3.182616732077560366e-24 -6.971944133784230483e-25
5.810546875000000000e-01 3.138664415305463452e-24 -4.465978336093145577e-25
5.815429687500000000e-01 3.068452424785227157e-24 -1.918792057504478034e-25
5.820312500000000000e-01 2.972557066945186229e-24 6.486656045872617884e-26
5.825195312500000000e-01 2.851696574349071437e-24 3.215131466174261783e-25
5.830078125000000000e-01 2.706848013167273704e-24 5.758846900378115345e-25
5.834960937500000000e-01 2.539208278147000144e-24 8.258829900509209406e-25
5.839843750000000000e-01 2.350097062969854194e-24 1.069420659298662809e-24
5.844726562500000000e-01 2.141074414499036129e-24 1.304423464591621709e-24
5.849609375000000000e-01 1.913873060925026553e-24 1.528949024560051062e-24
5.854492187500000000e-01 1.670316107933150362e-24 1.741105650701868393e-24
5.859375000000000000e-01 1.412431973936652122e-24 1.939074177546714267e-24
5.864257812500000000e-01 1.142361951618130396e-24 2.121213736954755776e-24
5.869140625000000000e-01 8.622970132002733977e-25 2.285969478355372391e-24
5.874023437500000000e-01 5.745867156991349734e-25 2.431913282251815301e-24
5.878906250000000000e-01 2.816251795546218221e-25 2.557832274643750935e-24
5.883789062500000000e-01 -1.419111823778903481e-26 2.662627476992676260e-24
5.888671875000000000e-01 -3.103644182494530720e-25 2.745370483436694528e-24
5.893554687500000000e-01 -6.044264099145905221e-25 2.805370406843014275e-24
5.898437500000000000e-01 -8.939562725372853554e-25 2.842066775946698308e-24
5.903320312500000000e-01 -1.176493431039971073e-24 2.855100612256096248e-24
5.908203125000000000e-01 -1.449678976490529106e-24 2.844358012577071955e-24
5.913085937500000000e-01 -1.711248364908137967e-24 2.809861333641527492e-24
5.917968750000000000e-01 -1.958959197377617348e-24 2.751851623297530041e-24
5.922851562500000000e-01 -2.190738522466655328e-24 2.670806181416261985e-24
5.927734375000000000e-01 -2.404650019104624441e-24 2.567330944045368737e-24
5.932617187500000000e-01 -2.598838144234394422e-24 2.442251025744935584e-24
5.937500000000000000e-01 -2.771674247672987195e-24 2.296602140637551443e-24
5.942382812500000000e-01 -2.921697745668901830e-24 2.131529138651300491e-24
5.947265625000000000e-01 -3.047577842751446292e-24 1.948382418901755370e-24
5.952148437500000000e-01 -3.148253323834162248e-24 1.748683812850027149e-24
5.957031250000000000e-01 -3.222850342978769453e-24 1.534034542297036296e-24
5.961914062500000000e-01 -3.270663415668791252e-24 1.306213406946793805e-24
5.966796875000000000e-01 -3.291283372503318459e-24 1.067118032769362514e-24
5.971679687500000000e-01 -3.284493411847370557e-24 8.186861247001217167e-25
5.976562500000000000e-01 -3.250268643868225276e-24 5.629932390964019906e-25
5.981445312500000000e-01 -3.188886729075818626e-24 3.021730044730976672e-25
5.986328125000000000e-01 -3.100805984378351540e-24 3.835562481167832488e-26
5.991210937500000000e-01 -2.986684433130262258e-24 -2.262379445789964178e-25
5.996093750000000000e-01 -2.847470177692462882e-24 -4.893942649354404031e-25
6.000976562500000000e-01 -2.684266365491320693e-24 -7.489496987337206455e-25
6.005859375000000000e-01 -2.498368715365159869e-24 -1.002702858520900757e-24
6.010742187500000000e-01 -2.291331436535911319e-24 -1.248526680191934358e-24
6.015625000000000000e-01 -2.064823144977403694e-24 -1.484388227292725145e-24
6.020507812500000000e-01 -1.820681672758144681e-24 -1.708269343629526502e-24
6.025390625000000000e-01 -1.560954225265030966e-24 -1.918287695736655002e-24
6.030273437500000000e-01 -1.287751007633533428e-24 -2.112693319908413827e-24
6.035156250000000000e-01 -1.003316756435178661e-24 -2.289800702595271891e-24
6.040039062500000000e-01 -7.100442084215597517e-25 -2.448114550856997383e-24
6.044921875000000000e-01 -4.103304247147181854e-25 -2.586302470971706410e-24
6.049804687500000000e-01 -1.066620238311815419e-25 -2.703139518863309890e-24
6.054687500000000000e-01 1.983985397147501722e-25 -2.797632612477485890e-24
6.059570312500000000e-01 5.023478072500062559e-25 -2.868969194584261584e-24
6.064453125000000000e-01 8.026436153448238328e-25 -2.916476077135930702e-24
6.069335937500000000e-01 1.096743651854152608e-24 -2.939738570525618062e-24
6.074218750000000000e-01 1.382225308108397685e-24 -2.938527559822839363e-24
6.079101562500000000e-01 1.656678647868811138e-24 -2.912774233993389030e-24
6.083984375000000000e-01 1.917768771453540365e-24 -2.862678940888765023e-24
6.088867187500000000e-01 2.163336587996717193e-24 -2.788618042524260968e-24
6.093750000000000000e-01 2.391285726142439887e-24 -2.691134449914971938e-24
6.098632812500000000e-01 2.599665042046294196e-24 -2.571032057445192627e-24
6.103515625000000000e-01 2.786744717199034499e-24 -2.429266359314059479e-24
6.108398437500000000e-01 2.950899515551351357e-24 -2.266952325386503892e-24
6.113281250000000000e-01 3.090707804393161836e-24 -2.085441940382819613e-24
6.118164062500000000e-01 3.205000436549115280e-24 -1.886202656542030961e-24
6.123046875000000000e-01 3.292745134992282350e-24 -1.670841819659165065e-24
6.127929687500000000e-01 3.353158706151710117e-24 -1.441163765032536190e-24
6.132812500000000000e-01 3.385726202092367648e-24 -1.199040211977043793e-24
6.137695312500000000e-01 3.390089121568669631e-24 -9.464510974083550677e-25
6.142578125000000000e-01 3.366165297058250011e-24 -6.855206021527852548e-25
6.147460937500000000e-01 3.314136771944581088e-24 -4.183857009478879826e-25
6.152343750000000000e-01 3.234346070480990042e-24 -1.472530004515260733e-25
6.157226562500000000e-01 3.127420488818120773e-24 1.255874662107334173e-25
6.162109375000000000e-01 2.994230084253418886e-24 3.978912218603602119e-25
6.166992187500000000e-01 2.835796064541612052e-24 6.673887752360726409e-25
6.171875000000000000e-01 2.653414447836122077e-24 9.317941170354977566e-25
6.176757812500000000e-01 2.448584549267829772e-24 1.188925232408380290e-24
6.181640625000000000e-01 2.222932067273401136e-24 1.436620457276971307e-24
6.186523437500000000e-01 1.978327923711034579e-24 1.672767435939596273e-24
6.191406250000000000e-01 1.716791007647150241e-24 1.895410088740335490e-24
6.196289062500000000e-01 1.440430436320801244e-24 2.102654967550799165e-24
6.201171875000000000e-01 1.151556616239399382e-24 2.292720092738557104e-24
6.206054687500000000e-01 8.525620650254230389e-25 2.464024508068692959e-24
6.210937500000000000e-01 5.458845335503939585e-25 2.615087096280715977e-24
6.215820312500000000e-01 2.341057469773562644e-25 2.744591994028571455e-24
6.220703125000000000e-01 -8.018534714345506111e-26 2.851455817474011894e-24
6.225585937500000000e-01 -3.944060507752682742e-25 2.934721514768726886e-24
6.230468750000000000e-01 -7.058950981797317934e-25 2.993637988070701645e-24
6.235351562500000000e-01 -1.012060162159280814e-24 3.027703164128512173e-24
6.240234375000000000e-01 -1.310366197474127244e-24 3.036557292534198548e-24
6.245117187500000000e-01 -1.598267433656192003e-24 3.020073895976195801e-24
6.250000000000000000e-01 -1.873360782227098273e-24 2.978376179907832609e-24
6.254882812500000000e-01 -2.133349596382742915e-24 2.911732250129338249e-24
6.259765625000000000e-01 -2.375994222391992924e-24 2.820653127250710717e-24
6.264648437500000000e-01 -2.599264131700500194e-24 2.705881727749979672e-24
6.269531250000000000e-01 -2.801276258305880584e-24 2.568294578450804110e-24
6.274414062500000000e-01 -2.980264293279111930e-24 2.409004623358579676e-24
6.279296875000000000e-01 -3.134723502175938657e-24 2.229323976082008619e-24
6.284179687500000000e-01 -3.263326162302093604e-24 2.030675682293260261e-24
6.289062500000000000e-01 -3.364911373014640554e-24 1.814696930477071569e-24
6.293945312500000000e-01 -3.438617426674866104e-24 1.583176044949571118e-24
6.298828125000000000e-01 -3.483776404465671198e-24 1.337977321230807540e-24
6.303710937500000000e-01 -3.499923255324808853e-24 1.081141796634607816e-24
6.308593750000000000e-01 -3.486909354682962198e-24 8.148022773307939874e-25
6.313476562500000000e-01 -3.444779245269826280e-24 5.411255747420436625e-25
6.318359375000000000e-01 -3.373799090066864205e-24 2.624081395981534307e-25
6.323242187500000000e-01 -3.274548422115850716e-24 -1.902787511877745356e-26
6.328125000000000000e-01 -3.147784392649732261e-24 -3.008733737313782446e-25
6.333007812500000000e-01 -2.994488762685508937e-24 -5.807455050030119749e-25
6.337890625000000000e-01 -2.815933700954054417e-24 -8.563062539795625105e-25
6.342773437500000000e-01 -2.613537177282991613e-24 -1.125279204251851310e-24
6.347656250000000000e-01 -2.388926138650399629e-24 -1.385372719668043388e-24
6.352539062500000000e-01 -2.143974330690229843e-24 -1.634407424634356347e-24
6.357421875000000000e-01 -1.880655417911743079e-24 -1.870309705378211117e-24
6.362304687500000000e-01 -1.601121872402626303e-24 -2.091047895621326258e-24
6.367187500000000000e-01 -1.307714622158650311e-24 -2.294764544011136965e-24
6.372070312500000000e-01 -1.002819351416943429e-24 -2.479746717872267712e-24
6.376953125000000000e-01 -6.889577174056988552e-25 -2.644376432852365045e-24
6.381835937500000000e-01 -3.687678290730392921e-25 -2.787261202029304396e-24
6.386718750000000000e-01 -4.486911957885602558e-26 -2.907180411281732386e-24
6.391601562500000000e-01 2.800359678476607235e-25 -3.003050833839344409e-24
6.396484375000000000e-01 6.032079185526504445e-25 -3.074050851622769168e-24
6.401367187500000000e-01 9.219898675631490276e-25 -3.119545485460193003e-24
6.406250000000000000e-01 1.233697994604662572e-24 -3.139068837571428527e-24
6.411132812500000000e-01 1.535692284271891369e-24 -3.132437293417734765e-24
6.416015625000000000e-01 1.825477021044346072e-24 -3.099654719119288702e-24
6.420898437500000000e-01 2.100587287893338104e-24 -3.040911012300794143e-24
6.425781250000000000e-01 2.358681146159480416e-24 -2.956679176944352876e-24
6.430664062500000000e-01 2.597615344372847963e-24 -2.847604035836448662e-24
6.435546875000000000e-01 2.815329765421817088e-24 -2.714517936185919337e-24
6.440429687500000000e-01 3.009956179249466548e-24 -2.558519452448564883e-24
6.445312500000000000e-01 3.179865955676218857e-24 -2.380850329854747691e-24
6.450195312500000000e-01 3.323557094303690531e-24 -2.182927646380581451e-24
6.455078125000000000e-01 3.439776332557344948e-24 -1.966400390941436546e-24
6.459960937500000000e-01 3.527537008734139010e-24 -1.733018153905499247e-24
6.464843750000000000e-01 3.586011560487999321e-24 -1.484678563323537841e-24
6.469726562500000000e-01 3.614660786054041659e-24 -1.223460682152035904e-24
6.474609375000000000e-01 3.613219494036024162e-24 -9.514918538486271549e-25
6.479492187500000000e-01 3.581597682497422401e-24 -6.710103599217820258e-25
6.484375000000000000e-01 3.520012887187083154e-24 -3.843751770576834050e-25
6.489257812500000000e-01 3.428945258730034874e-24 -9.393557471215222672e-26
6.494140625000000000e-01 3.309051899410152885e-24 1.978938212253510320e-25
6.499023437500000000e-01 3.161297503601985533e-24 4.886475195455948683e-25
6.503906250000000000e-01 2.986879360561832011e-24 7.759313388258430869e-25
6.508789062500000000e-01 2.787156619777700338e-24 1.057335839008257651e-24
6.513671875000000000e-01 2.563773869513061711e-24 1.330472537966072683e-24
6.518554687500000000e-01 2.318559235654249257e-24 1.593081954161161419e-24
6.523437500000000000e-01 2.053472730394482090e-24 1.842938136620557012e-24
6.528320312500000000e-01 1.770720129234244098e-24 2.077905730870961997e-24
6.533203125000000000e-01 1.472628857069674948e-24 2.296030448449915773e-24
6.538085937500000000e-01 1.161617301375529396e-24 2.495437843529381733e-24
6.542968750000000000e-01 8.402941235563226952e-25 2.674407940231012767e-24
6.547851562500000000e-01 5.113157155383262737e-25 2.831442885063446367e-24
6.552734375000000000e-01 1.773780055549358371e-25 2.965161787418127508e-24
6.557617187500000000e-01 -1.587007874959522311e-25 3.074389398989624108e-24
6.562500000000000000e-01 -4.941337922042436139e-25 3.158198688547914579e-24
6.567382812500000000e-01 -8.261488659775848707e-25 3.215806301137411970e-24
6.572265625000000000e-01 -1.151924474870912262e-24 3.246672656559024491e-24
6.577148437500000000e-01 -1.468749120704821519e-24 3.250517440265050241e-24
6.582031250000000000e-01 -1.773981029439503079e-24 3.227218080340344436e-24
6.586914062500000000e-01 -2.065005026982124585e-24 3.176916090045243565e-24
6.591796875000000000e-01 -2.339390911686828868e-24 3.100003851115495996e-24
6.596679687500000000e-01 -2.594828687559829226e-24 2.997029888031917293e-24
6.601562500000000000e-01 -2.829105705840510667e-24 2.868808758213322080e-24
6.606445312500000000e-01 -3.040256773360215347e-24 2.716380828584531805e-24
6.611328125000000000e-01 -3.226476913439563333e-24 2.540928400390474695e-24
6.616210937500000000e-01 -3.386120272894452893e-24 2.343884831356330642e-24
6.621093750000000000e-01 -3.517837198858923284e-24 2.126867610495382490e-24
6.625976562500000000e-01 -3.620467336412994948e-24 1.891607456813280578e-24
6.630859375000000000e-01 -3.693058964987005678e-24 1.640052804495781351e-24
6.635742187500000000e-01 -3.734986046408461817e-24 1.374279709155498323e-24
6.640625000000000000e-01 -3.745823749013933129e-24 1.096438338513256440e-24
6.645507812500000000e-01 -3.725387039251529373e-24 8.088506569907897645e-25
6.650390625000000000e-01 -3.673824178462325186e-24 5.139009708216797284e-25
6.655273437500000000e-01 -3.591480367717112583e-24 2.140014144750680489e-25
6.660156250000000000e-01 -3.478955083308873111e-24 -8.832138221047044200e-26
6.665039062500000000e-01 -3.337168326796585542e-24 -3.905513748240636630e-25
6.669921875000000000e-01 -3.167215964351504175e-24 -6.901963503512292711e-25
6.674804687500000000e-01 -2.970442353889491243e-24 -9.847134495503996637e-25
6.679687500000000000e-01 -2.748476303472273395e-24 -1.271643279459788712e-24
6.684570312500000000e-01 -2.503084002885171662e-24 -1.548599919044918699e-24
6.689453125000000000e-01 -2.236256130190177752e-24 -1.813211019377531761e-24
6.694335937500000000e-01 -1.950213984115288919e-24 -2.063256669055176513e-24
6.699218750000000000e-01 -1.647266225652554967e-24 -2.296636918583555032e-24
6.704101562500000000e-01 -1.329907134742319388e-24 -2.511328227928001463e-24
6.708984375000000000e-01 -1.000791690921232789e-24 -2.705520590045856652e-24
6.713867187500000000e-01 -6.626006517961485370e-25 -2.877561534454008489e-24
6.718750000000000000e-01 -3.181470147493829495e-25 -3.025928691522912710e-24
6.723632812500000000e-01 2.967730924815693923e-26 -3.149359487664698624e-24
6.728515625000000000e-01 3.780208116552768108e-25 -3.246773945149768624e-24
6.733398437500000000e-01 7.239595664725250610e-25 -3.317265251946156052e-24
6.738281250000000000e-01 1.064576368748418849e-24 -3.360217782086289329e-24
6.743164062500000000e-01 1.397060494053835110e-24 -3.375210762067163912e-24
6.748046875000000000e-01 1.718593194587583842e-24 -3.362025648964643277e-24
6.752929687500000000e-01 2.026449779841392673e-24 -3.320746481296948364e-24
6.757812500000000000e-01 2.318074801861854719e-24 -3.251646856797633293e-24
6.762695312500000000e-01 2.590967575315519148e-24 -3.155214189911429004e-24
6.767578125000000000e-01 2.842801179765289541e-24 -3.032229992160801230e-24
6.772460937500000000e-01 3.071468865093340402e-24 -2.883645474202720199e-24
6.777343750000000000e-01 3.274973595385429403e-24 -2.710622350683673445e-24
6.782226562500000000e-01 3.451560511692061692e-24 -2.514589504647220480e-24
6.787109375000000000e-01 3.599733411950068675e-24 -2.297110394754187931e-24
6.791992187500000000e-01 3.718151807648539705e-24 -2.059938059740205384e-24
6.796875000000000000e-01 3.805770426874381086e-24 -1.805046254612205943e-24
6.801757812500000000e-01 3.861822850031509709e-24 -1.534494788165485198e-24
6.806640625000000000e-01 3.885728076454690737e-24 -1.250498757480001096e-24
6.811523437500000000e-01 3.877231700225032218e-24 -9.554345231063923199e-25
6.816406250000000000e-01 3.836358098574831137e-24 -6.517082563313313884e-25
6.821289062500000000e-01 3.763331217613643638e-24 -3.418364095343916962e-25
6.826171875000000000e-01 3.658713068167865063e-24 -2.842546845266353079e-26
6.831054687500000000e-01 3.523325552771667807e-24 2.859516190791953727e-25
6.835937500000000000e-01 3.358186813816458081e-24 5.986653884257086130e-25
6.840820312500000000e-01 3.164640537549350062e-24 9.070735063050780270e-25
6.845703125000000000e-01 2.944249629054399106e-24 1.208629785366902006e-24
6.850585937500000000e-01 2.698751383084691415e-24 1.500786391763946193e-24
6.855468750000000000e-01 2.430174858357134572e-24 1.781059261945099280e-24
6.860351562500000000e-01 2.140711966886231508e-24 2.047119252315100178e-24
6.865234375000000000e-01 1.832693901826117017e-24 2.296690527895450008e-24
6.870117187500000000e-01 1.508691855397492199e-24 2.527634860964992188e-24
6.875000000000000000e-01 1.171368986548039696e-24 2.738019816996215172e-24
6.879882812500000000e-01 8.234784166269540905e-25 2.926014629635885857e-24
6.884765625000000000e-01 4.679443855619547563e-25 3.089988566174348652e-24
6.889648437500000000e-01 1.077024238583412085e-25 3.228553009473163465e-24
6.894531250000000000e-01 -2.542784061363733666e-25 3.340459077359736737e-24
6.899414062500000000e-01 -6.149349809462561851e-25 3.424707489778192463e-24
6.904296875000000000e-01 -9.712754861754628689e-25 3.480563269064564636e-24
6.909179687500000000e-01 -1.320334219796888277e-24 3.507457888971636047e-24
6.914062500000000000e-01 -1.659134608001141612e-24 3.505104915133201658e-24
6.918945312500000000e-01 -1.984853957158604706e-24 3.473484878633050215e-24
6.923828125000000000e-01 -2.294755191621573934e-24 3.412754584691620595e-24
6.928710937500000000e-01 -2.586172171171656672e-24 3.323364864859711737e-24
6.933593750000000000e-01 -2.856665425332268195e-24 3.206017461615620658e-24
6.938476562500000000e-01 -3.103931873047102374e-24 3.061586056853290308e-24
6.943359375000000000e-01 -3.325813123610912510e-24 2.891232233464503210e-24
6.948242187500000000e-01 -3.520437472292232956e-24 2.696334969172611832e-24
6.953125000000000000e-01 -3.686111300757800134e-24 2.478424823025513102e-24
6.958007812500000000e-01 -3.821349401913174964e-24 2.239293015584833247e-24
6.962890625000000000e-01 -3.924996107761464534e-24 1.980896321286967999e-24
6.967773437500000000e-01 -3.996099772403946039e-24 1.705308406945985106e-24
6.972656250000000000e-01 -4.033962394972836677e-24 1.414820171796608570e-24
6.977539062500000000e-01 -4.038235266349932805e-24 1.111824856659085333e-24
6.982421875000000000e-01 -4.008782063174660383e-24 7.987885816558251243e-25
6.987304687500000000e-01 -3.945747423277014392e-24 4.783375716972379982e-25
6.992187500000000000e-01 -3.849624158674670472e-24 1.531266951064130714e-25
6.997070312500000000e-01 -3.721109001895083048e-24 -1.741696167921711031e-25
7.001953125000000000e-01 -3.561185941782901970e-24 -5.007849811962711620e-25
7.006835937500000000e-01 -3.371160891104814902e-24 -8.240020550776350537e-25
7.011718750000000000e-01 -3.152514839135437165e-24 -1.141138565699359816e-24
7.016601562500000000e-01 -2.907000162844392330e-24 -1.449491155490331168e-24
7.021484375000000000e-01 -2.636643493790632445e-24 -1.746480943069109182e-24
7.026367187500000000e-01 -2.343603331930457127e-24 -2.029617700380588466e-24
7.031250000000000000e-01 -2.030276484508511951e-24 -2.296462371778698332e-24
7.036132812500000000e-01 -1.699268183064863316e-24 -2.544771178831230828e-24
7.041015625000000000e-01 -1.353258017893645098e-24 -2.772437106125494265e-24
7.045898437500000000e-01 -9.951121810270405462e-25 -2.977469989175749305e-24
7.050781250000000000e-01 -6.278227855975499947e-25 -3.158132157736461278e-24
7.055664062500000000e-01 -2.543892723337377830e-25 -3.312858782008466385e-24
7.060546875000000000e-01 1.220648804297539079e-25 -3.440256995371004646e-24
7.065429687500000000e-01 4.983797380955776365e-25 -3.539229150945697239e-24
7.070312500000000000e-01 8.714574041654785448e-25 -3.608874971560172556e-24
7.075195312500000000e-01 1.238145767956569086e-24 -3.648508631528903754e-24
7.080078125000000000e-01 1.595350643682509887e-24 -3.657763102530037565e-24
7.084960937500000000e-01 1.940110143164828870e-24 -3.636475626308858521e-24
7.089843750000000000e-01 2.269481077472344934e-24 -3.584721404274249633e-24
7.094726562500000000e-01 2.580668829158253939e-24 -3.502895898973468796e-24
7.099609375000000000e-01 2.871072320882534193e-24 -3.391589197487198193e-24
7.104492187500000000e-01 3.138175951221329410e-24 -3.251636402123145409e-24
7.109375000000000000e-01 3.379692903410089756e-24 -3.084174973645873597e-24
7.114257812500000000e-01 3.593580006291759916e-24 -2.890511316632304418e-24
7.119140625000000000e-01 3.777939511906547608e-24 -2.672184522073732340e-24
7.124023437500000000e-01 3.931169736241539720e-24 -2.430995719675220144e-24
7.128906250000000000e-01 4.051946872942823969e-24 -2.168872170620193689e-24
7.133789062500000000e-01 4.139137539667699925e-24 -1.887943933013507421e-24
7.138671875000000000e-01 4.191949713401992074e-24 -1.590546250757150511e-24
7.143554687500000000e-01 4.209882031139123768e-24 -1.279087395713978811e-24
7.148437500000000000e-01 4.192651531824666138e-24 -9.561355726826413401e-25
7.153320312500000000e-01 4.140340878811073427e-24 -6.243932149037369882e-25
7.158203125000000000e-01 4.053317219964733693e-24 -2.865724239170653784e-25
7.163085937500000000e-01 3.932176610631933434e-24 5.451074673364177255e-26
7.167968750000000000e-01 3.777880193454109431e-24 3.959875524567963342e-25
7.172851562500000000e-01 3.591643752503227338e-24 7.350464483875530983e-25
7.177734375000000000e-01 3.374900615300018112e-24 1.068832463862402138e-24
7.182617187500000000e-01 3.129423282013264041e-24 1.394521167636791583e-24
7.187500000000000000e-01 2.857189774447785121e-24 1.709410187849505426e-24
7.192382812500000000e-01 2.560368143745273435e-24 2.010816712206666101e-24
7.197265625000000000e-01 2.241419472668877131e-24 2.296171878917665537e-24
7.202148437500000000e-01 1.902944699535329528e-24 2.563089516112218343e-24
7.207031250000000000e-01 1.547689951338000113e-24 2.809263087190548302e-24
7.211914062500000000e-01 1.178626722285261080e-24 3.032574519955994741e-24
7.216796875000000000e-01 7.987858350145944323e-25 3.231135832389444128e-24
7.221679687500000000e-01 4.112860578087169374e-25 3.403188915546486706e-24
7.226562500000000000e-01 1.939128986196698864e-26 3.547225820828577121e-24
7.231445312500000000e-01 -3.736607396782914033e-25 3.662002675154629180e-24
7.236328125000000000e-01 -7.646074431772664459e-25 3.746445864310378053e-24
7.241210937500000000e-01 -1.150130256019595456e-24 3.799778036958308040e-24
7.246093750000000000e-01 -1.527025798200000122e-24 3.821501398290485097e-24
7.250976562500000000e-01 -1.892133537329477565e-24 3.811311665699592822e-24
7.255859375000000000e-01 -2.242329634194460115e-24 3.769224623678281691e-24
7.260742187500000000e-01 -2.574688716548796653e-24 3.695530168717332607e-24
7.265625000000000000e-01 -2.886390187458875347e-24 3.590718780570365240e-24
7.270507812500000000e-01 -3.174736307507156345e-24 3.455605274416432552e-24
7.275390625000000000e-01 -3.437299291538218798e-24 3.291255002957797407e-24
7.280273437500000000e-01 -3.671810643160602681e-24 3.098924087413877663e-24
7.285156250000000000e-01 -3.876203181203072240e-24 2.880174167618021904e-24
7.290039062500000000e-01 -4.048736818195881874e-24 2.636772465865336501e-24
7.294921875000000000e-01 -4.187872183106720042e-24 2.370648704272874883e-24
7.299804687500000000e-01 -4.292332372297765557e-24 2.083998752203051689e-24
7.304687500000000000e-01 -4.361201248232077132e-24 1.779164287346130581e-24
7.309570312500000000e-01 -4.393786028843006357e-24 1.458609241118633287e-24
7.314453125000000000e-01 -4.389698058389385405e-24 1.125008362785659938e-24
7.319335937500000000e-01 -4.348921411710564506e-24 7.811095482650057756e-25
7.324218750000000000e-01 -4.271669452315835838e-24 4.297297939190685358e-25
7.329101562500000000e-01 -4.158480292355142344e-24 7.382586532174332838e-26
7.333984375000000000e-01 -4.010250847698050407e-24 -2.836538417626657645e-25
7.338867187500000000e-01 -3.828090763767835016e-24 -6.397508365433050315e-25
7.343750000000000000e-01 -3.613429129666634355e-24 -9.914440159737602927e-25
7.348632812500000000e-01 -3.368014317922824920e-24 -1.335802079833346544e-24
7.353515625000000000e-01 -3.093772868436827309e-24 -1.669943653013539227e-24
7.358398437500000000e-01 -2.792925314382230660e-24 -1.991005843861467207e-24
7.363281250000000000e-01 -2.467951746936370221e-24 -2.296295674968664081e-24
7.368164062500000000e-01 -2.121459386225358215e-24 -2.583228788417575534e-24
7.373046875000000000e-01 -1.756301866919834548e-24 -2.849317618280472579e-24
7.377929687500000000e-01 -1.375511324565018274e-24 -3.092313585363437120e-24
7.382812500000000000e-01 -9.821809465319120834e-25 -3.310124777159581122e-24
7.387695312500000000e-01 -5.795863135127842137e-25 -3.500824128226717768e-24
7.392578125000000000e-01 -1.710891877873255671e-25 -3.662778305965911630e-24
7.397460937500000000e-01 2.399591676844888954e-25 -3.794548217958081303e-24
7.402343750000000000e-01 6.500991257028011410e-25 -3.894916709931000038e-24
7.407226562500000000e-01 1.055884998726084675e-24 -3.962997683761986369e-24
7.412109375000000000e-01 1.453958110866196197e-24 -3.998120357272053532e-24
7.416992187500000000e-01 1.840933753215374296e-24 -3.999873490749382980e-24
7.421875000000000000e-01 2.213542629079148205e-24 -3.968190252318586842e-24
7.426757812500000000e-01 2.568674270494083402e-24 -3.903221421209669036e-24
7.431640625000000000e-01 2.903271307096383327e-24 -3.805396363232334291e-24
7.436523437500000000e-01 3.214484226544304563e-24 -3.675481600127464062e-24
7.441406250000000000e-01 3.499684259659971347e-24 -3.514447029175987489e-24
7.446289062500000000e-01 3.756369935688835969e-24 -3.323539781410321099e-24
7.451171875000000000e-01 3.982329755368319186e-24 -3.104312404642616138e-24
7.456054687500000000e-01 4.175622299332367742e-24 -2.858486101504302832e-24
7.460937500000000000e-01 4.334495457443192674e-24 -2.588035853289911922e-24
7.465820312500000000e-01 4.457548275285423079e-24 -2.295189377726476711e-24
7.470703125000000000e-01 4.543677409669495503e-24 -1.982294564143677416e-24
7.475585937500000000e-01 4.592012411919297473e-24 -1.651913923613427281e-24
7.480468750000000000e-01 4.602072579537250690e-24 -1.306793743054660312e-24
7.485351562500000000e-01 4.573682921877778050e-24 -9.497390858751671489e-25
7.490234375000000000e-01 4.506927700161331395e-24 -5.837132861590801862e-25
7.495117187500000000e-01 4.402294779432510059e-24 -2.117789348118560254e-25
7.500000000000000000e-01 4.260561454926276080e-24 1.630127580326237610e-25
7.504882812500000000e-01 4.082766245504207312e-24 5.375179747857909047e-25
7.509765625000000000e-01 3.870335696231944887e-24 9.085831380455739761e-25
7.514648437500000000e-01 3.624945996353528510e-24 1.273136470829532986e-24
7.519531250000000000e-01 3.348516583031804190e-24 1.628083979326836001e-24
7.524414062500000000e-01 3.043316307320050655e-24 1.970414320593801467e-24
7.529296875000000000e-01 2.711805442745960019e-24 2.297267977475399970e-24
7.534179687500000000e-01 2.356649742069129826e-24 2.605835248851882072e-24
7.539062500000000000e-01 1.980800455277740714e-24 2.893476476849647329e-24
7.543945312500000000e-01 1.587322156022940512e-24 3.157763321145042230e-24
7.548828125000000000e-01 1.179428658188019090e-24 3.396380779979086701e-24
7.553710937500000000e-01 7.605370685635357334e-25 3.607258658271274492e-24
7.558593750000000000e-01 3.340904566519983457e-25 3.788584594576329661e-24
7.563476562500000000e-01 -9.638425152427795950e-26 3.938714568136079251e-24
7.568359375000000000e-01 -5.272507072650075814e-25 4.056310402181247561e-24
7.573242187500000000e-01 -9.549406377373381475e-25 4.140321817974826785e-24
7.578125000000000000e-01 -1.375876602356705918e-24 4.189905815692774765e-24
7.583007812500000000e-01 -1.786474689816759030e-24 4.204563217599688257e-24
7.587890625000000000e-01 -2.183312798657456043e-24 4.184089962511260777e-24
7.592773437500000000e-01 -2.563033167218273656e-24 4.128509614504518431e-24
7.597656250000000000e-01 -2.922370794510669944e-24 4.038205896822942086e-24
7.602539062500000000e-01 -3.258305867889037704e-24 3.913845797555334134e-24
7.607421875000000000e-01 -3.567950517665242849e-24 3.756326906457920363e-24
7.612304687500000000e-01 -3.848603240914053844e-24 3.566899114281528507e-24
7.617187500000000000e-01 -4.097879834997789281e-24 3.347060146670248177e-24
7.622070312500000000e-01 -4.313586293597814489e-24 3.098519016565676688e-24
7.626953125000000000e-01 -4.493794008898263774e-24 2.823303753706469921e-24
7.631835937500000000e-01 -4.636941382987866399e-24 2.523635522504782777e-24
7.636718750000000000e-01 -4.741696031083614080e-24 2.201911869303747337e-24
7.641601562500000000e-01 -4.807048853086991335e-24 1.860797436514836014e-24
7.646484375000000000e-01 -4.832384393305872459e-24 1.503080267738085105e-24
7.651367187500000000e-01 -4.817338523286780198e-24 1.131673908585505521e-24
7.656250000000000000e-01 -4.761907573501384160e-24 7.496868984143379390e-25
7.661132812500000000e-01 -4.666482536661212832e-24 3.602672443805407184e-25
7.666015625000000000e-01 -4.531704494302254047e-24 -3.337400744412261247e-26
7.670898437500000000e-01 -4.358583245628245523e-24 -4.279138685643777142e-25
7.675781250000000000e-01 -4.148494425868789856e-24 -8.200769681383431269e-25
7.680664062500000000e-01 -3.903040073855488949e-24 -1.206590823791198456e-24
7.685546875000000000e-01 -3.624175123652116402e-24 -1.584160359560321126e-24
7.690429687500000000e-01 -3.314168746658348810e-24 -1.949626939118230159e-24
7.695312500000000000e-01 -2.975474427333046191e-24 -2.299903848213568122e-24
7.700195312500000000e-01 -2.610857825662031164e-24 -2.631973170721757801e-24
7.705078125000000000e-01 -2.223321880663334868e-24 -2.943035281996234811e-24
7.709960937500000000e-01 -1.815991118260903152e-24 -3.230423704883600424e-24
7.714843750000000000e-01 -1.392238510296887176e-24 -3.491623030077716551e-24
7.719726562500000000e-01 -9.555803154508940454e-25 -3.724403876024049442e-24
7.724609375000000000e-01 -5.095817387258785077e-25 -3.926721496518513800e-24
7.729492187500000000e-01 -5.797932889336779778e-26 -4.096755035471893106e-24
7.734375000000000000e-01 3.954516073758670522e-25 -4.233022217777676505e-24
7.739257812500000000e-01 8.469680715124499006e-25 -4.334262728190324423e-24
7.744140625000000000e-01 1.292746354220563060e-24 -4.399494363321777071e-24
7.749023437500000000e-01 1.729035796645061620e-24 -4.428101188404660956e-24
7.753906250000000000e-01 2.152200521460184580e-24 -4.419705714456298069e-24
7.758789062500000000e-01 2.558616074982222391e-24 -4.374241586199947766e-24
7.763671875000000000e-01 2.944836462686831039e-24 -4.292013876742998299e-24
7.768554687500000000e-01 3.307604652048797039e-24 -4.173565346489231219e-24
7.773437500000000000e-01 3.643763896186930022e-24 -4.019761988084556139e-24
7.778320312500000000e-01 3.950433334414902490e-24 -3.831820795316031288e-24
7.783203125000000000e-01 4.224986374895490587e-24 -3.611172717384955224e-24
7.788085937500000000e-01 4.464977393869078216e-24 -3.359557547713835204e-24
7.792968750000000000e-01 4.668315905374431225e-24 -3.079019624785506510e-24
7.797851562500000000e-01 4.833210321509922036e-24 -2.771775124335421192e-24
7.802734375000000000e-01 4.958111552497464312e-24 -2.440315229995144582e-24
7.807617187500000000e-01 5.041880515822185023e-24 -2.087370407902761199e-24
7.812500000000000000e-01 5.083701148537961046e-24 -1.715785625937297018e-24
7.817382812500000000e-01 5.083044137304583813e-24 -1.328626313245333728e-24
7.822265625000000000e-01 5.039820855080144310e-24 -9.291115406305614155e-25
7.827148437500000000e-01 4.954265920706902589e-24 -5.205028664783585088e-25
7.832031250000000000e-01 4.826919364104174730e-24 -1.062122777606172755e-25
7.836914062500000000e-01 4.658759789150187460e-24 3.102900591149125980e-25
7.841796875000000000e-01 4.451061302615697233e-24 7.255671178360486277e-25
7.846679687500000000e-01 4.205397345835494544e-24 1.136108781186110889e-24
7.851562500000000000e-01 3.923750894771971169e-24 1.538447583552051655e-24
7.856445312500000000e-01 3.608351894899111376e-24 1.929228036705882950e-24
7.861328125000000000e-01 3.261701641971714387e-24 2.305105519659520910e-24
7.866210937500000000e-01 2.886653662627895656e-24 2.662878981976366421e-24
7.871093750000000000e-01 2.486235629584113476e-24 2.999532049836310245e-24
7.875976562500000000e-01 2.063693779055935629e-24 3.312137501595980964e-24
7.880859375000000000e-01 1.622544063010501075e-24 3.598000904723947186e-24
7.885742187500000000e-01 1.166388563671248346e-24 3.854672604996206985e-24
7.890625000000000000e-01 6.989813312796287959e-25 4.079862792420637597e-24
7.895507812500000000e-01 2.242486632623916387e-25 4.271591701257541515e-24
7.900390625000000000e-01 -2.538946123452217719e-25 4.428170724570006831e-24
7.905273437500000000e-01 -7.314618673533157586e-25 4.548128166332568156e-24
7.910156250000000000e-01 -1.204406468482300836e-24 4.630357279309819222e-24
7.915039062500000000e-01 -1.668797036134403661e-24 4.674065020008107744e-24
7.919921875000000000e-01 -2.120715804332363628e-24 4.678711349675420026e-24
7.924804687500000000e-01 -2.556298182692153314e-24 4.644151650216692731e-24
7.929687500000000000e-01 -2.971890899081512681e-24 4.570556812071076972e-24
7.934570312500000000e-01 -3.363935589385742155e-24 4.458368811852510679e-24
7.939453125000000000e-01 -3.729036355189861613e-24 4.308430829127793629e-24
7.944335937500000000e-01 -4.064096270873122984e-24 4.121878666227389504e-24
7.949218750000000000e-01 -4.366189574845421410e-24 3.900112006059643543e-24
7.954101562500000000e-01 -4.632651871875795213e-24 3.644907228446443321e-24
7.958984375000000000e-01 -4.861185915657888990e-24 3.358285859231747204e-24
7.963867187500000000e-01 -5.049723703724828666e-24 3.042505577469593924e-24
7.968750000000000000e-01 -5.196535245954934571e-24 2.700153883608091321e-24
7.973632812500000000e-01 -5.300301056271555780e-24 2.333998505431115266e-24
7.978515625000000000e-01 -5.359971187183391603e-24 1.946996993570284892e-24
7.983398437500000000e-01 -5.374889701042029129e-24 1.542365783619571695e-24
7.988281250000000000e-01 -5.344829815578188504e-24 1.123417129378602828e-24
7.993164062500000000e-01 -5.269851733470152379e-24 6.935885698889611155e-25
7.998046875000000000e-01 -5.150435107832133316e-24 2.564881778761571473e-25
8.002929687500000000e-01 -4.987473913624288240e-24 -1.842726284214992902e-25
8.007812500000000000e-01 -4.782139227073137690e-24 -6.250286839106069978e-25
8.012695312500000000e-01 -4.536017802714848099e-24 -1.062041511241316418e-24
8.017578125000000000e-01 -4.251069400264755942e-24 -1.491666204751916324e-24
8.022460937500000000e-01 -3.929500262563877071e-24 -1.910283019399179331e-24
8.027343750000000000e-01 -3.573901344576434170e-24 -2.314303587070568507e-24
8.032226562500000000e-01 -3.187166815843450112e-24 -2.700328585160681797e-24
8.037109375000000000e-01 -2.772381013130844810e-24 -3.065059683429151071e-24
8.041992187500000000e-01 -2.332951962837193579e-24 -3.405328175114704747e-24
8.046875000000000000e-01 -1.872496864057235235e-24 -3.718236627681233924e-24
8.051757812500000000e-01 -1.394750587144878049e-24 -4.001055263681639216e-24
8.056640625000000000e-01 -9.036925279847668240e-25 -4.251273779011190248e-24
8.061523437500000000e-01 -4.034035049404071853e-25 -4.466722406583585734e-24
8.066406250000000000e-01 1.020024080963513593e-25 -4.645454740068608344e-24
8.071289062500000000e-01 6.082641248278188665e-25 -4.785817522693008324e-24
8.076171875000000000e-01 1.111140362274865066e-24 -4.886543089154796272e-24
8.081054687500000000e-01 1.606449464290080084e-24 -4.946620813678851135e-24
8.085937500000000000e-01 2.089968555242364719e-24 -4.965382901852357227e-24
8.090820312500000000e-01 2.557613993840602876e-24 -4.942566914103813774e-24
8.095703125000000000e-01 3.005449137534380166e-24 -4.878182399252001488e-24
8.100585937500000000e-01 3.429600456925425941e-24 -4.772609877611489990e-24
8.105468750000000000e-01 3.826447019133627429e-24 -4.626629066204565936e-24
8.110351562500000000e-01 4.192596941339898039e-24 -4.441282334193583429e-24
8.115234375000000000e-01 4.524822388050549239e-24 -4.217981064446664567e-24
8.120117187500000000e-01 4.820247748957835930e-24 -3.958498390302147114e-24
8.125000000000000000e-01 5.076291003877806330e-24 -3.664836643164008308e-24
8.129882812500000000e-01 5.290616739022261146e-24 -3.339340512318470037e-24
8.134765625000000000e-01 5.461315620912073309e-24 -2.984656580961327509e-24
8.139648437500000000e-01 5.586814330582549331e-24 -2.603609467922785770e-24
8.144531250000000000e-01 5.665850615988323766e-24 -2.199315783402491982e-24
8.149414062500000000e-01 5.697638321888151320e-24 -1.775109561198314353e-24
8.154296875000000000e-01 5.681747158693634750e-24 -1.334431002877490168e-24
8.159179687500000000e-01 5.618097084866788404e-24 -8.809391087205367507e-25
8.164062500000000000e-01 5.507099394924999861e-24 -4.184093077766894553e-25
8.168945312500000000e-01 5.349509147544903239e-24 4.935744686208505652e-26
8.173828125000000000e-01 5.146440607157118729e-24 5.184255558184010928e-25
8.178710937500000000e-01 4.899482388878834723e-24 9.848519115848150689e-25
8.183593750000000000e-01 4.610530423870499495e-24 1.444754941654142619e-24
8.188476562500000000e-01 4.281824443560234844e-24 1.894214091563559776e-24
8.193359375000000000e-01 3.916030924312553116e-24 2.329416205414308096e-24
8.198242187500000000e-01 3.516059483045795215e-24 2.746696705431809627e-24
8.203125000000000000e-01 3.085117399903070417e-24 3.142446937715090475e-24
8.208007812500000000e-01 2.626758223869940611e-24 3.513271342478104752e-24
8.212890625000000000e-01 2.144691613700423873e-24 3.855998327411344099e-24
8.217773437500000000e-01 1.642858241453786222e-24 4.167600161907028443e-24
8.222656250000000000e-01 1.125444902824290785e-24 4.445357180886601066e-24
8.227539062500000000e-01 5.966946423601089658e-25 4.686838178675810222e-24
8.232421875000000000e-01 6.099744510503387099e-26 4.889833634671833468e-24
8.237304687500000000e-01 -4.771308087139955517e-25 5.052517138761221848e-24
8.242187500000000000e-01 -1.013230996329412286e-24 5.173392029800287368e-24
8.247070312500000000e-01 -1.542794454172417345e-24 5.251238558955003799e-24
8.251953125000000000e-01 -2.061314776849926266e-24 5.285267542724988959e-24
8.256835937500000000e-01 -2.564452326220168327e-24 5.275037431653432000e-24
8.261718750000000000e-01 -3.047914117465277442e-24 5.220419341310823415e-24
8.266601562500000000e-01 -3.507535424451187152e-24 5.121737225153070934e-24
8.271484375000000000e-01 -3.939422235637071006e-24 4.979655685303287343e-24
8.276367187500000000e-01 -4.339822606357447677e-24 4.795160698318412346e-24
8.281250000000000000e-01 -4.705233629277038033e-24 4.569678881889678797e-24
8.286132812500000000e-01 -5.032512457586858056e-24 4.304940216844489589e-24
8.291015625000000000e-01 -5.318738808374863316e-24 4.002977926231331392e-24
8.295898437500000000e-01 -5.561340303251448258e-24 3.666225892971120224e-24
8.300781250000000000e-01 -5.758167630884065411e-24 3.297363141004667005e-24
8.305664062500000000e-01 -5.907355158249587102e-24 2.899332464392584305e-24
8.310546875000000000e-01 -6.007462578740893801e-24 2.475409997761983926e-24
8.315429687500000000e-01 -6.057511784243656355e-24 2.029034568245584675e-24
8.320312500000000000e-01 -6.056848150506244778e-24 1.563844135437154227e-24
8.325195312500000000e-01 -6.005289256083431281e-24 1.083717331275164509e-24
8.330078125000000000e-01 -5.903118260574457271e-24 5.925979336225202588e-25
8.334960937500000000e-01 -5.750949692151124361e-24 9.455172015477525251e-26
8.339843750000000000e-01 -5.549881821592963071e-24 -4.062200107181994666e-25
8.344726562500000000e-01 -5.301450075750490001e-24 -9.055555083257737093e-25
8.349609375000000000e-01 -5.007504806198916338e-24 -1.399259369394811958e-24
8.354492187500000000e-01 -4.670361895025867554e-24 -1.883118736793695325e-24
8.359375000000000000e-01 -4.292715123500003906e-24 -2.353070127298780486e-24
8.364257812500000000e-01 -3.877526993467509711e-24 -2.805108446043199423e-24
8.369140625000000000e-01 -3.428170454109298363e-24 -3.235327703700553795e-24
8.374023437500000000e-01 -2.948304600641690734e-24 -3.640070309585437766e-24
8.378906250000000000e-01 -2.441786530487921286e-24 -4.015820958562971103e-24
8.383789062500000000e-01 -1.912803543516540595e-24 -4.359272209227910152e-24
8.388671875000000000e-01 -1.365719025881321878e-24 -4.667452748438776688e-24
8.393554687500000000e-01 -8.050081735563868363e-25 -4.937609938993613144e-24
8.398437500000000000e-01 -2.353734612433671519e-25 -5.167295308207659220e-24
8.403320312500000000e-01 3.384359591683443869e-25 -5.354462602172111788e-24
8.408203125000000000e-01 9.116617792856704387e-25 -5.497339085581410908e-24
8.413085937500000000e-01 1.479438401658682217e-24 -5.594526293182086467e-24
8.417968750000000000e-01 2.036988366601532001e-24 -5.645065418232413276e-24
8.422851562500000000e-01 2.579627191616475721e-24 -5.648304627611227774e-24
8.427734375000000000e-01 3.102684498535750616e-24 -5.604013433337378639e-24
8.432617187500000000e-01 3.601708552061075096e-24 -5.512412314717433735e-24
8.437500000000000000e-01 4.072440417149835439e-24 -5.374037670814321612e-24
8.442382812500000000e-01 4.510758110464003905e-24 -5.189861878363103530e-24
8.447265625000000000e-01 4.912880751952030771e-24 -4.961283594538127226e-24
8.452148437500000000e-01 5.275308000072436772e-24 -4.689995815010480033e-24
8.457031250000000000e-01 5.594784052623153476e-24 -4.378110479691673655e-24
8.461914062500000000e-01 5.868490885778718315e-24 -4.028113245286598475e-24
8.466796875000000000e-01 6.093955066781659601e-24 -3.642741219483321679e-24
8.471679687500000000e-01 6.269035440846000623e-24 -3.225106679097706566e-24
8.476562500000000000e-01 6.392100893333767918e-24 -2.778614888317458167e-24
8.481445312500000000e-01 6.461907760243634242e-24 -2.306853404859762759e-24
8.486328125000000000e-01 6.477608660923813586e-24 -1.813710398057208121e-24
8.491210937500000000e-01 6.438903546262919077e-24 -1.303261256801909787e-24
8.496093750000000000e-01 6.345888085414886228e-24 -7.796781375394737294e-25
8.500976562500000000e-01 6.199082552609465632e-24 -2.473425399980350180e-25
8.505859375000000000e-01 5.999552997955482156e-24 2.892940462209948475e-25
8.510742187500000000e-01 5.748739708659712728e-24 8.257784112522873652e-25
8.515625000000000000e-01 5.448507735225060584e-24 1.357555248117036296e-24
8.520507812500000000e-01 5.101233213936694628e-24 1.880128541668649999e-24
8.525390625000000000e-01 4.709614764538211819e-24 2.389103081294065880e-24
8.530273437500000000e-01 4.276740231232771030e-24 2.880095325374168262e-24
8.535156250000000000e-01 3.806133333955237680e-24 3.348906011313546567e-24
8.540039062500000000e-01 3.301556606432173396e-24 3.791530072592845204e-24
8.544921875000000000e-01 2.767096586193562692e-24 4.204081839849022856e-24
8.549804687500000000e-01 2.207173633924468202e-24 4.582974807764320713e-24
8.554687500000000000e-01 1.626345748254595554e-24 4.924901450818949652e-24
8.559570312500000000e-01 1.029408274340611366e-24 5.226775179029665609e-24
8.564453125000000000e-01 4.213634922987556174e-25 5.485907486284466439e-24
8.569335937500000000e-01 -1.927697635530479492e-25 5.699953184298566834e-24
8.574218750000000000e-01 -8.078444684904228007e-25 5.866867004273926336e-24
8.579101562500000000e-01 -1.418650854243556694e-24 5.985070324567463868e-24
8.583984375000000000e-01 -2.020088305926768857e-24 6.053365259584076123e-24
8.588867187500000000e-01 -2.607041198061362692e-24 6.070910512955098297e-24
8.593750000000000000e-01 -3.174475867348543261e-24 6.037373427367494978e-24
8.598632812500000000e-01 -3.717589490750799284e-24 5.952814727716958602e-24
8.603515625000000000e-01 -4.231680328761273719e-24 5.817680825154889043e-24
8.608398437500000000e-01 -4.712273476072847999e-24 5.632931386109454830e-24
8.613281250000000000e-01 -5.155238401802464155e-24 5.399896465876509439e-24
8.618164062500000000e-01 -5.556652672712877445e-24 5.120286693559614370e-24
8.623046875000000000e-01 -5.912946436969659027e-24 4.796295294166861651e-24
8.627929687500000000e-01 -6.220981176541077812e-24 4.430436401094506638e-24
8.632812500000000000e-01 -6.477912300600879211e-24 4.025574390712267929e-24
8.637695312500000000e-01 -6.681350131150821011e-24 3.584995021426910184e-24
8.642578125000000000e-01 -6.829399279044282070e-24 3.112227248979425059e-24
8.647460937500000000e-01 -6.920524559669035996e-24 2.611088108510863605e-24
8.652343750000000000e-01 -6.953718944800503590e-24 2.085720560199731191e-24
8.657226562500000000e-01 -6.928496574472611697e-24 1.540408688780061230e-24
8.662109375000000000e-01 -6.844762804463178266e-24 9.796417139001191741e-25
8.666992187500000000e-01 -6.702982622155846546e-24 4.081209994128149999e-25
8.671875000000000000e-01 -6.504130244243697561e-24 -1.694238156749947234e-25
8.676757812500000000e-01 -6.249572078565975977e-24 -7.481557932448352785e-25
8.681640625000000000e-01 -5.941231916878470445e-24 -1.323157586537530600e-24
8.686523437500000000e-01 -5.581497626813511258e-24 -1.889608525161450633e-24
8.691406250000000000e-01 -5.173117415779055374e-24 -2.442690707710883622e-24
8.696289062500000000e-01 -4.719351824921387880e-24 -2.977643701838708076e-24
8.701171875000000000e-01 -4.223839301818793553e-24 -3.489922964337485556e-24
8.706054687500000000e-01 -3.690512067814048104e-24 -3.975091231429086423e-24
8.710937500000000000e-01 -3.123734543645754065e-24 -4.428899490793028952e-24
8.715820312500000000e-01 -2.528137312957828918e-24 -4.847423441232484566e-24
8.720703125000000000e-01 -1.908557686440312240e-24 -5.226946015107263502e-24
8.725585937500000000e-01 -1.270157958426696893e-24 -5.564061039491105824e-24
8.730468750000000000e-01 -6.182302136821880360e-25 -5.855778627809202220e-24
8.735351562500000000e-01 4.183825997676966647e-26 -6.099397326012459748e-24
8.740234375000000000e-01 7.044697657894138499e-25 -6.292622415843253632e-24
8.745117187500000000e-01 1.364108638057476726e-24 -6.433635166585571511e-24
8.750000000000000000e-01 2.015223254960389696e-24 -6.520961258981520241e-24
8.754882812500000000e-01 2.652232829936813117e-24 -6.553602805537302959e-24
8.759765625000000000e-01 3.269728672843113475e-24 -6.531070358840342020e-24
8.764648437500000000e-01 3.862445650762713156e-24 -6.453250545182286521e-24
8.769531250000000000e-01 4.425216452107189005e-24 -6.320542661099693610e-24
8.774414062500000000e-01 4.953194007382038779e-24 -6.133847429935525877e-24
8.779296875000000000e-01 5.441789628094591365e-24 -5.894436455216772085e-24
8.784179687500000000e-01 5.886650181596869545e-24 -5.604090101825314311e-24
8.789062500000000000e-01 6.283867660244975998e-24 -5.265047326344145336e-24
8.793945312500000000e-01 6.629883152467141352e-24 -4.879885573681456734e-24
8.798828125000000000e-01 6.921488916359204263e-24 -4.451656186153407938e-24
8.803710937500000000e-01 7.156020800771557464e-24 -3.983794702341418797e-24
8.808593750000000000e-01 7.331233678816524158e-24 -3.480011641991439326e-24
8.813476562500000000e-01 7.445327389013107527e-24 -2.944417869908487503e-24
8.818359375000000000e-01 7.497110330756066071e-24 -2.381399125693423600e-24
8.823242187500000000e-01 7.485844663923033606e-24 -1.795525926773719041e-24
8.828125000000000000e-01 7.411291203221361953e-24 -1.191669947798943347e-24
8.833007812500000000e-01 7.273838101775719742e-24 -5.748510806076605997e-25
8.837890625000000000e-01 7.074324729016492010e-24 4.982971334587251388e-26
8.842773437500000000e-01 6.814108388964568003e-24 6.770896975259854615e-25
8.847656250000000000e-01 6.495155377093577006e-24 1.301642327611431979e-24
8.852539062500000000e-01 6.119847933603572768e-24 1.918239368442218465e-24
8.857421875000000000e-01 5.691065888422825370e-24 2.521586198502800997e-24
8.862304687500000000e-01 5.212232288474501218e-24 3.106532505007380336e-24
8.867187500000000000e-01 4.687109201529948966e-24 3.668081865739393979e-24
8.872070312500000000e-01 4.119894639797261962e-24 4.201323238142708613e-24
8.876953125000000000e-01 3.515226663077014423e-24 4.701628400786157149e-24
8.881835937500000000e-01 2.877980333540976345e-24 5.164631381034241756e-24
8.886718750000000000e-01 2.213378079982665020e-24 5.586180627672013707e-24
8.891601562500000000e-01 1.526949657130589685e-24 5.962534752588852655e-24
8.896484375000000000e-01 8.243337079441425393e-25 6.290307434700051240e-24
8.901367187500000000e-01 1.113956708290000460e-25 6.566435768292212160e-24
8.906250000000000000e-01 -6.058530730982201096e-25 6.788362704270607669e-24
8.911132812500000000e-01 -1.321435978972955816e-24 6.953948470438686737e-24
8.916015625000000000e-01 -2.029283146043435726e-24 7.061458978194038473e-24
8.920898437500000000e-01 -2.723345729693567322e-24 7.109731850016490347e-24
8.925781250000000000e-01 -3.397752108151979272e-24 7.098058624302710112e-24
8.930664062500000000e-01 -4.046676773844351840e-24 7.026191231326519116e-24
8.935546875000000000e-01 -4.664487266075870544e-24 6.894480310822873778e-24
8.940429687500000000e-01 -5.245869753579658076e-24 6.703727219502114179e-24
8.945312500000000000e-01 -5.785695144704316836e-24 6.455206511117257056e-24
8.950195312500000000e-01 -6.279186240939275183e-24 6.150773624371681338e-24
8.955078125000000000e-01 -6.722001674501847699e-24 5.792696534981708996e-24
8.959960937500000000e-01 -7.110101384104872059e-24 5.383697543285530866e-24
8.964843750000000000e-01 -7.439929749538725813e-24 4.927027025972968142e-24
8.969726562500000000e-01 -7.708458365735540927e-24 4.426277708444773210e-24
8.974609375000000000e-01 -7.913057913545324896e-24 3.885439890300070552e-24
8.979492187500000000e-01 -8.051688971755283170e-24 3.308935727442344354e-24
8.984375000000000000e-01 -8.122896232595479028e-24 2.701423998133667567e-24
8.989257812500000000e-01 -8.125684718793378204e-24 2.067871883863692468e-24
8.994140625000000000e-01 -8.059707347449528135e-24 1.413554451776453750e-24
8.999023437500000000e-01 -7.925211007062362299e-24 7.438607822744038230e-25
9.003906250000000000e-01 -7.722925753076166232e-24 6.437977103901798303e-26
9.008789062500000000e-01 -7.454247033351739099e-24 -6.191384444273234058e-25
9.013671875000000000e-01 -7.121137012481760579e-24 -1.300971155644756318e-24
9.018554687500000000e-01 -6.726028142004534486e-24 -1.975326306788142604e-24
9.023437500000000000e-01 -6.271988073284108824e-24 -2.636413745177354566e-24
9.028320312500000000e-01 -5.762574910471764253e-24 -3.278615029855524271e-24
9.033203125000000000e-01 -5.201758026058629809e-24 -3.896372875944919963e-24
9.038085937500000000e-01 -4.594063659447975398e-24 -4.484290004133043597e-24
9.042968750000000000e-01 -3.944395484578691724e-24 -5.037275268149188943e-24
9.047851562500000000e-01 -3.257980728174521345e-24 -5.550426524868669582e-24
9.052734375000000000e-01 -2.540492161222325293e-24 -6.019155506156437671e-24
9.057617187500000000e-01 -1.797837186845129035e-24 -6.439302765168332013e-24
9.062500000000000000e-01 -1.036127005818708917e-24 -6.807012216032407124e-24
9.067382812500000000e-01 -2.617686704957783511e-25 -7.118870658529697934e-24
9.072265625000000000e-01 5.187669983849830323e-25 -7.371982588403554483e-24
9.077148437500000000e-01 1.298945105431068651e-24 -7.563840563956388775e-24
9.082031250000000000e-01 2.072100521355217110e-24 -7.692477707956069635e-24
9.086914062500000000e-01 2.831678467168833569e-24 -7.756503191993045765e-24
9.091796875000000000e-01 3.571203149996397869e-24 -7.754973906196494610e-24
9.096679687500000000e-01 4.284243454045977999e-24 -7.687551143450705471e-24
9.101562500000000000e-01 4.964656437597720473e-24 -7.554489143022250752e-24
9.106445312500000000e-01 5.606525019168518898e-24 -7.356507245072662746e-24
9.111328125000000000e-01 6.204151320132958098e-24 -7.094943518879002438e-24
9.116210937500000000e-01 6.752286227244242204e-24 -6.771699399987428557e-24
9.121093750000000000e-01 7.246031464979773346e-24 -6.389122193844860077e-24
9.125976562500000000e-01 7.680858686254637725e-24 -5.950154178015015488e-24
9.130859375000000000e-01 8.052819112739051367e-24 -5.458235212909086655e-24
9.135742187500000000e-01 8.358417434275721155e-24 -4.917196065113767932e-24
9.140625000000000000e-01 8.594658050343745468e-24 -4.331392563687920395e-24
9.145507812500000000e-01 8.759224440136610849e-24 -3.705566817514036237e-24
9.150390625000000000e-01 8.850322523004270443e-24 -3.044757244230243015e-24
9.155273437500000000e-01 8.866745169706147299e-24 -2.354418791222639865e-24
9.160156250000000000e-01 8.808010623558967291e-24 -1.640254143522327335e-24
9.165039062500000000e-01 8.674181876990917215e-24 -9.081475658966118040e-25
9.169921875000000000e-01 8.465952114599585416e-24 -1.642661077253426075e-25
9.174804687500000000e-01 8.184741865531461018e-24 5.851370594930153551e-25
9.179687500000000000e-01 7.832501938238532466e-24 1.333765762352368145e-24
9.184570312500000000e-01 7.411813217429843614e-24 2.075201876474040231e-24
9.189453125000000000e-01 6.925932554842976538e-24 2.803117762020668183e-24
9.194335937500000000e-01 6.378581381304620891e-24 3.511286894630852962e-24
9.199218750000000000e-01 5.774056212450303093e-24 4.193523572856072108e-24
9.204101562500000000e-01 5.117226272527061392e-24 4.843901226415716021e-24
9.208984375000000000e-01 4.413322430704691944e-24 5.456732027053207898e-24
9.213867187500000000e-01 3.668059666495670736e-24 6.026531255015356323e-24
9.218750000000000000e-01 2.887586628546707170e-24 6.548235260171599022e-24
9.223632812500000000e-01 2.078278551624318432e-24 7.017147591139812045e-24
9.228515625000000000e-01 1.246862560070585056e-24 7.428922417931186899e-24
9.233398437500000000e-01 4.003191812448607558e-25 7.779766557886642707e-24
9.238281250000000000e-01 -4.543094284591560293e-25 8.066349181445865106e-24
9.243164062500000000e-01 -1.309787871648295595e-24 8.285805265692751854e-24
9.248046875000000000e-01 -2.158822675669054247e-24 8.435918247063018281e-24
9.252929687500000000e-01 -2.994227508383961760e-24 8.515000226620652376e-24
9.257812500000000000e-01 -3.808790893872166495e-24 8.521915750857343876e-24
9.262695312500000000e-01 -4.595447503544187879e-24 8.456233999410142381e-24
9.267578125000000000e-01 -5.347413747139844444e-24 8.318076542069742075e-24
9.272460937500000000e-01 -6.058057927173137561e-24 8.108154935206455137e-24
9.277343750000000000e-01 -6.721094889286972925e-24 7.827885566131511189e-24
9.282226562500000000e-01 -7.330677809295143852e-24 7.479213927084021210e-24
9.287109375000000000e-01 -7.881268424113088679e-24 7.064670647828120393e-24
9.291992187500000000e-01 -8.367846353399291155e-24 6.587448673022258935e-24
9.296875000000000000e-01 -8.785956621878659468e-24 6.051209636443187877e-24
9.301757812500000000e-01 -9.131589145628913734e-24 5.460151657657895126e-24
9.306640625000000000e-01 -9.401396862345489625e-24 4.819040224398073130e-24
9.311523437500000000e-01 -9.592693236769224268e-24 4.133001055162181424e-24
9.316406250000000000e-01 -9.703337426851189931e-24 3.407600131410651679e-24
9.321289062500000000e-01 -9.731945374753404589e-24 2.648833795863964411e-24
9.326171875000000000e-01 -9.677833164908501887e-24 1.862922618589168697e-24
9.331054687500000000e-01 -9.540913900143016558e-24 1.056404420390515582e-24
9.335937500000000000e-01 -9.321899796005946795e-24 2.360822446585404285e-25
9.340820312500000000e-01 -9.022198152717615982e-24 -5.911778370256728860e-25
9.345703125000000000e-01 -8.643824250474224622e-24 -1.418347356177021939e-24
9.350585937500000000e-01 -8.189582384166632316e-24 -2.238326785535832452e-24
9.355468750000000000e-01 -7.662910694451184989e-24 -3.044130146778625490e-24
9.360351562500000000e-01 -7.067808267476103990e-24 -3.828774049108301311e-24
9.365234375000000000e-01 -6.408989016781858460e-24 -4.585398416775663825e-24
9.370117187500000000e-01 -5.691686624248207049e-24 -5.307424839471921308e-24
9.375000000000000000e-01 -4.921606423949464493e-24 -5.988440704670172709e-24
9.379882812500000000e-01 -4.105051547788924023e-24 -6.622349285073584521e-24
9.384765625000000000e-01 -3.248694328302974895e-24 -7.203497185386291426e-24
9.389648437500000000e-01 -2.359549939310839735e-24 -7.726553587054762666e-24
9.394531250000000000e-01 -1.445064861191720737e-24 -8.186676192771170535e-24
9.399414062500000000e-01 -5.128616722263525723e-25 -8.579594453671312097e-24
9.404296875000000000e-01 4.292594569802906500e-25 -8.901483584856505273e-24
9.409179687500000000e-01 1.373264217530088781e-24 -9.149141445174995449e-24
9.414062500000000000e-01 2.311148286159424137e-24 -9.320028887898608935e-24
9.418945312500000000e-01 3.234903870153982576e-24 -9.412147031449081246e-24
9.423828125000000000e-01 4.136499084920787928e-24 -9.424218375609533671e-24
9.428710937500000000e-01 5.008146338714314705e-24 -9.355676921314351245e-24
9.433593750000000000e-01 5.842240850314932829e-24 -9.206544993589231714e-24
9.438476562500000000e-01 6.631374286987452513e-24 -8.977606028513899831e-24
9.443359375000000000e-01 7.368589555059901215e-24 -8.670343798520668581e-24
9.448242187500000000e-01 8.047283067251245682e-24 -8.286827833440209794e-24
9.453125000000000000e-01 8.661245053492772790e-24 -7.829878162969958412e-24
9.458007812500000000e-01 9.204890261045306434e-24 -7.302959401588258587e-24
9.462890625000000000e-01 9.673131177660726728e-24 -6.710077472475695560e-24
9.467773437500000000e-01 1.006144860264719384e-23 -6.055924493923861461e-24
9.472656250000000000e-01 1.036609083220033869e-23 -5.345725028910839023e-24
9.477539062500000000e-01 1.058391711024988477e-23 -4.585145748186558747e-24
9.482421875000000000e-01 1.071248676784641669e-23 -3.780419008949668073e-24
9.487304687500000000e-01 1.075021074975543966e-23 -2.938154514709669075e-24
9.492187500000000000e-01 1.069616704017380190e-23 -2.065272947919290519e-24
9.497070312500000000e-01 1.055020806480188455e-23 -1.169106905061227286e-24
9.501953125000000000e-01 1.031306532202668994e-23 -2.571821714943881044e-25
9.506835937500000000e-01 9.986148362824304774e-24 6.628273653368812744e-25
9.511718750000000000e-01 9.571666410723104420e-24 1.583028570218040739e-24
9.516601562500000000e-01 9.072675982323690912e-24 2.495548398746113668e-24
9.521484375000000000e-01 8.492862321249983384e-24 3.392548204801433551e-24
9.526367187500000000e-01 7.836665838096970339e-24 4.266175239677709687e-24
9.531250000000000000e-01 7.109272044019921172e-24 5.108806977480533482e-24
9.536132812500000000e-01 6.316390380682743484e-24 5.913032541948091710e-24
9.541015625000000000e-01 5.464389640345011004e-24 6.671632339817296510e-24
9.545898437500000000e-01 4.560235169645155899e-24 7.377823127763593559e-24
9.550781250000000000e-01 3.611271655624911314e-24 8.025207663753616563e-24
9.555664062500000000e-01 2.625356753214530696e-24 8.607777954406327352e-24
9.560546875000000000e-01 1.610741835387087254e-24 9.120142536159866557e-24
9.565429687500000000e-01 5.758661237634026761e-25 9.557436579885150562e-24
9.570312500000000000e-01 -4.705098639110077890e-25 9.915344277366985501e-24
9.575195312500000000e-01 -1.519465550892789961e-24 1.019030181066556093e-23
9.580078125000000000e-01 -2.562098060292974009e-24 1.037937624227062707e-23
9.584960937500000000e-01 -3.589390135108732212e-24 1.048031037362892783e-23
9.589843750000000000e-01 -4.592410576933652241e-24 1.049169262283318177e-23
9.594726562500000000e-01 -5.562462801529509186e-24 1.041280177602816871e-23
9.599609375000000000e-01 -6.490961561848086870e-24 1.024366356929396457e-23
9.604492187500000000e-01 -7.369661783101387632e-24 9.985174808385628935e-24
9.609375000000000000e-01 -8.190762493238491162e-24 9.638919309070950982e-24
9.614257812500000000e-01 -8.946785350958980478e-24 9.207239950749565398e-24
9.619140625000000000e-01 -9.630816332180433367e-24 8.693319490584950576e-24
9.624023437500000000e-01 -1.023656046572052821e-23 8.100977742486870464e-24
9.628906250000000000e-01 -1.075823139012145553e-23 7.434754078002898931e-24
9.633789062500000000e-01 -1.119080247765849131e-23 6.699934675300298855e-24
9.638671875000000000e-01 -1.153001034094074388e-23 5.902331300816639529e-24
9.643554687500000000e-01 -1.177225279488315477e-23 5.048369690425050337e-24
9.648437500000000000e-01 -1.191482956956739764e-23 4.145067026202933895e-24
9.653320312500000000e-01 -1.195588460239425985e-23 3.199809442402186979e-24
9.658203125000000000e-01 -1.189431282078852075e-23 2.220451398682183404e-24
9.663085937500000000e-01 -1.172998559794274084e-23 1.215246644122207461e-24
9.667968750000000000e-01 -1.146364090684419908e-23 1.926290569957306750e-25
9.672851562500000000e-01 -1.109680743818405567e-23 -8.386864964225132567e-25
9.677734375000000000e-01 -1.063200524574937105e-23 -1.869820779552261972e-24
9.682617187500000000e-01 -1.007257977535352172e-23 -2.891934838111961108e-24
9.687500000000000000e-01 -9.422636868145072439e-24 -3.896121882694833795e-24
9.692382812500000000e-01 -8.687206134601099872e-24 -4.873556483272141938e-24
9.697265625000000000e-01 -7.872026906332538656e-24 -5.815669840047750090e-24
9.702148437500000000e-01 -6.983505133873162597e-24 -6.714037508343828235e-24
9.707031250000000000e-01 -6.028842864454086098e-24 -7.560560536004564800e-24
9.711914062500000000e-01 -5.015788156939923568e-24 -8.347609641240942833e-24
9.716796875000000000e-01 -3.952613051175842036e-24 -9.067912639563040028e-24
9.721679687500000000e-01 -2.848197124192120837e-24 -9.714754173600321735e-24
9.726562500000000000e-01 -1.711744124382134443e-24 -1.028207200172734901e-23
9.731445312500000000e-01 -5.527823816974136276e-25 -1.076433790658186851e-23
9.736328125000000000e-01 6.187927676113658852e-25 -1.115676469006468960e-23
9.741210937500000000e-01 1.793013582166531740e-24 -1.145535348291102268e-23
9.746093750000000000e-01 2.959807019463658077e-24 -1.165677852493672945e-23
9.750976562500000000e-01 4.108992162843973440e-24 -1.175859794396749721e-23
9.755859375000000000e-01 5.230579383191440516e-24 -1.175924754290130666e-23
9.760742187500000000e-01 6.314712072955697229e-24 -1.165792486928927308e-23
9.765625000000000000e-01 7.351706526363829232e-24 -1.145478568881093083e-23
9.770507812500000000e-01 8.332339528136743171e-24 -1.115087757687645336e-23
9.775390625000000000e-01 9.247754780689700570e-24 -1.074802830501830744e-23
9.780273437500000000e-01 1.008953125356490877e-23 -1.024902782284975521e-23
9.785156250000000000e-01 1.084994112585773220e-23 -9.657511543083885983e-24
9.790039062500000000e-01 1.152182432376464613e-23 -8.977860329699512266e-24
9.794921875000000000e-01 1.209868893060103210e-23 -8.215357538177848899e-24
9.799804687500000000e-01 1.257493539813777425e-23 -7.376017414979287688e-24
9.804687500000000000e-01 1.294570268729014144e-23 -6.466493049424583838e-24
9.809570312500000000e-01 1.320698880099976449e-23 -5.494201694525826776e-24
9.814453125000000000e-01 1.335582032042571479e-23 -4.467110736780617959e-24
9.819335937500000000e-01 1.339006520899196087e-23 -3.393667752697301347e-24
9.824218750000000000e-01 1.330856652284123120e-23 -2.282898192978377833e-24
9.829101562500000000e-01 1.311125594573107880e-23 -1.144158507766497947e-24
9.833984375000000000e-01 1.279894811764038160e-23 1.291357223605335055e-26
9.838867187500000000e-01 1.237348777579001899e-23 1.178339499513005419e-24
9.843750000000000000e-01 1.183780015205728591e-23 2.342073898980667241e-24
9.848632812500000000e-01 1.119566474719225007e-23 3.494027355508558195e-24
9.853515625000000000e-01 1.045186030979038692e-23 4.624036104419938690e-24
9.858398437500000000e-01 9.612144956938400366e-24 5.722140958499316706e-24
9.863281250000000000e-01 8.683021198725614536e-24 6.778574517004751283e-24
9.868164062500000000e-01 7.671883787756480842e-24 7.783761463873760292e-24
9.873046875000000000e-01 6.586940159188883596e-24 8.728597952962497660e-24
9.877929687500000000e-01 5.436979349074649353e-24 9.604408425052651311e-24
9.882812500000000000e-01 4.231513575650029833e-24 1.040297551113843119e-23
9.887695312500000000e-01 2.980633025490220455e-24 1.111680080968717328e-23
9.892578125000000000e-01 1.694780811347624795e-24 1.173901932026421429e-23
9.897460937500000000e-01 3.848848014982780721e-25 1.226344690842991860e-23
9.902343750000000000e-01 -9.378383555801616556e-25 1.268480906607336634e-23
9.907226562500000000e-01 -2.262080232908578213e-24 1.299861954836139462e-23
9.912109375000000000e-01 -3.576312819975365596e-24 1.320125082688844166e-23
9.916992187500000000e-01 -4.869026178604499777e-24 1.329012601481010558e-23
9.921875000000000000e-01 -6.128895191898864601e-24 1.326356181190420477e-23
9.926757812500000000e-01 -7.344667206544453932e-24 1.312084886170928884e-23
9.931640625000000000e-01 -8.505434674298068269e-24 1.286238774830305015e-23
9.936523437500000000e-01 -9.600758074328328877e-24 1.248949502861070279e-23
9.941406250000000000e-01 -1.062055900145589152e-23 1.200449267806446649e-23
9.946289062500000000e-01 -1.155540393076246143e-23 1.141079129461851514e-23
9.951171875000000000e-01 -1.239657085884781370e-23 1.071267455911320704e-23
9.956054687500000000e-01 -1.313595305857530999e-23 9.915397297446886355e-24
9.960937500000000000e-01 -1.376635081939984521e-23 9.025207158245085457e-24
9.965820312500000000e-01 -1.428148447415955616e-23 8.049105155084883141e-24
9.970703125000000000e-01 -1.467591019937472108e-23 6.994941130321283423e-24
9.975585937500000000e-01 -1.494529850943476382e-23 5.871372703329349262e-24
9.980468750000000000e-01 -1.508637816276830541e-23 4.687618895789474165e-24
9.985351562500000000e-01 -1.509685613312078155e-23 3.453562036171331855e-24
9.990234375000000000e-01 -1.497567077507749187e-23 2.179654362692148982e-24
9.995117187500000000e-01 -1.472287476698549620e-23 8.766749858937673706e-25
1.000000000000000000e+00 -1.433957155697494769e-23 -4.441712528059529139e-25
1.000488281250000000e+00 -1.382813856783891445e-23 -1.771404130739963327e-24
1.000976562500000000e+00 -1.319204862519734716e-23 -3.093501276652781906e-24
1.001464843750000000e+00 -1.243581392321711033e-23 -4.398799214132808929e-24
1.001953125000000000e+00 -1.156515946678919974e-23 -5.675682003180914573e-24
1.002441406250000000e+00 -1.058678446091902096e-23 -6.912782081412292730e-24
1.002929687500000000e+00 -9.508321389573270186e-24 -8.098876936448789469e-24
1.003417968750000000e+00 -8.338465266893937752e-24 -9.223110585267570725e-24
1.003906250000000000e+00 -7.086694406517957919e-24 -1.027516111435694676e-23
1.004394531250000000e+00 -5.763249871683801912e-24 -1.124514166047270436e-23
1.004882812500000000e+00 -4.379210139074910051e-24 -1.212384434080708114e-23
1.005371093750000000e+00 -2.946171205169192097e-24 -1.290285674735224285e-23
1.005859375000000000e+00 -1.476241099244499869e-24 -1.357445526150547874e-23
1.006347656250000000e+00 1.793987003916453652e-26 -1.413185067862153383e-23
1.006835937500000000e+00 1.523535858148094141e-24 -1.456924570561363808e-23
1.007324218750000000e+00 3.027489660068111124e-24 -1.488172952632056425e-23
1.007812500000000000e+00 4.516546844379796010e-24 -1.506552420031022498e-23
1.008300781250000000e+00 5.977595810710165771e-24 -1.511798379760607175e-23
1.008789062500000000e+00 7.397617762975035457e-24 -1.503748816545743588e-23
1.009277343750000000e+00 8.763762043762125038e-24 -1.482366823752553710e-23
1.009765625000000000e+00 1.006367778410509537e-23 -1.447733297915601131e-23
1.010253906250000000e+00 1.128543143962047128e-23 -1.400035968168477842e-23
1.010742187500000000e+00 1.241761411707165729e-23 -1.339589340460105568e-23
1.011230468750000000e+00 1.344963684120560956e-23 -1.266821398161086455e-23
1.011718750000000000e+00 1.437161065453394951e-23 -1.182263619103903578e-23
1.012207031250000000e+00 1.517448489029921463e-23 -1.086567789438477190e-23
1.012695312500000000e+00 1.585030330980504004e-23 -9.804864262271425995e-24
1.013183593750000000e+00 1.639205612883230339e-23 -8.648629935992063825e-24
1.013671875000000000e+00 1.679384055616262020e-23 -7.406441549567872993e-24
1.014160156250000000e+00 1.705105478135305080e-23 -6.088547164934335678e-24
1.014648437500000000e+00 1.716021011686247786e-23 -4.705894912411977205e-24
1.015136718750000000e+00 1.711909655063759174e-23 -3.270219643893550146e-24
1.015625000000000000e+00 1.692690620799545929e-23 -1.793756126888983761e-24
1.016113281250000000e+00 1.658402049755999006e-23 -2.891777629892003434e-25
1.016601562500000000e+00 1.609218529209427680e-23 1.230363380388550538e-24
1.017089843750000000e+00 1.545456302503174224e-23 2.751557862880688195e-24
1.017578125000000000e+00 1.467549599900538268e-23 4.260979017195932307e-24
1.018066406250000000e+00 1.376067134191251473e-23 5.745082146665414850e-24
1.018554687500000000e+00 1.271708661465647119e-23 7.190532509940825258e-24
1.019042968750000000e+00 1.155279386416150571e-23 8.584206758371933437e-24
1.019531250000000000e+00 1.027705607644772803e-23 9.913223753973548391e-24
1.020019531250000000e+00 8.900241330550979608e-24 1.116526969108206355e-23
1.020507812500000000e+00 7.433568959319381612e-24 1.232856813538050163e-23
1.020996093750000000e+00 5.889254748103665417e-24 1.339194641663268688e-23
1.021484375000000000e+00 4.280329655537664664e-24 1.434514155622076631e-23
1.021972656250000000e+00 2.620386060355932279e-24 1.517872527641801770e-23
1.022460937500000000e+00 9.237004915500473689e-25 1.588418570507524455e-23
1.022949218750000000e+00 -7.950117345122406807e-25 1.645418977722943994e-23
1.023437500000000000e+00 -2.520825372209059623e-24 1.688246291768360850e-23
1.023925781250000000e+00 -4.238491216730773558e-24 1.716388995500059958e-23
1.024414062500000000e+00 -5.932725413608820310e-24 1.729473301954934140e-23
1.024902343750000000e+00 -7.588404464055160451e-24 1.727247224681700358e-23
1.025390625000000000e+00 -9.190471975285414468e-24 1.709591426093533448e-23
1.025878906250000000e+00 -1.072426964214555448e-23 1.676534165666157974e-23
1.026367187500000000e+00 -1.217569005562014550e-23 1.628230513556665151e-23
1.026855468750000000e+00 -1.353109479710745384e-23 1.564972959173915311e-23
1.027343750000000000e+00 -1.477765540316716776e-23 1.487199462558547075e-23
1.027832031250000000e+00 -1.590344029595620341e-23 1.395469745682326473e-23
1.028320312500000000e+00 -1.689733969674108809e-23 1.290476305176531053e-23
1.028808593750000000e+00 -1.774940846225096202e-23 1.173045315755115560e-23
1.029296875000000000e+00 -1.845089288975025833e-23 1.044109901279643541e-23
1.029785156250000000e+00 -1.899417018121442443e-23 9.047198315581772123e-24
1.030273437500000000e+00 -1.937307459141610192e-23 7.560343819922558312e-24
1.030761718750000000e+00 -1.958284587674939350e-23 5.992938630194117394e-24
1.031250000000000000e+00 -1.962006614181134333e-23 4.358290383860496611e-24
1.031738281250000000e+00 -1.948294521699622357e-23 2.670478254573846282e-24
1.032226562500000000e+00 -1.917119245175453929e-23 9.440715821175285873e-25
1.032714843750000000e+00 -1.868596379445074511e-23 -8.057826454590469246e-25
1.033203125000000000e+00 -1.803010754472058203e-23 -2.563559055184862232e-24
1.033691406250000000e+00 -1.720796684010647927e-23 -4.313630537389288256e-24
1.034179687500000000e+00 -1.622533023333843078e-23 -6.040190410088200323e-24
1.034667968750000000e+00 -1.508961243749383566e-23 -7.727498884654773885e-24
1.035156250000000000e+00 -1.380958024829736956e-23 -9.360124964540369093e-24
1.035644531250000000e+00 -1.239530587270190503e-23 -1.092286299888953644e-23
1.036132812500000000e+00 -1.085828617164185968e-23 -1.240100982860804507e-23
1.036621093750000000e+00 -9.211118472727860094e-24 -1.378056642535562166e-23
1.037109375000000000e+00 -7.467471810533786182e-24 -1.504816058443132523e-23
1.037597656250000000e+00 -5.642141874251081620e-24 -1.619134932037939232e-23
1.038085937500000000e+00 -3.750678683088702095e-24 -1.719876543038527125e-23
1.038574218750000000e+00 -1.809364401346309342e-24 -1.806003102190760241e-23
1.039062500000000000e+00 1.648036932374119924e-25 -1.876605330777511610e-23
1.039550781250000000e+00 2.154512329412005443e-24 -1.930909613948199029e-23
1.040039062500000000e+00 4.142127463428187896e-24 -1.968268583353632128e-23
1.040527343750000000e+00 6.109762022280978707e-24 -1.988189829462486203e-23
1.041015625000000000e+00 8.039675128362117185e-24 -1.990336209554710306e-23
1.041503906250000000e+00 9.914240942046215761e-24 -1.974516126249338917e-23
1.041992187500000000e+00 1.171607458704215155e-23 -1.940709233959555283e-23
1.042480468750000000e+00 1.342842502942049276e-23 -1.889057951082304021e-23
1.042968750000000000e+00 1.503511513787878496e-23 -1.819856124453771716e-23
1.043457031250000000e+00 1.652070483440295720e-23 -1.733570246486178132e-23
1.043945312500000000e+00 1.787083939154520170e-23 -1.630823194134247889e-23
1.044433593750000000e+00 1.907214264207487102e-23 -1.512383162090608229e-23
1.044921875000000000e+00 2.011240454744440992e-23 -1.379180715888685312e-23
1.045410156250000000e+00 2.098087784598004586e-23 -1.232285252733123887e-23
1.045898437500000000e+00 2.166813859225492672e-23 -1.072893440703226488e-23
1.046386718750000000e+00 2.216629589322267590e-23 -9.023399573002237977e-24
1.046875000000000000e+00 2.246921659394387247e-23 -7.220666937487648377e-24
1.047363281250000000e+00 2.257233719815885042e-23 -5.336117341380630916e-24
1.047851562500000000e+00 2.247286613477982927e-23 -3.386151209088902974e-24
1.048339843750000000e+00 2.216991520232748223e-23 -1.387838401109200764e-24
1.048828125000000000e+00 2.166427166658643704e-23 6.411711134999888149e-25
1.049316406250000000e+00 2.095859902309007696e-23 2.682643572673210387e-24
1.049804687500000000e+00 2.005748280926012663e-23 4.718152162137100567e-24
1.050292968750000000e+00 1.896717310410132374e-23 6.729151024796082130e-24
1.050781250000000000e+00 1.769576500205772158e-23 8.697023614003912081e-24
1.051269531250000000e+00 1.625313735899218667e-23 1.060348365871543591e-23
1.051757812500000000e+00 1.465066006646072759e-23 1.243060668020309399e-23
1.052246093750000000e+00 1.290134693250578956e-23 1.416090842981989184e-23
1.052734375000000000e+00 1.101970287831597998e-23 1.577773365058980522e-23
1.053222656250000000e+00 9.021426901493296808e-24 1.726524860413635563e-23
1.053710937500000000e+00 6.923546476090879028e-24 1.860855699025680666e-23
1.054199218750000000e+00 4.744178813750572819e-24 1.979406571386080740e-23
1.054687500000000000e+00 2.502228664127932297e-24 2.080942770301883826e-23
1.055175781250000000e+00 2.174855066231678656e-25 2.164366882058732921e-23
1.055664062500000000e+00 -2.089697083110815179e-24 2.228749254843747577e-23
1.056152343750000000e+00 -4.398685660940129898e-24 2.273315949157787103e-23
1.056640625000000000e+00 -6.688486377890230234e-24 2.297462074007351024e-23
1.057128906250000000e+00 -8.938111958608755549e-24 2.300776091409759686e-23
1.057617187500000000e+00 -1.112682418885270308e-23 2.283022896953489506e-23
1.058105468750000000e+00 -1.323407511511486669e-23 2.244157318045113180e-23
1.058593750000000000e+00 -1.523991873324610849e-23 2.184339880390677920e-23
1.059082031250000000e+00 -1.712521030963466127e-23 2.103913349947366277e-23
1.059570312500000000e+00 -1.887156524751594003e-23 2.003414102792923729e-23
1.060058593750000000e+00 -2.046177916323181007e-23 1.883578316968446960e-23
1.060546875000000000e+00 -2.187994771141430989e-23 1.745313897746864440e-23
1.061035156250000000e+00 -2.311142241922176522e-23 1.589711113320125116e-23
1.061523437500000000e+00 -2.414321743093188801e-23 1.418040152432081011e-23
1.062011718750000000e+00 -2.496405282170379805e-23 1.231719245139537060e-23
1.062500000000000000e+00 -2.556432115696563998e-23 1.032322752160496530e-23
1.062988281250000000e+00 -2.593646934868502933e-23 8.215684356635528014e-24
1.063476562500000000e+00 -2.607495025970425212e-23 6.012822436440847024e-24
1.063964843750000000e+00 -2.597617596388104467e-23 3.734045600193739638e-24
1.064453125000000000e+00 -2.563883536098064323e-23 1.399698428419630860e-24
1.064941406250000000e+00 -2.506374237415281640e-23 -9.692831378339198934e-25
1.065429687500000000e+00 -2.425378264090466175e-23 -3.351317541328879860e-24
1.065917968750000000e+00 -2.321417156857009894e-23 -5.724453941403639861e-24
1.066406250000000000e+00 -2.195221842573379102e-23 -8.066718455254400990e-24
1.066894531250000000e+00 -2.047726943935695142e-23 -1.035607878346085885e-23
1.067382812500000000e+00 -1.880088159054225865e-23 -1.257077804831663531e-23
1.067871093750000000e+00 -1.693648823583003578e-23 -1.468964313123912694e-23
1.068359375000000000e+00 -1.489932557239736602e-23 -1.669203979708519929e-23
1.068847656250000000e+00 -1.270651742683471692e-23 -1.855822882180264453e-23
1.069335937500000000e+00 -1.037667271237618871e-23 -2.026961688086844669e-23
1.069824218750000000e+00 -7.929822868342787155e-24 -2.180871052424961580e-23
1.070312500000000000e+00 -5.387430383292110238e-24 -2.315949308396576455e-23
1.070800781250000000e+00 -2.771931698275821707e-24 -2.430761029879309327e-23
1.071289062500000000e+00 -1.066741586161921898e-25 -2.524030975084181095e-23
1.071777343750000000e+00 2.584167329929953408e-24 -2.594679703334174128e-23
1.072265625000000000e+00 5.276087383929366447e-24 -2.641832007760853497e-23
1.072753906250000000e+00 7.944293667365453186e-24 -2.664808014155387065e-23
1.073242187500000000e+00 1.056384934481341245e-23 -2.663155638763607098e-23
1.073730468750000000e+00 1.311016353017554440e-23 -2.636649895091969288e-23
1.074218750000000000e+00 1.555899910796834317e-23 -2.585282664478515926e-23
1.074707031250000000e+00 1.788667330670432557e-23 -2.509290616841563735e-23
1.075195312500000000e+00 2.007053658771181482e-23 -2.409143486328365013e-23
1.075683593750000000e+00 2.208895096104502060e-23 -2.285530258790511276e-23
1.076171875000000000e+00 2.392153136629006118e-23 -2.139379592903240378e-23
1.076660156250000000e+00 2.554956736305893879e-23 -1.971837242458616970e-23
1.077148437500000000e+00 2.695593795485864795e-23 -1.784250748711491729e-23
1.077636718750000000e+00 2.812536054271883627e-23 -1.578183824381930546e-23
1.078125000000000000e+00 2.904473398457826437e-23 -1.355385057176511956e-23
1.078613281250000000e+00 2.970300316804793788e-23 -1.117771354382020391e-23
1.079101562500000000e+00 3.009142053926863023e-23 -8.674340210642618063e-24
1.079589843750000000e+00 3.020379912249171221e-23 -6.065980057675350994e-24
1.080078125000000000e+00 3.003631371442062737e-23 -3.376042709034435875e-24
1.080566406250000000e+00 2.958773502226028595e-23 -6.290885293537196588e-25
1.081054687500000000e+00 2.885955409954106935e-23 2.149630078453824370e-24
1.081542968750000000e+00 2.785571484242879860e-23 4.934320732761978463e-24
1.082031250000000000e+00 2.658282120684665594e-23 7.698716987671807262e-24
1.082519531250000000e+00 2.505014859004484425e-23 1.041657652382653447e-23
1.083007812500000000e+00 2.326933362285206295e-23 1.306181700195608232e-23
1.083496093750000000e+00 2.125454655411739601e-23 1.560864421413986871e-23
1.083984375000000000e+00 1.902236957210375749e-23 1.803206142356174595e-23
1.084472656250000000e+00 1.659142962196136927e-23 2.030795437427987586e-23
1.084960937500000000e+00 1.398251482330556113e-23 2.241324107248991623e-23
1.085449218750000000e+00 1.121832962339889883e-23 2.432634668701924936e-23
1.085937500000000000e+00 8.323109273566637110e-24 2.602722627814529544e-23
1.086425781250000000e+00 5.322706487457930353e-24 2.749754015183762894e-23
1.086914062500000000e+00 2.244250041593571925e-24 2.872108918430626011e-23
1.087402343750000000e+00 -8.842467441264254703e-25 2.968377340451273144e-23
1.087890625000000000e+00 -4.033848641673880127e-24 3.037376627430840292e-23
1.088378906250000000e+00 -7.175139967259089833e-24 3.078185959326795537e-23
1.088867187500000000e+00 -1.027860556938420894e-23 3.090132564274260584e-23
1.089355468750000000e+00 -1.331461948109295441e-23 3.072806797019865643e-23
1.089843750000000000e+00 -1.625393289523185581e-23 3.026086810756649853e-23
1.090332031250000000e+00 -1.906799628360268543e-23 2.950117355915646405e-23
1.090820312500000000e+00 -2.172895911516489450e-23 2.845323359154976246e-23
1.091308593750000000e+00 -2.421019267803353158e-23 2.712423418322503214e-23
1.091796875000000000e+00 -2.648655560636221207e-23 2.552399586603455222e-23
1.092285156250000000e+00 -2.853441007216683756e-23 2.366505955134595020e-23
1.092773437500000000e+00 -3.033214464605481001e-23 2.156268435139677090e-23
1.093261718750000000e+00 -3.186033681117833291e-23 1.923446820545412690e-23
1.093750000000000000e+00 -3.310174397402248804e-23 1.670040342324267879e-23
1.094238281250000000e+00 -3.404177993298947938e-23 1.398276498114725670e-23
1.094726562500000000e+00 -3.466856350806965528e-23 1.110568380839362718e-23
1.095214843750000000e+00 -3.497289898158900820e-23 8.095165775122493328e-24
1.095703125000000000e+00 -3.494870458704882079e-23 4.978853955931671428e-24
1.096191406250000000e+00 -3.459294416163634867e-23 1.785551378261843452e-24
1.096679687500000000e+00 -3.390557465067518127e-23 -1.454797502118000654e-24
1.097167968750000000e+00 -3.288987397549935337e-23 -4.711439242182656575e-24
1.097656250000000000e+00 -3.155222541425488974e-23 -7.953283620381392914e-24
1.098144531250000000e+00 -2.990202388559098025e-23 -1.114892405379043654e-23
1.098632812500000000e+00 -2.795190539871164288e-23 -1.426703764574311286e-23
1.099121093750000000e+00 -2.571741796911771682e-23 -1.727684085793700143e-23
1.099609375000000000e+00 -2.321690989317278838e-23 -2.014812609216526876e-23
1.100097656250000000e+00 -2.047165012489907570e-23 -2.285172100438901724e-23
1.100585937500000000e+00 -1.750537416419195409e-23 -2.535989343102751234e-23
1.101074218750000000e+00 -1.434413064433568493e-23 -2.764636390931459581e-23
1.101562500000000000e+00 -1.101627453307370638e-23 -2.968676333953789949e-23
1.102050781250000000e+00 -7.551916856318503128e-24 -3.145894058862235486e-23
1.102539062500000000e+00 -3.982770165206807289e-24 -3.294294321619500110e-23
1.103027343750000000e+00 -3.420523414717149704e-25 -3.412146933038484417e-23
1.103515625000000000e+00 3.336118541077948091e-24 -3.498007971194058037e-23
1.104003906250000000e+00 7.016876470201454886e-24 -3.550714408358208984e-23
1.104492187500000000e+00 1.066480869241435059e-23 -3.569424360138198329e-23
1.104980468750000000e+00 1.424460846120274470e-23 -3.553623657165064173e-23
1.105468750000000000e+00 1.772121098519660341e-23 -3.503113446903572091e-23
1.105957031250000000e+00 2.106005828307670308e-23 -3.418042513715142028e-23
1.106445312500000000e+00 2.422772742686327722e-23 -3.298899939219059500e-23
1.106933593750000000e+00 2.719200381019123922e-23 -3.146498528466061271e-23
1.107421875000000000e+00 2.992218382358588633e-23 -2.961999696321409000e-23
1.107910156250000000e+00 3.238966338494621014e-23 -2.746891810765806408e-23
1.108398437500000000e+00 3.456796148884278847e-23 -2.502967271575851118e-23
1.108886718750000000e+00 3.643305315416175286e-23 -2.232335670763574676e-23
1.109375000000000000e+00 3.796387288282027297e-23 -1.937386672209511130e-23
1.109863281250000000e+00 3.914224103312869491e-23 -1.620762535694656422e-23
1.110351562500000000e+00 3.995316644895139903e-23 -1.285362316177170208e-23
1.110839843750000000e+00 4.038521594255776770e-23 -9.342942420086270246e-24
1.111328125000000000e+00 4.043034445865646384e-23 -5.708467585880837659e-24
1.111816406250000000e+00 4.008417633103147120e-23 -1.984830731923998775e-24
1.112304687500000000e+00 3.934624539362374489e-23 1.792174987958818796e-24
1.112792968750000000e+00 3.821973211706999425e-23 5.585906349655438770e-24
1.113281250000000000e+00 3.671168425317817942e-23 9.359013322535072685e-24
1.113769531250000000e+00 3.483307460598676393e-23 1.307408029836738757e-23
1.114257812500000000e+00 3.259842018031051015e-23 1.669389624745378325e-23
1.114746093750000000e+00 3.002592832148629679e-23 2.018163862343778559e-23
1.115234375000000000e+00 2.713739228594011729e-23 2.350152798519093384e-23
1.115722656250000000e+00 2.395774173693275113e-23 2.661905413149934190e-23
1.116210937500000000e+00 2.051513370074765288e-23 2.950121069215021373e-23
1.116699218750000000e+00 1.684068612734884239e-23 3.211714173295441599e-23
1.117187500000000000e+00 1.296794965909540657e-23 3.443828859126530060e-23
1.117675781250000000e+00 8.932910669323528725e-24 3.643861630479313374e-23
1.118164062500000000e+00 4.773562476721356779e-24 3.809517387527076588e-23
1.118652343750000000e+00 5.293410797782675193e-25 3.938812019009539011e-23
1.119140625000000000e+00 -3.758911978730760553e-24 4.030092939876730493e-23
1.119628906250000000e+00 -8.049477413608387333e-24 4.082086116678354952e-23
1.120117187500000000e+00 -1.230031114061027000e-23 4.093888028260587120e-23
1.120605468750000000e+00 -1.646912332512288595e-23 4.064982780860153076e-23
1.121093750000000000e+00 -2.051400710343000207e-23 3.995274875518517745e-23
1.121582031250000000e+00 -2.439397186875147985e-23 3.885065696503105797e-23
1.122070312500000000e+00 -2.806904466788622580e-23 3.735062497803820026e-23
1.122558593750000000e+00 -3.150092969557338216e-23 3.546394481547833470e-23
1.123046875000000000e+00 -3.465344011569508749e-23 3.320576568939329982e-23
1.123535156250000000e+00 -3.749256911963474182e-23 3.059513343246199489e-23
1.124023437500000000e+00 -3.998713887635334522e-23 2.765499994060941979e-23
1.124511718750000000e+00 -4.210912534515319200e-23 2.441173990240833627e-23
1.125000000000000000e+00 -4.383371501606458163e-23 2.089510699607951553e-23
1.125488281250000000e+00 -4.513991997551695481e-23 1.713805514321554891e-23
1.125976562500000000e+00 -4.601075009566271355e-23 1.317613757784279249e-23
1.126464843750000000e+00 -4.643319583103313081e-23 9.047402986160257260e-24
1.126953125000000000e+00 -4.639872986428195639e-23 4.792082059653163341e-24
1.127441406250000000e+00 -4.590328815596757764e-23 4.519404118869505759e-25
1.127929687500000000e+00 -4.494718436090960146e-23 -3.929854125608426855e-24
1.128417968750000000e+00 -4.353550780298602466e-23 -8.309173688672357916e-24
1.128906250000000000e+00 -4.167793693499734511e-23 -1.264162295445233322e-23
1.129394531250000000e+00 -3.938858504982100955e-23 -1.688270983854739373e-23
1.129882812500000000e+00 -3.668624438330384263e-23 -2.098838448233071955e-23
1.130371093750000000e+00 -3.359398836923312673e-23 -2.491570085766831284e-23
1.130859375000000000e+00 -3.013892055684344458e-23 -2.862295198575603703e-23
1.131347656250000000e+00 -2.635225777477571734e-23 -3.207023277407965685e-23
1.131835937500000000e+00 -2.226877169624386475e-23 -3.522002475930438463e-23
1.132324218750000000e+00 -1.792649989750404736e-23 -3.803730010835776687e-23
1.132812500000000000e+00 -1.336669686737133691e-23 -4.049010647344125837e-23
1.133300781250000000e+00 -8.633132547855887650e-24 -4.255005090216419120e-23
1.133789062500000000e+00 -3.771747889832131483e-24 -4.419233097235309166e-23
1.134277343750000000e+00 1.169554142421591258e-24 -4.539625596029410995e-23
1.134765625000000000e+00 6.141729099901799465e-24 -4.614554581624028070e-23
1.135253906250000000e+00 1.109493854199350826e-23 -4.642824991355501173e-23
1.135742187500000000e+00 1.597884577880376064e-23 -4.623718654629173017e-23
1.136230468750000000e+00 2.074346276201822717e-23 -4.557007103216718789e-23
1.136718750000000000e+00 2.533945392013207126e-23 -4.442934703642719296e-23
1.137207031250000000e+00 2.971851185553512154e-23 -4.282252131927949218e-23
1.137695312500000000e+00 3.383422159684844777e-23 -4.076207311768795864e-23
1.138183593750000000e+00 3.764231721355700878e-23 -3.826514659628009842e-23
1.138671875000000000e+00 4.110109585283669956e-23 -3.535372722665653727e-23
1.139160156250000000e+00 4.417220244306976446e-23 -3.205433197156270145e-23
1.139648437500000000e+00 4.682075079069352571e-23 -2.839760986733859962e-23
1.140136718750000000e+00 4.901570371902226967e-23 -2.441840359618041421e-23
1.140625000000000000e+00 5.073053196746736456e-23 -2.015526283371523641e-23
1.141113281250000000e+00 5.194321149285026019e-23 -1.564996351797344281e-23
1.141601562500000000e+00 5.263657971060491909e-23 -1.094741867444312429e-23
1.142089843750000000e+00 5.279884151967358784e-23 -6.094997090312126973e-24
1.142578125000000000e+00 5.242339930156250059e-23 -1.141975241229498728e-24
1.143066406250000000e+00 5.150910302598213921e-23 3.860659493405832785e-24
1.143554687500000000e+00 5.006051971265432513e-23 8.860990583306951167e-24
1.144042968750000000e+00 4.808757319208847934e-23 1.380669876777138093e-23
1.144531250000000000e+00 4.560569624922429325e-23 1.864532290419388636e-23
1.145019531250000000e+00 4.263589551319843561e-23 2.332511748277439433e-23
1.145507812500000000e+00 3.920424757219749224e-23 2.779556060692209106e-23
1.145996093750000000e+00 3.534194618948779256e-23 3.200767876229429268e-23
1.146484375000000000e+00 3.108511924243341498e-23 3.591491811749331287e-23
1.146972656250000000e+00 2.647414645655145774e-23 3.947354238184703503e-23
1.147460937500000000e+00 2.155357135494317421e-23 4.264292279078842483e-23
1.147949218750000000e+00 1.637169344711804958e-23 4.538632560266439148e-23
1.148437500000000000e+00 1.097979150930082777e-23 4.767116178600119853e-23
1.148925781250000000e+00 5.431974231459344113e-24 4.946924740058117296e-23
1.149414062500000000e+00 -2.153936625198933065e-25 5.075750138959795131e-23
1.149902343750000000e+00 -5.904532584409679884e-24 5.151803184755238510e-23
1.150390625000000000e+00 -1.157648218028710394e-23 5.173830852781667694e-23
1.150878906250000000e+00 -1.717184705667057269e-23 5.141166561271117901e-23
1.151367187500000000e+00 -2.263165877532167783e-23 5.053714549307619097e-23
1.151855468750000000e+00 -2.789762367650228845e-23 4.911954191000654600e-23
1.152343750000000000e+00 -3.291292282964843209e-23 4.716970293818236897e-23
1.152832031250000000e+00 -3.762298052630508665e-23 4.470418029632609551e-23
1.153320312500000000e+00 -4.197567535018956004e-23 4.174517703271507994e-23
1.153808593750000000e+00 -4.592217080249548571e-23 3.832063491705984365e-23
1.154296875000000000e+00 -4.941758572243663821e-23 3.446365499555648006e-23
1.154785156250000000e+00 -5.242116473949657765e-23 3.021229162158979045e-23
1.155273437500000000e+00 -5.489706704913714930e-23 2.560938490944318405e-23
1.155761718750000000e+00 -5.681482723067430508e-23 2.070178909485752241e-23
1.156250000000000000e+00 -5.814938280644423622e-23 1.554008409639943208e-23
1.156738281250000000e+00 -5.888172822994599631e-23 1.017823470920540492e-23
1.157226562500000000e+00 -5.899913638285865802e-23 4.672703991220891435e-24
1.157714843750000000e+00 -5.849507207278574701e-23 -9.179041480180782842e-25
1.158203125000000000e+00 -5.736972158546607953e-23 -6.533379890778510580e-24
1.158691406250000000e+00 -5.562996403122170134e-23 -1.211290593443923868e-23
1.159179687500000000e+00 -5.328912306185644921e-23 -1.759545692672816591e-23
1.159667968750000000e+00 -5.036727270748847815e-23 -2.292044166645816043e-23
1.160156250000000000e+00 -4.689089106544261783e-23 -2.802867483496172489e-23
1.160644531250000000e+00 -4.289244224607919925e-23 -3.286270980468022409e-23
1.161132812500000000e+00 -3.841048686570613314e-23 -3.736751731534101894e-23
1.161621093750000000e+00 -3.348909776614394929e-23 -4.149139742314099876e-23
1.162109375000000000e+00 -2.817734077771382100e-23 -4.518625798480744959e-23
1.162597656250000000e+00 -2.252919100612829127e-23 -4.840830965071658662e-23
1.163085937500000000e+00 -1.660269010822207896e-23 -5.111883571452478376e-23
1.163574218750000000e+00 -1.045929427316914390e-23 -5.328430841462550217e-23
1.164062500000000000e+00 -4.163582658208226354e-24 -5.487696667776622497e-23
1.164550781250000000e+00 2.217770046021807405e-24 -5.587533962800121878e-23
1.165039062500000000e+00 8.616660293578356068e-24 -5.626417965733658040e-23
1.165527343750000000e+00 1.496394361388558043e-23 -5.603493372277133584e-23
1.166015625000000000e+00 2.119054632901394257e-23 -5.518603714666674131e-23
1.166503906250000000e+00 2.722811394427796644e-23 -5.372266392271790080e-23
1.166992187500000000e+00 3.300951057238267249e-23 -5.165701828556092429e-23
1.167480468750000000e+00 3.846999435096227265e-23 -4.900829664673788764e-23
1.167968750000000000e+00 4.354779086762092865e-23 -4.580218740843670960e-23
1.168457031250000000e+00 4.818459394607297426e-23 -4.207095165764238992e-23
1.168945312500000000e+00 5.232663888594703607e-23 -3.785309645103600672e-23
1.169433593750000000e+00 5.592507468566599672e-23 -3.319271943035810433e-23
1.169921875000000000e+00 5.893640200470516446e-23 -2.813943734344484901e-23
1.170410156250000000e+00 6.132341697438354651e-23 -2.274778963555212722e-23
1.170898437500000000e+00 6.305540048344579914e-23 -1.707640863314187862e-23
1.171386718750000000e+00 6.410848183081388722e-23 -1.118774248320179961e-23
1.171875000000000000e+00 6.446636205550248109e-23 -5.147191210306192110e-24
1.172363281250000000e+00 6.412020583007239395e-23 9.778168508734575135e-25
1.172851562500000000e+00 6.306880773154754988e-23 7.118190735072214591e-24
1.173339843750000000e+00 6.131900458837492077e-23 1.320416129599981970e-23
1.173828125000000000e+00 5.888527977765479896e-23 1.916618838009842662e-23
1.174316406250000000e+00 5.578978478064086732e-23 2.493538945939528863e-23
1.174804687500000000e+00 5.206248263894937546e-23 3.044463990979817068e-23
1.175292968750000000e+00 4.774048767853093696e-23 3.562945061105120123e-23
1.175781250000000000e+00 4.286789025645557847e-23 4.042840784103742891e-23
1.176269531250000000e+00 3.749554170007106816e-23 4.478424537787229290e-23
1.176757812500000000e+00 3.168009362998616640e-23 4.864451842944924140e-23
1.177246093750000000e+00 2.548364260460787244e-23 5.196191874400993319e-23
1.177734375000000000e+00 1.897324426604639742e-23 5.469522500495240922e-23
1.178222656250000000e+00 1.221979904821698295e-23 5.680975933180818289e-23
1.178710937500000000e+00 5.297616239733827230e-24 5.827760473938496195e-23
1.179199218750000000e+00 -1.716305044183059194e-24 5.907840641588288231e-23
1.179687500000000000e+00 -8.743538860647168406e-24 5.919953180136428858e-23
1.180175781250000000e+00 -1.570477556625867037e-23 5.863606482217835690e-23
1.180664062500000000e+00 -2.252074293103866161e-23 5.739130493115895350e-23
1.181152343750000000e+00 -2.911348745855090121e-23 5.547655215767077774e-23
1.181640625000000000e+00 -3.540686216268303707e-23 5.291088885741079899e-23
1.182128906250000000e+00 -4.132747510692634180e-23 4.972142802215756451e-23
1.182617187500000000e+00 -4.680585556315297072e-23 4.594280159129808947e-23
1.183105468750000000e+00 -5.177685683524175044e-23 4.161675671448355927e-23
1.183593750000000000e+00 -5.618063224853674275e-23 3.679209155970397752e-23
1.184082031250000000e+00 -5.996365917976200933e-23 3.152377479564636998e-23
1.184570312500000000e+00 -6.307898995172405706e-23 2.587230916977044690e-23
1.185058593750000000e+00 -6.548709526481943854e-23 1.990337178441280842e-23
1.185546875000000000e+00 -6.715655173825837461e-23 1.368669385448419972e-23
1.186035156250000000e+00 -6.806401106139066353e-23 7.295351873241241820e-24
1.186523437500000000e+00 -6.819484246494149087e-23 8.052316543507776789e-25
1.187011718750000000e+00 -6.754349474930685573e-23 -5.706258769037799823e-24
1.187500000000000000e+00 -6.611324521606621701e-23 -1.216097689103402328e-23
1.187988281250000000e+00 -6.391663700133265951e-23 -1.848078430900036970e-23
1.188476562500000000e+00 -6.097544144367466473e-23 -2.458894427479464640e-23
1.188964843750000000e+00 -5.732007848964316591e-23 -3.041085875309378937e-23
1.189453125000000000e+00 -5.298972119884659430e-23 -3.587481688919785299e-23
1.189941406250000000e+00 -4.803181550141928199e-23 -4.091328377048299737e-23
1.190429687500000000e+00 -4.250124537467657783e-23 -4.546345447806988649e-23
1.190917968750000000e+00 -3.646021529716859129e-23 -4.946797081500587946e-23
1.191406250000000000e+00 -2.997744967597701950e-23 -5.287609311205580972e-23
1.191894531250000000e+00 -2.312717215467673577e-23 -5.564407212707254338e-23
1.192382812500000000e+00 -1.598872951806403628e-23 -5.773575495299787162e-23
1.192871093750000000e+00 -8.645423106469188381e-24 -5.912345716643634188e-23
1.193359375000000000e+00 -1.183305009856012572e-24 -5.978796218413006442e-23
1.193847656250000000e+00 6.309384717237624012e-24 -5.971886101798184833e-23
1.194335937500000000e+00 1.374356598159002298e-23 -5.891505330239873005e-23
1.194824218750000000e+00 2.103048198777426284e-23 -5.738442535029304308e-23
1.195312500000000000e+00 2.808229541714592994e-23 -5.514399583222095384e-23
1.195800781250000000e+00 3.481352585093686869e-23 -5.222006306429970973e-23
1.196289062500000000e+00 4.114216006348054582e-23 -4.864751970214336630e-23
1.196777343750000000e+00 4.699029631638044010e-23 -4.446967894646595410e-23
1.197265625000000000e+00 5.228558717805219352e-23 -3.973794406406186459e-23
1.197753906250000000e+00 5.696212182487135713e-23 -3.451074759465232805e-23
1.198242187500000000e+00 6.096089712463373747e-23 -2.885314098247759532e-23
1.198730468750000000e+00 6.423102958333217393e-23 -2.283614725157751089e-23
1.199218750000000000e+00 6.673027700072418455e-23 -1.653550716220138613e-23
1.199707031250000000e+00 6.842532522092746390e-23 -1.003111353396345174e-23
1.200195312500000000e+00 6.929278716523845687e-23 -3.406039007234857478e-24
1.200683593750000000e+00 6.931937721265693580e-23 3.254938359906951711e-24
1.201171875000000000e+00 6.850194766323982117e-23 9.866063989046892572e-24
1.201660156250000000e+00 6.684809145858156331e-23 1.634179204533252582e-23
1.202148437500000000e+00 6.437578723843633266e-23 2.259824218555834764e-23
1.202636718750000000e+00 6.111307314367709645e-23 2.855384250362749670e-23
1.203125000000000000e+00 5.709823537675051562e-23 3.413051876030002241e-23
1.203613281250000000e+00 5.237903982032492260e-23 3.925502129490940769e-23
1.204101562500000000e+00 4.701218528376336822e-23 4.385949083352406191e-23
1.204589843750000000e+00 4.106313646176504545e-23 4.788265474055000992e-23
1.205078125000000000e+00 3.460493055311341178e-23 5.127094190369084698e-23
1.205566406250000000e+00 2.771732381394716291e-23 5.397880118199546602e-23
1.206054687500000000e+00 2.048618482488642513e-23 5.596963634966659747e-23
1.206542968750000000e+00 1.300193052780506727e-23 5.721645666140967269e-23
1.207031250000000000e+00 5.358537222488234856e-24 5.770182953131064621e-23
1.207519531250000000e+00 -2.347272931713369179e-24 5.741854327647046800e-23
1.208007812500000000e+00 -1.001772216174305178e-23 5.636986242713832991e-23
1.208496093750000000e+00 -1.755497667039735394e-23 5.456918389090568283e-23
1.208984375000000000e+00 -2.486215985351183231e-23 5.204036726563864944e-23
1.209472656250000000e+00 -3.184516937736125487e-23 4.881743790889035884e-23
1.209960937500000000e+00 -3.841365065301886255e-23 4.494378035477381152e-23
1.210449218750000000e+00 -4.448205080341552721e-23 4.047201896378964593e-23
1.210937500000000000e+00 -4.997126276095506535e-23 3.546321182882874450e-23
1.211425781250000000e+00 -5.480927784147940208e-23 2.998576996484088477e-23
1.211914062500000000e+00 -5.893206616819888203e-23 2.411508510228876973e-23
1.212402343750000000e+00 -6.228494352203508487e-23 1.793235975403684057e-23
1.212890625000000000e+00 -6.482293384720994595e-23 1.152328452331051165e-23
1.213378906250000000e+00 -6.651150479621452077e-23 4.977330905742639257e-24
1.213867187500000000e+00 -6.732757040753401474e-23 -1.613821650406787114e-24
1.214355468750000000e+00 -6.725938386449785755e-23 -8.157761456460117299e-24
1.214843750000000000e+00 -6.630686631981871319e-23 -1.456217011387902314e-23
1.215332031250000000e+00 -6.448201013130964497e-23 -2.073646275699864168e-23
1.215820312500000000e+00 -6.180823949027954888e-23 -2.659310926195977143e-23
1.216308593750000000e+00 -5.832040453344836641e-23 -3.204842161485256583e-23
1.216796875000000000e+00 -5.406472304957053527e-23 -3.702421535659444074e-23
1.217285156250000000e+00 -4.909774058664633308e-23 -4.144899597982263157e-23
1.217773437500000000e+00 -4.348597553891824799e-23 -4.525868520201829087e-23
1.218261718750000000e+00 -3.730526715373463869e-23 -4.839810308009046615e-23
1.218750000000000000e+00 -3.063921904943633984e-23 -5.082170055176791966e-23
1.219238281250000000e+00 -2.357845585090665291e-23 -5.249389732477507476e-23
1.219726562500000000e+00 -1.621950990702074602e-23 -5.339013059651678560e-23
1.220214843750000000e+00 -8.663046288788254346e-24 -5.349707314812508285e-23
1.220703125000000000e+00 -1.013019016399826860e-24 -5.281267264578152252e-23
1.221191406250000000e+00 6.624707342858983762e-24 -5.134684384222296294e-23
1.221679687500000000e+00 1.414427720952781926e-23 -4.912116652787965620e-23
1.222167968750000000e+00 2.144083861305446851e-23 -4.616847579001016128e-23
1.222656250000000000e+00 2.841218809309647022e-23 -4.253293316367200728e-23
1.223144531250000000e+00 3.496066969209548923e-23 -3.826902081648060708e-23
1.223632812500000000e+00 4.099402362028580957e-23 -3.344067217702606061e-23
1.224121093750000000e+00 4.642690052366511866e-23 -2.812087890612822702e-23
1.224609375000000000e+00 5.118238797500154405e-23 -2.239027137646492349e-23
1.225097656250000000e+00 5.519255983894198252e-23 -1.633602849653411372e-23
1.225585937500000000e+00 5.839984414876974631e-23 -1.005108390722396332e-23
1.226074218750000000e+00 6.075821081185580652e-23 -3.632243054952584325e-24
1.226562500000000000e+00 6.223340614494700724e-23 2.821219409175893520e-24
1.227050781250000000e+00 6.280396413918132263e-23 9.208743320636043702e-24
1.227539062500000000e+00 6.246171323834016655e-23 1.543057723402163576e-23
1.228027343750000000e+00 6.121138585186884579e-23 2.138909187234658700e-23
1.228515625000000000e+00 5.907107511821158210e-23 2.698994141109144876e-23
1.229003906250000000e+00 5.607207854382031111e-23 3.214405387056638256e-23
1.229492187500000000e+00 5.225807737747607091e-23 3.676876146831616103e-23
1.229980468750000000e+00 4.768520112023805592e-23 4.078898465895795241e-23
1.230468750000000000e+00 4.242125019854664765e-23 4.413910586353303911e-23
1.230957031250000000e+00 3.654434186242535400e-23 4.676376359726478276e-23
1.231445312500000000e+00 3.014236549344197941e-23 4.861870751495206250e-23
1.231933593750000000e+00 2.331147163112245768e-23 4.967207903939606395e-23
1.232421875000000000e+00 1.615429787937037482e-23 4.990450796591268298e-23
1.232910156250000000e+00 8.779104644989396417e-24 4.930949157929608551e-23
1.233398437500000000e+00 1.297937106675341341e-24 4.789413315473665951e-23
1.233886718750000000e+00 -6.175232017335962435e-24 4.567871968938463910e-23
1.234375000000000000e+00 -1.352557463825391726e-23 4.269670359137202367e-23
1.234863281250000000e+00 -2.063959288552186992e-23 3.899475609316390271e-23
1.235351562500000000e+00 -2.740709459056391544e-23 3.463155552084933038e-23
1.235839843750000000e+00 -3.372239077856787105e-23 2.967708351082189287e-23
1.236328125000000000e+00 -3.948648021281016832e-23 2.421187686235057307e-23
1.236816406250000000e+00 -4.460863492012710497e-23 1.832522089461652335e-23
1.237304687500000000e+00 -4.900725558862342382e-23 1.211413229862971981e-23
1.237792968750000000e+00 -5.261173142733507648e-23 5.682183867121219177e-24
1.238281250000000000e+00 -5.536356187497120669e-23 -8.626576691312259969e-25
1.238769531250000000e+00 -5.721696271928268616e-23 -7.409377298479079740e-24
1.239257812500000000e+00 -5.814040949461858572e-23 -1.384564710029063344e-23
1.239746093750000000e+00 -5.811712564668288337e-23 -2.006035235138722389e-23
1.240234375000000000e+00 -5.714507796015484302e-23 -2.594505039576185136e-23
1.240722656250000000e+00 -5.523772991895774547e-23 -3.139577870965700231e-23
1.241210937500000000e+00 -5.242358181793808590e-23 -3.631531637760266524e-23
1.241699218750000000e+00 -4.874552545883101883e-23 -4.061427933695847170e-23
1.242187500000000000e+00 -4.426098996094613940e-23 -4.421278015668716191e-23
1.242675781250000000e+00 -3.904083137641475298e-23 -4.704242186578136197e-23
1.243164062500000000e+00 -3.316822559033441448e-23 -4.904712204404279588e-23
1.243652343750000000e+00 -2.673811631829443152e-23 -5.018453135208501168e-23
1.244140625000000000e+00 -1.985523293461165216e-23 -5.042736743957315059e-23
1.244628906250000000e+00 -1.263232980390130501e-23 -4.976341450863094535e-23
1.245117187500000000e+00 -5.188948910451029259e-24 -4.819615100899288665e-23
1.245605468750000000e+00 2.351070516977623388e-24 -4.574512069965364832e-23
1.246093750000000000e+00 9.861453209758840202e-24 -4.244518519929193263e-23
1.246582031250000000e+00 1.721491331866879102e-23 -3.834662888401166964e-23
1.247070312500000000e+00 2.428583878935807958e-23 -3.351480124696592252e-23
1.247558593750000000e+00 3.095222056020741185e-23 -2.802865154948362123e-23
1.248046875000000000e+00 3.709736948925827542e-23 -2.198003199096821582e-23
1.248535156250000000e+00 4.261272934945046347e-23 -1.547223722973504486e-23
1.249023437500000000e+00 4.739953903520553090e-23 -8.617655392734549412e-24
1.249511718750000000e+00 5.137024301733012908e-23 -1.536432784707864724e-24
1.250000000000000000e+00 5.445071565171660289e-23 5.645568604395327303e-24
1.250488281250000000e+00 5.658115393559761199e-23 1.279933256513148652e-23
1.250976562500000000e+00 5.771701872694175830e-23 1.979419777735778972e-23
1.251464843750000000e+00 5.783074098676642637e-23 2.650032849642871060e-23
1.251953125000000000e+00 5.691199673051380270e-23 3.279156868598449536e-23
1.252441406250000000e+00 5.496812207724712398e-23 3.854724004072355600e-23
1.252929687500000000e+00 5.202489856832185612e-23 4.365484257764225829e-23
1.253417968750000000e+00 4.812566224472932741e-23 4.801258920414708140e-23
1.253906250000000000e+00 4.333072036336405680e-23 5.153066728521342904e-23
1.254394531250000000e+00 3.771704618734270655e-23 5.413337135290887264e-23
1.254882812500000000e+00 3.137649257448260231e-23 5.576085478184997713e-23
1.255371093750000000e+00 2.441468617599744039e-23 5.636984205370911366e-23
1.255859375000000000e+00 1.695001045363441906e-23 5.593536075255545512e-23
1.256347656250000000e+00 9.111052295215972193e-24 5.445176331093375777e-23
1.256835937500000000e+00 1.034776148639774890e-24 5.193261740538713406e-23
1.257324218750000000e+00 -7.135494334604504047e-24 4.841136953082616021e-23
1.257812500000000000e+00 -1.525340321550969315e-23 4.394089307733406746e-23
1.258300781250000000e+00 -2.317172158822503992e-23 3.859212371397367351e-23
1.258789062500000000e+00 -3.074462758085940285e-23 3.245367789859349850e-23
1.259277343750000000e+00 -3.783094369804205734e-23 2.563039827448586741e-23
1.259765625000000000e+00 -4.429605188983126453e-23 1.824133974376607751e-23
1.260253906250000000e+00 -5.001425895153085073e-23 1.041864603557363630e-23
1.260742187500000000e+00 -5.487200776772297827e-23 2.304996174225702795e-24
1.261230468750000000e+00 -5.876961836542042253e-23 -5.949411136836629228e-24
1.261718750000000000e+00 -6.162345679385157557e-23 -1.418901956129020840e-23
1.262207031250000000e+00 -6.336837291847957826e-23 -2.225637270727172597e-23
1.262695312500000000e+00 -6.395834194597661532e-23 -2.999536737175860727e-23
1.263183593750000000e+00 -6.336763816752580318e-23 -3.725341284496249569e-23
1.263671875000000000e+00 -6.159211605461849668e-23 -4.388482145335607535e-23
1.264160156250000000e+00 -5.864889724931690020e-23 -4.975378194218239480e-23
1.264648437500000000e+00 -5.457688687259011730e-23 -5.473652963452711065e-23
1.265136718750000000e+00 -4.943704832949951533e-23 -5.872482455654663664e-23
1.265625000000000000e+00 -4.331091767258801188e-23 -6.162854355296714904e-23
1.266113281250000000e+00 -3.629984533129725628e-23 -6.337724310274514524e-23
1.266601562500000000e+00 -2.852360687819774742e-23 -6.392257960369749445e-23
1.267089843750000000e+00 -2.011751542488396021e-23 -6.323931768288165700e-23
1.267578125000000000e+00 -1.123070742796469817e-23 -6.132552723402306183e-23
1.268066406250000000e+00 -2.023860773296138917e-24 -5.820380460352412626e-23
1.268554687500000000e+00 7.334219403643292970e-24 -5.392109557007855381e-23
1.269042968750000000e+00 1.666879091952025308e-23 -4.854799895480867921e-23
1.269531250000000000e+00 2.580235827364632177e-23 -4.217879069931747595e-23
1.270019531250000000e+00 3.455886063756938256e-23 -3.492951609045321826e-23
1.270507812500000000e+00 4.276647093005482974e-23 -2.693556073513090033e-23
1.270996093750000000e+00 5.026125248118299309e-23 -1.834982406280476850e-23
1.271484375000000000e+00 5.689105725624631735e-23 -9.339165426321446061e-24
1.271972656250000000e+00 6.251764547647392235e-23 -8.110220332740346582e-26
1.272460937500000000e+00 6.701972469106332040e-23 9.238663217000863314e-24
1.272949218750000000e+00 7.029602646332667559e-23 1.843039898836270779e-23
1.273437500000000000e+00 7.226683546308956718e-23 2.730411091567958020e-23
1.273925781250000000e+00 7.287663865059312647e-23 3.567289531848124801e-23
1.274414062500000000e+00 7.209625649371672796e-23 4.335799679992824855e-23
1.274902343750000000e+00 6.992309373090343888e-23 5.019285507776372746e-23
1.275390625000000000e+00 6.638219607042507266e-23 5.602634334961508244e-23
1.275878906250000000e+00 6.152625466883239422e-23 6.072701664464549597e-23
1.276367187500000000e+00 5.543401507781488545e-23 6.418570235002021204e-23
1.276855468750000000e+00 4.820992091469815838e-23 6.631752918475111511e-23
1.277343750000000000e+00 3.998272535121787754e-23 6.706511136128840538e-23
1.277832031250000000e+00 3.090282674054679115e-23 6.640006692499393399e-23
1.278320312500000000e+00 2.114068715239822641e-23 6.432416277860075878e-23
1.278808593750000000e+00 1.088360905229150723e-23 6.087100597032721141e-23
1.279296875000000000e+00 3.313205312889464907e-25 5.610527066549077139e-23
1.279785156250000000e+00 -1.030721183537274650e-23 5.012138771011731538e-23
1.280273437500000000e+00 -2.081836217872680338e-23 4.304255546711046174e-23
1.280761718750000000e+00 -3.098866701397084037e-23 3.501758499441063332e-23
1.281250000000000000e+00 -4.060800150851076863e-23 2.621810403787753301e-23
1.281738281250000000e+00 -4.947421761315705102e-23 1.683626306516321143e-23
1.282226562500000000e+00 -5.739784184601752688e-23 7.080235299845599351e-24
1.282714843750000000e+00 -6.420544206704301226e-23 -2.829965980609622901e-24
1.283203125000000000e+00 -6.974455522342932245e-23 -1.266679617668595466e-23
1.283691406250000000e+00 -7.388786650398580382e-23 -2.220167590087826858e-23
1.284179687500000000e+00 -7.653550023758960819e-23 -3.121035341702389915e-23
1.284667968750000000e+00 -7.761828432246564460e-23 -3.947776086768142892e-23
1.285156250000000000e+00 -7.709956921668762933e-23 -4.680405027113594790e-23
1.285644531250000000e+00 -7.497548838346100171e-23 -5.300872939880080121e-23
1.286132812500000000e+00 -7.127661113927016499e-23 -5.793462607550125733e-23
1.286621093750000000e+00 -6.606810997889664465e-23 -6.145321013654386981e-23
1.287109375000000000e+00 -5.944857890995062931e-23 -6.346800994134330324e-23
1.287597656250000000e+00 -5.154977037282279177e-23 -6.391788497916032834e-23
1.288085937500000000e+00 -4.253394594629384108e-23 -6.278060272305827388e-23
1.288574218750000000e+00 -3.258985617189929240e-23 -6.007331681482399214e-23
1.289062500000000000e+00 -2.192974165409860062e-23 -5.585249845970405028e-23
1.289550781250000000e+00 -1.078434248231283958e-23 -5.021383833419900131e-23
1.290039062500000000e+00 6.023025080104598632e-25 -4.328952620147724098e-23
1.290527343750000000e+00 1.197662551396312115e-23 -3.524607626200734917e-23
1.291015625000000000e+00 2.308144193195264292e-23 -2.628224790529543337e-23
1.291503906250000000e+00 3.366200812216679475e-23 -1.662413802169895537e-23
1.291992187500000000e+00 4.347112680929843797e-23 -6.520459578999798139e-24
1.292480468750000000e+00 5.227638249205698961e-23 3.763040281640971707e-24
1.292968750000000000e+00 5.986638428066328905e-23 1.395191426762799549e-23
1.293457031250000000e+00 6.605518034911701450e-23 2.377002764422548204e-23
1.293945312500000000e+00 7.068785662777558662e-23 3.294638600969319665e-23
1.294433593750000000e+00 7.364427574052375625e-23 4.122323511505990644e-23
1.294921875000000000e+00 7.484142519056154935e-23 4.836192647870900762e-23
1.295410156250000000e+00 7.423740681159134952e-23 5.414910765442547792e-23
1.295898437500000000e+00 7.183346845892217621e-23 5.840448701021115350e-23
1.296386718750000000e+00 6.767466535760614075e-23 6.098639271095374130e-23
1.296875000000000000e+00 6.185120066751540776e-23 6.179740644073245766e-23
1.297363281250000000e+00 5.449647054731697778e-23 6.078981228244971026e-23
1.297851562500000000e+00 4.578354760067615734e-23 5.796700708351896661e-23
1.298339843750000000e+00 3.592242394722135583e-23 5.338421778386181934e-23
1.298828125000000000e+00 2.515460424886954446e-23 4.714862957269658084e-23
1.299316406250000000e+00 1.374760479840747892e-23 3.941633438632299146e-23
1.299804687500000000e+00 1.990601198408049570e-24 3.039007389125140280e-23
1.300292968750000000e+00 -9.812896578535262985e-24 2.031650500288894518e-23
1.300781250000000000e+00 -2.135265104060298076e-23 9.479806831299428143e-24
1.301269531250000000e+00 -3.231889763932652351e-23 -1.804810609744677058e-24
1.301757812500000000e+00 -4.241233841392338923e-23 -1.319951486944586208e-23
1.302246093750000000e+00 -5.135276967395239400e-23 -2.435567846852803679e-23
1.302734375000000000e+00 -5.888589882554741263e-23 -3.492401298721061891e-23
1.303222656250000000e+00 -6.479147762435961243e-23 -4.456471416461251657e-23
1.303710937500000000e+00 -6.888900776869458771e-23 -5.295867687234017144e-23
1.304199218750000000e+00 -7.104229530630615669e-23 -5.981583156795398556e-23
1.304687500000000000e+00 -7.116592055436491961e-23 -6.488430711901974344e-23
1.305175781250000000e+00 -6.922913957489507574e-23 -6.796125884771559012e-23
1.305664062500000000e+00 -6.525832963269376756e-23 -6.890091620723770357e-23
1.306152343750000000e+00 -5.933961534212183603e-23 -6.762266033514656794e-23
1.306640625000000000e+00 -5.161690605904955370e-23 -6.411774304878395090e-23
1.307128906250000000e+00 -4.228804247039477545e-23 -5.845022830096045753e-23
1.307617187500000000e+00 -3.160129143663806317e-23 -5.075659260690075722e-23
1.308105468750000000e+00 -1.984842464076643428e-23 -4.124365363811633128e-23
1.308593750000000000e+00 -7.357942194175839313e-24 -3.018250185413314400e-23
1.309082031250000000e+00 5.510927731501344336e-24 -1.790353145804822354e-23
1.309570312500000000e+00 1.837825081289330149e-23 -4.790130689119069436e-24
1.310058593750000000e+00 3.085389934986880084e-23 8.732494980310362279e-24
1.310546875000000000e+00 4.254840999875175628e-23 2.220917490107568369e-23
1.311035156250000000e+00 5.308733111969128265e-23 3.517009357443698997e-23
1.311523437500000000e+00 6.212345801191893098e-23 4.715019970092930274e-23
1.312011718750000000e+00 6.934696880792755832e-23 5.770590983813904733e-23
1.312500000000000000e+00 7.449663463266672998e-23 6.643132071784197472e-23
1.312988281250000000e+00 7.736757095469990967e-23 7.297424248811874445e-23
1.313476562500000000e+00 7.781798414935091067e-23 7.704765054463770566e-23
1.313964843750000000e+00 7.577796230773651030e-23 7.844199124830145653e-23
1.314453125000000000e+00 7.125466755551609144e-23 7.703860275705527318e-23
1.314941406250000000e+00 6.433562120986363383e-23 7.281888005064294309e-23
1.315429687500000000e+00 5.519096443174717440e-23 6.587246124533093424e-23
1.315917968750000000e+00 4.406894172962791295e-23 5.640110680060087323e-23
1.316406250000000000e+00 3.128871756728627107e-23 4.471305226358690110e-23
1.316894531250000000e+00 1.723279082542742781e-23 3.121396278734060839e-23
1.317382812500000000e+00 2.335074175586786436e-24 1.639394242607956902e-23
1.317871093750000000e+00 -1.293036240468206899e-23 8.093737355370661732e-25
1.318359375000000000e+00 -2.806018211642498982e-23 -1.493325278645299276e-23
1.318847656250000000e+00 -4.253800225668249163e-23 -3.019547071036981564e-23
1.319335937500000000e+00 -5.585133640941006054e-23 -4.433090017219346862e-23
1.319824218750000000e+00 -6.750978128850785571e-23 -5.671037842364457767e-23
1.320312500000000000e+00 -7.706710670401486855e-23 -6.675237214167434397e-23
1.320800781250000000e+00 -8.413936756414028260e-23 -7.395731308408509692e-23
1.321289062500000000e+00 -8.841947796503452613e-23 -7.793559529152822636e-23
1.321777343750000000e+00 -8.969132354897580060e-23 -7.843099405520219301e-23
1.322265625000000000e+00 -8.783801384941027033e-23 -7.533779629374895566e-23
1.322753906250000000e+00 -8.284863284287038068e-23 -6.870689127685032353e-23
1.323242187500000000e+00 -7.482652862526900292e-23 -5.875008131378230274e-23
1.323730468750000000e+00 -6.399190550877913217e-23 -4.584333749498898573e-23
1.324218750000000000e+00 -5.068102964526681477e-23 -3.052303651630173998e-23
1.324707031250000000e+00 -3.534154677053329946e-23 -1.347838786912412671e-23
1.325195312500000000e+00 -1.851688336804842506e-23 4.468184993371280302e-24
1.325683593750000000e+00 -8.261967856366910274e-25 2.240018707792993637e-23
1.326171875000000000e+00 1.705730616254439312e-23 3.935579681924497066e-23
1.326660156250000000e+00 3.443301416269173597e-23 5.438324228830988089e-23
1.327148437500000000e+00 5.059691212238927918e-23 6.659694556543693269e-23
1.327636718750000000e+00 6.486447769635470202e-23 7.522076640074484192e-23
1.328125000000000000e+00 7.659945658885232433e-23 7.962566343366381749e-23
1.328613281250000000e+00 8.524257643409102380e-23 7.937032580641214334e-23
1.329101562500000000e+00 9.034174275223549563e-23 7.424237545590757067e-23
1.329589843750000000e+00 9.158491610732526787e-23 6.430529305844070162e-23
1.330078125000000000e+00 8.882339458107900741e-23 4.993873019680999440e-23
1.330566406250000000e+00 8.208554407861255192e-23 3.184736208778297754e-23
1.331054687500000000e+00 7.158325346957879251e-23 1.103631022936903499e-23
1.331542968750000000e+00 5.770513832764638346e-23 -1.124520335017216909e-23
1.332031250000000000e+00 4.100545893720583703e-23 -3.358316627486888478e-23
1.332519531250000000e+00 2.219342537859768770e-23 -5.447411774030641867e-23
1.333007812500000000e+00 2.114169320646557628e-24 -7.239605546721103943e-23
1.333496093750000000e+00 -1.827603022490321701e-23 -8.589278495947678522e-23
1.333984375000000000e+00 -3.794477666845840515e-23 -9.367750764946790115e-23
1.334472656250000000e+00 -5.583855859684376252e-23 -9.476539523886871798e-23
1.334960937500000000e+00 -7.094575151912396368e-23 -8.861952208074185514e-23
1.335449218750000000e+00 -8.235948165918405983e-23 -7.526301822612943640e-23
1.335937500000000000e+00 -8.933708264480760187e-23 -5.533813915294961584e-23
1.336425781250000000e+00 -9.134136546563983641e-23 -3.011147456184566697e-23
1.336914062500000000e+00 -8.806910755441984734e-23 -1.429243316863220091e-24
1.337402343750000000e+00 -7.948069222644449764e-23 2.835602792114034265e-23
1.337890625000000000e+00 -6.582685233235219647e-23 5.650426050113777907e-23
1.338378906250000000e+00 -4.767444637736409946e-23 8.009822217709294505e-23
1.338867187500000000e+00 -2.592217073510593821e-23 9.634491839315212382e-23
1.339355468750000000e+00 -1.778165152506521060e-24 1.029303148993052845e-22
1.339843750000000000e+00 2.330226328973635810e-23 9.835701705191096457e-23
1.340332031250000000e+00 4.770835753857389870e-23 8.218736639038819038e-23
1.340820312500000000e+00 6.978531118271664641e-23 5.521228730812288099e-23
1.341308593750000000e+00 8.793584988580883889e-23 1.962220792047757769e-23
1.341796875000000000e+00 1.007059127899478970e-22 -2.082276873704772981e-23
1.342285156250000000e+00 1.068778378967857776e-22 -6.074757948102637059e-23
1.342773437500000000e+00 1.055769068684453593e-22 -9.349824469850343697e-23
1.343261718750000000e+00 9.639425755435441095e-23 -1.120922872266750997e-22
1.343750000000000000e+00 7.951159167036643015e-23 -1.107254550799622380e-22
1.344238281250000000e+00 5.577490337776450686e-23 -8.650788316999259079e-23
1.344726562500000000e+00 2.669316921728112633e-23 -4.103373981739163851e-23
1.345214843750000000e+00 -5.628149430978098968e-24 1.856247014436167188e-23
1.345703125000000000e+00 -3.861013154739667226e-23 7.939881919698934222e-23
1.346191406250000000e+00 -6.935467505415491357e-23 1.241947702244545553e-22
1.346679687500000000e+00 -9.483448675202031917e-23 1.353607486991672089e-22
1.347167968750000000e+00 -1.121646160147301987e-22 1.023672247007226621e-22
1.347656250000000000e+00 -1.189500109446842617e-22 3.041322488701499567e-23
1.348144531250000000e+00 -1.136527879575294833e-22 -5.508639527964752594e-23
1.348632812500000000e+00 -9.590305257159837111e-23 -1.150343397678636450e-22
1.349121093750000000e+00 -6.667024070455403783e-23 -1.161888881474675061e-22
1.349609375000000000e+00 -2.830933930349897873e-23 -5.475760735228170249e-23
1.350097656250000000e+00 1.542733674874753927e-23 3.411575169536494893e-23
1.350585937500000000e+00 5.941205338570740643e-23 9.495299398418975263e-23
1.351074218750000000e+00 9.732806332412922893e-23 9.081358663945706507e-23
1.351562500000000000e+00 1.222580536825887707e-22 3.162114196887384432e-23
1.352050781250000000e+00 1.278737748598158338e-22 -3.482123906524362652e-23
1.352539062500000000e+00 1.100988531029281353e-22 -6.209142578181224280e-23
1.353027343750000000e+00 6.880083588795754380e-23 -3.951434914951960811e-23
1.353515625000000000e+00 9.026870164587521002e-24 5.972363868831505643e-24
1.354003906250000000e+00 -5.859614517732792564e-23 3.673817486134219983e-23
1.354492187500000000e+00 -1.185859320385843031e-22 3.413106818578262298e-23
1.354980468750000000e+00 -1.529627354920194642e-22 7.890738100318074602e-24
1.355468750000000000e+00 -1.460983962381688138e-22 -1.747729079239617921e-23
1.355957031250000000e+00 -9.218491982617716247e-23 -2.406967632435657060e-23
1.356445312500000000e+00 -2.934958529737105305e-24 -1.205600558860850943e-23
1.356933593750000000e+00 9.004626242292091458e-23 4.861900923936110411e-24
1.357421875000000000e+00 1.445015891099676689e-22 1.282038336902344754e-23
1.357910156250000000e+00 1.291635800785854505e-22 7.995555459990217184e-24
1.358398437500000000e+00 4.739972231903981930e-23 -3.107370625938371048e-24
1.358886718750000000e+00 -5.605984965504713870e-23 -1.100676526700166269e-23
1.359375000000000000e+00 -1.185181976577934137e-22 -1.093028196156092151e-23
1.359863281250000000e+00 -1.027106471294123259e-22 -5.125197238314618485e-24
1.360351562500000000e+00 -2.618772908036104645e-23 5.591331145519020110e-25
1.360839843750000000e+00 5.217801940825538688e-23 1.859017838653264487e-24
1.361328125000000000e+00 7.923287113945212605e-23 -1.196582608409471771e-24
1.361816406250000000e+00 4.660872045030221932e-23 -5.390920446709784859e-24
1.362304687500000000e+00 -1.001402632701418910e-23 -7.466202053652045116e-24
1.362792968750000000e+00 -4.512326623959100050e-23 -6.504442664551190898e-24
1.363281250000000000e+00 -3.858581037492678972e-23 -3.995609605836424474e-24
1.363769531250000000e+00 -4.854168950806226483e-24 -2.145174925207076483e-24
1.364257812500000000e+00 2.538695236608163262e-23 -2.101516881575386343e-24
1.364746093750000000e+00 3.139546836004229972e-23 -3.395642735124763994e-24
1.365234375000000000e+00 1.511907455104922103e-23 -4.693592558536395274e-24
1.365722656250000000e+00 -5.746840677399647788e-24 -4.979383362107076796e-24
1.366210937500000000e+00 -1.457549070260863000e-23 -4.198387885424024182e-24
1.366699218750000000e+00 -7.727293213644356055e-24 -3.049041907024523219e-24
1.367187500000000000e+00 6.025484742998193856e-24 -2.292526442293535851e-24
1.367675781250000000e+00 1.503410106313129981e-23 -2.194138674371137706e-24
1.368164062500000000e+00 1.402008559405849410e-23 -2.468238793271573271e-24
1.368652343750000000e+00 6.340322363158332939e-24 -2.628792603638104123e-24
1.369140625000000000e+00 -6.458555685571265654e-25 -2.384400261473261185e-24
1.369628906250000000e+00 -1.971923514865755013e-24 -1.793985042636792253e-24
1.370117187500000000e+00 1.919034604836424200e-24 -1.133287797757704669e-24
1.370605468750000000e+00 6.866121884524822135e-24 -6.425690287931060383e-25
1.371093750000000000e+00 8.959270393367521108e-24 -3.726290812964762812e-25
1.371582031250000000e+00 7.323656308324539252e-24 -2.047838599121258291e-25
1.372070312500000000e+00 3.983055679703913374e-24 1.894343030242258838e-26
1.372558593750000000e+00 1.654548887305532356e-24 3.717061606131788198e-25
1.373046875000000000e+00 1.612357403645827221e-24 8.143221839851117325e-25
1.373535156250000000e+00 3.136092243736670821e-24 1.255227736477160697e-24
1.374023437500000000e+00 4.539973910038746037e-24 1.625351419357555649e-24
1.374511718750000000e+00 4.637095688596520519e-24 1.916887433655862018e-24
1.375000000000000000e+00 3.461022868808970010e-24 2.168589572807850704e-24
1.375488281250000000e+00 1.927480081735441237e-24 2.420595963666590491e-24
1.375976562500000000e+00 9.575038554831724532e-25 2.685581132557994610e-24
1.376464843750000000e+00 8.204725346412710074e-25 2.949090613659995745e-24
1.376953125000000000e+00 1.116097014947925865e-24 3.186352795486355448e-24
1.377441406250000000e+00 1.239200648939250413e-24 3.383039532095891127e-24
1.377929687500000000e+00 8.607481093103683524e-25 3.540727795284255443e-24
1.378417968750000000e+00 8.830024116503082789e-26 3.666593871794243001e-24
1.378906250000000000e+00 -7.228561379620569774e-25 3.765394392812727985e-24
1.379394531250000000e+00 -1.286002539010534703e-24 3.836166960532182834e-24
1.379882812500000000e+00 -1.560857636059689813e-24 3.873937524532791772e-24
1.380371093750000000e+00 -1.709340852267770061e-24 3.877207997865649094e-24
1.380859375000000000e+00 -1.926718617911237403e-24 3.849055291514970641e-24
1.381347656250000000e+00 -2.293689767773797878e-24 3.792339572991746274e-24
1.381835937500000000e+00 -2.750983993271800274e-24 3.707982940773323493e-24
1.382324218750000000e+00 -3.181763611551407526e-24 3.593437146915941026e-24
1.382812500000000000e+00 -3.505700497820776203e-24 3.444388084799789565e-24
1.383300781250000000e+00 -3.720561803903075392e-24 3.260937603443093593e-24
1.383789062500000000e+00 -3.879679025669105226e-24 3.048027275967096966e-24
1.384277343750000000e+00 -4.034568314365198712e-24 2.812265205497742947e-24
1.384765625000000000e+00 -4.199109582310561087e-24 2.559814229598086172e-24
1.385253906250000000e+00 -4.353753258571285071e-24 2.292270952935217295e-24
1.385742187500000000e+00 -4.468434784090713169e-24 2.006791201636075727e-24
1.386230468750000000e+00 -4.527002899330732307e-24 1.701344200100023877e-24
1.386718750000000000e+00 -4.534135399368248668e-24 1.376686401752972164e-24
1.387207031250000000e+00 -4.501607399477369916e-24 1.037369818979906331e-24
1.387695312500000000e+00 -4.436873665001918978e-24 6.914902128435337533e-25
1.388183593750000000e+00 -4.340363279815713431e-24 3.456222259980339335e-25
1.388671875000000000e+00 -4.207557056076594841e-24 2.574431079680477469e-27
1.389160156250000000e+00 -4.037377174167762542e-24 -3.372347717145202876e-25
1.389648437500000000e+00 -3.834779287092221099e-24 -6.752567256845993045e-25
1.390136718750000000e+00 -3.604482127934721623e-24 -1.011461883161151590e-24
1.390625000000000000e+00 -3.348403713367319273e-24 -1.341820339449517385e-24
1.391113281250000000e+00 -3.065154566166706721e-24 -1.660757282916220421e-24
1.391601562500000000e+00 -2.751375027652029167e-24 -1.962568153022984963e-24
1.392089843750000000e+00 -2.408499739261700607e-24 -2.242854063978184296e-24
1.392578125000000000e+00 -2.043979790482271545e-24 -2.500940701305021528e-24
1.393066406250000000e+00 -1.666437801823855255e-24 -2.737803711093845683e-24
1.393554687500000000e+00 -1.283102020910612464e-24 -2.953642882952926179e-24
1.394042968750000000e+00 -8.962425857240732839e-25 -3.147807550099686040e-24
1.394531250000000000e+00 -5.028035113287294010e-25 -3.317307516665341726e-24
1.395019531250000000e+00 -1.008436871481822017e-25 -3.457829002442281336e-24
1.395507812500000000e+00 3.075315141023081253e-25 -3.566822683856307435e-24
1.395996093750000000e+00 7.163584523526727803e-25 -3.643323575019484509e-24
1.396484375000000000e+00 1.116190798915946722e-24 -3.688050889535210533e-24
1.396972656250000000e+00 1.499468393463592694e-24 -3.703405926677716930e-24
1.397460937500000000e+00 1.863841044879616512e-24 -3.690595590705457148e-24
1.397949218750000000e+00 2.209723106666468789e-24 -3.649240784997358043e-24
1.398437500000000000e+00 2.538971729925012192e-24 -3.578584924713730238e-24
1.398925781250000000e+00 2.851927320605415049e-24 -3.477195589290004780e-24
1.399414062500000000e+00 3.144185480260545679e-24 -3.344843809708590457e-24
1.399902343750000000e+00 3.409521565366059693e-24 -3.183701865939695052e-24
1.400390625000000000e+00 3.642550650548205313e-24 -2.996497434312394349e-24
1.400878906250000000e+00 3.839615488413328218e-24 -2.786281634746776219e-24
1.401367187500000000e+00 4.001214910944254713e-24 -2.555823482525050164e-24
1.401855468750000000e+00 4.130070069488907533e-24 -2.305996380615038575e-24
1.402343750000000000e+00 4.227464147282247543e-24 -2.037341997239714492e-24
1.402832031250000000e+00 4.293353465299921409e-24 -1.751217168661462468e-24
1.403320312500000000e+00 4.325530192862285642e-24 -1.449405217817104864e-24
1.403808593750000000e+00 4.320218594994943186e-24 -1.135331132668742277e-24
1.404296875000000000e+00 4.275900414668101967e-24 -8.133159417863082053e-25
1.404785156250000000e+00 4.193458783345263067e-24 -4.866294041974719217e-25
1.405273437500000000e+00 4.075273507156086008e-24 -1.580615044479753646e-25
1.405761718750000000e+00 3.925412395600939662e-24 1.703610668253986261e-25
1.406250000000000000e+00 3.746675655577398562e-24 4.975480961006248804e-25
1.406738281250000000e+00 3.539525480875160431e-24 8.213335707343447776e-25
1.407226562500000000e+00 3.304133973498766126e-24 1.138605141419039491e-24
1.407714843750000000e+00 3.040365152057579479e-24 1.446138952268541930e-24
1.408203125000000000e+00 2.749185006917226748e-24 1.740099388876909706e-24
1.408691406250000000e+00 2.434439381599887287e-24 2.017475616476847071e-24
1.409179687500000000e+00 2.100638466395235901e-24 2.276763982236791038e-24
1.409667968750000000e+00 1.751971317171227151e-24 2.516547781222398043e-24
1.410156250000000000e+00 1.392277994557152443e-24 2.735718067353965182e-24
1.410644531250000000e+00 1.023275865235931068e-24 2.933079720096694841e-24
1.411132812500000000e+00 6.459417065404940784e-25 3.106202088726015253e-24
1.411621093750000000e+00 2.625213768308408071e-25 3.252778875373685454e-24
1.412109375000000000e+00 -1.241757073745034730e-25 3.371209594777016496e-24
1.412597656250000000e+00 -5.099585884691058193e-25 3.460166443962829040e-24
1.413085937500000000e+00 -8.895587143300449177e-25 3.519649321000601196e-24
1.413574218750000000e+00 -1.259179431401406661e-24 3.550313647634632658e-24
1.414062500000000000e+00 -1.616084070972170268e-24 3.552169102425376914e-24
1.414550781250000000e+00 -1.958150247526825251e-24 3.525307710447669903e-24
1.415039062500000000e+00 -2.284376837551790386e-24 3.469553549032607484e-24
1.415527343750000000e+00 -2.592784721140418492e-24 3.384342230489897224e-24
1.416015625000000000e+00 -2.880038074592011509e-24 3.270267923093414452e-24
1.416503906250000000e+00 -3.142975850923229002e-24 3.128700266229598962e-24
1.416992187500000000e+00 -3.378176354175913891e-24 2.961227000991496150e-24
1.417480468750000000e+00 -3.583018754399147189e-24 2.770200780988307000e-24
1.417968750000000000e+00 -3.756895012020904663e-24 2.557563039691635311e-24
1.418457031250000000e+00 -3.899446349240369896e-24 2.324520215517969052e-24
1.418945312500000000e+00 -4.010288415380443630e-24 2.072688323108284725e-24
1.419433593750000000e+00 -4.089150076860966141e-24 1.803668487814937020e-24
1.419921875000000000e+00 -4.134489830980670882e-24 1.519387468154266117e-24
1.420410156250000000e+00 -4.144728295273937417e-24 1.222934245005287581e-24
1.420898437500000000e+00 -4.119497554857444484e-24 9.173532266293237893e-25
1.421386718750000000e+00 -4.058841503133595358e-24 6.054145623638627095e-25
1.421875000000000000e+00 -3.964033810964838663e-24 2.900055955194327274e-25
1.422363281250000000e+00 -3.837300693077804672e-24 -2.679731762212042450e-26
1.422851562500000000e+00 -3.679985407609518599e-24 -3.430822463172408065e-25
1.423339843750000000e+00 -3.493231495421069672e-24 -6.562309524848122381e-25
1.423828125000000000e+00 -3.278184509404140839e-24 -9.636907106068413863e-25
1.424316406250000000e+00 -3.035488431596700262e-24 -1.262581120669047857e-24
1.424804687500000000e+00 -2.766946221068726490e-24 -1.549667836195311864e-24
1.425292968750000000e+00 -2.475505901770709222e-24 -1.822607280389893468e-24
1.425781250000000000e+00 -2.164091664502061643e-24 -2.079444344963462183e-24
1.426269531250000000e+00 -1.836202845193652125e-24 -2.318289682457839990e-24
1.426757812500000000e+00 -1.495014160125387107e-24 -2.537863952177816779e-24
1.427246093750000000e+00 -1.142568197205553072e-24 -2.736507817799949396e-24
1.427734375000000000e+00 -7.812484846273430122e-25 -2.912124727200934219e-24
1.428222656250000000e+00 -4.136662940199105081e-25 -3.063128730851829340e-24
1.428710937500000000e+00 -4.251048324888703864e-26 -3.187948694933804408e-24
1.429199218750000000e+00 3.283545748488806642e-25 -3.285398929060144152e-24
1.429687500000000000e+00 6.950434025220489146e-25 -3.355313444682166668e-24
1.430175781250000000e+00 1.054423238140004243e-24 -3.397496811838657712e-24
1.430664062500000000e+00 1.403349806402668720e-24 -3.411755071904889795e-24
1.431152343750000000e+00 1.739487809426728476e-24 -3.398237831615795727e-24
1.431640625000000000e+00 2.061015488307002994e-24 -3.356646455572027558e-24
1.432128906250000000e+00 2.365283130171840255e-24 -3.286899661586764905e-24
1.432617187500000000e+00 2.649637741328511686e-24 -3.189727527719413123e-24
1.433105468750000000e+00 2.911463760901158591e-24 -3.065947738663874226e-24
1.433593750000000000e+00 3.147776676045170115e-24 -2.916918815770328568e-24
1.434082031250000000e+00 3.356625304873000381e-24 -2.744498934504135804e-24
1.434570312500000000e+00 3.536863637569630147e-24 -2.550053577172258103e-24
1.435058593750000000e+00 3.687298958906643909e-24 -2.335039579029696511e-24
1.435546875000000000e+00 3.807374829007692615e-24 -2.101164675962938032e-24
1.436035156250000000e+00 3.896381720230822086e-24 -1.849905090439746732e-24
1.436523437500000000e+00 3.952973891071549234e-24 -1.583381506544053677e-24
1.437011718750000000e+00 3.976447458510248919e-24 -1.304244386646069410e-24
1.437500000000000000e+00 3.966431588167323921e-24 -1.014910064561131187e-24
1.437988281250000000e+00 3.922826007629489957e-24 -7.180887522797040057e-25
1.438476562500000000e+00 3.846716152417817729e-24 -4.163813328777857977e-25
1.438964843750000000e+00 3.739315342571404873e-24 -1.118127730914158774e-25
1.439453125000000000e+00 3.601552422059614151e-24 1.932509371815937454e-25
1.439941406250000000e+00 3.434782209718071901e-24 4.963108523771352545e-25
1.440429687500000000e+00 3.240006075606812470e-24 7.950083608283424735e-25
1.440917968750000000e+00 3.018236887116321167e-24 1.086454886955793371e-24
1.441406250000000000e+00 2.771511935092652383e-24 1.367916801887506719e-24
1.441894531250000000e+00 2.502042625956304943e-24 1.637210280681062620e-24
1.442382812500000000e+00 2.212325771809753736e-24 1.892062502271426449e-24
1.442871093750000000e+00 1.905458564762856143e-24 2.130619799890634137e-24
1.443359375000000000e+00 1.583945309912188015e-24 2.351356806370472341e-24
1.443847656250000000e+00 1.250078166279212576e-24 2.552304885571653852e-24
1.444335937500000000e+00 9.065465210273976623e-25 2.731695525483400733e-24
1.444824218750000000e+00 5.557490214752080338e-25 2.888011171131360667e-24
1.445312500000000000e+00 2.005257810273379560e-25 3.019603605533678743e-24
1.445800781250000000e+00 -1.555973574591636970e-25 3.125505561281093422e-24
1.446289062500000000e+00 -5.095152907655653276e-25 3.205220043025933141e-24
1.446777343750000000e+00 -8.581216948257472293e-25 3.258146121635143494e-24
1.447265625000000000e+00 -1.198351444065294475e-24 3.284136103813866504e-24
1.447753906250000000e+00 -1.527950587401304418e-24 3.283089716565793630e-24
1.448242187500000000e+00 -1.844513092331862700e-24 3.254657344001387708e-24
1.448730468750000000e+00 -2.145344650001938668e-24 3.199068543722338321e-24
1.449218750000000000e+00 -2.428106234803362393e-24 3.116832641971588195e-24
1.449707031250000000e+00 -2.690098856829322864e-24 3.008572302563374079e-24
1.450195312500000000e+00 -2.928714985287324870e-24 2.875615331830275066e-24
1.450683593750000000e+00 -3.142222211176849023e-24 2.719330840603366394e-24
1.451171875000000000e+00 -3.328958703408851891e-24 2.540918712667105926e-24
1.451660156250000000e+00 -3.487591734212254558e-24 2.341981395911555998e-24
1.452148437500000000e+00 -3.617365519966944765e-24 2.124006924319678313e-24
1.452636718750000000e+00 -3.717108414815150568e-24 1.888531354691069522e-24
1.453125000000000000e+00 -3.785746057687445204e-24 1.637748690285841135e-24
1.453613281250000000e+00 -3.822743597572297899e-24 1.373861578735530087e-24
1.454101562500000000e+00 -3.827484585565452801e-24 1.099136367322424975e-24
1.454589843750000000e+00 -3.799999683295034837e-24 8.161988394427243878e-25
1.455078125000000000e+00 -3.741061398772389409e-24 5.272934864579546617e-25
1.455566406250000000e+00 -3.651268872905469790e-24 2.345715902829989729e-25
1.456054687500000000e+00 -3.531568298960617216e-24 -5.949264091870378815e-26
1.456542968750000000e+00 -3.383144427330490641e-24 -3.526566703734481288e-25
1.457031250000000000e+00 -3.206813096810507289e-24 -6.424990164725082110e-25
1.457519531250000000e+00 -3.003930307400135858e-24 -9.262663996015382566e-25
1.458007812500000000e+00 -2.776353252972971059e-24 -1.201620450323622952e-24
1.458496093750000000e+00 -2.525910282311906712e-24 -1.466286929493798962e-24
1.458984375000000000e+00 -2.255079011522972219e-24 -1.717999890325652581e-24
1.459472656250000000e+00 -1.966489434181325582e-24 -1.955030290933620647e-24
1.459960937500000000e+00 -1.662349471446975619e-24 -2.175563629994128607e-24
1.460449218750000000e+00 -1.345203460946197375e-24 -2.377654726611136850e-24
1.460937500000000000e+00 -1.017578252283094132e-24 -2.559744326189831104e-24
1.461425781250000000e+00 -6.818224154120473140e-25 -2.720167961541448043e-24
1.461914062500000000e+00 -3.409411018659643107e-25 -2.857404552309253346e-24
1.462402343750000000e+00 1.996559952815895094e-27 -2.970572879344730508e-24
1.462890625000000000e+00 3.441516624066053847e-25 -3.058823909375059003e-24
1.463378906250000000e+00 6.823734094083153455e-25 -3.121509630320034619e-24
1.463867187500000000e+00 1.013923832769629307e-24 -3.158423131850288575e-24
1.464355468750000000e+00 1.336458479798330870e-24 -3.169155549930665177e-24
1.464843750000000000e+00 1.647290672405178085e-24 -3.153469400474817686e-24
1.465332031250000000e+00 1.943979809030254294e-24 -3.111607139849758044e-24
1.465820312500000000e+00 2.224173706870132844e-24 -3.043788928376783198e-24
1.466308593750000000e+00 2.485162113251179307e-24 -2.950655794942930825e-24
1.466796875000000000e+00 2.724748026213425616e-24 -2.833331132429287800e-24
1.467285156250000000e+00 2.941100000771265383e-24 -2.692784982645641225e-24
1.467773437500000000e+00 3.132361929159339079e-24 -2.530242006094886620e-24
1.468261718750000000e+00 3.297313896853922799e-24 -2.347165076003915382e-24
1.468750000000000000e+00 3.434870285484972316e-24 -2.144816569692144065e-24
1.469238281250000000e+00 3.543711067086621159e-24 -1.924860871244278529e-24
1.469726562500000000e+00 3.623010955080364370e-24 -1.689298509919971583e-24
1.470214843750000000e+00 3.672049272955187707e-24 -1.440032412589244560e-24
1.470703125000000000e+00 3.690168192219242637e-24 -1.179344552005334785e-24
1.471191406250000000e+00 3.677503669757788510e-24 -9.095915131602679846e-25
1.471679687500000000e+00 3.634380936088033445e-24 -6.328225161948306169e-25
1.472167968750000000e+00 3.561183158841206904e-24 -3.513464798507585615e-25
1.472656250000000000e+00 3.458843046424751112e-24 -6.748059458051842573e-26
1.473144531250000000e+00 3.328163965833823993e-24 2.166265699467810052e-25
1.473632812500000000e+00 3.169965264845441799e-24 4.984405368700491604e-25
1.474121093750000000e+00 2.985689598255373183e-24 7.754758775557107825e-25
1.474609375000000000e+00 2.776811558438088238e-24 1.045511457227888383e-24
1.475097656250000000e+00 2.545070973297570534e-24 1.306153959365611689e-24
1.475585937500000000e+00 2.292805124492847865e-24 1.555311455109485040e-24
1.476074218750000000e+00 2.022149815670265164e-24 1.791187642608641759e-24
1.476562500000000000e+00 1.735291185286912141e-24 2.011764863763045343e-24
1.477050781250000000e+00 1.434745888900954173e-24 2.215262559485920076e-24
1.477539062500000000e+00 1.122748380382305299e-24 2.400073894859828367e-24
1.478027343750000000e+00 8.017680088344662103e-25 2.564433189672965491e-24
1.478515625000000000e+00 4.747174455827785463e-25 2.707013558077630353e-24
1.479003906250000000e+00 1.442791195472086168e-25 2.826796033853180344e-24
1.479492187500000000e+00 -1.866767291918113819e-25 2.922744427548030032e-24
1.479980468750000000e+00 -5.151535574244571621e-25 2.994285336212320324e-24
1.480468750000000000e+00 -8.386615483914712238e-25 3.040987094565331569e-24
1.480957031250000000e+00 -1.154621766540531385e-24 3.062309070716500675e-24
1.481445312500000000e+00 -1.460378551133976763e-24 3.058149161331031360e-24
1.481933593750000000e+00 -1.753640143400229387e-24 3.028558568043793521e-24
1.482421875000000000e+00 -2.031859475693369331e-24 2.973657049370103404e-24
1.482910156250000000e+00 -2.292496058342761957e-24 2.894133206551215797e-24
1.483398437500000000e+00 -2.533521962349926551e-24 2.790797392804352187e-24
1.483886718750000000e+00 -2.752867236333544470e-24 2.664478967396561577e-24
1.484375000000000000e+00 -2.948740091361086225e-24 2.516421601623591205e-24
1.484863281250000000e+00 -3.119880585079540142e-24 2.347818517270965114e-24
1.485351562500000000e+00 -3.264864332213609281e-24 2.159901888615789742e-24
1.485839843750000000e+00 -3.382460974423857120e-24 1.954373341549573326e-24
1.486328125000000000e+00 -3.471841582913337911e-24 1.732938787001270928e-24
1.486816406250000000e+00 -3.532053185874693154e-24 1.497434721525628934e-24
1.487304687500000000e+00 -3.562575198858143946e-24 1.250081042283418782e-24
1.487792968750000000e+00 -3.563426034874238540e-24 9.929153226090256054e-25
1.488281250000000000e+00 -3.534589541419662601e-24 7.279885635650785702e-25
1.488769531250000000e+00 -3.476481621751387220e-24 4.575998480551109033e-25
1.489257812500000000e+00 -3.389832513058304802e-24 1.838345664650230563e-25
1.489746093750000000e+00 -3.275181771860795988e-24 -9.109724944527000283e-26
1.490234375000000000e+00 -3.133486163203769476e-24 -3.647219884824144615e-25
1.490722656250000000e+00 -2.966019961181870380e-24 -6.348179295995751844e-25
1.491210937500000000e+00 -2.774024607103597063e-24 -8.991091297483398524e-25
1.491699218750000000e+00 -2.559298048248183724e-24 -1.155268919222258983e-24
1.492187500000000000e+00 -2.323868725346236886e-24 -1.401370923111261047e-24
1.492675781250000000e+00 -2.069612533354727126e-24 -1.635450823381927560e-24
1.493164062500000000e+00 -1.798784467696847083e-24 -1.855513490618419254e-24
1.493652343750000000e+00 -1.513650400150515370e-24 -2.059894927034559164e-24
1.494140625000000000e+00 -1.216326891879724326e-24 -2.246829501855345675e-24
1.494628906250000000e+00 -9.093945146213596711e-25 -2.414628453792788243e-24
1.495117187500000000e+00 -5.954743271852938541e-25 -2.562047862232840339e-24
1.495605468750000000e+00 -2.771022472322890138e-25 -2.687852716909586490e-24
1.496093750000000000e+00 4.282404263148881326e-26 -2.791020844720347415e-24
1.496582031250000000e+00 3.616206945272858871e-25 -2.870945622478736893e-24
1.497070312500000000e+00 6.768350077101364782e-25 -2.926935176903498257e-24
1.497558593750000000e+00 9.857731256381905413e-25 -2.958485825967771745e-24
1.498046875000000000e+00 1.286000735632647971e-24 -2.965459900674916741e-24
1.498535156250000000e+00 1.575182645323411616e-24 -2.947679978377703034e-24
1.499023437500000000e+00 1.850706306567015517e-24 -2.905306484825932061e-24
1.499511718750000000e+00 2.110298555295934777e-24 -2.838907416639897499e-24
1.500000000000000000e+00 2.351869887898626252e-24 -2.749012338445643040e-24
1.500488281250000000e+00 2.573271917258508966e-24 -2.636457914693999304e-24
1.500976562500000000e+00 2.772871519845737358e-24 -2.502333360382561919e-24
1.501464843750000000e+00 2.949200023470798989e-24 -2.347608252166228953e-24
1.501953125000000000e+00 3.100708790411111139e-24 -2.173579474501146890e-24
1.502441406250000000e+00 3.226293516369772615e-24 -1.981794291844228743e-24
1.502929687500000000e+00 3.324919416235060126e-24 -1.773751344196904880e-24
1.503417968750000000e+00 3.395576944310291078e-24 -1.551319093812801932e-24
1.503906250000000000e+00 3.437843820305479463e-24 -1.316502858076896367e-24
1.504394531250000000e+00 3.451450145719515645e-24 -1.071156358791247675e-24
1.504882812500000000e+00 3.436262149563282148e-24 -8.173961940235760851e-25
1.505371093750000000e+00 3.392684137498135691e-24 -5.573465242520865696e-25
1.505859375000000000e+00 3.321110601385595326e-24 -2.929964730024932539e-25
1.506347656250000000e+00 3.222018800082154660e-24 -2.664290296945633050e-26
1.506835937500000000e+00 3.096374995006602237e-24 2.394377574389200337e-25
1.507324218750000000e+00 2.945149340934045981e-24 5.031092962702423661e-25
1.507812500000000000e+00 2.769544900274773789e-24 7.620284056960623723e-25
1.508300781250000000e+00 2.571286621063125411e-24 1.014052301600428749e-24
1.508789062500000000e+00 2.352040400940733444e-24 1.257251951278550296e-24
1.509277343750000000e+00 2.113640618630986248e-24 1.489544828606278335e-24
1.509765625000000000e+00 1.858256131788296821e-24 1.709076392019631760e-24
1.510253906250000000e+00 1.587863858039932117e-24 1.914132125083768598e-24
1.510742187500000000e+00 1.304634898631096097e-24 2.102856543860334510e-24
1.511230468750000000e+00 1.011072558666948059e-24 2.273714696890556564e-24
1.511718750000000000e+00 7.095246074441828356e-25 2.425375162344463729e-24
1.512207031250000000e+00 4.025704207334848062e-25 2.556495698191607231e-24
1.512695312500000000e+00 9.297248413701832353e-26 2.666143229271151538e-24
1.513183593750000000e+00 -2.168226456044850879e-25 2.753541552080936877e-24
1.513671875000000000e+00 -5.242468141903280244e-25 2.817883867736321695e-24
1.514160156250000000e+00 -8.266902465175668392e-25 2.858744179470465207e-24
1.514648437500000000e+00 -1.121855987210961355e-24 2.875808835450694585e-24
1.515136718750000000e+00 -1.407251250672492078e-24 2.868819127783848695e-24
1.515625000000000000e+00 -1.680380681038572529e-24 2.837982753831096697e-24
1.516113281250000000e+00 -1.939095620009819313e-24 2.783634407798763970e-24
1.516601562500000000e+00 -2.181148223274350357e-24 2.706199431042301952e-24
1.517089843750000000e+00 -2.404494384480656973e-24 2.606509315474148581e-24
1.517578125000000000e+00 -2.607519756080556823e-24 2.485403095689499208e-24
1.518066406250000000e+00 -2.788524869934075032e-24 2.343790912647069987e-24
1.518554687500000000e+00 -2.946033443162349287e-24 2.182969305525320630e-24
1.519042968750000000e+00 -3.078910882421104633e-24 2.004242267265296539e-24
1.519531250000000000e+00 -3.185918007585550115e-24 1.809062171742183558e-24
1.520019531250000000e+00 -3.266149323453608188e-24 1.599246453824087311e-24
1.520507812500000000e+00 -3.319105986145206634e-24 1.376533750230266482e-24
1.520996093750000000e+00 -3.344284758877373131e-24 1.142751659488979860e-24
1.521484375000000000e+00 -3.341601082064929230e-24 8.999661723083618036e-25
1.521972656250000000e+00 -3.311292137116731924e-24 6.500832991709553804e-25
1.522460937500000000e+00 -3.253516559038311904e-24 3.951254051863642310e-25
1.522949218750000000e+00 -3.168816567804862210e-24 1.373350420107984010e-25
1.523437500000000000e+00 -3.057987103286580698e-24 -1.212163946339072410e-25
1.523925781250000000e+00 -2.921804939824830868e-24 -3.783494220476472313e-25
1.524414062500000000e+00 -2.761524885173365156e-24 -6.317950365051318876e-25
1.524902343750000000e+00 -2.578633694768260625e-24 -8.795707707230741305e-25
1.525390625000000000e+00 -2.374588996101341198e-24 -1.119642865623369739e-24
1.525878906250000000e+00 -2.151247488952822178e-24 -1.349971291504028490e-24
1.526367187500000000e+00 -1.910527644557493340e-24 -1.568797333344423714e-24
1.526855468750000000e+00 -1.654267781504152117e-24 -1.774271423974188398e-24
1.527343750000000000e+00 -1.384692888042675004e-24 -1.964596279974518194e-24
1.527832031250000000e+00 -1.104062081760769269e-24 -2.138303876765103112e-24
1.528320312500000000e+00 -8.146136903791366158e-25 -2.293905240331666739e-24
1.528808593750000000e+00 -5.189456389573875998e-25 -2.430096024811785210e-24
1.529296875000000000e+00 -2.195517850232505626e-25 -2.545932343948376182e-24
1.529785156250000000e+00 8.118387948986796091e-26 -2.640435013243315071e-24
1.530273437500000000e+00 3.806491686932979050e-25 -2.712822381829770306e-24
1.530761718750000000e+00 6.764471855887883955e-25 -2.762622537666946045e-24
1.531250000000000000e+00 9.662578749780614765e-25 -2.789329088483122588e-24
1.531738281250000000e+00 1.247536577670802903e-24 -2.792720473655846666e-24
1.532226562500000000e+00 1.517992831370606534e-24 -2.772914911813043750e-24
1.532714843750000000e+00 1.775425653034156131e-24 -2.730034605077088393e-24
1.533203125000000000e+00 2.017545957031309481e-24 -2.664516848636099534e-24
1.533691406250000000e+00 2.242466578087609527e-24 -2.577055022273294666e-24
1.534179687500000000e+00 2.448432616932163414e-24 -2.468289471201626011e-24
1.534667968750000000e+00 2.633664795254652691e-24 -2.339162798313944607e-24
1.535156250000000000e+00 2.796783431417164044e-24 -2.190828780708900322e-24
1.535644531250000000e+00 2.936470647244316016e-24 -2.024422163332751905e-24
1.536132812500000000e+00 3.051432106201733959e-24 -1.841423637129829320e-24
1.536621093750000000e+00 3.140838315718864088e-24 -1.643471293785269413e-24
1.537109375000000000e+00 3.203970411413646137e-24 -1.432145200386470804e-24
1.537597656250000000e+00 3.240255022895776189e-24 -1.209302436523779849e-24
1.538085937500000000e+00 3.249609087651750003e-24 -9.768341979296388656e-25
1.538574218750000000e+00 3.231995366690170049e-24 -7.365455013309569140e-25
1.539062500000000000e+00 3.187508519299533882e-24 -4.905119714882475240e-25
1.539550781250000000e+00 3.116671814394721083e-24 -2.408047936663880882e-25
1.540039062500000000e+00 3.020017391973970078e-24 1.057641119644744131e-26
1.540527343750000000e+00 2.898291733362570247e-24 2.614099010705393631e-25
1.541015625000000000e+00 2.752694294388045283e-24 5.095999907269923519e-25
1.541503906250000000e+00 2.584425926099699826e-24 7.531865815650193195e-25
1.541992187500000000e+00 2.394910082777789867e-24 9.900694381857498983e-25
1.542480468750000000e+00 2.185910021745705913e-24 1.218345602176278871e-24
1.542968750000000000e+00 1.959080694856417376e-24 1.436221375452747876e-24
1.543457031250000000e+00 1.716277648497461809e-24 1.641779085149700329e-24
1.543945312500000000e+00 1.459638936911079489e-24 1.833351314692617681e-24
1.544433593750000000e+00 1.191195622501686243e-24 2.009403925485135590e-24
1.544921875000000000e+00 9.132216191933123423e-25 2.168379363702700776e-24
1.545410156250000000e+00 6.281937894000990543e-25 2.309065579968565555e-24
1.545898437500000000e+00 3.383960783932931909e-25 2.430390587301459524e-24
1.546386718750000000e+00 4.627666408664132799e-26 2.531288815850459078e-24
1.546875000000000000e+00 -2.456607421440627152e-25 2.611037219553464960e-24
1.547363281250000000e+00 -5.351579446405708392e-25 2.669007453416571921e-24
1.547851562500000000e+00 -8.197830947064774329e-25 2.704623651366176143e-24
1.548339843750000000e+00 -1.097098421377712137e-24 2.717702350024927529e-24
1.548828125000000000e+00 -1.364916672863512376e-24 2.708172648234651006e-24
1.549316406250000000e+00 -1.620919286152751545e-24 2.676079302744981248e-24
1.549804687500000000e+00 -1.862928554121606510e-24 2.621851569996446477e-24
1.550292968750000000e+00 -2.089097956058742589e-24 2.545963601717564297e-24
1.550781250000000000e+00 -2.297511361477912778e-24 2.448992993502019380e-24
1.551269531250000000e+00 -2.486468419017792549e-24 2.331862069020846364e-24
1.551757812500000000e+00 -2.654564220782511708e-24 2.195510110842177147e-24
1.552246093750000000e+00 -2.800310712211413581e-24 2.041031427394978215e-24
1.552734375000000000e+00 -2.922498235174235317e-24 1.869859036103294998e-24
1.553222656250000000e+00 -3.020234361673029679e-24 1.683404635684249420e-24
1.553710937500000000e+00 -3.092622772822950912e-24 1.483217728030322014e-24
1.554199218750000000e+00 -3.139146173116759588e-24 1.271091023316888205e-24
1.554687500000000000e+00 -3.159587002994595524e-24 1.048713374396816426e-24
1.555175781250000000e+00 -3.153712293244555160e-24 8.179016258759407280e-25
1.555664062500000000e+00 -3.121656420054798793e-24 5.806707122381894350e-25
1.556152343750000000e+00 -3.063779068874219923e-24 3.389160865791445096e-25
1.556640625000000000e+00 -2.980442320876277140e-24 9.467023437364085984e-26
1.557128906250000000e+00 -2.872429674278158244e-24 -1.499202460214142539e-25
1.557617187500000000e+00 -2.740739884412815773e-24 -3.929074974327588960e-25
1.558105468750000000e+00 -2.586403843390567346e-24 -6.322629659848329184e-25
1.558593750000000000e+00 -2.410853031095296939e-24 -8.659454145643108655e-25
1.559082031250000000e+00 -2.215620526668932167e-24 -1.092144101417378073e-24
1.559570312500000000e+00 -2.002224836368195423e-24 -1.308959583611392303e-24
1.560058593750000000e+00 -1.772540233884042262e-24 -1.514530396206365801e-24
1.560546875000000000e+00 -1.528482621281798403e-24 -1.707247281480259138e-24
1.561035156250000000e+00 -1.271987440628755182e-24 -1.885453916433882199e-24
1.561523437500000000e+00 -1.005336138058726298e-24 -2.047642518678451722e-24
1.562011718750000000e+00 -7.307715291889578573e-25 -2.192605104856914621e-24
1.562500000000000000e+00 -4.505127214104322896e-25 -2.319113042052656568e-24
1.562988281250000000e+00 -1.670174751210004902e-25 -2.426131080072297431e-24
1.563476562500000000e+00 1.174144369925601105e-25 -2.512894670355537226e-24
1.563964843750000000e+00 4.005223648025050724e-25 -2.578613157012212282e-24
1.564453125000000000e+00 6.798470397180916858e-25 -2.622744630136456558e-24
1.564941406250000000e+00 9.531275775331725631e-25 -2.645031639574354629e-24
1.565429687500000000e+00 1.218134598429509111e-24 -2.645233984249646745e-24
1.565917968750000000e+00 1.472529173826732312e-24 -2.623414272137142250e-24
1.566406250000000000e+00 1.714281337890952095e-24 -2.579882651755024634e-24
1.566894531250000000e+00 1.941445321029670853e-24 -2.514942289278188492e-24
1.567382812500000000e+00 2.152061691182803572e-24 -2.429188517196435796e-24
1.567871093750000000e+00 2.344521723770221805e-24 -2.323408933140204868e-24
1.568359375000000000e+00 2.517268821010671531e-24 -2.198395041175622729e-24
1.568847656250000000e+00 2.668772959956490460e-24 -2.055261048006158798e-24
1.569335937500000000e+00 2.797887594589684300e-24 -1.895282044963305902e-24
1.569824218750000000e+00 2.903541156352029843e-24 -1.719732533451745669e-24
1.570312500000000000e+00 2.984794982370410270e-24 -1.530174349389022074e-24
1.570800781250000000e+00 3.041143231647124127e-24 -1.328232264380339119e-24
1.571289062500000000e+00 3.072144906720661776e-24 -1.115493794020620391e-24
1.571777343750000000e+00 3.077517287097900067e-24 -8.938024741486227142e-25
1.572265625000000000e+00 3.057368791588088002e-24 -6.650128063223767757e-25
1.572753906250000000e+00 3.011829169915885157e-24 -4.309531978914273921e-25
1.573242187500000000e+00 2.941233036995636930e-24 -1.936804700033609898e-25
1.573730468750000000e+00 2.846312917593892318e-24 4.482045774831193136e-26
1.574218750000000000e+00 2.727829338927344798e-24 2.826346024230739113e-25
1.574707031250000000e+00 2.586787314760459303e-24 5.176992241019554390e-25
1.575195312500000000e+00 2.424528617260929679e-24 7.481093112795392705e-25
1.575683593750000000e+00 2.242350903703721248e-24 9.720355068034538232e-25
1.576171875000000000e+00 2.041770933548688102e-24 1.187532757506925607e-24
1.576660156250000000e+00 1.824567173910256814e-24 1.392857044850542956e-24
1.577148437500000000e+00 1.592450998691012464e-24 1.586346933606343834e-24
1.577636718750000000e+00 1.347380354744894734e-24 1.766300964152382801e-24
1.578125000000000000e+00 1.091521673308732981e-24 1.931302442918018549e-24
1.578613281250000000e+00 8.269307361409353151e-25 2.080044403722539586e-24
1.579101562500000000e+00 5.558638065112714073e-25 2.211237562758226433e-24
1.579589843750000000e+00 2.806594157638364043e-25 2.323900077774050105e-24
1.580078125000000000e+00 3.478728925642608023e-27 2.417131728840000835e-24
1.580566406250000000e+00 -2.733431532770971635e-25 2.490084571760541481e-24
1.581054687500000000e+00 -5.474562337942219352e-25 2.542247630084820128e-24
1.581542968750000000e+00 -8.166943916258673300e-25 2.573203020017977480e-24
1.582031250000000000e+00 -1.078739560192824529e-24 2.582652146246819621e-24
1.582519531250000000e+00 -1.331364818385534353e-24 2.570651386441731636e-24
1.583007812500000000e+00 -1.572589376802089285e-24 2.537321037950282625e-24
1.583496093750000000e+00 -1.800351971870712502e-24 2.482908017221026833e-24
1.583984375000000000e+00 -2.012780742086788141e-24 2.407978907166441605e-24
1.584472656250000000e+00 -2.208253352453576894e-24 2.313128691303183243e-24
1.584960937500000000e+00 -2.385076078769218975e-24 2.199111347868611047e-24
1.585449218750000000e+00 -2.541795551855927160e-24 2.066993765962939840e-24
1.585937500000000000e+00 -2.677210864377480819e-24 1.917854199083117639e-24
1.586425781250000000e+00 -2.790108365875485563e-24 1.752938354497379083e-24
1.586914062500000000e+00 -2.879607701157995823e-24 1.573740166387326178e-24
1.587402343750000000e+00 -2.945092931704041463e-24 1.381698757115675720e-24
1.587890625000000000e+00 -2.985963273562655230e-24 1.178400241122175554e-24
1.588378906250000000e+00 -3.001968387732047789e-24 9.656204196412737839e-25
1.588867187500000000e+00 -2.993066519585814854e-24 7.450550346339182948e-25
1.589355468750000000e+00 -2.959237633945774288e-24 5.185552369456592319e-25
1.589843750000000000e+00 -2.900841933761581071e-24 2.881019664718118766e-25
1.590332031250000000e+00 -2.818434645022103140e-24 5.554437340686660825e-26
1.590820312500000000e+00 -2.712633787463688194e-24 -1.771565164278017568e-25
1.591308593750000000e+00 -2.584447252290552484e-24 -4.080080432219721594e-25
1.591796875000000000e+00 -2.435009279938549020e-24 -6.351972654675812861e-25
1.592285156250000000e+00 -2.265491901821525389e-24 -8.568154855351765812e-25
1.592773437500000000e+00 -2.077410898811494390e-24 -1.070978452520379059e-24
1.593261718750000000e+00 -1.872338021508158020e-24 -1.275997218729649311e-24
1.593750000000000000e+00 -1.651895919222229136e-24 -1.470113906491867868e-24
1.594238281250000000e+00 -1.418038990513843879e-24 -1.651684133035976370e-24
1.594726562500000000e+00 -1.172724258398142716e-24 -1.819304906185639326e-24
1.595214843750000000e+00 -9.179458197291683555e-25 -1.971548040344003462e-24
1.595703125000000000e+00 -6.559508987648733675e-25 -2.107163572075897749e-24
1.596191406250000000e+00 -3.888845178402215226e-25 -2.225137444869562652e-24
1.596679687500000000e+00 -1.188956901904766519e-25 -2.324434415453878356e-24
1.597167968750000000e+00 1.516754668853931402e-25 -2.404240682567806878e-24
1.597656250000000000e+00 4.206422902185235058e-25 -2.463981835718220421e-24
1.598144531250000000e+00 6.858080187345647438e-25 -2.503101004224277103e-24
1.598632812500000000e+00 9.448502448846704777e-25 -2.521322339185886300e-24
1.599121093750000000e+00 1.195680938724654434e-24 -2.518599935417774324e-24
1.599609375000000000e+00 1.436246943667237951e-24 -2.494908868889103586e-24
1.600097656250000000e+00 1.664470820076951330e-24 -2.450508667280870979e-24
1.600585937500000000e+00 1.878573533855616768e-24 -2.385840162997523728e-24
1.601074218750000000e+00 2.076811158016682896e-24 -2.301366927217314806e-24
1.601562500000000000e+00 2.257465227152706592e-24 -2.197855440903640265e-24
1.602050781250000000e+00 2.419140400589472675e-24 -2.076229099291526360e-24
1.602539062500000000e+00 2.560486460240655061e-24 -1.937446009289457124e-24
1.603027343750000000e+00 2.680266480175497123e-24 -1.782755340653434083e-24
1.603515625000000000e+00 2.777618339011117563e-24 -1.613492631017684224e-24
1.604003906250000000e+00 2.851742435197917965e-24 -1.430999321030204175e-24
1.604492187500000000e+00 2.902005261709328433e-24 -1.236869783422759092e-24
1.604980468750000000e+00 2.928132688912801261e-24 -1.032725862940429759e-24
1.605468750000000000e+00 2.929882334605612989e-24 -8.201977636796255019e-25
1.605957031250000000e+00 2.907211073339589396e-24 -6.011466467265098622e-25
1.606445312500000000e+00 2.860430027769105630e-24 -3.774013668938094931e-25
1.606933593750000000e+00 2.789889193995790198e-24 -1.507735959917837652e-25
1.607421875000000000e+00 2.696187543444235328e-24 7.676257496885033166e-26
1.607910156250000000e+00 2.580249448004960792e-24 3.033493269488355208e-25
1.608398437500000000e+00 2.443000141301380876e-24 5.271687214921380841e-25
1.608886718750000000e+00 2.285601851561042522e-24 7.462867980975806218e-25
1.609375000000000000e+00 2.109470522313307174e-24 9.589311634314067946e-25
1.609863281250000000e+00 1.915990007674370956e-24 1.163372661994338382e-24
1.610351562500000000e+00 1.706793610876672242e-24 1.357825741618949843e-24
1.610839843750000000e+00 1.483723022051245229e-24 1.540735318343540268e-24
1.611328125000000000e+00 1.248565954177013065e-24 1.710620857500640970e-24
1.611816406250000000e+00 1.003337576401313826e-24 1.866015133653917112e-24
1.612304687500000000e+00 7.501621212247712352e-25 2.005722196531229544e-24
1.612792968750000000e+00 4.910490590350912691e-25 2.128612847929491091e-24
1.613281250000000000e+00 2.281942074621277237e-25 2.233608133801178540e-24
1.613769531250000000e+00 -3.617669352375246637e-26 2.319922095316353420e-24
1.614257812500000000e+00 -2.999690651180032059e-25 2.386841774313863075e-24
1.614746093750000000e+00 -5.609208211866316364e-25 2.433766815390615271e-24
1.615234375000000000e+00 -8.168218100256424318e-25 2.460418262746898955e-24
1.615722656250000000e+00 -1.065636975731288470e-24 2.466586044088312494e-24
1.616210937500000000e+00 -1.305229576106132266e-24 2.452199185027498091e-24
1.616699218750000000e+00 -1.533616979156079045e-24 2.417486790759114533e-24
1.617187500000000000e+00 -1.749018497648758464e-24 2.362716390290452115e-24
1.617675781250000000e+00 -1.949582989760817233e-24 2.288317311379985148e-24
1.618164062500000000e+00 -2.133667903768878106e-24 2.195008527815242325e-24
1.618652343750000000e+00 -2.299832458601700519e-24 2.083538762647147835e-24
1.619140625000000000e+00 -2.446611219117264287e-24 1.954840379054761039e-24
1.619628906250000000e+00 -2.572827128392162739e-24 1.810094825022913627e-24
1.620117187500000000e+00 -2.677526845114821984e-24 1.650467867658963286e-24
1.620605468750000000e+00 -2.759781461600528842e-24 1.477291926812955003e-24
1.621093750000000000e+00 -2.818990408901493897e-24 1.292088249834213000e-24
1.621582031250000000e+00 -2.854745485891942175e-24 1.096331078626372432e-24
1.622070312500000000e+00 -2.866674654993403472e-24 8.916637467081803151e-25
1.622558593750000000e+00 -2.854754270498324511e-24 6.798695860346364101e-25
1.623046875000000000e+00 -2.819135821239593748e-24 4.626512052587505296e-25
1.623535156250000000e+00 -2.760047872036695192e-24 2.418508762788944391e-25
1.624023437500000000e+00 -2.678090492346352094e-24 1.936509528719984832e-26
1.624511718750000000e+00 -2.574001430681189273e-24 -2.030406486246439656e-25
1.625000000000000000e+00 -2.448593941315039840e-24 -4.234912584274224077e-25
1.625488281250000000e+00 -2.303019044739819634e-24 -6.401205421220552507e-25
1.625976562500000000e+00 -2.138499558449624458e-24 -8.512116488581128151e-25
1.626464843750000000e+00 -1.956335747170016556e-24 -1.054959967713752432e-24
1.626953125000000000e+00 -1.758147474607547299e-24 -1.249642793525963812e-24
1.627441406250000000e+00 -1.545584426470558654e-24 -1.433725436804879052e-24
1.627929687500000000e+00 -1.320376092213681763e-24 -1.605633333726474250e-24
1.628417968750000000e+00 -1.084516923852288751e-24 -1.763947443417000198e-24
1.628906250000000000e+00 -8.399479218374096969e-25 -1.907449704401206247e-24
1.629394531250000000e+00 -5.886566245292840423e-25 -2.034900127070104563e-24
1.629882812500000000e+00 -3.328254022776220952e-25 -2.145256653141249271e-24
1.630371093750000000e+00 -7.452348888065052615e-26 -2.237678694190735325e-24
1.630859375000000000e+00 1.841359019223105743e-25 -2.311337315885998817e-24
1.631347656250000000e+00 4.409008579939543982e-25 -2.365658678463114017e-24
1.631835937500000000e+00 6.936938570009304279e-25 -2.400275295551453605e-24
1.632324218750000000e+00 9.404268982042848420e-25 -2.414854186432935144e-24
1.632812500000000000e+00 1.178967603509554949e-24 -2.409336530239494743e-24
1.633300781250000000e+00 1.407428729547377202e-24 -2.383835390982845326e-24
1.633789062500000000e+00 1.623934236728424642e-24 -2.338501244020471832e-24
1.634277343750000000e+00 1.826626027256910760e-24 -2.273770684360044078e-24
1.634765625000000000e+00 2.013919481027408242e-24 -2.190229903209537865e-24
1.635253906250000000e+00 2.184248966122015748e-24 -2.088521072824492137e-24
1.635742187500000000e+00 2.336140747373219024e-24 -1.969574942684479068e-24
1.636230468750000000e+00 2.468440874731911185e-24 -1.834424575541476854e-24
1.636718750000000000e+00 2.580043274886598622e-24 -1.684144032468397826e-24
1.637207031250000000e+00 2.670002098673456516e-24 -1.520061950162911493e-24
1.637695312500000000e+00 2.737698500157044282e-24 -1.343551157336381594e-24
1.638183593750000000e+00 2.782549881690644711e-24 -1.156021266420340457e-24
1.638671875000000000e+00 2.804167304623955216e-24 -9.591140455769596714e-25
1.639160156250000000e+00 2.802480147011095748e-24 -7.544683441071231412e-25
1.639648437500000000e+00 2.777459440666614709e-24 -5.437473477851792444e-25
1.640136718750000000e+00 2.729319989513844636e-24 -3.287920595300545442e-25
1.640625000000000000e+00 2.658584205995798784e-24 -1.113666561518061086e-25
1.641113281250000000e+00 2.565803936670084720e-24 1.067685118828647536e-25
1.641601562500000000e+00 2.451780297475918412e-24 3.237300835217817732e-25
1.642089843750000000e+00 2.317564200030030682e-24 5.377613990667254586e-25
1.642578125000000000e+00 2.164204692300704339e-24 7.471161728787845995e-25
1.643066406250000000e+00 1.993003563262437718e-24 9.499764670434457868e-25
1.643554687500000000e+00 1.805468827673080000e-24 1.144707419633701450e-24
1.644042968750000000e+00 1.603094590321602299e-24 1.329713118654874460e-24
1.644531250000000000e+00 1.387620759226750476e-24 1.503397576217978252e-24
1.645019531250000000e+00 1.160918437481773579e-24 1.664398347744423430e-24
1.645507812500000000e+00 9.247982220694777609e-25 1.811401195862079189e-24
1.645996093750000000e+00 6.812747486189069222e-25 1.943136420114398261e-24
1.646484375000000000e+00 4.324116243847853860e-25 2.058589985503433865e-24
1.646972656250000000e+00 1.801867243303723384e-25 2.156801212730281637e-24
1.647460937500000000e+00 -7.324080524610361488e-26 2.236910344665088300e-24
1.647949218750000000e+00 -3.257320825933000194e-25 2.298343989730800119e-24
1.648437500000000000e+00 -5.752644999478698974e-25 2.340592533726962385e-24
1.648925781250000000e+00 -8.196897354231669385e-25 2.363288205180857775e-24
1.649414062500000000e+00 -1.056975360287820456e-24 2.366343993345850601e-24
1.649902343750000000e+00 -1.285242552650743510e-24 2.349717771750667285e-24
1.650390625000000000e+00 -1.502533761324802213e-24 2.313530470219339264e-24
1.650878906250000000e+00 -1.707069613811086916e-24 2.258171863010398912e-24
1.651367187500000000e+00 -1.897229522678581098e-24 2.184071252776158849e-24
1.651855468750000000e+00 -2.071355037813321038e-24 2.091848513732131638e-24
1.652343750000000000e+00 -2.228034227202017522e-24 1.982368502303094946e-24
1.652832031250000000e+00 -2.366037015727130366e-24 1.856509329725624543e-24
1.653320312500000000e+00 -2.484153451089957194e-24 1.715332465492350050e-24
1.653808593750000000e+00 -2.581474356002444814e-24 1.560090439002293968e-24
1.654296875000000000e+00 -2.657263361572362415e-24 1.392017372606604333e-24
1.654785156250000000e+00 -2.710828092731640821e-24 1.212527889333719334e-24
1.655273437500000000e+00 -2.741797483908232371e-24 1.023183546989760421e-24
1.655761718750000000e+00 -2.749956612693529004e-24 8.255043650292767918e-25
1.656250000000000000e+00 -2.735172639697776939e-24 6.211727766550264686e-25
1.656738281250000000e+00 -2.697661458642644007e-24 4.119471298834736875e-25
1.657226562500000000e+00 -2.637777408602690277e-24 1.994996003010774797e-25
1.657714843750000000e+00 -2.555974595517397259e-24 -1.437023884894378222e-26
1.658203125000000000e+00 -2.453038668357522861e-24 -2.278539599493910426e-25
1.658691406250000000e+00 -2.329840796405559984e-24 -4.392526955012423345e-25
1.659179687500000000e+00 -2.187352075147749769e-24 -6.467627651876891346e-25
1.659667968750000000e+00 -2.026853316067991080e-24 -8.486345166891423112e-25
1.660156250000000000e+00 -1.849673823125712548e-24 -1.043258800134519294e-24
1.660644531250000000e+00 -1.657252691737787560e-24 -1.228967234732913851e-24
1.661132812500000000e+00 -1.451301236674789758e-24 -1.404219960649179150e-24
1.661621093750000000e+00 -1.233517187433480286e-24 -1.567642102677762519e-24
1.662109375000000000e+00 -1.005683286996163956e-24 -1.717830230377831104e-24
1.662597656250000000e+00 -7.697865804938843918e-25 -1.853556228375997524e-24
1.663085937500000000e+00 -5.277384655277134929e-25 -1.973760026382316558e-24
1.663574218750000000e+00 -2.815243479134087707e-25 -2.077384123743341235e-24
1.664062500000000000e+00 -3.327996430274086201e-26 -2.163598883369109314e-24
1.664550781250000000e+00 2.149844600457988960e-25 -2.231753985367216807e-24
1.665039062500000000e+00 4.612084980184709439e-25 -2.281236253328140548e-24
1.665527343750000000e+00 7.032642173482156206e-25 -2.311692190770481318e-24
1.666015625000000000e+00 9.392170117980299728e-25 -2.322929007856427032e-24
1.666503906250000000e+00 1.167114830547491363e-24 -2.314801233213499841e-24
1.666992187500000000e+00 1.385009952010509304e-24 -2.287434383977340948e-24
1.667480468750000000e+00 1.591183771939597546e-24 -2.241094560783780649e-24
1.667968750000000000e+00 1.783912342948444933e-24 -2.176115963911479497e-24
1.668457031250000000e+00 1.961542175211029707e-24 -2.093113889729855368e-24
1.668945312500000000e+00 2.122688833623033546e-24 -1.992814431954059630e-24
1.669433593750000000e+00 2.265994485088723407e-24 -1.876011066568798854e-24
1.669921875000000000e+00 2.390246329838932479e-24 -1.743753965382388203e-24
1.670410156250000000e+00 2.494523748965848576e-24 -1.597152869750083127e-24
1.670898437500000000e+00 2.577939781710679282e-24 -1.437378514437786689e-24
1.671386718750000000e+00 2.639793094636290978e-24 -1.265834586038838011e-24
1.671875000000000000e+00 2.679669223619422855e-24 -1.083944060021907396e-24
1.672363281250000000e+00 2.697193371363949494e-24 -8.931865316203223575e-25
1.672851562500000000e+00 2.692223859216929333e-24 -6.952326697167154803e-25
1.673339843750000000e+00 2.664904446602988953e-24 -4.917115046498531309e-25
1.673828125000000000e+00 2.615423749350743379e-24 -2.842826152071406270e-25
1.674316406250000000e+00 2.544224689143841424e-24 -7.473983289455656992e-26
1.674804687500000000e+00 2.451995283397748067e-24 1.352173116242667767e-25
1.675292968750000000e+00 2.339446306299930815e-24 3.438704889682648594e-25
1.675781250000000000e+00 2.207544342825176342e-24 5.494154152174806252e-25
1.676269531250000000e+00 2.057459197210530558e-24 7.501897692539668265e-25
1.676757812500000000e+00 1.890375697709484921e-24 9.445364070255824471e-25
1.677246093750000000e+00 1.707735707397777708e-24 1.130780143348876025e-24
1.677734375000000000e+00 1.511128290587317957e-24 1.307440891223795871e-24
1.678222656250000000e+00 1.302126834874922121e-24 1.473064603267054170e-24
1.678710937500000000e+00 1.082527123271378275e-24 1.626231821352432175e-24
1.679199218750000000e+00 8.541944104558978958e-25 1.765744858708682741e-24
1.679687500000000000e+00 6.189489285059084573e-25 1.890440000851873310e-24
1.680175781250000000e+00 3.788055667974174670e-25 1.999240290836681480e-24
1.680664062500000000e+00 1.357853949232708904e-25 2.091320227982393121e-24
1.681152343750000000e+00 -1.081579913164895552e-25 2.165906150655285404e-24
1.681640625000000000e+00 -3.509220772467268738e-25 2.222360999557980036e-24
1.682128906250000000e+00 -5.904827860216346484e-25 2.260307125289463954e-24
1.682617187500000000e+00 -8.249222435183909929e-25 2.279413426965857675e-24
1.683105468750000000e+00 -1.052228839964233891e-24 2.279510666014005850e-24
1.683593750000000000e+00 -1.270538174545329733e-24 2.260679209813280295e-24
1.684082031250000000e+00 -1.478105576212396492e-24 2.223043179876774102e-24
1.684570312500000000e+00 -1.673134207018862547e-24 2.166917877973052912e-24
1.685058593750000000e+00 -1.854035287240311231e-24 2.092855014160311554e-24
1.685546875000000000e+00 -2.019361083516807426e-24 2.001439094099147004e-24
1.686035156250000000e+00 -2.167671376565192194e-24 1.893449897122375528e-24
1.686523437500000000e+00 -2.297794925560678031e-24 1.769860454502636665e-24
1.687011718750000000e+00 -2.408709388063946141e-24 1.631649802489569061e-24
1.687500000000000000e+00 -2.499437072264115320e-24 1.479987330031197142e-24
1.687988281250000000e+00 -2.569296021911094548e-24 1.316194268879070264e-24
1.688476562500000000e+00 -2.617741640954298776e-24 1.141580683192607025e-24
1.688964843750000000e+00 -2.644310664384122390e-24 9.576366673210813223e-25
1.689453125000000000e+00 -2.648863460056208159e-24 7.659468379184407502e-25
1.689941406250000000e+00 -2.631391780880267085e-24 5.680493470250132494e-25
1.690429687500000000e+00 -2.591999972808519786e-24 3.656289091753964829e-25
1.690917968750000000e+00 -2.531114484752394033e-24 1.603982333014450784e-25
1.691406250000000000e+00 -2.449256609572773178e-24 -4.600354913866609868e-26
1.691894531250000000e+00 -2.347065497124842512e-24 -2.518162702032217151e-25
1.692382812500000000e+00 -2.225481455348211177e-24 -4.553090671727825217e-25
1.692871093750000000e+00 -2.085506359013777041e-24 -6.548497513128231018e-25
1.693359375000000000e+00 -1.928272825157806627e-24 -8.487261104425783114e-25
1.693847656250000000e+00 -1.755188286350923402e-24 -1.035325737330141892e-24
1.694335937500000000e+00 -1.567677436147219941e-24 -1.213164593875171783e-24
1.694824218750000000e+00 -1.367282467930802716e-24 -1.380718310345042684e-24
1.695312500000000000e+00 -1.155761055251454213e-24 -1.536614570076194204e-24
1.695800781250000000e+00 -9.348298265316210022e-25 -1.679618129656780570e-24
1.696289062500000000e+00 -7.063070641557476273e-25 -1.808485206165419289e-24
1.696777343750000000e+00 -4.721725171430244422e-25 -1.922172726074441816e-24
1.697265625000000000e+00 -2.343210527775603415e-25 -2.019788330237159538e-24
1.697753906250000000e+00 5.268209641764622347e-27 -2.100471649891938909e-24
1.698242187500000000e+00 2.445259126279002708e-25 -2.163603337413937479e-24
1.698730468750000000e+00 4.815275267469580084e-25 -2.208710364233215720e-24
1.699218750000000000e+00 7.143000755524629095e-25 -2.235371700109221488e-24
1.699707031250000000e+00 9.408565565674971193e-25 -2.243422405137369115e-24
1.700195312500000000e+00 1.159397264538697003e-24 -2.232827874612993252e-24
1.700683593750000000e+00 1.368093187576892721e-24 -2.203627541143476454e-24
1.701171875000000000e+00 1.565164542335014493e-24 -2.156130785520331598e-24
1.701660156250000000e+00 1.749054256590293120e-24 -2.090759761194301553e-24
1.702148437500000000e+00 1.918207469704492666e-24 -2.008022031831542295e-24
1.702636718750000000e+00 2.071193358423757172e-24 -1.908681952492011077e-24
1.703125000000000000e+00 2.206836105091358887e-24 -1.793576045405838655e-24
1.703613281250000000e+00 2.323984102854994552e-24 -1.663622225499846512e-24
1.704101562500000000e+00 2.421659582291536657e-24 -1.519971869579492673e-24
1.704589843750000000e+00 2.499142122982801416e-24 -1.363812702473008807e-24
1.705078125000000000e+00 2.555745500115136487e-24 -1.196414015916501208e-24
1.705566406250000000e+00 2.591002770199726982e-24 -1.019246213996230730e-24
1.706054687500000000e+00 2.604707586621394590e-24 -8.337679055592949567e-25
1.706542968750000000e+00 2.596703813361324254e-24 -6.414993805345508153e-25
1.707031250000000000e+00 2.567087510315911794e-24 -4.441083594634328034e-25
1.707519531250000000e+00 2.516191877983118123e-24 -2.431987536319477940e-25
1.708007812500000000e+00 2.444391114447005176e-24 -4.042017409715298610e-26
1.708496093750000000e+00 2.352316890189823699e-24 1.624781096668583594e-25
1.708984375000000000e+00 2.240800314917457554e-24 3.638529784864308751e-25
1.709472656250000000e+00 2.110708676063256743e-24 5.620355562132433964e-25
1.709960937500000000e+00 1.963172016631527431e-24 7.553193243620546061e-25
1.710449218750000000e+00 1.799477553646748203e-24 9.421549560170497858e-25
1.710937500000000000e+00 1.620932271055112506e-24 1.120994357169528009e-24
1.711425781250000000e+00 1.429081658827113180e-24 1.290310164318348750e-24
1.711914062500000000e+00 1.225560300648865588e-24 1.448764404854880168e-24
1.712402343750000000e+00 1.011994409593457999e-24 1.595033461483080377e-24
1.712890625000000000e+00 7.902181794964316017e-25 1.727864940852135477e-24
1.713378906250000000e+00 5.620948039819040311e-25 1.846224007731976623e-24
1.713867187500000000e+00 3.294608573371421758e-25 1.949111419426899054e-24
1.714355468750000000e+00 9.432264140079411743e-26 2.035653288154810933e-24
1.714843750000000000e+00 -1.413574201017112498e-25 2.105211114354962229e-24
1.715332031250000000e+00 -3.756782702256629163e-25 2.157189406794243203e-24
1.715820312500000000e+00 -6.066259927524852708e-25 2.191150105680304599e-24
1.716308593750000000e+00 -8.323020981271263837e-25 2.206885969535330920e-24
1.716796875000000000e+00 -1.050890689602439149e-24 2.204233730270252603e-24
1.717285156250000000e+00 -1.260508124157074554e-24 2.183217533542846000e-24
1.717773437500000000e+00 -1.459443343535804144e-24 2.144085780674169024e-24
1.718261718750000000e+00 -1.646087605015734522e-24 2.087131096955134150e-24
1.718750000000000000e+00 -1.818822422418457317e-24 2.012847823491944535e-24
1.719238281250000000e+00 -1.976263953628739496e-24 1.921923637211370288e-24
1.719726562500000000e+00 -2.117149462674276154e-24 1.815072081295072329e-24
1.720214843750000000e+00 -2.240254716494260721e-24 1.693205153740966252e-24
1.720703125000000000e+00 -2.344625112732337565e-24 1.557390047241510901e-24
1.721191406250000000e+00 -2.429423888800016739e-24 1.408706516524083885e-24
1.721679687500000000e+00 -2.493890779937820983e-24 1.248427325632444232e-24
1.722167968750000000e+00 -2.537562950613988914e-24 1.077934400880060588e-24
1.722656250000000000e+00 -2.560096379710716184e-24 8.985970741612379533e-25
1.723144531250000000e+00 -2.561263292159178458e-24 7.119496735798391300e-25
1.723632812500000000e+00 -2.541144305133020670e-24 5.195737501047613026e-25
1.724121093750000000e+00 -2.499918609275791629e-24 3.230103727503148771e-25
1.724609375000000000e+00 -2.437895930724563295e-24 1.239374765275243819e-25
1.725097656250000000e+00 -2.355678594793473590e-24 -7.597407238226511425e-26
1.725585937500000000e+00 -2.253939344156495502e-24 -2.751153324133029229e-25
1.726074218750000000e+00 -2.133496029012322358e-24 -4.717769619304343766e-25
1.726562500000000000e+00 -1.995439831472710909e-24 -6.643209202998503305e-25
1.727050781250000000e+00 -1.840901716403697810e-24 -8.512012731844301840e-25
1.727539062500000000e+00 -1.671155814502412996e-24 -1.030816080323853596e-24
1.728027343750000000e+00 -1.487701773864940820e-24 -1.201690995210514498e-24
1.728515625000000000e+00 -1.292029106930577434e-24 -1.362458842241219744e-24
1.729003906250000000e+00 -1.085754362040708631e-24 -1.511731124287397797e-24
1.729492187500000000e+00 -8.706663920979623454e-25 -1.648293475749133851e-24
1.729980468750000000e+00 -6.485036142206666771e-25 -1.771053285888648306e-24
1.730468750000000000e+00 -4.211176390959881345e-25 -1.878939483620991865e-24
1.730957031250000000e+00 -1.904709260583396585e-25 -1.971099922697632944e-24
1.731445312500000000e+00 4.157494606324944871e-26 -2.046810841294189834e-24
1.731933593750000000e+00 2.730787997353934431e-25 -2.105399795984102206e-24
1.732421875000000000e+00 5.020641483639213607e-25 -2.146434534180371334e-24
1.732910156250000000e+00 7.267014700849611165e-25 -2.169601471200884400e-24
1.733398437500000000e+00 9.451075762407688382e-25 -2.174662483963672168e-24
1.733886718750000000e+00 1.155427274111438841e-24 -2.161635625439886469e-24
1.734375000000000000e+00 1.355985654293600774e-24 -2.130648384488275468e-24
1.734863281250000000e+00 1.545084593077794234e-24 -2.081924206018214357e-24
1.735351562500000000e+00 1.721125867652731197e-24 -2.015940085738274004e-24
1.735839843750000000e+00 1.882727634447790722e-24 -1.933253913266751859e-24
1.736328125000000000e+00 2.028516977421564924e-24 -1.834521329102199924e-24
1.736816406250000000e+00 2.157278846199350760e-24 -1.720631243523123107e-24
1.737304687500000000e+00 2.268026125226333004e-24 -1.592522022641689073e-24
1.737792968750000000e+00 2.359797246631706371e-24 -1.451232767555185478e-24
1.738281250000000000e+00 2.431833927909509566e-24 -1.298010351088122957e-24
1.738769531250000000e+00 2.483612111204150169e-24 -1.134114062167853566e-24
1.739257812500000000e+00 2.514655822856829232e-24 -9.608917374033689709e-25
1.739746093750000000e+00 2.524732906843453963e-24 -7.798517920844188378e-25
1.740234375000000000e+00 2.513836123122144826e-24 -5.924671717426243833e-25
1.740722656250000000e+00 2.482010646141821170e-24 -4.002816617181268997e-25
1.741210937500000000e+00 2.429558138137778087e-24 -2.049520391332922729e-25
1.741699218750000000e+00 2.356974576798522906e-24 -8.060457225645112941e-27
1.742187500000000000e+00 2.264807365291260156e-24 1.887573203869896490e-25
1.742675781250000000e+00 2.153868134144622014e-24 3.838084570306227808e-25
1.743164062500000000e+00 2.025130320806905901e-24 5.755210712378036773e-25
1.743652343750000000e+00 1.879613864115235025e-24 7.622983539286895496e-25
1.744140625000000000e+00 1.718589401557618966e-24 9.425473000133903876e-25
1.744628906250000000e+00 1.543433561522798076e-24 1.114832444973990501e-24
1.745117187500000000e+00 1.355546957239182703e-24 1.277712373718798669e-24
1.745605468750000000e+00 1.156551043198762640e-24 1.429800367768169836e-24
1.746093750000000000e+00 9.481163596543573949e-25 1.569894706587582784e-24
1.746582031250000000e+00 7.319214497360352041e-25 1.696810511376570451e-24
1.747070312500000000e+00 5.098325330420695688e-25 1.809472845643886474e-24
1.747558593750000000e+00 2.837025842835777536e-25 1.907015725021617028e-24
1.748046875000000000e+00 5.536426748250096384e-26 1.988607658755293004e-24
1.748535156250000000e+00 -1.732160009767993597e-25 2.053566486053989015e-24
1.749023437500000000e+00 -4.001552327365125785e-25 2.101421511155189724e-24
1.749511718750000000e+00 -6.236169760047671419e-25 2.131742907842681780e-24
1.750000000000000000e+00 -8.416800487348758007e-25 2.144281315940061407e-24
1.750488281250000000e+00 -1.052562678251742097e-24 2.138996792465017363e-24
1.750976562500000000e+00 -1.254549006207580166e-24 2.115898382621922420e-24
1.751464843750000000e+00 -1.445893881255577495e-24 2.075197921798836806e-24
1.751953125000000000e+00 -1.625051498353291308e-24 2.017297410666849608e-24
1.752441406250000000e+00 -1.790566577885288852e-24 1.942639607742394267e-24
1.752929687500000000e+00 -1.941010346749389487e-24 1.851871523792966793e-24
1.753417968750000000e+00 -2.075195955150661115e-24 1.745797130313508953e-24
1.753906250000000000e+00 -2.192033305785714269e-24 1.625251502808410121e-24
1.754394531250000000e+00 -2.290500566953270515e-24 1.491271752463529204e-24
1.754882812500000000e+00 -2.369846577655369186e-24 1.345014721080232297e-24
1.755371093750000000e+00 -2.429422650036848332e-24 1.187652517827072003e-24
1.755859375000000000e+00 -2.468692963908793749e-24 1.020538438820474386e-24
1.756347656250000000e+00 -2.487412162657322992e-24 8.450910035658070280e-25
1.756835937500000000e+00 -2.485431290232433692e-24 6.627185365861458105e-25
1.757324218750000000e+00 -2.462738875610098964e-24 4.749816353859610302e-25
1.757812500000000000e+00 -2.419606195836224548e-24 2.834540841779249920e-25
1.758300781250000000e+00 -2.356380044194781630e-24 8.968014704203729787e-26
1.758789062500000000e+00 -2.273561615194609172e-24 -1.046765004533529355e-25
1.759277343750000000e+00 -2.171920597341098061e-24 -2.979964894218565558e-25
1.759765625000000000e+00 -2.052281757851644129e-24 -4.887176921877016380e-25
1.760253906250000000e+00 -1.915631863148596305e-24 -6.752038707671294220e-25
1.760742187500000000e+00 -1.763190313783896891e-24 -8.559208921751444173e-25
1.761230468750000000e+00 -1.596192707592058607e-24 -1.029412242887329183e-24
1.761718750000000000e+00 -1.416024288516885026e-24 -1.194185740849697876e-24
1.762207031250000000e+00 -1.224252830775109624e-24 -1.348897390289989373e-24
1.762695312500000000e+00 -1.022425293619450577e-24 -1.492296329594254632e-24
1.763183593750000000e+00 -8.122264086296212430e-25 -1.623139412536546879e-24
1.763671875000000000e+00 -5.954695585467307310e-25 -1.740377931395079321e-24
1.764160156250000000e+00 -3.739060288531541370e-25 -1.843070468477627899e-24
1.764648437500000000e+00 -1.493962659493486871e-25 -1.930321190249201656e-24
1.765136718750000000e+00 7.614161808333980855e-26 -2.001456732149396811e-24
1.765625000000000000e+00 3.008975982315803524e-25 -2.055908928135154646e-24
1.766113281250000000e+00 5.229830929413934249e-25 -2.093182853136197776e-24
1.766601562500000000e+00 7.405160771341083445e-25 -2.113024057055521565e-24
1.767089843750000000e+00 9.517556347845483216e-25 -2.115280026083665802e-24
1.767578125000000000e+00 1.154912307720229716e-24 -2.099898393350780628e-24
1.768066406250000000e+00 1.348271162235858345e-24 -2.067073309081472305e-24
1.768554687500000000e+00 1.530294710264099068e-24 -2.017084046972400906e-24
1.769042968750000000e+00 1.699434717308481767e-24 -1.950319555525151589e-24
1.769531250000000000e+00 1.854280979382261610e-24 -1.867400472939912284e-24
1.770019531250000000e+00 1.993620882868828185e-24 -1.769006595660924680e-24
1.770507812500000000e+00 2.116255548765159173e-24 -1.655932951282498363e-24
1.770996093750000000e+00 2.221171591017892029e-24 -1.529185834164242690e-24
1.771484375000000000e+00 2.307562600961670076e-24 -1.389802726521490795e-24
1.771972656250000000e+00 2.374662705682048263e-24 -1.238931728721542442e-24
1.772460937500000000e+00 2.421936429021281804e-24 -1.077893102033180755e-24
1.772949218750000000e+00 2.449056681608144962e-24 -9.079972027606661265e-25
1.773437500000000000e+00 2.455753432946949878e-24 -7.306484805373130502e-25
1.773925781250000000e+00 2.442008574802307712e-24 -5.473772560276705050e-25
1.774414062500000000e+00 2.407991071684006327e-24 -3.596672549490533720e-25
1.774902343750000000e+00 2.353931579765493543e-24 -1.690807020174315412e-25
1.775390625000000000e+00 2.280323031420656063e-24 2.274487845009794480e-26
1.775878906250000000e+00 2.187820288343693206e-24 2.142592110370390201e-25
1.776367187500000000e+00 2.077143744375180704e-24 4.038608729803456468e-25
1.776855468750000000e+00 1.949272012385668783e-24 5.899333877880051601e-25
1.777343750000000000e+00 1.805302598347030269e-24 7.709862480931291759e-25
1.777832031250000000e+00 1.646384487620598263e-24 9.455018075630023777e-25
1.778320312500000000e+00 1.473899081027654604e-24 1.111999685425028661e-24
1.778808593750000000e+00 1.289294468813987507e-24 1.269153252594157579e-24
1.779296875000000000e+00 1.094056329507939283e-24 1.415632649075748590e-24
1.779785156250000000e+00 8.898731180074134903e-25 1.550199905917395983e-24
1.780273437500000000e+00 6.784464031149368668e-25 1.671797826472710030e-24
1.780761718750000000e+00 4.614939639805540435e-25 1.779390879406674493e-24
1.781250000000000000e+00 2.408880430551055524e-25 1.872081052839840448e-24
1.781738281250000000e+00 1.844864577578582931e-26 1.949161110632926352e-24
1.782226562500000000e+00 -2.040157927607175339e-25 2.009958466244336809e-24
1.782714843750000000e+00 -4.245939063500880627e-25 2.053971475198883552e-24
1.783203125000000000e+00 -6.414822801721968883e-25 2.080891040001140268e-24
1.783691406250000000e+00 -8.529092143542903973e-25 2.090456488527778541e-24
1.784179687500000000e+00 -1.057053319828368479e-24 2.082606176720490837e-24
1.784667968750000000e+00 -1.252257550526477636e-24 2.057461736636264527e-24
1.785156250000000000e+00 -1.436923300670927401e-24 2.015195222057351140e-24
1.785644531250000000e+00 -1.609461937701478178e-24 1.956185790150149197e-24
1.786132812500000000e+00 -1.768497159431180511e-24 1.880969374476831778e-24
1.786621093750000000e+00 -1.912726269656721818e-24 1.790127196398252416e-24
1.787109375000000000e+00 -2.040903439956448616e-24 1.684448170010305179e-24
1.787597656250000000e+00 -2.152026283003114013e-24 1.564847697948937179e-24
1.788085937500000000e+00 -2.245175922995488871e-24 1.432278525205049277e-24
1.788574218750000000e+00 -2.319537738228582213e-24 1.287887588968891339e-24
1.789062500000000000e+00 -2.374566017617229599e-24 1.132902705370913044e-24
1.789550781250000000e+00 -2.409803679582063553e-24 9.685686323749590566e-25
1.790039062500000000e+00 -2.424932226213153642e-24 7.962970017810957113e-25
1.790527343750000000e+00 -2.419903697350313496e-24 6.175311385546520566e-25
1.791015625000000000e+00 -2.394746949865815038e-24 4.337135786182885343e-25
1.791503906250000000e+00 -2.349650231036353428e-24 2.464235337432709912e-25
1.791992187500000000e+00 -2.285062625678238750e-24 5.722065820326932532e-26
1.792480468750000000e+00 -2.201497491028720493e-24 -1.323600078621237685e-25
1.792968750000000000e+00 -2.099642643619879292e-24 -3.206901893565194171e-25
1.793457031250000000e+00 -1.980421774259695371e-24 -5.062177802794402671e-25
1.793945312500000000e+00 -1.844795833848413950e-24 -6.874389055327508379e-25
1.794433593750000000e+00 -1.693894512350204008e-24 -8.627982238308230597e-25
1.794921875000000000e+00 -1.529038969637067017e-24 -1.030863120249180432e-24
1.795410156250000000e+00 -1.351555058758963573e-24 -1.190266118318348371e-24
1.795898437500000000e+00 -1.162927248221448219e-24 -1.339631612863095280e-24
1.796386718750000000e+00 -9.647835172541305742e-25 -1.477752583395675965e-24
1.796875000000000000e+00 -7.587232507328173605e-25 -1.603505790067885391e-24
1.797363281250000000e+00 -5.464817764697588310e-25 -1.715803440024950827e-24
1.797851562500000000e+00 -3.298738913024590008e-25 -1.813760286633043272e-24
1.798339843750000000e+00 -1.106432249525215580e-25 -1.896580665962713421e-24
1.798828125000000000e+00 1.093629688276928242e-25 -1.963536690701056375e-24
1.799316406250000000e+00 3.282823461007880602e-25 -2.014123682795474422e-24
1.799804687500000000e+00 5.443571129164281962e-25 -2.047928175638292325e-24
1.800292968750000000e+00 7.557562096399219892e-25 -2.064635852421650481e-24
1.800781250000000000e+00 9.606976890954479297e-25 -2.064168205144459660e-24
1.801269531250000000e+00 1.157538816488509592e-24 -2.046531431967630561e-24
1.801757812500000000e+00 1.344603557554197110e-24 -2.011848631299604540e-24
1.802246093750000000e+00 1.520330986186612937e-24 -1.960470919786625597e-24
1.802734375000000000e+00 1.683326106635516170e-24 -1.892815002557765835e-24
1.803222656250000000e+00 1.832192698003937330e-24 -1.809423341135628223e-24
1.803710937500000000e+00 1.965700467666914252e-24 -1.711050318787309929e-24
1.804199218750000000e+00 2.082798222365588305e-24 -1.598495314104929240e-24
1.804687500000000000e+00 2.182463821960812014e-24 -1.472685516308949399e-24
1.805175781250000000e+00 2.263888283894446509e-24 -1.334729263374149678e-24
1.805664062500000000e+00 2.326450694169138777e-24 -1.185747124921540497e-24
1.806152343750000000e+00 2.369585561418929843e-24 -1.026974681803559913e-24
1.806640625000000000e+00 2.392970667654459856e-24 -8.597854577837262998e-25
1.807128906250000000e+00 2.396460801466032174e-24 -6.855314081619641827e-25
1.807617187500000000e+00 2.379978092334764146e-24 -5.056651527954732046e-25
1.808105468750000000e+00 2.343701995590064415e-24 -3.217311260734605069e-25
1.808593750000000000e+00 2.287970233628746747e-24 -1.352171668428252028e-25
1.809082031250000000e+00 2.213198500672503254e-24 5.231255888238483508e-26
1.809570312500000000e+00 2.120063468623322687e-24 2.392592501918273184e-25
1.810058593750000000e+00 2.009368947585643400e-24 4.241190385824862705e-25
1.810546875000000000e+00 1.881992366120654610e-24 6.053389826859068636e-25
1.811035156250000000e+00 1.739052929729240339e-24 7.813851611861675938e-25
1.811523437500000000e+00 1.581751481970295063e-24 9.508473096329079676e-25
1.812011718750000000e+00 1.411351721830974673e-24 1.112291264423022414e-24
1.812500000000000000e+00 1.229332547107315055e-24 1.264355238310127433e-24
1.812988281250000000e+00 1.037208135493012907e-24 1.405829103573466265e-24
1.813476562500000000e+00 8.365405674689788074e-25 1.535508190859856579e-24
1.813964843750000000e+00 6.290654840479307990e-25 1.652310189981994960e-24
1.814453125000000000e+00 4.164955937133378016e-25 1.755321146074472871e-24
1.814941406250000000e+00 2.005654158775523181e-25 1.843652488321508806e-24
1.815429687500000000e+00 -1.686869025499208300e-26 1.916574751494065353e-24
1.815917968750000000e+00 -2.340282577095094782e-25 1.973532522402616189e-24
1.816406250000000000e+00 -4.491342898811309023e-25 2.014014051095540003e-24
1.816894531250000000e+00 -6.603376805425747690e-25 2.037698758071136977e-24
1.817382812500000000e+00 -8.659198318498783025e-25 2.044438781271171028e-24
1.817871093750000000e+00 -1.064188197420927791e-24 2.034141146526300390e-24
1.818359375000000000e+00 -1.253440583186920433e-24 2.006919385305179155e-24
1.818847656250000000e+00 -1.432155960605990865e-24 1.963041184895521423e-24
1.819335937500000000e+00 -1.598861647299575131e-24 1.902829720644595997e-24
1.819824218750000000e+00 -1.752127433775327718e-24 1.826818518354858523e-24
1.820312500000000000e+00 -1.890738733715423343e-24 1.735670900314481865e-24
1.820800781250000000e+00 -2.013543592206649956e-24 1.630104266871036505e-24
1.821289062500000000e+00 -2.119481871008316876e-24 1.511039561739674229e-24
1.821777343750000000e+00 -2.207737987442423538e-24 1.379491099595450823e-24
1.822265625000000000e+00 -2.277572348777483435e-24 1.236513630967177709e-24
1.822753906250000000e+00 -2.328379492832245434e-24 1.083341953250048009e-24
1.823242187500000000e+00 -2.359809260873030033e-24 9.212592311433383657e-25
1.823730468750000000e+00 -2.371585616538423817e-24 7.515733465088547876e-25
1.824218750000000000e+00 -2.363592904655007181e-24 5.757442467175891744e-25
1.824707031250000000e+00 -2.335966120931580833e-24 3.952344724445363185e-25
1.825195312500000000e+00 -2.288908604166326465e-24 2.115117584765267006e-25
1.825683593750000000e+00 -2.222804940370114370e-24 2.615598857413630735e-26
1.826171875000000000e+00 -2.138274627785470596e-24 -1.593035415332769293e-25
1.826660156250000000e+00 -2.035989859781641247e-24 -3.433567827596777585e-25
1.827148437500000000e+00 -1.916806450619650498e-24 -5.244252620896170092e-25
1.827636718750000000e+00 -1.781778506865392900e-24 -7.010281360719522284e-25
1.828125000000000000e+00 -1.631986423992341092e-24 -8.717223957012360033e-25
1.828613281250000000e+00 -1.468686678582730164e-24 -1.035039934554948149e-24
1.829101562500000000e+00 -1.293291235258585533e-24 -1.189654860719847970e-24
1.829589843750000000e+00 -1.107211869044155825e-24 -1.334299998171553238e-24
1.830078125000000000e+00 -9.120195897158463257e-25 -1.467729953239999166e-24
1.830566406250000000e+00 -7.093848311494632331e-25 -1.588879782622105135e-24
1.831054687500000000e+00 -5.009410843643190358e-25 -1.696756199884959885e-24
1.831542968750000000e+00 -2.884500005252371048e-25 -1.790425170894625771e-24
1.832031250000000000e+00 -7.370986080568564945e-26 -1.869157148063455008e-24
1.832519531250000000e+00 1.415512526120388411e-25 -1.932300495184854513e-24
1.833007812500000000e+00 3.555080912750505992e-25 -1.979297567704572485e-24
1.833496093750000000e+00 5.663597861170812589e-25 -2.009812561865264074e-24
1.833984375000000000e+00 7.724079129837390500e-25 -2.023589525169025941e-24
1.834472656250000000e+00 9.718967165664181999e-25 -2.020491886702919632e-24
1.834960937500000000e+00 1.163160576704498730e-24 -2.000604740492911023e-24
1.835449218750000000e+00 1.344666982606339951e-24 -1.964081812068495900e-24
1.835937500000000000e+00 1.514864317284102398e-24 -1.911209471544483989e-24
1.836425781250000000e+00 1.672345525659590545e-24 -1.842484058853437800e-24
1.836914062500000000e+00 1.815854147673148735e-24 -1.758456288719223089e-24
1.837402343750000000e+00 1.944148352347584634e-24 -1.659817206252759120e-24
1.837890625000000000e+00 2.056179445101041134e-24 -1.547444816510553065e-24
1.838378906250000000e+00 2.151063440351242563e-24 -1.422247547076141221e-24
1.838867187500000000e+00 2.227964652045963739e-24 -1.285266857758705280e-24
1.839355468750000000e+00 2.286277859712349981e-24 -1.137692869081613319e-24
1.839843750000000000e+00 2.325561474415488045e-24 -9.807163430396510701e-25
1.840332031250000000e+00 2.345442359324689977e-24 -8.156483457755982886e-25
1.840820312500000000e+00 2.345796844263723421e-24 -6.439063568422081240e-25
1.841308593750000000e+00 2.326652553498724857e-24 -4.668786407456502667e-25
1.841796875000000000e+00 2.288121929366803807e-24 -2.860531280781812442e-25
1.842285156250000000e+00 2.230576662442862322e-24 -1.029715967767805837e-25
1.842773437500000000e+00 2.154518982198379181e-24 8.088912949315771883e-26
1.843261718750000000e+00 2.060541236441307599e-24 2.639808806681426106e-25
1.843750000000000000e+00 1.949483843006308899e-24 4.447556497804294545e-25
1.844238281250000000e+00 1.822280712634910240e-24 6.217599716848975713e-25
1.844726562500000000e+00 1.679949840095047933e-24 7.934956166980714657e-25
1.845214843750000000e+00 1.523734259325395479e-24 9.585165606789520101e-25
1.845703125000000000e+00 1.354930500594800912e-24 1.115499122995547620e-24
1.846191406250000000e+00 1.174909892446072753e-24 1.263106495421049882e-24
1.846679687500000000e+00 9.852338719213603970e-25 1.400106343844743089e-24
1.847167968750000000e+00 7.874674350549238433e-25 1.525410497178945575e-24
1.847656250000000000e+00 5.832284795717528018e-25 1.637943963415083793e-24
1.848144531250000000e+00 3.742756094957656292e-25 1.736776801443843967e-24
1.848632812500000000e+00 1.623182072360077708e-25 1.821133190696319090e-24
1.849121093750000000e+00 -5.090333424482474233e-26 1.890272867777691086e-24
1.849609375000000000e+00 -2.635585056369824047e-25 1.943635546418844964e-24
1.850097656250000000e+00 -4.739151450008353197e-25 1.980819795493863796e-24
1.850585937500000000e+00 -6.802353912114999636e-25 2.001478655691478947e-24
1.851074218750000000e+00 -8.807503884949840173e-25 2.005467379484352865e-24
1.851562500000000000e+00 -1.073840361439018802e-24 1.992789889393531316e-24
1.852050781250000000e+00 -1.257906822003893082e-24 1.963511923052524110e-24
1.852539062500000000e+00 -1.431376628599776111e-24 1.917909390885672496e-24
1.853027343750000000e+00 -1.592863696296726569e-24 1.856388181875828809e-24
1.853515625000000000e+00 -1.741022138438590503e-24 1.779420207648105068e-24
1.854003906250000000e+00 -1.874582621899184780e-24 1.687686530167177206e-24
1.854492187500000000e+00 -1.992494000161717936e-24 1.581970449839340932e-24
1.854980468750000000e+00 -2.093764516410300037e-24 1.463115137365679510e-24
1.855468750000000000e+00 -2.177527155862052478e-24 1.332154882489336678e-24
1.855957031250000000e+00 -2.243151700751420423e-24 1.190186884302687079e-24
1.856445312500000000e+00 -2.290075226862930180e-24 1.038355551162899694e-24
1.856933593750000000e+00 -2.317892250360229135e-24 8.779708283537406971e-25
1.857421875000000000e+00 -2.326435283232195949e-24 7.103647046270613107e-25
1.857910156250000000e+00 -2.315604869944820059e-24 5.369010459826209469e-25
1.858398437500000000e+00 -2.285484667350789233e-24 3.590736194909955093e-25
1.858886718750000000e+00 -2.236388181641750073e-24 1.783500092082316912e-25
1.859375000000000000e+00 -2.168691427621763021e-24 -3.793370423120277914e-27
1.859863281250000000e+00 -2.082964256847849626e-24 -1.857940527471110141e-25
1.860351562500000000e+00 -1.979978741962475569e-24 -3.661624903342486274e-25
1.860839843750000000e+00 -1.860550822906045575e-24 -5.434203642458122110e-25
1.861328125000000000e+00 -1.725686708683834969e-24 -7.160467393936092652e-25
1.861816406250000000e+00 -1.576557271456429273e-24 -8.826366455449287485e-25
1.862304687500000000e+00 -1.414356841722021920e-24 -1.041818030154735388e-24
1.862792968750000000e+00 -1.240458487844494096e-24 -1.192224410541608284e-24
1.863281250000000000e+00 -1.056351926776461301e-24 -1.332645851821845477e-24
1.863769531250000000e+00 -8.635207604765185442e-25 -1.461923944429439326e-24
1.864257812500000000e+00 -6.635999081652223207e-25 -1.578948131080121293e-24
1.864746093750000000e+00 -4.582817942854880953e-25 -1.682792166408892293e-24
1.865234375000000000e+00 -2.492209187571274852e-25 -1.772592263547458126e-24
1.865722656250000000e+00 -3.819189422190074821e-26 -1.847570146600816917e-24
1.866210937500000000e+00 1.730313816909219304e-25 -1.907152697604619923e-24
1.866699218750000000e+00 3.827426433779280179e-25 -1.950837829240563797e-24
1.867187500000000000e+00 5.891539408864896923e-25 -1.978240793651409674e-24
1.867675781250000000e+00 7.905415293281081268e-25 -1.989189118847172290e-24
1.868164062500000000e+00 9.852813155759261094e-25 -1.983578452160221353e-24
1.868652343750000000e+00 1.171709788467086663e-24 -1.961440436288864094e-24
1.869140625000000000e+00 1.348284932650092264e-24 -1.923012219101264953e-24
1.869628906250000000e+00 1.513586146712735622e-24 -1.868590749420738882e-24
1.870117187500000000e+00 1.666190739265103766e-24 -1.798621507535832087e-24
1.870605468750000000e+00 1.804847154938803336e-24 -1.713739341652991060e-24
1.871093750000000000e+00 1.928442938354758805e-24 -1.614623467538829450e-24
1.871582031250000000e+00 2.035902297117072448e-24 -1.502100742982581265e-24
1.872070312500000000e+00 2.126363253948180765e-24 -1.377155417673661440e-24
1.872558593750000000e+00 2.199110627904808362e-24 -1.240791692682771740e-24
1.873046875000000000e+00 2.253494320430926777e-24 -1.094151231265241486e-24
1.873535156250000000e+00 2.289102867979257474e-24 -9.384946890144797957e-25
1.874023437500000000e+00 2.305666073823462700e-24 -7.750775774978536405e-25
1.874511718750000000e+00 2.303000622277313793e-24 -6.052760457505470132e-25
1.875000000000000000e+00 2.281176676760076091e-24 -4.305380327012856161e-25
1.875488281250000000e+00 2.240393668129740589e-24 -2.522748079798504045e-25
1.875976562500000000e+00 2.180952010399226525e-24 -7.199098984027166260e-26
1.876464843750000000e+00 2.103402783133108631e-24 1.087898878675271490e-25
1.876953125000000000e+00 2.008398813707290470e-24 2.886106528973980062e-25
1.877441406250000000e+00 1.896694176554994858e-24 4.659485571057689683e-25
1.877929687500000000e+00 1.769275178270026225e-24 6.393127658537910652e-25
1.878417968750000000e+00 1.627196115705394456e-24 8.073058468264033373e-25
1.878906250000000000e+00 1.471608384733871973e-24 9.684972172500481876e-25
1.879394531250000000e+00 1.303866954797368254e-24 1.121540932287373707e-24
1.879882812500000000e+00 1.125353349290030329e-24 1.265209509781465646e-24
1.880371093750000000e+00 9.375300679097980346e-25 1.398273752206169954e-24
1.880859375000000000e+00 7.420182521309731960e-25 1.519633320127366408e-24
1.881347656250000000e+00 5.404168105436372300e-25 1.628320684111952634e-24
1.881835937500000000e+00 3.343843772381972783e-25 1.723393015275078079e-24
1.882324218750000000e+00 1.256889976932360861e-25 1.804073586279852931e-24
1.882812500000000000e+00 -8.396941452893517381e-26 1.869727856121534450e-24
1.883300781250000000e+00 -2.928548128447845829e-25 1.919770969464491948e-24
1.883789062500000000e+00 -4.991782613486487249e-25 1.953812305549194540e-24
1.884277343750000000e+00 -7.012677152638210404e-25 1.971601281346281386e-24
1.884765625000000000e+00 -8.974441706853126189e-25 1.972951568114348421e-24
1.885253906250000000e+00 -1.086034582287107424e-24 1.957883984043471069e-24
1.885742187500000000e+00 -1.265523608538944265e-24 1.926546573415029414e-24
1.886230468750000000e+00 -1.434412330964124620e-24 1.879161061039198986e-24
1.886718750000000000e+00 -1.591260971225783240e-24 1.816160309180936562e-24
1.887207031250000000e+00 -1.734820200587682599e-24 1.738084494385409576e-24
1.887695312500000000e+00 -1.863880435952955950e-24 1.645548781931685583e-24
1.888183593750000000e+00 -1.977343320165594053e-24 1.539367816684766052e-24
1.888671875000000000e+00 -2.074325634721519002e-24 1.420431136970707237e-24
1.889160156250000000e+00 -2.154000531964951454e-24 1.289694951674893176e-24
1.889648437500000000e+00 -2.215691740603690298e-24 1.148292470787548601e-24
1.890136718750000000e+00 -2.258945772205828399e-24 9.973956976285760243e-25
1.890625000000000000e+00 -2.283372956574886892e-24 8.382319696871309159e-25
1.891113281250000000e+00 -2.288764320729584995e-24 6.721744576291122380e-25
1.891601562500000000e+00 -2.275131882469586420e-24 5.005926708227721677e-25
1.892089843750000000e+00 -2.242554632200897116e-24 3.248915172983828826e-25
1.892578125000000000e+00 -2.191310763655096022e-24 1.465796250958584357e-25
1.893066406250000000e+00 -2.121881111705401506e-24 -3.288317158381892904e-26
1.893554687500000000e+00 -2.034803678854919054e-24 -2.120224048228087208e-25
1.894042968750000000e+00 -1.930817515885587012e-24 -3.893032939559906482e-25
1.894531250000000000e+00 -1.810832675137100444e-24 -5.632813140519763876e-25
1.895019531250000000e+00 -1.675801888485821019e-24 -7.325189955746963590e-25
1.895507812500000000e+00 -1.526872290629333049e-24 -8.955666149172772818e-25
1.895996093750000000e+00 -1.365321634690483172e-24 -1.051105846514570261e-24
1.896484375000000000e+00 -1.192448449396984715e-24 -1.197847888541282230e-24
1.896972656250000000e+00 -1.009723525650805448e-24 -1.334537791164015805e-24
1.897460937500000000e+00 -8.186946619432428831e-25 -1.460083290609374246e-24
1.897949218750000000e+00 -6.209017919108741233e-25 -1.573437230203115557e-24
1.898437500000000000e+00 -4.180267682091762298e-25 -1.673626782738300116e-24
1.898925781250000000e+00 -2.117730925369793143e-25 -1.759865408255820418e-24
1.899414062500000000e+00 -3.809232102158598606e-27 -1.831425403809810270e-24
1.899902343750000000e+00 2.040908477272611249e-25 -1.887690272357872994e-24
1.900390625000000000e+00 4.101914855655916756e-25 -1.928243278770727492e-24
1.900878906250000000e+00 6.128232743552599353e-25 -1.952731648222154542e-24
1.901367187500000000e+00 8.102553396012227314e-25 -1.960938411826184352e-24
1.901855468750000000e+00 1.000853824166642144e-24 -1.952845105694608133e-24
1.902343750000000000e+00 1.183076430572343513e-24 -1.928494896792054890e-24
1.902832031250000000e+00 1.355360177354975855e-24 -1.888083759843901721e-24
1.903320312500000000e+00 1.516289794320350284e-24 -1.831996070260328973e-24
1.903808593750000000e+00 1.664561933090539258e-24 -1.760670212305135524e-24
1.904296875000000000e+00 1.798894739712035629e-24 -1.674703065102381863e-24
1.904785156250000000e+00 1.918200246758211714e-24 -1.574855064747746204e-24
1.905273437500000000e+00 2.021517144183858788e-24 -1.461922774721822012e-24
1.905761718750000000e+00 2.107941514131672873e-24 -1.336854796343113686e-24
1.906250000000000000e+00 2.176794179612583900e-24 -1.200729181946247435e-24
1.906738281250000000e+00 2.227524239344438288e-24 -1.054639663796780153e-24
1.907226562500000000e+00 2.259665538517178381e-24 -8.998189302051204793e-25
1.907714843750000000e+00 2.272996053857454390e-24 -7.375874796080751650e-25
1.908203125000000000e+00 2.267417463266826087e-24 -5.692551440620693001e-25
1.908691406250000000e+00 2.242937920108461698e-24 -3.962461486808529793e-25
1.909179687500000000e+00 2.199814805920217176e-24 -2.200223972060916656e-25
1.909667968750000000e+00 2.138411490889336467e-24 -4.200655554487004267e-26
1.910156250000000000e+00 2.059205517549631663e-24 1.362926013787661307e-25
1.910644531250000000e+00 1.962911003006704826e-24 3.133781603322834206e-25
1.911132812500000000e+00 1.850320960053640079e-24 4.878184586086073243e-25
1.911621093750000000e+00 1.722343467824897965e-24 6.581280284719131161e-25
1.912109375000000000e+00 1.580100334218959575e-24 8.228850597128705532e-25
1.912597656250000000e+00 1.424759024397672177e-24 9.807594786153494000e-25
1.913085937500000000e+00 1.257592457717052944e-24 1.130402345244813909e-24
1.913574218750000000e+00 1.080048334113984610e-24 1.270575431536305614e-24
1.914062500000000000e+00 8.935769486699308359e-25 1.400150677870341652e-24
1.914550781250000000e+00 6.997150741435209274e-25 1.518011535738111026e-24
1.915039062500000000e+00 5.001271950046380878e-25 1.623191524119884321e-24
1.915527343750000000e+00 2.964377928996268778e-25 1.714847396575456318e-24
1.916015625000000000e+00 9.033616447939430246e-26 1.792177070331616016e-24
1.916503906250000000e+00 -1.164139845810997268e-25 1.854561295136762378e-24
1.916992187500000000e+00 -3.221343536292116687e-25 1.901509020992139669e-24
1.917480468750000000e+00 -5.251110168726104866e-25 1.932592016172924615e-24
1.917968750000000000e+00 -7.236150191238776862e-25 1.947583240433751813e-24
1.918457031250000000e+00 -9.160451288369551644e-25 1.946377268679491854e-24
1.918945312500000000e+00 -1.100791621562007508e-24 1.928946134265038395e-24
1.919433593750000000e+00 -1.276284822739804320e-24 1.895471600625632836e-24
1.919921875000000000e+00 -1.441116888270073558e-24 1.846244084441104449e-24
1.920410156250000000e+00 -1.593897858363198008e-24 1.781639733905987406e-24
1.920898437500000000e+00 -1.733332239954791825e-24 1.702239369490102862e-24
1.921386718750000000e+00 -1.858315280509792068e-24 1.608707691540558585e-24
1.921875000000000000e+00 -1.967783865546960639e-24 1.501792323626187582e-24
1.922363281250000000e+00 -2.060814780573398939e-24 1.382427158685295072e-24
1.922851562500000000e+00 -2.136689722661181038e-24 1.251598920080755929e-24
1.923339843750000000e+00 -2.194746387220625942e-24 1.110369896676173644e-24
1.923828125000000000e+00 -2.234496975105391706e-24 9.599619008167930221e-25
1.924316406250000000e+00 -2.255662405153591930e-24 8.016131762514887215e-25
1.924804687500000000e+00 -2.258030138663030789e-24 6.366218316922113693e-25
1.925292968750000000e+00 -2.241587451284917661e-24 4.664066931425308906e-25
1.925781250000000000e+00 -2.206520811133949164e-24 2.923609563315736147e-25
1.926269531250000000e+00 -2.153082630980934419e-24 1.159173969215156468e-25
1.926757812500000000e+00 -2.081733496840790016e-24 -6.141333482543023634e-26
1.927246093750000000e+00 -1.993108341603447918e-24 -2.381859635433874781e-25
1.927734375000000000e+00 -1.887899808261558436e-24 -4.129368559962157026e-25
1.928222656250000000e+00 -1.767006837497453330e-24 -5.841715168080829405e-25
1.928710937500000000e+00 -1.631469452874011561e-24 -7.505010989934526788e-25
1.929199218750000000e+00 -1.482371074520114746e-24 -9.105429261971398237e-25
1.929687500000000000e+00 -1.320985411025728778e-24 -1.062931994141333693e-24
1.930175781250000000e+00 -1.148680559836398164e-24 -1.206443000853708613e-24
1.930664062500000000e+00 -9.668442454386629785e-25 -1.339876689318800230e-24
1.931152343750000000e+00 -7.770264565642352417e-25 -1.462094697606200502e-24
1.931640625000000000e+00 -5.808196687245801234e-25 -1.572124332267805630e-24
1.932128906250000000e+00 -3.798115560767845641e-25 -1.669036771020207937e-24
1.932617187500000000e+00 -1.757179491736689990e-25 -1.752004727536846438e-24
1.933105468750000000e+00 2.975857420208908034e-26 -1.820385180454151917e-24
1.933593750000000000e+00 2.349490957949503053e-25 -1.873591309770316450e-24
1.934082031250000000e+00 4.381002745640810147e-25 -1.911168366802146576e-24
1.934570312500000000e+00 6.375303943300958129e-25 -1.932850476693700540e-24
1.935058593750000000e+00 8.316189346298799573e-25 -1.938431844738476487e-24
1.935546875000000000e+00 1.018704575666603227e-24 -1.927860169612209401e-24
1.936035156250000000e+00 1.197249254684425775e-24 -1.901267355937024996e-24
1.936523437500000000e+00 1.365798622671267485e-24 -1.858844772996720908e-24
1.937011718750000000e+00 1.522902022683692199e-24 -1.800949220941855511e-24
1.937500000000000000e+00 1.667280171117974377e-24 -1.728104198201926514e-24
1.937988281250000000e+00 1.797757407454501126e-24 -1.640882078090804830e-24
1.938476562500000000e+00 1.913203785828265401e-24 -1.540019040684543894e-24
1.938964843750000000e+00 2.012697142664402821e-24 -1.426388886369843466e-24
1.939453125000000000e+00 2.095427659907400831e-24 -1.300898731801167066e-24
1.939941406250000000e+00 2.160664324266053775e-24 -1.164610179149657849e-24
1.940429687500000000e+00 2.207907705535122764e-24 -1.018686310180366780e-24
1.940917968750000000e+00 2.236772650214131747e-24 -8.643027952415996243e-25
1.941406250000000000e+00 2.246981024491803222e-24 -7.027691259405942328e-25
1.941894531250000000e+00 2.238498384302058904e-24 -5.354503040464054483e-25
1.942382812500000000e+00 2.211396251347354227e-24 -3.636978829763276081e-25
1.942871093750000000e+00 2.165868805926351205e-24 -1.889695084304609874e-25
1.943359375000000000e+00 2.102347993888787037e-24 -1.273049590105411653e-26
1.943847656250000000e+00 2.021351966713839282e-24 1.635920053439709537e-25
1.944335937500000000e+00 1.923527778388270664e-24 3.384963820035157569e-25
1.944824218750000000e+00 1.809742987276252435e-24 5.105232863935953092e-25
1.945312500000000000e+00 1.680925848874925924e-24 6.782779314830643148e-25
1.945800781250000000e+00 1.538130562039831513e-24 8.403278239382055872e-25
1.946289062500000000e+00 1.382599696866132962e-24 9.953313987976342299e-25
1.946777343750000000e+00 1.215600521777562441e-24 1.142033391518765619e-24
1.947265625000000000e+00 1.038511205719594461e-24 1.279174838035473061e-24
1.947753906250000000e+00 8.528545783750058181e-25 1.405629036980349555e-24
1.948242187500000000e+00 6.601393845239301926e-25 1.520371746315839961e-24
1.948730468750000000e+00 4.619658393608688783e-25 1.622408278687885527e-24
1.949218750000000000e+00 2.600290377633681362e-25 1.710912370563612281e-24
1.949707031250000000e+00 5.596876090480020740e-26 1.785171066632210677e-24
1.950195312500000000e+00 -1.485112901039801183e-25 1.844529034565066957e-24
1.950683593750000000e+00 -3.516705738591661023e-25 1.888523184488304076e-24
1.951171875000000000e+00 -5.518660166957898093e-25 1.916803576512091753e-24
1.951660156250000000e+00 -7.474202686682056167e-25 1.929097919166643729e-24
1.952148437500000000e+00 -9.366756349288185859e-25 1.925339086546345396e-24
1.952636718750000000e+00 -1.118107090999641085e-24 1.905566396142880384e-24
1.953125000000000000e+00 -1.290184085216920559e-24 1.869911383869156500e-24
1.953613281250000000e+00 -1.451451363524616896e-24 1.818712029439827446e-24
1.954101562500000000e+00 -1.600617839576393054e-24 1.752395831543476971e-24
1.954589843750000000e+00 -1.736416002056817837e-24 1.671486021947599927e-24
1.955078125000000000e+00 -1.857704013794932206e-24 1.576698912075372800e-24
1.955566406250000000e+00 -1.963524390002620619e-24 1.468814902743153344e-24
1.956054687500000000e+00 -2.052964410665028731e-24 1.348707001970740076e-24
1.956542968750000000e+00 -2.125276248282167397e-24 1.217418950065592916e-24
1.957031250000000000e+00 -2.179905454757427748e-24 1.076028224699809952e-24
1.957519531250000000e+00 -2.216359320108672494e-24 9.256940477866482978e-25
1.958007812500000000e+00 -2.234341099599343743e-24 7.677120013341992841e-25
1.958496093750000000e+00 -2.233745823680143488e-24 6.033737582078713953e-25
1.958984375000000000e+00 -2.214538595533550153e-24 4.340343037509056970e-25
1.959472656250000000e+00 -2.176895914732042186e-24 2.611435983079918571e-25
1.959960937500000000e+00 -2.121168748137804582e-24 8.611005599035710051e-26
1.960449218750000000e+00 -2.047776731997830422e-24 -8.961496297950136414e-26
1.960937500000000000e+00 -1.957354016889455930e-24 -2.645305212023642397e-25
1.961425781250000000e+00 -1.850682726567893452e-24 -4.372156150350517232e-25
1.961914062500000000e+00 -1.728606609853849097e-24 -6.062313237320619965e-25
1.962402343750000000e+00 -1.592174311475531871e-24 -7.701385945752188818e-25
1.962890625000000000e+00 -1.442543462977479825e-24 -9.276139716580732669e-25
1.963378906250000000e+00 -1.280915799519915092e-24 -1.077339486120893726e-24
1.963867187500000000e+00 -1.108673774277054891e-24 -1.218042730969555586e-24
1.964355468750000000e+00 -9.272613606268899262e-25 -1.348594953778028085e-24
1.964843750000000000e+00 -7.381454878603889471e-25 -1.467894088363459301e-24
1.965332031250000000e+00 -5.429423223542144464e-25 -1.574927006338028122e-24
1.965820312500000000e+00 -3.432783608766366512e-25 -1.668846692466116188e-24
1.966308593750000000e+00 -1.407775674413599303e-25 -1.748851196543121533e-24
1.966796875000000000e+00 6.282866265680857512e-26 -1.814263451119328293e-24
1.967285156250000000e+00 2.658548958291971872e-25 -1.864582924968467191e-24
1.967773437500000000e+00 4.666463585977701517e-25 -1.899364365192105047e-24
1.968261718750000000e+00 6.634862254254868295e-25 -1.918313364947627237e-24
1.968750000000000000e+00 8.547557658472075757e-25 -1.921312492338080562e-24
1.969238281250000000e+00 1.038891139162471148e-24 -1.908305287588902743e-24
1.969726562500000000e+00 1.214312525774149691e-24 -1.879403763621432151e-24
1.970214843750000000e+00 1.379587098393148669e-24 -1.834886467803673893e-24
1.970703125000000000e+00 1.533360298440744496e-24 -1.775089886542323273e-24
1.971191406250000000e+00 1.674308132759349307e-24 -1.700522999434017723e-24
1.971679687500000000e+00 1.801294533271750424e-24 -1.611838046498921711e-24
1.972167968750000000e+00 1.913276978753166977e-24 -1.509735033992193229e-24
1.972656250000000000e+00 2.009282291232097387e-24 -1.395081120650903451e-24
1.973144531250000000e+00 2.088553418034395219e-24 -1.268855999605710410e-24
1.973632812500000000e+00 2.150434725721501825e-24 -1.132072135428361360e-24
1.974121093750000000e+00 2.194373710432105074e-24 -9.858930602589884424e-25
1.974609375000000000e+00 2.220052081407859076e-24 -8.315540899915501471e-25
1.975097656250000000e+00 2.227253194574844617e-24 -6.703011461803162976e-25
1.975585937500000000e+00 2.215887004035474108e-24 -5.035053102982894306e-25
1.976074218750000000e+00 2.186098974548489737e-24 -3.325640509712718228e-25
1.976562500000000000e+00 2.138124390371763738e-24 -1.588624667767597277e-25
1.977050781250000000e+00 2.072337257014016224e-24 1.611970145237337075e-26
1.977539062500000000e+00 1.989335473690993278e-24 1.909238012711241341e-25
1.978027343750000000e+00 1.889788596811281703e-24 3.641287083281443589e-25
1.978515625000000000e+00 1.774508429079301553e-24 5.342557166285685848e-25
1.979003906250000000e+00 1.644505615950222425e-24 6.998960839419519784e-25
1.979492187500000000e+00 1.500834337755294322e-24 8.597024966637586612e-25
1.979980468750000000e+00 1.344681304835128498e-24 1.012307009570072133e-24
1.980468750000000000e+00 1.177393034537723350e-24 1.156454671574638066e-24
1.980957031250000000e+00 1.000325476638121743e-24 1.290970770659457599e-24
1.981445312500000000e+00 8.149504651480787307e-25 1.414696054768818050e-24
1.981933593750000000e+00 6.228536433324622315e-25 1.526622777137549137e-24
1.982421875000000000e+00 4.255934867592575698e-25 1.625838867987578737e-24
1.982910156250000000e+00 2.248195807245555321e-25 1.711481175153814483e-24
1.983398437500000000e+00 2.224016031705836596e-26 1.782866864897457921e-24
1.983886718750000000e+00 -1.805039963993569884e-25 1.839414924470487536e-24
1.984375000000000000e+00 -3.817115924753814970e-25 1.880618784321078223e-24
1.984863281250000000e+00 -5.796796748282540770e-25 1.906169508362191128e-24
1.985351562500000000e+00 -7.728085423224454966e-25 1.915859071577989705e-24
1.985839843750000000e+00 -9.594685386242348459e-25 1.909574127556251657e-24
1.986328125000000000e+00 -1.138084462408656650e-24 1.887406050154479786e-24
1.986816406250000000e+00 -1.307217157173037847e-24 1.849537803789574705e-24
1.987304687500000000e+00 -1.465430270371741871e-24 1.796257232440700070e-24
1.987792968750000000e+00 -1.611395783160807453e-24 1.728049307692871090e-24
1.988281250000000000e+00 -1.743946896367799073e-24 1.645471428510539012e-24
1.988769531250000000e+00 -1.861947114154508261e-24 1.549187453157964075e-24
1.989257812500000000e+00 -1.964412058662282773e-24 1.440040551126121292e-24
1.989746093750000000e+00 -2.050532604993976616e-24 1.318921935445406123e-24
1.990234375000000000e+00 -2.119552686828078700e-24 1.186823504060068119e-24
1.990722656250000000e+00 -2.170904298153403228e-24 1.044887207844010584e-24
1.991210937500000000e+00 -2.204199933941605204e-24 8.942708531418796018e-25
1.991699218750000000e+00 -2.219121673504724737e-24 7.362176811193275880e-25
1.992187500000000000e+00 -2.215562142069661656e-24 5.720821640547927507e-25
1.992675781250000000e+00 -2.193585076321298061e-24 4.031997787165756786e-25
1.993164062500000000e+00 -2.153329776776757539e-24 2.309724233494510889e-25
1.993652343750000000e+00 -2.095154635793220942e-24 5.686986759661710333e-26
1.994140625000000000e+00 -2.019569333777564662e-24 -1.176929267847839545e-25
1.994628906250000000e+00 -1.927159025305629938e-24 -2.912588818961301769e-25
1.995117187500000000e+00 -1.818724643385489219e-24 -4.623519896931994385e-25
1.995605468750000000e+00 -1.695187398859305632e-24 -6.295869778540768874e-25
1.996093750000000000e+00 -1.557533609440880169e-24 -7.915622920016147386e-25
1.996582031250000000e+00 -1.406946367825874861e-24 -9.469050266515933409e-25
1.997070312500000000e+00 -1.244687149587716893e-24 -1.094362800635763635e-24
1.997558593750000000e+00 -1.072065513043654556e-24 -1.232690978801114143e-24
1.998046875000000000e+00 -8.905594358700946070e-25 -1.360718917159947281e-24
1.998535156250000000e+00 -7.016788895314367293e-25 -1.477421703183996946e-24
1.999023437500000000e+00 -5.069604315014846793e-25 -1.581805337382338814e-24
1.999511718750000000e+00 -3.080703233765871657e-25 -1.672990274600027414e-24
