# time, h1, l1
0.000000000000000000e+00 -9.445308550652053349e-24 4.094031576656798168e-23
4.882812500000000000e-04 -1.862059455399961061e-23 7.247388985448583379e-23
9.765625000000000000e-04 -4.931341503948683408e-23 -2.877085860056507568e-22
1.464843750000000000e-03 -2.067401158074833517e-22 2.535984006604361936e-22
1.953125000000000000e-03 -2.674513790177541964e-22 -2.572608326377699633e-23
2.441406250000000000e-03 4.024493341194076117e-23 6.313283388039925928e-23
2.929687500000000000e-03 -6.957516595433291883e-23 1.143901569097782066e-22
3.417968750000000000e-03 5.461200256189274961e-23 -2.278140220591239646e-23
3.906250000000000000e-03 -8.263915184490290772e-23 5.433348034442825079e-23
4.394531250000000000e-03 2.601128661352628562e-22 -2.160633707433263860e-23
4.882812500000000000e-03 2.541110105687503195e-22 -1.388993202792969924e-22
5.371093750000000000e-03 -1.160227749704754900e-22 5.373230271918023426e-23
5.859375000000000000e-03 7.331690609478387474e-23 7.019497084958740237e-23
6.347656250000000000e-03 1.872772070739560588e-22 -2.317646528077357872e-23
6.835937500000000000e-03 1.513546392967793725e-23 -4.743010639673391919e-23
7.324218750000000000e-03 8.434462183307970054e-23 -2.076563650982681724e-25
7.812500000000000000e-03 1.673128014596994477e-22 1.558046422208728859e-22
8.300781250000000000e-03 2.925008924064236628e-23 -1.962784911365158369e-23
8.789062500000000000e-03 1.039539518577042553e-22 -2.810044287867226747e-22
9.277343750000000000e-03 -4.552658146680060999e-23 -1.936213773975400013e-22
9.765625000000000000e-03 4.068487990642680324e-23 -1.029969854307143923e-22
1.025390625000000000e-02 8.564221248352653228e-23 5.664206382999912716e-23
1.074218750000000000e-02 -7.426437691323913868e-23 -4.776078440830952901e-23
1.123046875000000000e-02 4.002600447479117075e-23 -5.774449756093133296e-23
1.171875000000000000e-02 -9.299346864313330264e-23 -1.571314754753546894e-22
1.220703125000000000e-02 1.734114742014398930e-22 1.744591292253821863e-23
1.269531250000000000e-02 -2.639523275912348305e-22 -1.339653483232859559e-22
1.318359375000000000e-02 -1.145323644192258975e-22 -1.492190618429496945e-22
1.367187500000000000e-02 -2.760776232757583971e-23 4.326958920251509890e-23
1.416015625000000000e-02 -4.079405215785852473e-23 -1.371259715865597409e-22
1.464843750000000000e-02 -8.581015197021685953e-23 1.571592431203688296e-22
1.513671875000000000e-02 1.152444570568022523e-22 -7.909927353365324423e-24
1.562500000000000000e-02 -9.903668680099731007e-24 -7.307338299853355005e-23
1.611328125000000000e-02 -1.890044454125662229e-22 -4.493627868100001561e-23
1.660156250000000000e-02 -7.193698741371162720e-23 -3.357981845746003772e-22
1.708984375000000000e-02 6.887936135674485932e-23 1.064736591912614358e-22
1.757812500000000000e-02 1.334334562895593296e-22 -7.601803340033013972e-23
1.806640625000000000e-02 2.066729453773168347e-22 1.064956209884758778e-22
1.855468750000000000e-02 1.674184951272959127e-22 -1.216700540640361463e-22
1.904296875000000000e-02 1.471961400982941470e-22 1.559777792294657069e-22
1.953125000000000000e-02 1.590748324339855455e-22 -1.971399118342458231e-22
2.001953125000000000e-02 -1.097172524483366796e-22 1.289953709976724014e-22
2.050781250000000000e-02 -1.187751946497693352e-22 -1.152555752014579435e-22
2.099609375000000000e-02 -1.317006766429849886e-22 4.159202560426509979e-23
2.148437500000000000e-02 -2.868553503863866233e-23 1.486863596437195468e-22
2.197265625000000000e-02 -5.556052324817218736e-23 -1.052383652712944802e-22
2.246093750000000000e-02 -6.552199402615316099e-23 -4.092974275014416587e-23
2.294921875000000000e-02 1.604477662401509712e-22 6.688595470889675089e-23
2.343750000000000000e-02 -2.690156679320465408e-22 -1.087776580076317407e-22
2.392578125000000000e-02 -1.586609718553705729e-23 1.107644506756087296e-22
2.441406250000000000e-02 1.794547921136556206e-22 3.786384444621897120e-23
2.490234375000000000e-02 9.544050784201056530e-23 1.406297775067723750e-22
2.539062500000000000e-02 -4.463611412600375431e-23 1.019768797443658455e-22
2.587890625000000000e-02 3.193028348822538687e-23 9.786776318512485172e-23
2.636718750000000000e-02 -1.277286981918117289e-22 -1.757811440452285068e-22
2.685546875000000000e-02 5.201815486905072355e-23 1.052984547774448437e-22
2.734375000000000000e-02 -3.275046927655000832e-22 9.385610906474307026e-23
2.783203125000000000e-02 -6.914482557553958167e-24 1.492711759004320801e-22
2.832031250000000000e-02 -1.163045857910722810e-22 2.219293554539051265e-22
2.880859375000000000e-02 -7.788536057180241808e-23 7.924508649487984284e-23
2.929687500000000000e-02 7.761098060317247758e-25 -6.099213363763427625e-23
2.978515625000000000e-02 8.590255956214531784e-23 1.243273904555066955e-22
3.027343750000000000e-02 -8.514725799676471937e-23 8.394103920534007434e-23
3.076171875000000000e-02 1.019929794425377489e-22 4.171380302631008019e-22
3.125000000000000000e-02 5.294448182582738436e-23 1.844952363966138888e-22
3.173828125000000000e-02 -1.582327335441124019e-22 4.971371630606943791e-23
3.222656250000000000e-02 -2.077451301738745493e-22 1.616648251160405895e-22
3.271484375000000000e-02 -4.938350576677919325e-23 1.135637365839773282e-22
3.320312500000000000e-02 8.112909176858141066e-23 -2.090361909198961533e-22
3.369140625000000000e-02 1.711271755501131842e-22 -3.332533479675769205e-22
3.417968750000000000e-02 -1.332672030100140036e-23 -1.871218253965154387e-22
3.466796875000000000e-02 4.836573970544533005e-25 1.349590282047437743e-22
3.515625000000000000e-02 4.454698502466910689e-23 -7.259976854175985338e-23
3.564453125000000000e-02 7.906423981377517656e-23 -8.044453165433609517e-23
3.613281250000000000e-02 2.022545819679599150e-23 6.136966301317975684e-23
3.662109375000000000e-02 -1.940312766250427865e-22 -1.194363119036331916e-23
3.710937500000000000e-02 2.001762088896897166e-23 6.979498789894650928e-23
3.759765625000000000e-02 -4.174209409920737414e-23 5.542865602046036877e-23
3.808593750000000000e-02 -1.728029547344118807e-22 3.160633170014353153e-23
3.857421875000000000e-02 1.587042206769699811e-22 -1.789300540990288251e-22
3.906250000000000000e-02 1.916975425952858447e-22 -3.751209943033673861e-22
3.955078125000000000e-02 8.463152118221134304e-23 2.713267785722412822e-22
4.003906250000000000e-02 1.566048791833027727e-22 -1.042375292010020820e-22
4.052734375000000000e-02 -8.812288531381893707e-24 2.104500650741529769e-23
4.101562500000000000e-02 1.467561486884713207e-22 -2.686395846304423595e-22
4.150390625000000000e-02 2.323281536571456281e-24 3.078553054524025733e-23
4.199218750000000000e-02 8.356043772285421007e-23 -1.206812390195937605e-22
4.248046875000000000e-02 1.418369804060521350e-22 7.357881629896735223e-23
4.296875000000000000e-02 5.404587915279452094e-23 -5.701109378724445241e-23
4.345703125000000000e-02 -9.719973238352543902e-23 -2.755292241931364367e-22
4.394531250000000000e-02 -5.960531590938553646e-23 -2.374637695186644170e-22
4.443359375000000000e-02 -2.121123190475124909e-23 -2.779529842671038844e-22
4.492187500000000000e-02 1.586146146702769913e-22 2.362973728130050811e-22
4.541015625000000000e-02 1.456049139478362810e-22 -9.393420382179971285e-24
4.589843750000000000e-02 -1.830563824943814584e-22 5.316738256979883697e-23
4.638671875000000000e-02 -2.404724444123532882e-23 -1.993577399890382250e-22
4.687500000000000000e-02 1.852609464909915097e-22 -2.392168405742609960e-22
4.736328125000000000e-02 4.160816365630870127e-23 -7.525609070572556046e-23
4.785156250000000000e-02 -2.309464099454078208e-22 5.451086394974991067e-23
4.833984375000000000e-02 -1.162155751849114355e-22 -2.102511020817591268e-22
4.882812500000000000e-02 -4.643589883080431115e-23 2.400494593946872572e-22
4.931640625000000000e-02 9.462294943958762275e-23 1.980239609436806892e-23
4.980468750000000000e-02 -4.558505053289042784e-23 5.480998613794524863e-23
5.029296875000000000e-02 1.027616346501921116e-22 1.516734540175280500e-22
5.078125000000000000e-02 -6.291004071979006918e-23 1.901012399216273940e-22
5.126953125000000000e-02 -3.632069348839104506e-23 -2.946312171843517379e-22
5.175781250000000000e-02 6.818191444068001008e-23 1.418958823094744797e-22
5.224609375000000000e-02 4.281659441687153817e-23 1.198652311011710882e-23
5.273437500000000000e-02 2.472493516057541226e-24 7.772405539430013206e-23
5.322265625000000000e-02 1.374440263084200772e-22 2.880112611988271636e-22
5.371093750000000000e-02 1.536618332458762186e-22 3.861294616358496429e-23
5.419921875000000000e-02 -1.179853510600312215e-22 -2.209668678540815784e-23
5.468750000000000000e-02 4.366320336960278035e-24 3.208327727151081913e-24
5.517578125000000000e-02 1.341049134617660060e-23 -3.409648873194759101e-23
5.566406250000000000e-02 -4.818620531485627121e-22 1.571998791907411411e-22
5.615234375000000000e-02 -1.629278076737714324e-22 6.414466181278833506e-25
5.664062500000000000e-02 -1.950669987911880743e-23 2.048625008317415169e-22
5.712890625000000000e-02 5.486012521591394065e-23 -4.600826444234510712e-23
5.761718750000000000e-02 2.257079266707365283e-22 1.849007246404744075e-22
5.810546875000000000e-02 -1.702329591329290104e-22 -6.530094267938517768e-24
5.859375000000000000e-02 2.253135252980998381e-23 1.076685768724431940e-22
5.908203125000000000e-02 -2.908727557443737630e-22 9.226081466103099538e-23
5.957031250000000000e-02 -1.450897656563517786e-22 4.480400533397465466e-24
6.005859375000000000e-02 -7.582680647366108991e-24 3.849363800078234488e-23
6.054687500000000000e-02 -1.127852936219464896e-22 -5.834762218012534473e-23
6.103515625000000000e-02 1.004081346757895257e-22 -3.322408020920179749e-22
6.152343750000000000e-02 -1.125769753330760763e-22 5.087484136910541453e-23
6.201171875000000000e-02 5.008772729036993763e-23 1.036857080558823561e-23
6.250000000000000000e-02 2.812082310012631211e-23 1.219728180593393322e-22
6.298828125000000000e-02 -2.139404075333894023e-22 -8.112477015779494969e-23
6.347656250000000000e-02 -1.484669501363881873e-23 1.988702299908216224e-22
6.396484375000000000e-02 6.018322613525175794e-23 3.607793865321947894e-22
6.445312500000000000e-02 -9.169800214392344622e-24 2.064786964534305447e-22
6.494140625000000000e-02 7.831116054728565080e-23 3.836211599753708024e-23
6.542968750000000000e-02 8.636550065429156129e-23 -1.271610075174893580e-22
6.591796875000000000e-02 6.359844130101050605e-23 2.294047425436966337e-22
6.640625000000000000e-02 -6.695240654633318727e-23 -6.899334397813189005e-23
6.689453125000000000e-02 2.555111176597629743e-22 -4.950672252705129429e-22
6.738281250000000000e-02 -2.109291533556189321e-23 -2.879095417989908680e-23
6.787109375000000000e-02 1.005421604959113315e-22 2.158178243530666190e-22
6.835937500000000000e-02 1.876998819074223528e-22 -2.706659876937971954e-22
6.884765625000000000e-02 8.499372702396539593e-23 -3.044513611570381853e-23
6.933593750000000000e-02 4.877537389714950468e-23 -1.570042674877317479e-22
6.982421875000000000e-02 -1.465232341600616644e-22 -2.434666347458458294e-22
7.031250000000000000e-02 8.455924688901213617e-23 2.098568691280298474e-22
7.080078125000000000e-02 1.200325587348445314e-22 4.377897964278174131e-23
7.128906250000000000e-02 -8.090307909657074222e-23 -2.938567481141031972e-22
7.177734375000000000e-02 -1.115052790648844014e-22 -6.990009457351610841e-23
7.226562500000000000e-02 -2.606789256583722024e-23 8.781895427243818796e-23
7.275390625000000000e-02 -7.176644441572958545e-24 -2.875627650554310916e-22
7.324218750000000000e-02 -4.155405740538930020e-23 -5.021636664833115231e-23
7.373046875000000000e-02 7.343232593228694839e-23 -1.659820709671149477e-22
7.421875000000000000e-02 9.939143066124535106e-23 7.926721564869477902e-23
7.470703125000000000e-02 5.046934121625148348e-23 -1.970797090515878556e-22
7.519531250000000000e-02 3.463783594937241674e-22 1.265068039709583844e-22
7.568359375000000000e-02 -4.650670844928159275e-23 1.422564360349870154e-22
7.617187500000000000e-02 -1.621923170465985791e-22 4.921296906823327390e-24
7.666015625000000000e-02 8.338346019438273299e-23 -1.084434791771020333e-22
7.714843750000000000e-02 2.472729480102648963e-23 -1.393252311456553870e-23
7.763671875000000000e-02 9.998181911897543679e-23 -8.137504553187448627e-23
7.812500000000000000e-02 1.932836140224018470e-22 -5.928069012121320541e-23
7.861328125000000000e-02 -5.167725685769213934e-23 2.113678824142912276e-22
7.910156250000000000e-02 1.140222914415769582e-22 -2.056295152240380220e-22
7.958984375000000000e-02 -1.080547293260763903e-22 2.365312168327664461e-22
8.007812500000000000e-02 -1.385355549574524790e-22 3.581490421727620361e-24
8.056640625000000000e-02 -1.324951583626399978e-22 -3.600351615721723044e-23
8.105468750000000000e-02 -6.465501363589683953e-23 1.506385678333353683e-22
8.154296875000000000e-02 8.948407063606641751e-23 -5.619861832540679699e-23
8.203125000000000000e-02 -7.640205195768154399e-23 1.252421511908944166e-22
8.251953125000000000e-02 -8.571963737727637895e-23 1.205439455016849743e-22
8.300781250000000000e-02 -4.098251458650909342e-25 -8.958673188928758297e-23
8.349609375000000000e-02 9.652654956863074050e-23 6.092672200875147979e-23
8.398437500000000000e-02 -4.490293556560402991e-23 -1.293546469642379593e-22
8.447265625000000000e-02 -1.359805591176536983e-22 7.117275736881526852e-23
8.496093750000000000e-02 -1.916225343544446545e-22 2.101575557837672185e-23
8.544921875000000000e-02 1.898515689055933561e-23 -1.180227132515321696e-22
8.593750000000000000e-02 -5.187814266220703017e-23 2.711024731785768761e-24
8.642578125000000000e-02 -2.602865653463884827e-22 8.957262299847626605e-23
8.691406250000000000e-02 3.530786342886016170e-23 -1.039370485514932684e-22
8.740234375000000000e-02 1.878892767904809564e-22 6.956292566636871839e-23
8.789062500000000000e-02 -2.120130865050503436e-22 4.226766974509908389e-23
8.837890625000000000e-02 1.905699892037151492e-23 1.851603232750935333e-22
8.886718750000000000e-02 -6.313773558537805865e-24 2.460370013767565669e-23
8.935546875000000000e-02 -1.427535266835007327e-22 -2.495165429903202986e-22
8.984375000000000000e-02 9.616106246842731452e-23 3.806782077174639614e-23
9.033203125000000000e-02 7.856136232989167499e-23 1.945831445993699297e-22
9.082031250000000000e-02 5.212591323517142395e-24 -1.269415657716626417e-23
9.130859375000000000e-02 6.079572057641896879e-23 8.404029169820295329e-23
9.179687500000000000e-02 -7.023137535511519599e-23 -3.156445611945253808e-24
9.228515625000000000e-02 4.611977644075518727e-23 2.393703984924628654e-22
9.277343750000000000e-02 7.681028930360032289e-23 3.787621586192022646e-23
9.326171875000000000e-02 -8.370206357096623157e-23 7.501009078138727368e-23
9.375000000000000000e-02 -7.896862664257763600e-23 -4.157937051877231394e-23
9.423828125000000000e-02 8.038927579605638415e-23 1.011700543779936736e-22
9.472656250000000000e-02 7.368486288439099308e-23 1.927244537749736866e-22
9.521484375000000000e-02 2.741436167598576025e-23 -4.507406875785167303e-23
9.570312500000000000e-02 3.831826508970668737e-23 1.184020396660665264e-22
9.619140625000000000e-02 4.401326466144418330e-23 -5.453352072522706985e-23
9.667968750000000000e-02 -6.786704521100422719e-23 -5.443389265736370992e-23
9.716796875000000000e-02 4.473922061378567854e-23 1.737723551811894779e-23
9.765625000000000000e-02 -1.650012211384533659e-22 -2.648073973259233844e-23
9.814453125000000000e-02 1.878615564646195826e-23 -1.078000476141720426e-22
9.863281250000000000e-02 3.665944406155250465e-23 -1.312215926492630655e-22
9.912109375000000000e-02 2.283289846235203376e-22 -2.909530537314233138e-22
9.960937500000000000e-02 4.055515236753576085e-23 -2.710630335002466934e-23
1.000976562500000000e-01 -1.259387917932067117e-22 -3.178323230177830867e-23
1.005859375000000000e-01 1.433903458188391791e-22 -1.837586248727123237e-22
1.010742187500000000e-01 -1.790687693636492779e-22 -2.601659214925696620e-23
1.015625000000000000e-01 -1.693971975702492181e-24 -1.217720241161009067e-22
1.020507812500000000e-01 1.922182516879355383e-23 6.162909105646133769e-23
1.025390625000000000e-01 -2.212190679894796413e-22 9.478629738324557474e-23
1.030273437500000000e-01 6.222226191647815719e-23 -1.167930720580438120e-23
1.035156250000000000e-01 -4.739175520939219571e-23 -1.321890871724591487e-22
1.040039062500000000e-01 -4.089793406369641689e-23 3.753291307385213345e-23
1.044921875000000000e-01 -2.820902329422831576e-25 -1.129048076392604486e-22
1.049804687500000000e-01 1.057828877473169500e-22 3.747095939103111865e-23
1.054687500000000000e-01 -3.555278222814353937e-24 -3.442062949858419627e-22
1.059570312500000000e-01 1.430693848377715716e-22 7.129371704089047557e-23
1.064453125000000000e-01 5.586984336570944231e-23 6.899237446136797072e-23
1.069335937500000000e-01 -1.717562352272894495e-24 -7.077605405170055016e-23
1.074218750000000000e-01 8.146329904046982721e-23 -6.026925340896675901e-23
1.079101562500000000e-01 9.503246150225292287e-23 8.590310581708925147e-23
1.083984375000000000e-01 1.678163257896856247e-22 -1.315803992362945552e-23
1.088867187500000000e-01 1.713980842921007773e-22 1.290817744878870066e-22
1.093750000000000000e-01 -3.511325667648440927e-23 1.263888820184706521e-22
1.098632812500000000e-01 9.888843121375040664e-23 1.067876089451325829e-22
1.103515625000000000e-01 4.323025814887893569e-23 1.940671857760385271e-22
1.108398437500000000e-01 3.862678527965486086e-23 1.700007387231760957e-22
1.113281250000000000e-01 -5.591918715600040733e-23 5.525218788425412261e-23
1.118164062500000000e-01 -1.893861111182245330e-22 -7.916509578791046235e-23
1.123046875000000000e-01 8.754774474177076363e-23 1.631267089589051797e-22
1.127929687500000000e-01 -3.401793265267441267e-23 -7.196685645388745709e-23
1.132812500000000000e-01 -8.176955355242305149e-23 1.661162524827917580e-22
1.137695312500000000e-01 -4.548678343896651862e-23 -2.149988134858286811e-22
1.142578125000000000e-01 -3.635316006754606092e-22 -2.043833055192804456e-22
1.147460937500000000e-01 2.816791203491303329e-22 1.384082519991080968e-22
1.152343750000000000e-01 -5.318962649850901501e-23 -7.080882803461996238e-23
1.157226562500000000e-01 -3.259874861475139896e-24 3.902693719322908560e-23
1.162109375000000000e-01 -2.724476372225931672e-23 2.697197956736230810e-23
1.166992187500000000e-01 5.306062859525566550e-23 -1.127246584816536929e-22
1.171875000000000000e-01 -4.237349155974671280e-23 -1.255226864454272956e-22
1.176757812500000000e-01 -9.587819725688979234e-23 1.900195040198935255e-24
1.181640625000000000e-01 -1.803980102309227909e-23 -8.576665689854447756e-24
1.186523437500000000e-01 -2.215952597263794210e-25 2.313020326625574404e-22
1.191406250000000000e-01 -4.440166366575351157e-23 1.661515374057943938e-23
1.196289062500000000e-01 2.220680123978625971e-22 -4.016210362163424596e-23
1.201171875000000000e-01 -1.896661943077119972e-22 1.831042688180048096e-22
1.206054687500000000e-01 4.891400329105506739e-23 -1.434017136203421079e-22
1.210937500000000000e-01 -3.615724852669527724e-23 -3.484175902829037922e-22
1.215820312500000000e-01 -1.217819424218445133e-22 5.995692979700646962e-23
1.220703125000000000e-01 5.449128969697673930e-24 -7.807991635686163591e-23
1.225585937500000000e-01 -2.243848349630996949e-22 -1.026684918631824338e-23
1.230468750000000000e-01 -4.067486751883512531e-23 -1.329575239660042277e-22
1.235351562500000000e-01 -1.335938207510315712e-22 3.907680607335962939e-23
1.240234375000000000e-01 -2.752906521785208281e-22 1.015465714929644649e-22
1.245117187500000000e-01 2.411230646039929303e-22 1.049369813255533572e-23
1.250000000000000000e-01 -1.469943981721620356e-22 -9.919214963607089216e-23
1.254882812500000000e-01 -7.247618456177190784e-23 2.276255970377575675e-22
1.259765625000000000e-01 5.796084314048085047e-23 -9.648922206749558127e-23
1.264648437500000000e-01 -1.395619780915694478e-23 -3.045957698152596593e-23
1.269531250000000000e-01 2.567984905349619695e-22 1.799146140239471822e-22
1.274414062500000000e-01 6.613108354046945100e-23 1.196555894152933136e-22
1.279296875000000000e-01 1.016177769057671524e-23 -2.262367530831814665e-22
1.284179687500000000e-01 -1.314395146639507712e-22 1.239700054187811475e-22
1.289062500000000000e-01 6.061607728590275208e-23 -4.404002729055485918e-23
1.293945312500000000e-01 1.886011000731666027e-22 3.016376306359986692e-22
1.298828125000000000e-01 -1.361213230266329755e-22 -1.410393476220724994e-22
1.303710937500000000e-01 2.967366219874375015e-22 1.041121085008805621e-22
1.308593750000000000e-01 -1.359171463084459690e-22 -4.696890872700336569e-23
1.313476562500000000e-01 3.099813525476903540e-22 1.341301334585470262e-22
1.318359375000000000e-01 5.449566083357861055e-23 -3.173437985145608921e-22
1.323242187500000000e-01 1.705288719727927443e-23 8.501634130251667896e-23
1.328125000000000000e-01 7.882067525221017314e-23 7.197703993918452840e-23
1.333007812500000000e-01 -8.329155932597152370e-23 4.618478303686911850e-23
1.337890625000000000e-01 2.563834431468000837e-22 1.092769320267718549e-22
1.342773437500000000e-01 -3.804644521806286959e-23 4.479474519835455178e-24
1.347656250000000000e-01 -6.898720035161826079e-23 -1.174537945034262603e-22
1.352539062500000000e-01 1.275404056547475774e-24 -2.025482572399947378e-22
1.357421875000000000e-01 -1.394158147212932151e-22 1.091511749099116488e-22
1.362304687500000000e-01 1.342301562647811557e-22 1.657229692715237301e-22
1.367187500000000000e-01 -1.074629113685433101e-22 -1.917483124101443088e-22
1.372070312500000000e-01 -6.041070661667513112e-23 2.241778171071211888e-22
1.376953125000000000e-01 1.121072024373578655e-22 8.573674784501331220e-24
1.381835937500000000e-01 -1.689406352037313124e-22 -7.404845542009997733e-24
1.386718750000000000e-01 7.101853174656971351e-23 1.529518295473021400e-22
1.391601562500000000e-01 1.197354015560282758e-22 -2.210645877105061867e-23
1.396484375000000000e-01 1.133708473291412405e-22 -1.243226741452755842e-22
1.401367187500000000e-01 -1.937750180577497119e-22 -1.658567095764826107e-22
1.406250000000000000e-01 -1.369595573735118195e-22 1.758038866300923474e-22
1.411132812500000000e-01 -4.143626340865538488e-23 -9.646954365791025061e-23
1.416015625000000000e-01 -1.448704599738109414e-22 -9.940299219080808057e-23
1.420898437500000000e-01 7.704418299788057043e-24 -6.535200783372366208e-23
1.425781250000000000e-01 -5.875976965303393953e-23 -1.187942517516349593e-22
1.430664062500000000e-01 -2.338767536400978000e-23 -1.323544022432838150e-22
1.435546875000000000e-01 1.687292327733476016e-22 -6.146634906294369347e-23
1.440429687500000000e-01 -6.254654927489142066e-23 -8.957340582695910040e-23
1.445312500000000000e-01 -5.002898483129855627e-23 1.405768732674204761e-22
1.450195312500000000e-01 -9.971524348794467028e-23 2.628929170061584236e-22
1.455078125000000000e-01 2.180046322782639842e-23 -8.234981396440305949e-23
1.459960937500000000e-01 6.783492223431597672e-23 -1.544292192174954612e-22
1.464843750000000000e-01 8.122736294511870526e-23 -2.057551607560647983e-23
1.469726562500000000e-01 1.200177554143338734e-22 -1.107500410394689785e-22
1.474609375000000000e-01 -1.756083124470128275e-22 2.867790352628417187e-22
1.479492187500000000e-01 8.527907917080263825e-23 -4.686205285846006209e-23
1.484375000000000000e-01 8.207796965912304941e-23 2.815182898612043232e-22
1.489257812500000000e-01 5.770175309995695798e-23 -2.518564922543942198e-23
1.494140625000000000e-01 2.914522378713003420e-23 1.128409359431945464e-22
1.499023437500000000e-01 -7.506379101052335943e-23 -1.239148966572944937e-22
1.503906250000000000e-01 2.065418779853657425e-22 -2.328577132243239880e-22
1.508789062500000000e-01 -5.173220335753181559e-23 -2.844504951052134100e-23
1.513671875000000000e-01 -2.539885018322620320e-23 -1.138660905946197914e-22
1.518554687500000000e-01 -8.534963710663663466e-23 -2.185412852866274843e-22
1.523437500000000000e-01 -3.599640309010066025e-23 1.647749356979134908e-22
1.528320312500000000e-01 7.808739917622441413e-23 7.259962211875418651e-23
1.533203125000000000e-01 -7.977650985799168797e-23 -8.851674767375625455e-23
1.538085937500000000e-01 1.026562489365603031e-22 -7.165240378305771318e-23
1.542968750000000000e-01 -2.690485532059178136e-22 -7.902876338348205819e-23
1.547851562500000000e-01 -1.209307208662568890e-22 -1.308860530705584179e-22
1.552734375000000000e-01 2.117800533186733605e-22 -2.644768455387454907e-22
1.557617187500000000e-01 -7.611891860315763780e-23 1.777702566576931259e-22
1.562500000000000000e-01 -5.953043332533111106e-23 1.700958611766340280e-22
1.567382812500000000e-01 7.284757878841012503e-23 1.043048934967045681e-22
1.572265625000000000e-01 1.101792470391720902e-22 -4.390022340123704123e-23
1.577148437500000000e-01 2.852502376578085167e-22 2.747649528931882602e-23
1.582031250000000000e-01 -1.160902660939749335e-22 1.089981490408908586e-22
1.586914062500000000e-01 -1.820847731483501228e-22 1.352383450049654537e-22
1.591796875000000000e-01 -4.801958716034924708e-23 1.079570460480043679e-22
1.596679687500000000e-01 -5.041756944475217697e-23 2.260851720195913680e-23
1.601562500000000000e-01 -1.405921490701801288e-22 -9.735987459343941346e-24
1.606445312500000000e-01 -3.714332088486240317e-24 -1.000682168018924912e-22
1.611328125000000000e-01 -2.840583509563644527e-23 1.639584230304197362e-22
1.616210937500000000e-01 6.688259663575467270e-23 6.966074003303483881e-23
1.621093750000000000e-01 -3.988318701887003756e-22 8.286054383422571500e-23
1.625976562500000000e-01 2.914698802424120924e-22 1.998268599253190295e-22
1.630859375000000000e-01 6.581371118391883389e-23 1.747934183203081464e-22
1.635742187500000000e-01 -1.084257756955850152e-22 2.505319319593063472e-22
1.640625000000000000e-01 4.823804935937304181e-23 -6.648412682403045945e-24
1.645507812500000000e-01 2.267927038738142187e-22 -1.432405199104759242e-23
1.650390625000000000e-01 1.590412180227662607e-22 4.227482177279167794e-23
1.655273437500000000e-01 1.110240760868196207e-22 -4.296975700296225756e-23
1.660156250000000000e-01 -3.542773015027374246e-23 -8.124694347491703027e-23
1.665039062500000000e-01 1.473503397689601538e-24 -9.303279866221535955e-23
1.669921875000000000e-01 -1.311737543092842732e-22 1.480608332507733760e-22
1.674804687500000000e-01 4.765555613426087839e-23 -2.608274564039041714e-22
1.679687500000000000e-01 -1.552950332396809969e-22 1.986858395944142935e-22
1.684570312500000000e-01 -6.557194971605118492e-23 -2.298068439645197666e-22
1.689453125000000000e-01 4.261116128300927766e-23 5.869196600955818852e-23
1.694335937500000000e-01 -3.175059877205545336e-23 -1.008709635419381733e-22
1.699218750000000000e-01 -7.694662346424333613e-23 -1.088779612590319466e-22
1.704101562500000000e-01 2.059205002466530720e-22 1.238728256395578997e-23
1.708984375000000000e-01 -8.256094110675791456e-23 9.780571006907215301e-23
1.713867187500000000e-01 9.321979946969030159e-23 -3.000056600268812767e-22
1.718750000000000000e-01 -1.346872242828618472e-22 -1.089387265554541741e-22
1.723632812500000000e-01 1.157621565478170721e-22 -6.402943438354510290e-23
1.728515625000000000e-01 1.360769458551507620e-22 -1.564225278245608930e-22
1.733398437500000000e-01 -1.452573757751761475e-22 -9.777838521414888764e-23
1.738281250000000000e-01 -6.670031471978049738e-23 -3.573127021177750631e-23
1.743164062500000000e-01 2.821885058516749323e-23 -1.399770184095945887e-22
1.748046875000000000e-01 2.716802261021486785e-23 -2.382046482574135659e-22
1.752929687500000000e-01 -4.681740366534118963e-23 5.071725365928452003e-23
1.757812500000000000e-01 -8.358727226804807720e-23 -6.114179596080887828e-23
1.762695312500000000e-01 4.705375703446181309e-23 1.450279720163630762e-22
1.767578125000000000e-01 4.410850757752498055e-25 -3.055638690632081709e-23
1.772460937500000000e-01 9.353543653568635055e-23 7.041055146528964396e-23
1.777343750000000000e-01 -3.782405345285251817e-23 8.887898630532413460e-23
1.782226562500000000e-01 6.984893747509655804e-23 -2.725846996057630138e-23
1.787109375000000000e-01 6.048981155153338123e-23 5.171132162174580308e-23
1.791992187500000000e-01 6.357509929336924189e-23 2.374053466452401616e-24
1.796875000000000000e-01 -1.421498815936722929e-22 8.498573909537063705e-23
1.801757812500000000e-01 -1.787321371281881009e-22 2.765728429220879903e-22
1.806640625000000000e-01 -7.578818826622246523e-23 -7.698385272651040918e-23
1.811523437500000000e-01 -1.067167318271567795e-23 6.837355575086405337e-23
1.816406250000000000e-01 4.145485584174952151e-23 -6.455132740077668241e-23
1.821289062500000000e-01 1.910838971221657528e-22 -9.622706796781398858e-23
1.826171875000000000e-01 4.778553727391714658e-23 2.660842406475283185e-23
1.831054687500000000e-01 1.119253439090750114e-22 -1.764212137765082968e-23
1.835937500000000000e-01 4.771854363531860404e-23 -6.232980747943915164e-23
1.840820312500000000e-01 1.666652918801664209e-22 -6.126110365623347443e-23
1.845703125000000000e-01 3.770762735334593743e-23 2.865489767837882543e-22
1.850585937500000000e-01 -1.961356825060453527e-22 7.562867793688252875e-23
1.855468750000000000e-01 -2.135536094071659860e-22 8.765658061263175576e-23
1.860351562500000000e-01 -5.051955924919895711e-24 1.580015387863795964e-22
1.865234375000000000e-01 1.298813047422507659e-22 -9.662586320472292123e-23
1.870117187500000000e-01 6.431403863961516030e-23 2.176725941835628520e-23
1.875000000000000000e-01 1.600360119802694949e-22 -1.025995358950342818e-22
1.879882812500000000e-01 7.585636122500053162e-24 9.226037160169785330e-23
1.884765625000000000e-01 -5.678135519253950995e-23 1.716094130008847149e-23
1.889648437500000000e-01 1.145813000170340934e-22 1.698802906033030057e-22
1.894531250000000000e-01 -1.087210135275537753e-22 -1.623712892534768445e-22
1.899414062500000000e-01 1.714470760664156226e-22 -6.493339317154523272e-24
1.904296875000000000e-01 -6.706958786341290694e-23 1.490469653041810247e-22
1.909179687500000000e-01 1.277113545680769992e-22 -9.201446638529001738e-23
1.914062500000000000e-01 -9.196698845283968657e-24 -3.558917655623051718e-23
1.918945312500000000e-01 -1.969062237217534713e-22 1.084597787750298468e-23
1.923828125000000000e-01 -2.679865463049561076e-23 -6.804550585691465537e-23
1.928710937500000000e-01 -6.007800606162889266e-23 8.971288201638554577e-23
1.933593750000000000e-01 -2.264472057543268706e-22 -2.658736311782058628e-22
1.938476562500000000e-01 -2.279887005758040556e-23 7.890133445565113792e-24
1.943359375000000000e-01 1.018129454889785926e-22 3.363455583272297523e-22
1.948242187500000000e-01 -4.138950841984324545e-22 -8.029948861256970436e-23
1.953125000000000000e-01 1.365145874517713786e-23 -5.629910216522409909e-23
1.958007812500000000e-01 -1.065691919092082842e-22 -3.250839569052736639e-23
1.962890625000000000e-01 9.503781334591867216e-23 -7.802647180459245116e-23
1.967773437500000000e-01 -2.288936539209188585e-22 -9.266252474642713881e-23
1.972656250000000000e-01 -1.032681756481772464e-22 -2.062717179272542176e-22
1.977539062500000000e-01 -1.092190015966917912e-22 2.462798881618738075e-22
1.982421875000000000e-01 1.472910168030772106e-22 -8.973903961240873336e-24
1.987304687500000000e-01 1.254992927564199026e-22 -1.401078438009625501e-22
1.992187500000000000e-01 -3.431608758556519801e-23 1.884809071912297769e-22
1.997070312500000000e-01 5.379214502574349860e-23 -1.702332186175733867e-22
2.001953125000000000e-01 -5.546172396359986856e-23 -1.455488453761942104e-22
2.006835937500000000e-01 1.908016598158852010e-22 3.821985837628073961e-23
2.011718750000000000e-01 1.562580149216288447e-22 7.630123262501115049e-24
2.016601562500000000e-01 5.421617145006943548e-23 1.417441628755881533e-22
2.021484375000000000e-01 -1.315617529091754858e-22 1.841606797156927332e-22
2.026367187500000000e-01 -1.838657377377788716e-22 -1.468045712165045654e-22
2.031250000000000000e-01 8.867571161225765781e-23 2.643329953086039418e-22
2.036132812500000000e-01 -1.403869309920960920e-23 -4.626898945568947862e-23
2.041015625000000000e-01 -4.769494011404824056e-23 6.925023124068484479e-23
2.045898437500000000e-01 -1.708137847311850169e-22 -5.244700841347603260e-23
2.050781250000000000e-01 2.754053538673708898e-22 1.081851775116338907e-22
2.055664062500000000e-01 1.831117614895652857e-22 -1.208456824512394124e-22
2.060546875000000000e-01 5.783185037180900693e-23 1.303147226447971023e-22
2.065429687500000000e-01 -4.395813062893335978e-24 -1.802239913022731785e-22
2.070312500000000000e-01 1.148071307474413453e-22 -1.506074983561066279e-22
2.075195312500000000e-01 -1.182836437473499225e-23 9.680070270855542830e-23
2.080078125000000000e-01 8.622724371858824639e-23 -2.204334948204522005e-22
2.084960937500000000e-01 2.453799640374296708e-22 1.744266894025357537e-22
2.089843750000000000e-01 -1.348226940266797937e-22 -1.714409001457826023e-22
2.094726562500000000e-01 -5.503783877769632448e-23 2.782897103558337247e-25
2.099609375000000000e-01 -4.318287730520994828e-23 -1.069336937684517080e-23
2.104492187500000000e-01 1.998984425452326480e-22 9.151989250435459186e-24
2.109375000000000000e-01 1.547860641359858181e-22 -1.146827877601608355e-22
2.114257812500000000e-01 -1.100900696320765691e-22 -6.184962041806621741e-23
2.119140625000000000e-01 3.289995570298442955e-22 -1.823422628075720523e-22
2.124023437500000000e-01 4.931681399593775334e-23 3.482965676668827856e-22
2.128906250000000000e-01 2.311032011467528501e-24 -2.290552455529812383e-23
2.133789062500000000e-01 -2.953623992467000946e-23 6.206309907106627119e-23
2.138671875000000000e-01 8.366796402414778605e-23 -6.526032716012889889e-23
2.143554687500000000e-01 -1.711197530767256436e-22 1.995172276547267422e-22
2.148437500000000000e-01 -1.792333717690951931e-22 -2.854370665640896199e-23
2.153320312500000000e-01 -1.546807904790062923e-22 1.316573357455051477e-23
2.158203125000000000e-01 -1.465844595676283650e-22 8.380353223022378948e-23
2.163085937500000000e-01 7.170405907909272621e-23 -2.056462749337613503e-23
2.167968750000000000e-01 -1.964332163922352401e-22 2.147817015051251108e-22
2.172851562500000000e-01 1.086443039290779960e-23 1.293911930476594208e-23
2.177734375000000000e-01 -1.060653826189869313e-23 -1.641508734979181460e-22
2.182617187500000000e-01 9.468354118207979390e-23 -1.125137073266676630e-22
2.187500000000000000e-01 4.521838099352197312e-23 -1.442715904796285540e-22
2.192382812500000000e-01 4.167618278997608785e-23 -6.837133191247827001e-23
2.197265625000000000e-01 4.909620960017777756e-23 -1.604261285537555939e-22
2.202148437500000000e-01 4.894898478265531152e-23 8.608699137448001181e-23
2.207031250000000000e-01 4.288966137679851489e-24 5.574355791187166434e-23
2.211914062500000000e-01 -7.260551435869019780e-23 2.577429056191851403e-23
2.216796875000000000e-01 -1.811024093467851149e-22 -1.248259227444928442e-22
2.221679687500000000e-01 3.607251007132214427e-23 2.099226385576860242e-23
2.226562500000000000e-01 -1.967720276876966794e-22 -6.459419397222691303e-24
2.231445312500000000e-01 -1.040328836451862921e-22 1.844294410561516254e-23
2.236328125000000000e-01 -1.339778487331282569e-23 -3.558476810514992816e-23
2.241210937500000000e-01 -3.852388022351018019e-23 -1.372888642630852646e-22
2.246093750000000000e-01 -1.597303455167373705e-22 1.260673327482403137e-22
2.250976562500000000e-01 -6.664874060261654357e-23 3.622004231070405185e-23
2.255859375000000000e-01 7.979371215315719691e-23 8.759496548227995770e-23
2.260742187500000000e-01 -1.799211068769523375e-22 9.260364815342250958e-23
2.265625000000000000e-01 -2.523158083457920860e-23 -3.047366051660283774e-23
2.270507812500000000e-01 2.872483610600552123e-22 1.928690511281305021e-22
2.275390625000000000e-01 -3.923076453172349222e-23 2.155376027332053854e-22
2.280273437500000000e-01 -2.398967394743803602e-23 7.754976128881567138e-23
2.285156250000000000e-01 2.327710211233136996e-23 5.938372669443318136e-23
2.290039062500000000e-01 -2.406852708918562899e-22 -9.742710539827869674e-23
2.294921875000000000e-01 9.396293277350006750e-23 1.871986809986568577e-22
2.299804687500000000e-01 -1.258041125791130589e-22 3.339878615327667376e-23
2.304687500000000000e-01 1.007197220162554588e-22 -2.508439007162835453e-22
2.309570312500000000e-01 7.990785582334356415e-23 -1.117297086114809659e-22
2.314453125000000000e-01 -1.141476961523396134e-22 -8.099778734379959666e-24
2.319335937500000000e-01 2.661523440752162785e-22 3.087232770661472936e-23
2.324218750000000000e-01 2.147106695208367451e-22 -6.721517846304032347e-23
2.329101562500000000e-01 1.085112289620229910e-22 -5.302023546461862740e-24
2.333984375000000000e-01 -4.428252806013048484e-24 3.137588346872835041e-23
2.338867187500000000e-01 2.621667382402155007e-23 1.455293895032492740e-22
2.343750000000000000e-01 1.298778061638096073e-22 1.270096827738003999e-23
2.348632812500000000e-01 -6.397772393902380830e-23 -1.390688109880124875e-22
2.353515625000000000e-01 -2.677014489051119357e-23 -1.111500520482182490e-23
2.358398437500000000e-01 -1.428985012558393044e-22 9.972789364296373461e-23
2.363281250000000000e-01 -1.079429413962905189e-22 -1.100113142634801513e-22
2.368164062500000000e-01 5.049600946425307456e-23 -5.436677087381226675e-23
2.373046875000000000e-01 1.265653702758253725e-22 5.332855404643324767e-23
2.377929687500000000e-01 -3.296958027890437495e-22 1.724629040553323475e-22
2.382812500000000000e-01 2.690515730177299453e-22 -4.486018801046790471e-23
2.387695312500000000e-01 1.241887850635187458e-22 -3.293094557145846572e-22
2.392578125000000000e-01 4.137271725239953029e-23 1.298451101471666027e-22
2.397460937500000000e-01 1.709708778926211134e-22 -2.278167799794746128e-22
2.402343750000000000e-01 -3.062195233985428403e-22 -1.512070242794843721e-22
2.407226562500000000e-01 2.097785377219012160e-22 8.510911359104465526e-23
2.412109375000000000e-01 1.241737955731804671e-22 4.276604327430896557e-23
2.416992187500000000e-01 -2.218621891204847108e-23 -2.554055361815478794e-25
2.421875000000000000e-01 8.319466401643620273e-23 6.797305181666184284e-23
2.426757812500000000e-01 1.141911486274305353e-22 -2.194774252948139346e-22
2.431640625000000000e-01 1.715869136290742830e-22 1.120454797229174081e-22
2.436523437500000000e-01 6.577775546945393858e-23 -2.958646084450885889e-22
2.441406250000000000e-01 -3.324373284825118958e-23 3.036714662549942258e-22
2.446289062500000000e-01 -1.655815856164809815e-22 1.486245430805891765e-22
2.451171875000000000e-01 -1.507268337682732972e-22 2.787787761596949465e-22
2.456054687500000000e-01 -1.179751286161398981e-22 -2.217194151199507721e-22
2.460937500000000000e-01 -2.885068886552813885e-23 7.959422850598895124e-23
2.465820312500000000e-01 -1.275847787234829263e-22 6.357695618389866156e-23
2.470703125000000000e-01 -1.555945283896464917e-22 -1.568033456572431902e-23
2.475585937500000000e-01 6.675444484297394399e-23 2.652257696641578283e-22
2.480468750000000000e-01 3.368550481846637140e-22 -3.817681783994262000e-22
2.485351562500000000e-01 1.050669769613332819e-23 -4.406271842187040571e-25
2.490234375000000000e-01 5.156639663559533942e-23 1.708208654032450882e-22
2.495117187500000000e-01 6.179068160923928871e-23 -4.204295642836247444e-23
2.500000000000000000e-01 6.864522799278470166e-24 -2.533337545714717680e-22
2.504882812500000000e-01 -7.269010020709224411e-23 -2.181695273208591559e-22
2.509765625000000000e-01 -1.841650200004857538e-22 -1.203970511724739703e-22
2.514648437500000000e-01 -1.094492346102481198e-22 -7.070333233317853373e-24
2.519531250000000000e-01 -3.379889333237065569e-23 -2.946399949898368102e-23
2.524414062500000000e-01 -2.075194360824756267e-22 -1.169547531218885358e-22
2.529296875000000000e-01 -2.722332999573641704e-22 -5.601158436584666735e-23
2.534179687500000000e-01 -4.162391973956240010e-23 1.821909002068173004e-22
2.539062500000000000e-01 1.084758893784603493e-22 -1.525402923441763819e-22
2.543945312500000000e-01 -2.326624565198452240e-22 1.284378851066186234e-22
2.548828125000000000e-01 8.628947291035804484e-23 -6.225778366548853834e-24
2.553710937500000000e-01 -1.396044887883266940e-22 3.085507975448424577e-23
2.558593750000000000e-01 -7.898100717681853842e-23 -1.361742829731415265e-22
2.563476562500000000e-01 1.573744008295660349e-22 1.876746271426369277e-22
2.568359375000000000e-01 1.057666800131655962e-22 2.351485649531050983e-23
2.573242187500000000e-01 1.328627577700124725e-22 2.185733982898201149e-22
2.578125000000000000e-01 -2.140956340091257499e-23 1.735288568880684495e-22
2.583007812500000000e-01 7.722746097736927911e-24 2.062655322095731805e-22
2.587890625000000000e-01 -3.951871909892056985e-23 -1.643209579093094983e-23
2.592773437500000000e-01 5.678415975338710078e-23 1.570891428897493211e-23
2.597656250000000000e-01 -4.546986354378205344e-23 2.511543606496910775e-22
2.602539062500000000e-01 -4.637156419356408531e-23 -1.418656184771105985e-22
2.607421875000000000e-01 7.625685981228054790e-23 3.053539055507133843e-22
2.612304687500000000e-01 1.102380518284338305e-22 -2.550169203530903192e-23
2.617187500000000000e-01 -1.091420589722647571e-24 -4.087243480802642206e-23
2.622070312500000000e-01 1.741070533619880314e-22 4.807335121868443161e-23
2.626953125000000000e-01 2.265570646518719133e-22 -6.599571556872620049e-23
2.631835937500000000e-01 -2.134780685362708321e-22 2.382082799637846666e-22
2.636718750000000000e-01 -1.620179388650332598e-22 -8.585327961354634695e-23
2.641601562500000000e-01 1.858323949187046142e-22 5.448961268526742235e-23
2.646484375000000000e-01 3.285346031953929677e-22 -1.415044988433806536e-22
2.651367187500000000e-01 -1.396627814852495666e-22 -1.162675622452808086e-22
2.656250000000000000e-01 1.320008413112471306e-22 -7.749931063035831821e-23
2.661132812500000000e-01 -1.107546803069051039e-22 -1.592693413397877265e-22
2.666015625000000000e-01 9.607599623284902061e-23 -4.009677886289910211e-23
2.670898437500000000e-01 2.090567130817400978e-22 2.915886225835792559e-22
2.675781250000000000e-01 -1.593097772395668441e-22 -1.337998530450342317e-22
2.680664062500000000e-01 -1.976580828730585847e-22 -1.178740651012214474e-22
2.685546875000000000e-01 -6.775265687008880233e-23 -1.371874911436490091e-22
2.690429687500000000e-01 5.252063061527614141e-23 3.161625803395980827e-23
2.695312500000000000e-01 -7.297016647205674775e-23 -2.994923359676073379e-22
2.700195312500000000e-01 -1.200027083466013110e-22 1.366786893268286781e-22
2.705078125000000000e-01 -3.023874138060680340e-22 -8.078924833494213383e-23
2.709960937500000000e-01 2.287604247849594354e-22 1.921654839450665113e-22
2.714843750000000000e-01 -7.397544587126114712e-23 -2.139981384852064746e-22
2.719726562500000000e-01 8.973554090618707183e-23 2.260504564175753968e-24
2.724609375000000000e-01 -1.338267351250136899e-22 -6.138242461524140276e-23
2.729492187500000000e-01 1.163870623061236552e-22 2.944389676609659801e-23
2.734375000000000000e-01 5.257167066724265810e-23 -2.566838677973204912e-22
2.739257812500000000e-01 -2.569699474152249531e-23 -3.592660661729381564e-24
2.744140625000000000e-01 2.337788789855942826e-22 -1.716105217945533321e-22
2.749023437500000000e-01 -6.313398160870984418e-23 2.581805357096985865e-23
2.753906250000000000e-01 1.114498134529565486e-22 -1.559001488560073209e-22
2.758789062500000000e-01 -4.338816197769804144e-23 1.472070622746496192e-22
2.763671875000000000e-01 -1.223382456179922178e-22 6.981853018482032681e-23
2.768554687500000000e-01 -6.249636085568207628e-23 1.577553393704085158e-23
2.773437500000000000e-01 2.232027190885823300e-22 1.774308732168179771e-22
2.778320312500000000e-01 1.705098293065989197e-22 -7.869743180105437517e-23
2.783203125000000000e-01 8.450090452993328141e-23 1.700792564479955182e-22
2.788085937500000000e-01 -2.913005152680451947e-22 -1.455177663650185030e-22
2.792968750000000000e-01 7.970634865481359014e-23 1.830095153623478042e-23
2.797851562500000000e-01 3.578902804571084798e-23 3.279616852350937678e-22
2.802734375000000000e-01 -1.382365919744324964e-22 -1.111123307001298471e-22
2.807617187500000000e-01 -1.185006140602446222e-22 3.946384856234293946e-23
2.812500000000000000e-01 -8.816949099344399304e-23 1.292693895841764042e-22
2.817382812500000000e-01 -8.550375755921832251e-24 -6.143067361986941700e-24
2.822265625000000000e-01 1.509355780604016273e-22 -7.291922952064410181e-23
2.827148437500000000e-01 1.630081557862761994e-22 -1.176807306585738232e-23
2.832031250000000000e-01 -1.421846122418081273e-22 1.150021606407474635e-22
2.836914062500000000e-01 -8.112266921400900234e-24 5.662919721273862346e-24
2.841796875000000000e-01 4.592533339285355748e-23 1.607522517402216378e-22
2.846679687500000000e-01 -1.202083835545991353e-22 -5.354980859388889272e-23
2.851562500000000000e-01 8.461227076491275299e-23 8.324909929365416312e-24
2.856445312500000000e-01 7.660991461948726119e-23 -1.208968307954001543e-22
2.861328125000000000e-01 -1.515696437972248645e-22 -6.741048627985541380e-23
2.866210937500000000e-01 -1.900559258795574369e-22 1.150356612980475716e-22
2.871093750000000000e-01 -3.667894096288823403e-23 1.037080775275701252e-24
2.875976562500000000e-01 -6.090421891041646930e-23 -1.970151190626522415e-22
2.880859375000000000e-01 1.734859098717846129e-22 1.671890143960946539e-22
2.885742187500000000e-01 -4.034590214165389009e-23 -1.565475528300804904e-22
2.890625000000000000e-01 1.394095006642979221e-23 9.343753004509914760e-23
2.895507812500000000e-01 1.012617235287590775e-22 1.376990338510870920e-22
2.900390625000000000e-01 8.318703989528583241e-24 1.285074500284510083e-23
2.905273437500000000e-01 -3.483433341019961203e-23 1.485697179207384501e-22
2.910156250000000000e-01 8.556933101620055085e-23 -2.100516681441348021e-22
2.915039062500000000e-01 3.015149273778294056e-23 1.996128139097856216e-22
2.919921875000000000e-01 1.079670100896845522e-22 -1.466956386926575440e-22
2.924804687500000000e-01 -7.789433782028080825e-23 -1.266085404708853978e-22
2.929687500000000000e-01 -3.164497504821979433e-22 -1.900960981246840381e-22
2.934570312500000000e-01 -1.667081180081161830e-23 8.622927162515912177e-23
2.939453125000000000e-01 -5.646449013263851356e-23 -3.880598155850603487e-23
2.944335937500000000e-01 2.768354057417594387e-23 2.621083756201692194e-22
2.949218750000000000e-01 -9.985870935074653162e-23 -2.316312049802095063e-23
2.954101562500000000e-01 -5.420670636441440263e-23 4.691585947369994031e-23
2.958984375000000000e-01 4.633072316616642720e-23 -1.867362307761891563e-23
2.963867187500000000e-01 2.011750240664461068e-23 1.508086295698392917e-22
2.968750000000000000e-01 9.675094618671907401e-23 -9.224443016860853794e-23
2.973632812500000000e-01 2.515645992708807147e-23 1.111249687710565701e-24
2.978515625000000000e-01 8.886534062484036493e-23 1.359817246727620068e-22
2.983398437500000000e-01 2.277998708061772469e-22 -1.187936458733119961e-23
2.988281250000000000e-01 2.650350218497550185e-23 -4.635501295096048439e-24
2.993164062500000000e-01 7.476491874263786744e-23 -6.280400790260704095e-23
2.998046875000000000e-01 -1.089880839500407418e-22 -1.377679579498507674e-23
3.002929687500000000e-01 -7.244354605571271950e-23 -1.655287735427435274e-22
3.007812500000000000e-01 1.025796743137691841e-22 1.662293382782533510e-22
3.012695312500000000e-01 -2.132037850579963458e-23 -1.496236064714873464e-22
3.017578125000000000e-01 1.273056034063942215e-22 -3.046679907162594161e-23
3.022460937500000000e-01 1.838894302818743144e-22 -1.503504485955007991e-23
3.027343750000000000e-01 -1.820225559597476027e-22 -5.936450721000186635e-23
3.032226562500000000e-01 2.529709969059508032e-23 -2.524939242849477817e-22
3.037109375000000000e-01 -1.005265621355951144e-22 -9.725344803820063658e-23
3.041992187500000000e-01 5.808400010563503073e-23 -2.068103611902163856e-22
3.046875000000000000e-01 -5.642222634645438419e-23 2.133074043472442965e-22
3.051757812500000000e-01 -7.311912256771776300e-23 2.316789440480445856e-23
3.056640625000000000e-01 -1.140420938439547858e-22 -3.376825360226312290e-23
3.061523437500000000e-01 2.264207569235420210e-22 -1.005694308821295396e-22
3.066406250000000000e-01 -2.304974235811425647e-22 8.081569549772254012e-23
3.071289062500000000e-01 6.485289030932316618e-23 -7.312879216180913269e-23
3.076171875000000000e-01 4.409758420822793549e-25 9.525914802144208257e-23
3.081054687500000000e-01 -1.569864444411157206e-23 -1.916163410316323630e-24
3.085937500000000000e-01 -5.122744961694285170e-23 2.185890411688162069e-23
3.090820312500000000e-01 -1.151416819358840956e-22 2.155308392997555213e-22
3.095703125000000000e-01 -5.389971832542456292e-23 7.045557457963480660e-23
3.100585937500000000e-01 9.375332297981877436e-23 4.877856363530762142e-23
3.105468750000000000e-01 -5.861561504927976650e-23 -1.478537074242374636e-22
3.110351562500000000e-01 1.466002563378543606e-22 1.755641735668838618e-23
3.115234375000000000e-01 1.843290221472601656e-22 7.495841083644468459e-23
3.120117187500000000e-01 1.310524197758429125e-23 -2.643263879451879456e-23
3.125000000000000000e-01 3.347423868473856815e-23 -1.358371898609104742e-22
3.129882812500000000e-01 1.496338536394255550e-23 -6.746247176019451715e-23
3.134765625000000000e-01 8.056686077841580257e-23 3.057907478854213988e-22
3.139648437500000000e-01 1.932504421220090458e-22 -3.638758425527656660e-23
3.144531250000000000e-01 -2.827325760954874982e-22 1.193626360863437670e-22
3.149414062500000000e-01 1.987786613926889089e-22 2.913736826442636420e-23
3.154296875000000000e-01 -2.965550507053888513e-22 -1.694603241089794159e-22
3.159179687500000000e-01 -2.450647416103107247e-23 -1.166716845066195941e-23
3.164062500000000000e-01 -1.334234113465671876e-22 -3.157714851843876436e-23
3.168945312500000000e-01 -1.086149728729450640e-23 1.193782537988582293e-22
3.173828125000000000e-01 -1.457518872930363687e-23 1.004376833983822311e-22
3.178710937500000000e-01 -2.962137218270621469e-23 1.277339982239933054e-22
3.183593750000000000e-01 -7.494307030789349802e-23 1.784144680340936090e-22
3.188476562500000000e-01 -2.251432739078092906e-22 -7.264044593896178367e-23
3.193359375000000000e-01 1.285932890564748159e-22 -3.989081640678597736e-23
3.198242187500000000e-01 -5.551865864313313202e-23 -1.622816056976823401e-22
3.203125000000000000e-01 4.547366816699837426e-24 7.940472470080308200e-23
3.208007812500000000e-01 1.094905409094356582e-22 5.405654518931678150e-23
3.212890625000000000e-01 -4.238839901297174166e-23 6.974431909138564630e-23
3.217773437500000000e-01 -6.466724747901728316e-23 -8.741595510639520069e-23
3.222656250000000000e-01 -1.573955877334616078e-22 3.612786821221343148e-23
3.227539062500000000e-01 1.616076099215234210e-22 -1.379780258293617040e-22
3.232421875000000000e-01 2.908537781775873994e-22 1.361372056554862176e-23
3.237304687500000000e-01 3.253603687141584115e-23 -3.079904958549824412e-22
3.242187500000000000e-01 -2.669310997801016322e-23 1.247441641847719523e-22
3.247070312500000000e-01 7.233822235160258836e-23 4.712388216132667412e-24
3.251953125000000000e-01 9.717218524245419474e-23 3.634636760310589255e-23
3.256835937500000000e-01 1.157637089512453541e-22 -2.658744554817275589e-22
3.261718750000000000e-01 1.471329657452452079e-23 1.165076397048761595e-22
3.266601562500000000e-01 6.984324026975768008e-23 4.301871014219482411e-23
3.271484375000000000e-01 -3.879758830730941444e-23 -7.432593310043929040e-23
3.276367187500000000e-01 2.655466768593664105e-22 -1.430185212005574419e-22
3.281250000000000000e-01 -3.302622507137325191e-23 1.183635390103701825e-22
3.286132812500000000e-01 -1.886590831209755779e-22 -2.018930223252300480e-22
3.291015625000000000e-01 1.209343745027846990e-22 -1.914533363539786796e-23
3.295898437500000000e-01 -1.740762523823021367e-22 -4.388118701897408064e-23
3.300781250000000000e-01 1.892744595488084682e-22 9.876877728754574960e-23
3.305664062500000000e-01 1.016727883105518508e-22 2.345129280364236517e-23
3.310546875000000000e-01 -8.095793166780724337e-23 -3.243594705975769180e-23
3.315429687500000000e-01 -1.902426168864538597e-22 5.637698479584606582e-23
3.320312500000000000e-01 1.193929411159480661e-23 -1.063498161392253536e-23
3.325195312500000000e-01 -1.330701988745588760e-22 -4.778315992388008176e-23
3.330078125000000000e-01 -2.126779225765054683e-22 -1.567104805823511313e-23
3.334960937500000000e-01 -2.122230588184959026e-22 3.151451270697701300e-22
3.339843750000000000e-01 5.382601207382234772e-23 -1.270590397312510375e-22
3.344726562500000000e-01 2.752748266906844772e-23 4.063181477326801276e-23
3.349609375000000000e-01 -3.679849936963085690e-23 3.936106496613759677e-23
3.354492187500000000e-01 -1.764125536375510623e-22 3.155177680775972490e-22
3.359375000000000000e-01 -1.434858361015874404e-22 -1.054789705498941163e-22
3.364257812500000000e-01 -1.916135558795540591e-22 1.694876707892611188e-22
3.369140625000000000e-01 -2.526466673800392182e-24 4.199713686283193208e-23
3.374023437500000000e-01 6.118236357147113554e-25 4.798090401853232670e-23
3.378906250000000000e-01 1.885108004334018093e-22 -2.409703705978574780e-23
3.383789062500000000e-01 9.147199954029059882e-24 -9.509125430363917939e-23
3.388671875000000000e-01 -8.809253024443353187e-23 -1.025418316473376676e-22
3.393554687500000000e-01 -3.011025912891352772e-23 6.495887461091560010e-23
3.398437500000000000e-01 -8.768912506825455627e-24 1.189869764088168083e-24
3.403320312500000000e-01 2.038318738670485772e-22 -1.661353383596016514e-22
3.408203125000000000e-01 1.352112533025885101e-22 1.117975887691317756e-22
3.413085937500000000e-01 7.122025989252735855e-23 -1.872550153405258205e-22
3.417968750000000000e-01 -1.092691924187997383e-22 -8.402413014133769921e-23
3.422851562500000000e-01 1.245634398833863083e-22 -2.731682120719603393e-23
3.427734375000000000e-01 5.742941890332679536e-23 3.928755526064585205e-23
3.432617187500000000e-01 2.976592109714728021e-23 4.668652620760789670e-23
3.437500000000000000e-01 1.957641977349876559e-23 1.240491865717509579e-22
3.442382812500000000e-01 8.986408826932781062e-23 1.635565774785356020e-22
3.447265625000000000e-01 6.912646102121230168e-24 -1.547763272736311907e-22
3.452148437500000000e-01 2.670640207257133480e-22 3.031964628962138324e-23
3.457031250000000000e-01 4.427258331012701714e-23 -1.368528842901570604e-22
3.461914062500000000e-01 -8.946735096958177159e-23 -1.817814958713077142e-22
3.466796875000000000e-01 2.180905322436192781e-22 7.826275811898923317e-24
3.471679687500000000e-01 1.549573764651500743e-22 -4.113431341464016566e-23
3.476562500000000000e-01 1.423651512344046543e-23 2.114709733492808932e-22
3.481445312500000000e-01 -1.124559046766677058e-23 -5.036889324290379141e-23
3.486328125000000000e-01 -5.031944421191215170e-23 -3.579344025110297997e-23
3.491210937500000000e-01 1.206073264073491782e-22 8.731846452888331993e-23
3.496093750000000000e-01 -2.875178366505208950e-25 -1.948773169145898768e-22
3.500976562500000000e-01 -5.929251153704854494e-24 -2.588585451979642375e-23
3.505859375000000000e-01 9.119051067825733648e-24 1.663301075305347511e-22
3.510742187500000000e-01 6.184071794144582925e-23 6.102684198048655250e-23
3.515625000000000000e-01 4.891227357698497937e-23 -1.961243788301000467e-23
3.520507812500000000e-01 -9.693679510749627520e-23 2.507519703708882925e-23
3.525390625000000000e-01 -4.199165321556890612e-23 3.005720957737649443e-23
3.530273437500000000e-01 -7.128372176128952510e-23 -1.406215588545443982e-23
3.535156250000000000e-01 -2.180583903337894420e-22 -1.153680243598215398e-22
3.540039062500000000e-01 -8.839016913954958644e-23 -2.388180440275556726e-22
3.544921875000000000e-01 -1.801360631461215912e-22 7.062047655338973056e-23
3.549804687500000000e-01 -1.189239942829609203e-22 4.207115579583907802e-23
3.554687500000000000e-01 3.479568488663874350e-23 2.528052718429391824e-22
3.559570312500000000e-01 -3.606096706311430197e-22 -5.540926234996373297e-23
3.564453125000000000e-01 2.292373077823555100e-24 -6.979117004543754435e-23
3.569335937500000000e-01 -1.997626708611099079e-22 3.034533055482484774e-23
3.574218750000000000e-01 -2.122976311597639290e-22 -3.552607749953741410e-22
3.579101562500000000e-01 1.869986367544649163e-22 2.829732769121755112e-22
3.583984375000000000e-01 1.841046849363301134e-22 -1.523715978198110414e-22
3.588867187500000000e-01 -1.109960818693560363e-22 -5.212304105131331626e-23
3.593750000000000000e-01 -1.260564462987253887e-22 9.186284843004921835e-23
3.598632812500000000e-01 1.444767616048696957e-22 5.908159269638278230e-23
3.603515625000000000e-01 6.450968729885563244e-23 8.822129381693040546e-23
3.608398437500000000e-01 3.383458618951575699e-23 1.260177974293833001e-22
3.613281250000000000e-01 1.191403491395347766e-22 -1.361293584788887878e-24
3.618164062500000000e-01 -2.208710120653146203e-22 -2.058058919379998143e-22
3.623046875000000000e-01 -2.399863862319973942e-22 1.249312483067108571e-22
3.627929687500000000e-01 1.504731824324567985e-22 2.657138495025095709e-22
3.632812500000000000e-01 1.017213046580951832e-22 -1.093675794695702492e-22
3.637695312500000000e-01 7.970483884187861850e-23 -2.481295983513847701e-24
3.642578125000000000e-01 2.855768755453293605e-22 -3.361370153147496147e-23
3.647460937500000000e-01 3.773911417895492761e-23 6.445807731238664692e-23
3.652343750000000000e-01 1.091669020047763539e-22 9.383734820022484719e-23
3.657226562500000000e-01 1.700595650605105451e-22 -5.178935933645503978e-23
3.662109375000000000e-01 1.239705223028986982e-22 -3.591971350911271797e-23
3.666992187500000000e-01 -1.113020256026356757e-22 1.900428145729595120e-22
3.671875000000000000e-01 -3.128554974846969850e-24 -1.438071322339347805e-22
3.676757812500000000e-01 3.340992974197751593e-22 -3.624079659539895896e-23
3.681640625000000000e-01 -2.066700872077545371e-23 -4.876708216124487123e-24
3.686523437500000000e-01 -1.452557129486655412e-22 1.111172396632438486e-22
3.691406250000000000e-01 -9.993761557280265846e-23 4.876263772896824555e-23
3.696289062500000000e-01 -7.232063157019449161e-23 -4.193724508805515930e-23
3.701171875000000000e-01 1.756648387238019538e-22 -7.363082872637186768e-23
3.706054687500000000e-01 -6.361747695809998723e-23 7.591063597790687614e-24
3.710937500000000000e-01 -2.138774639835087104e-22 1.516201684998567895e-22
3.715820312500000000e-01 -1.563296167309665496e-23 -3.237095854618560156e-22
3.720703125000000000e-01 5.889266842589446563e-23 1.022102543848816232e-22
3.725585937500000000e-01 -7.136860974028508491e-23 9.991688643675935923e-23
3.730468750000000000e-01 1.096548063547222313e-23 -2.190124265609350806e-22
3.735351562500000000e-01 -7.621559862713461828e-23 1.223317152702477510e-22
3.740234375000000000e-01 -5.012777566727284746e-23 -2.208686188332524100e-22
3.745117187500000000e-01 2.521984229603217578e-23 -1.028961647875243001e-22
3.750000000000000000e-01 2.419822213456593425e-24 2.016641706335686774e-23
3.754882812500000000e-01 2.402617197215712936e-23 9.884368462478807661e-24
3.759765625000000000e-01 5.091926512746851012e-23 9.926352526658157056e-23
3.764648437500000000e-01 -2.334161917710391464e-23 -9.245754417511629542e-23
3.769531250000000000e-01 -3.080930628732341895e-23 9.661097766546040377e-23
3.774414062500000000e-01 -2.313644078752648197e-22 -9.658837504314646237e-23
3.779296875000000000e-01 -1.619880512461672874e-22 -3.721960970231671021e-23
3.784179687500000000e-01 -3.520460481667464171e-23 1.263751019966791807e-22
3.789062500000000000e-01 1.574280139837445667e-22 5.596088916067610956e-23
3.793945312500000000e-01 2.476865923403499617e-22 3.765324621521194926e-24
3.798828125000000000e-01 -6.532532124258751342e-23 -2.052654380777033473e-22
3.803710937500000000e-01 -3.514235613728435324e-23 1.876842115270335537e-23
3.808593750000000000e-01 5.449771985998206445e-23 5.558175966585626614e-23
3.813476562500000000e-01 3.914551894091145450e-23 -2.200790607159085052e-22
3.818359375000000000e-01 -2.077219540072356228e-22 1.365525543121723929e-22
3.823242187500000000e-01 1.558949544613379471e-22 4.520422140994133617e-24
3.828125000000000000e-01 -3.386887286023405711e-24 9.362471743253583874e-23
3.833007812500000000e-01 -4.567417614395827494e-23 -2.246411845260492302e-22
3.837890625000000000e-01 1.053562946398111029e-22 8.862404777252412080e-23
3.842773437500000000e-01 6.499680228889557201e-23 -8.937066172300798013e-23
3.847656250000000000e-01 2.389995857188696071e-22 9.414897232038547097e-23
3.852539062500000000e-01 8.061536407799897710e-24 -3.519403895448827884e-23
3.857421875000000000e-01 -6.828242095291759011e-23 2.160949733584769634e-23
3.862304687500000000e-01 -9.918289814693085265e-23 1.469773363302196791e-22
3.867187500000000000e-01 1.855687596204828306e-22 2.427442601833404262e-23
3.872070312500000000e-01 1.130044527168798190e-23 7.702832532097331319e-23
3.876953125000000000e-01 -1.668289868198032725e-22 2.957172761865272620e-22
3.881835937500000000e-01 6.608259246571020619e-23 -1.717857933584310255e-23
3.886718750000000000e-01 -1.208964210696853910e-23 -2.126338961079282564e-22
3.891601562500000000e-01 -2.119502853084801165e-22 1.188998249214835715e-22
3.896484375000000000e-01 1.997815944764877218e-22 -1.201754104411706194e-22
3.901367187500000000e-01 -1.574463304485974873e-22 1.025733777697941805e-22
3.906250000000000000e-01 1.610189820078477123e-22 -4.630240885976113358e-23
3.911132812500000000e-01 -3.583634894164960599e-23 -1.009818180348368909e-22
3.916015625000000000e-01 1.983788297570705657e-22 1.126112275183401927e-22
3.920898437500000000e-01 -2.586118693134671294e-22 -1.353448246720803426e-22
3.925781250000000000e-01 2.137849741695390774e-22 -2.353155332169387185e-22
3.930664062500000000e-01 -3.546383790979977025e-22 1.513046510011607924e-22
3.935546875000000000e-01 2.510971176719085534e-22 1.805061236173109008e-22
3.940429687500000000e-01 -6.107314038132523135e-23 5.140362362509776908e-24
3.945312500000000000e-01 5.035001823186018277e-23 8.462779917293053224e-23
3.950195312500000000e-01 -9.012375491675740736e-23 -1.638673063370411815e-22
3.955078125000000000e-01 -1.151473129925022635e-22 1.452696050637277429e-22
3.959960937500000000e-01 -3.323909859132034369e-23 5.549045459599761337e-23
3.964843750000000000e-01 -1.118598526112491154e-22 -1.705973901667539646e-22
3.969726562500000000e-01 -1.136965607813461130e-22 7.055479183585077816e-23
3.974609375000000000e-01 1.034058382048093972e-22 1.338992833262450037e-24
3.979492187500000000e-01 -2.567222955448344438e-22 1.293001285698724049e-22
3.984375000000000000e-01 2.013831468608538421e-22 -1.398817846768832334e-22
3.989257812500000000e-01 -1.181620131188093867e-23 2.320480737055666692e-23
3.994140625000000000e-01 8.005937716546623579e-23 -1.734084745275773295e-23
3.999023437500000000e-01 -1.491732392411534668e-22 8.335418374356628900e-23
4.003906250000000000e-01 1.036300420065071616e-22 -6.405163594110308030e-23
4.008789062500000000e-01 -1.339182259868933283e-22 -1.507048730229279933e-22
4.013671875000000000e-01 3.253680072177594045e-22 2.226493559946041171e-22
4.018554687500000000e-01 -1.798965003821687820e-22 -1.786251460593263962e-23
4.023437500000000000e-01 2.163260791934131110e-22 6.907195851906582974e-24
4.028320312500000000e-01 -1.097636506957519867e-22 2.748554149443959623e-23
4.033203125000000000e-01 -1.871558405172322206e-22 -2.037296047202090833e-22
4.038085937500000000e-01 -5.384294408768735846e-23 -5.869179972996193002e-24
4.042968750000000000e-01 1.437067205244156132e-22 -4.199213796507571299e-23
4.047851562500000000e-01 7.814995284211408860e-23 -2.404912796230753564e-23
4.052734375000000000e-01 -1.293821869438272554e-23 9.081117164470639398e-23
4.057617187500000000e-01 -9.247320259386188379e-23 -2.047017233845016506e-22
4.062500000000000000e-01 -4.372165407826345922e-23 1.758186523194278027e-22
4.067382812500000000e-01 1.887575854794219435e-22 -2.529719442259340303e-22
4.072265625000000000e-01 3.057667084474556561e-23 1.962946155882515591e-22
4.077148437500000000e-01 -5.073401264314938480e-23 -8.138937912510959280e-23
4.082031250000000000e-01 8.948158093089677867e-23 6.551472256540486164e-23
4.086914062500000000e-01 7.276490552026131062e-24 -4.383586737284195813e-23
4.091796875000000000e-01 -6.831924955837463316e-23 4.745073562053521882e-24
4.096679687500000000e-01 -1.941956249875093072e-22 -6.582175210411626430e-23
4.101562500000000000e-01 9.969704939957654025e-23 2.474730280504841494e-22
4.106445312500000000e-01 -9.429529867957104930e-23 -7.130664201357182778e-24
4.111328125000000000e-01 -1.252231783811616924e-22 -1.436322737100074899e-22
4.116210937500000000e-01 2.977638971886533963e-22 1.353133459567519026e-22
4.121093750000000000e-01 -1.164399860409196349e-22 3.974649945064798294e-23
4.125976562500000000e-01 1.757040623261664368e-22 -1.047480908039605502e-22
4.130859375000000000e-01 -8.878392193429983190e-23 -5.066165012352275045e-23
4.135742187500000000e-01 3.145794461880015733e-22 1.125895918406654381e-22
4.140625000000000000e-01 9.377743299589217899e-23 -4.163168564030259915e-23
4.145507812500000000e-01 1.749593302810521283e-23 -1.091352862185747151e-22
4.150390625000000000e-01 -9.577867364654177660e-23 2.098077328586345285e-22
4.155273437500000000e-01 1.494857635574541250e-22 -2.499966409903986549e-23
4.160156250000000000e-01 -1.983847183751926607e-22 -2.052003954812193797e-22
4.165039062500000000e-01 2.801402716951213882e-22 5.198047624223396307e-23
4.169921875000000000e-01 -1.686790202715276355e-22 -1.028039432061730008e-22
4.174804687500000000e-01 1.509726796726842800e-23 -6.952871371785260604e-23
4.179687500000000000e-01 -1.636545836061457832e-23 3.450338517176121749e-23
4.184570312500000000e-01 -3.299109872176009331e-23 -9.614021008499589029e-23
4.189453125000000000e-01 1.394747834674319480e-22 4.222078474793726269e-23
4.194335937500000000e-01 -8.425339807263107204e-23 -1.439442797154522436e-22
4.199218750000000000e-01 6.952090785979342208e-24 2.200947972388941119e-23
4.204101562500000000e-01 5.902010948155085727e-23 -2.527048288520633279e-23
4.208984375000000000e-01 1.098181980703331697e-22 1.791245231562935791e-23
4.213867187500000000e-01 -1.034813295680723560e-22 -2.341565851331709745e-23
4.218750000000000000e-01 -2.433258030783232205e-22 1.918496857340387636e-22
4.223632812500000000e-01 -1.132595108753050109e-22 1.757191875925355279e-22
4.228515625000000000e-01 -1.367950014219134399e-22 -6.454410441301542983e-23
4.233398437500000000e-01 -7.957103272679352237e-23 1.435985827545462813e-22
4.238281250000000000e-01 1.446959511745881685e-22 -1.411720284303801304e-22
4.243164062500000000e-01 -1.051617716083033102e-22 -1.038313931612310358e-23
4.248046875000000000e-01 -1.008649753418342124e-22 7.861943752359850469e-23
4.252929687500000000e-01 1.273025035794601592e-22 1.358460920046608021e-22
4.257812500000000000e-01 -9.853394163454075429e-23 1.491333357030691827e-22
4.262695312500000000e-01 4.051972524892156912e-23 7.904275063655247619e-23
4.267578125000000000e-01 -1.224219541800371566e-23 -1.830903849406826747e-22
4.272460937500000000e-01 1.125877308469050793e-22 1.834470298995876564e-22
4.277343750000000000e-01 6.486940750476642544e-23 1.783036544940655738e-23
4.282226562500000000e-01 9.556565711046682502e-23 7.112489174603905123e-23
4.287109375000000000e-01 -9.629792165230764852e-23 -8.096841359747835300e-23
4.291992187500000000e-01 2.417794057680492252e-22 5.670601524723690633e-25
4.296875000000000000e-01 -1.377098712324620512e-22 4.580607615154492199e-23
4.301757812500000000e-01 3.562920742685001331e-23 4.745547643289799052e-23
4.306640625000000000e-01 2.924604780900503574e-23 9.669255054212362881e-24
4.311523437500000000e-01 -9.271035557355902360e-23 -1.361477047620284325e-22
4.316406250000000000e-01 -1.394717478985104941e-22 -6.132215287688207961e-24
4.321289062500000000e-01 2.624369002375915193e-23 -7.403630272062506210e-23
4.326171875000000000e-01 5.027766568286655742e-23 4.856693232265091566e-24
4.331054687500000000e-01 -1.509667141590413481e-22 -4.776798076999538432e-23
4.335937500000000000e-01 -1.676643627235244021e-22 1.239533399707065971e-23
4.340820312500000000e-01 4.782884868733225389e-24 -7.146513323699808178e-23
4.345703125000000000e-01 -3.579366843280561295e-23 2.403823303785668694e-22
4.350585937500000000e-01 -5.287328713898687358e-23 -3.056358814911959820e-22
4.355468750000000000e-01 7.792052803696775941e-23 8.953268689722962870e-23
4.360351562500000000e-01 2.250634979554296622e-23 5.646568592505824403e-23
4.365234375000000000e-01 -8.127899147747291282e-23 -7.963118118650057333e-24
4.370117187500000000e-01 3.786248395920411051e-23 -2.271918571557216108e-23
4.375000000000000000e-01 -4.335462182724011973e-24 -8.611634800274251882e-23
4.379882812500000000e-01 -3.572281171774437076e-23 6.431300968656589063e-23
4.384765625000000000e-01 2.261630454988106918e-22 -1.554722861792654153e-22
4.389648437500000000e-01 7.197526699026831208e-23 -1.439996247509765782e-22
4.394531250000000000e-01 8.974544953685688080e-25 -1.767352132608726961e-22
4.399414062500000000e-01 -2.543812563779108572e-23 5.872982636733361595e-23
4.404296875000000000e-01 -2.021134003033217762e-22 -2.789471117726328948e-23
4.409179687500000000e-01 3.384394369371900070e-22 -9.359933937834275024e-23
4.414062500000000000e-01 -1.560340478836393059e-22 1.311115887501702187e-23
4.418945312500000000e-01 5.044695461811893340e-23 -3.637372899347708753e-23
4.423828125000000000e-01 -8.481403364929697877e-23 -9.744099008636702706e-23
4.428710937500000000e-01 1.689856500309051898e-22 -9.597835472600146865e-24
4.433593750000000000e-01 -9.962976299381456385e-23 -3.617556620163477307e-23
4.438476562500000000e-01 4.312306034313409901e-23 1.138441312569421146e-22
4.443359375000000000e-01 -3.820182240515768946e-22 1.007172882119977482e-22
4.448242187500000000e-01 8.262081692082439504e-23 -1.347732038447260024e-22
4.453125000000000000e-01 7.659334474552290723e-23 3.618660200182813574e-23
4.458007812500000000e-01 1.638164731439723119e-22 2.161358637192150526e-22
4.462890625000000000e-01 1.438679183554812956e-22 1.737486805699595173e-22
4.467773437500000000e-01 1.313293958783267304e-22 1.207667326168606422e-22
4.472656250000000000e-01 4.360675345016507697e-23 -8.953944279265686996e-23
4.477539062500000000e-01 5.390846379840553413e-23 -6.368465336976192642e-23
4.482421875000000000e-01 -1.389960005027587497e-23 -1.548314049308810902e-22
4.487304687500000000e-01 4.639365401458661410e-23 -1.461684808664982182e-22
4.492187500000000000e-01 9.263751625708110928e-23 1.269134191345028287e-22
4.497070312500000000e-01 -3.141938658213845380e-23 -1.206748441187416643e-22
4.501953125000000000e-01 1.363348044585098032e-23 5.050923084132436812e-23
4.506835937500000000e-01 3.255977186965523134e-23 1.939188456878946828e-22
4.511718750000000000e-01 1.849283186582596830e-22 1.025154971945037655e-22
4.516601562500000000e-01 -1.978500585400041773e-22 8.782864659216130277e-23
4.521484375000000000e-01 -4.491840254215264679e-23 -1.434371546715695258e-22
4.526367187500000000e-01 2.513441255294335388e-22 -8.456327581493915763e-23
4.531250000000000000e-01 -4.374820203274688657e-23 4.633433706303360668e-23
4.536132812500000000e-01 5.209667186953145570e-23 8.153481370529680033e-23
4.541015625000000000e-01 -2.920596354177923640e-22 2.026194894070254547e-22
4.545898437500000000e-01 -8.691870584867539269e-24 1.331903256517655521e-22
4.550781250000000000e-01 3.621949430436201495e-23 4.857714301639510920e-23
4.555664062500000000e-01 -2.298940160916685529e-23 1.025296727105862687e-22
4.560546875000000000e-01 -2.856238593697373370e-22 1.325708208190667158e-22
4.565429687500000000e-01 -7.651118989750907732e-23 -8.784602646386329454e-25
4.570312500000000000e-01 -3.293618707450574293e-23 -9.436295443606550489e-24
4.575195312500000000e-01 3.076940319745248597e-22 -2.120714761825348910e-23
4.580078125000000000e-01 -5.258402578498918187e-23 4.075250258255854754e-23
4.584960937500000000e-01 -2.219575815397254993e-23 -3.057931399929432003e-24
4.589843750000000000e-01 -2.160196792146491909e-23 -3.465050448856221847e-23
4.594726562500000000e-01 -7.028197847093911043e-24 4.988270631745593038e-23
4.599609375000000000e-01 1.125113267269934042e-22 1.435792699932931808e-22
4.604492187500000000e-01 6.031811785094703740e-23 -3.045038016746872178e-22
4.609375000000000000e-01 -3.065878647259173664e-23 1.023484503354987558e-23
4.614257812500000000e-01 3.761483034569461039e-23 -6.783010414256678853e-23
4.619140625000000000e-01 -2.610506196886908310e-22 -6.207023058749622429e-23
4.624023437500000000e-01 -9.935744970513357408e-23 -7.943878420271000507e-23
4.628906250000000000e-01 -3.712635487853039726e-22 2.184717097500712902e-22
4.633789062500000000e-01 -1.750482512259484304e-24 -2.513264933176411422e-22
4.638671875000000000e-01 -2.193518724936384849e-22 9.528545447572924177e-23
4.643554687500000000e-01 2.947129322329935399e-23 -4.493573559969039860e-24
4.648437500000000000e-01 -1.372481448566905767e-22 -2.068326786919580038e-22
4.653320312500000000e-01 4.045677041577932139e-22 -7.125611808406511462e-23
4.658203125000000000e-01 3.107542851806778201e-23 -3.427207618376131433e-23
4.663085937500000000e-01 -2.899115523429396763e-22 -2.030832426793912869e-22
4.667968750000000000e-01 9.990116371655699546e-23 -3.002284020067793368e-22
4.672851562500000000e-01 1.577562720396860683e-23 5.851021661041658273e-23
4.677734375000000000e-01 -9.235258715667406135e-23 -2.518661361550919144e-22
4.682617187500000000e-01 -6.011829249272227079e-23 7.798179604580276302e-23
4.687500000000000000e-01 9.170737179434657490e-23 -8.999969861701358878e-23
4.692382812500000000e-01 -1.728091731673280583e-23 2.289462416844715837e-22
4.697265625000000000e-01 2.247096491215822362e-22 -1.582884679970606690e-22
4.702148437500000000e-01 5.324958161343551998e-23 -2.333734456966647796e-22
4.707031250000000000e-01 8.859113662858134340e-23 1.986819440945742445e-22
4.711914062500000000e-01 -4.903325662722697768e-23 6.801673728900606760e-24
4.716796875000000000e-01 1.159465002083121999e-22 -2.039725313224952433e-23
4.721679687500000000e-01 -1.136657876846531981e-22 -7.395719365063690581e-23
4.726562500000000000e-01 -8.757320224016231769e-23 5.366344485603980299e-23
4.731445312500000000e-01 1.712505692483120324e-22 2.186636287029323811e-22
4.736328125000000000e-01 -3.854803681027311950e-23 1.438163090148032571e-22
4.741210937500000000e-01 1.219048078521417756e-22 7.123898085350938354e-24
4.746093750000000000e-01 1.834520090148369566e-23 1.644260827630749458e-22
4.750976562500000000e-01 6.792103900618473630e-23 1.459313995613420682e-22
4.755859375000000000e-01 2.414770485099861154e-22 -1.763667023411461473e-23
4.760742187500000000e-01 -1.149842089020754350e-22 4.270584950235483721e-23
4.765625000000000000e-01 -8.604189617904246128e-23 -1.252454076550957881e-23
4.770507812500000000e-01 1.693757453644418627e-22 -9.759422077585190023e-23
4.775390625000000000e-01 1.090995983156549686e-22 2.880427789126653180e-22
4.780273437500000000e-01 -1.670226634946776552e-22 -9.983484874557512568e-23
4.785156250000000000e-01 -1.424037840857034534e-23 3.791147718584990929e-22
4.790039062500000000e-01 -4.185147277689398388e-23 -3.395764697459775148e-23
4.794921875000000000e-01 1.198952185528363514e-22 9.713201006726195120e-24
4.799804687500000000e-01 -6.298284700269159894e-23 2.505712813550899348e-23
4.804687500000000000e-01 5.015120004607798245e-23 2.036823914276967599e-23
4.809570312500000000e-01 6.262061638592763800e-23 -1.517822470714224039e-22
4.814453125000000000e-01 -5.687851201102543922e-23 -4.983581957370109768e-23
4.819335937500000000e-01 2.076926907781049238e-22 2.259877073954730290e-22
4.824218750000000000e-01 4.070579247172255769e-23 -1.394281992522667966e-22
4.829101562500000000e-01 -3.394810283916312705e-23 1.414420926922121862e-22
4.833984375000000000e-01 -1.625841945958285997e-22 -8.403373242956707189e-23
4.838867187500000000e-01 3.294233621996782960e-23 -1.382756814785050788e-23
4.843750000000000000e-01 -3.368999365376417128e-23 -1.100402942545059784e-22
4.848632812500000000e-01 2.353841956606016326e-22 8.457298973040927659e-24
4.853515625000000000e-01 -7.769373644698542426e-23 1.310509247947630959e-22
4.858398437500000000e-01 8.583140686468091633e-23 -1.471309374555577780e-22
4.863281250000000000e-01 1.984878363424788136e-23 -1.513194934549249790e-22
4.868164062500000000e-01 6.506005456850747685e-23 1.997487616149683537e-23
4.873046875000000000e-01 -9.511286954364624368e-23 -5.895489295371995700e-23
4.877929687500000000e-01 2.119975857010517823e-22 1.450935692849254705e-22
4.882812500000000000e-01 6.422460298977076234e-23 -6.453500448956213066e-23
4.887695312500000000e-01 -1.541858128943649181e-22 -9.718981717881169047e-23
4.892578125000000000e-01 2.399760201931913589e-23 4.224053466194934977e-23
4.897460937500000000e-01 -1.178549407270249789e-22 -4.901718481893997742e-23
4.902343750000000000e-01 -2.357986041539313260e-22 -1.996715817905449155e-23
4.907226562500000000e-01 6.806871804767889557e-23 -1.524567701006699607e-22
4.912109375000000000e-01 -1.297850265108037514e-22 -5.934743944422817463e-23
4.916992187500000000e-01 -3.570267651629468201e-22 -5.805907059474759481e-24
4.921875000000000000e-01 -5.411529868453339712e-23 2.691791989040169133e-23
4.926757812500000000e-01 -7.796605157363591466e-23 1.365061637974702435e-22
4.931640625000000000e-01 -4.652152646344006231e-23 1.022724343438035383e-22
4.936523437500000000e-01 -1.252583669841635930e-22 9.167130122343966748e-23
4.941406250000000000e-01 1.021542314778662584e-22 6.678565156854462644e-23
4.946289062500000000e-01 -8.710485601948100871e-23 -1.993910575208038428e-23
4.951171875000000000e-01 -5.403465328609582263e-23 -2.154975280978413604e-24
4.956054687500000000e-01 -2.983364361041727238e-22 -2.423862760057297692e-22
4.960937500000000000e-01 2.443336044243280763e-22 8.904912506139632165e-23
4.965820312500000000e-01 -1.265371397815723690e-22 -7.110954530622558504e-23
4.970703125000000000e-01 1.221458522488766594e-22 -1.535671879785186337e-22
4.975585937500000000e-01 -1.146096536529215083e-22 9.036331056245433423e-24
4.980468750000000000e-01 -7.661867887447378218e-23 -8.243989880615860731e-23
4.985351562500000000e-01 -1.047823140782599374e-22 1.055628697967324257e-22
4.990234375000000000e-01 -4.861305928287910129e-23 -2.524371190875830322e-22
4.995117187500000000e-01 1.531828337366720568e-22 -1.495436666381344410e-22
5.000000000000000000e-01 2.314921284422089710e-22 7.857128951603893973e-23
5.004882812500000000e-01 -1.496648369035963946e-25 4.537023731770496552e-23
5.009765625000000000e-01 7.231461295465790743e-23 2.652457013768868156e-22
5.014648437500000000e-01 3.749527886867591455e-23 2.198128411483756547e-24
5.019531250000000000e-01 1.211861134565080545e-22 -3.207650793211393526e-22
5.024414062500000000e-01 6.434542970526827369e-23 1.900394912054316178e-23
5.029296875000000000e-01 -7.365743803302367480e-24 2.915370942115452918e-23
5.034179687500000000e-01 9.074443841461047182e-23 4.047081325385998823e-23
5.039062500000000000e-01 -1.035312799125572383e-22 9.576895625298584112e-23
5.043945312500000000e-01 -3.825700401308380907e-25 -5.113111243409561775e-23
5.048828125000000000e-01 8.817323130485741316e-23 -3.495981967108300696e-23
5.053710937500000000e-01 -4.850545794754047904e-23 5.651157081696940124e-23
5.058593750000000000e-01 -7.947563640674082278e-23 -2.247441732757108148e-22
5.063476562500000000e-01 7.336228220019387239e-23 1.467258333543411664e-22
5.068359375000000000e-01 1.451458307339385482e-22 -4.055438728993276390e-23
5.073242187500000000e-01 1.349178035131422042e-22 2.703314850535148140e-22
5.078125000000000000e-01 -5.474829415398529968e-23 -1.527588455152812695e-22
5.083007812500000000e-01 2.627187368771168417e-22 2.458626421500075855e-22
5.087890625000000000e-01 -9.332471316644784953e-23 -9.159226098476850224e-23
5.092773437500000000e-01 1.142884413121088340e-22 -7.568929601165293423e-23
5.097656250000000000e-01 5.463984677242650731e-23 1.250488119281100428e-22
5.102539062500000000e-01 -1.041415782496132842e-22 -4.640641735534514976e-24
5.107421875000000000e-01 -1.149721937523598991e-22 -7.331070395348395146e-24
5.112304687500000000e-01 7.385228743666952135e-23 1.550057433485114797e-22
5.117187500000000000e-01 1.225897817953161250e-22 1.373691502224030200e-23
5.122070312500000000e-01 7.992146926799056315e-23 5.185306347504373294e-23
5.126953125000000000e-01 3.022365720048506298e-23 1.372552843395284296e-22
5.131835937500000000e-01 8.567525795094889985e-23 8.529804823474204515e-23
5.136718750000000000e-01 -3.802034670881605990e-22 4.422653214284935189e-23
5.141601562500000000e-01 1.442046061650283211e-22 3.025113496470828185e-22
5.146484375000000000e-01 7.931411533205385229e-23 2.938926406967295597e-23
5.151367187500000000e-01 6.971061744747935331e-23 3.464280281184976952e-23
5.156250000000000000e-01 -4.891622482260593273e-23 4.739928905577162811e-23
5.161132812500000000e-01 5.585131218423764684e-23 2.266449298787953488e-22
5.166015625000000000e-01 -7.905768596089534703e-23 5.070514055445516612e-23
5.170898437500000000e-01 1.823313369311061471e-22 1.294545412599062470e-23
5.175781250000000000e-01 1.560305809787485035e-23 -1.706072843491641342e-22
5.180664062500000000e-01 -1.804584069391129601e-22 -9.750735164010339990e-23
5.185546875000000000e-01 8.364321311518038474e-23 -9.294712377874178365e-23
5.190429687500000000e-01 -1.465833492669147703e-22 -9.731163916901293835e-23
5.195312500000000000e-01 1.881416840459137474e-22 -1.543974912994999088e-22
5.200195312500000000e-01 -2.261755797924033979e-22 -2.002930108810145993e-23
5.205078125000000000e-01 8.972106468876782332e-23 -2.269843584047584697e-22
5.209960937500000000e-01 -8.824847489539262557e-23 -1.568529110438129289e-22
5.214843750000000000e-01 4.210249226972130981e-23 -4.475813049525371548e-23
5.219726562500000000e-01 -1.309462848404521134e-22 7.413018101096906386e-23
5.224609375000000000e-01 -1.053564085910843671e-22 -1.344135815659294279e-22
5.229492187500000000e-01 -1.879465835191206181e-22 -1.524654348406816847e-22
5.234375000000000000e-01 1.960143675924254197e-22 3.864171289809024749e-23
5.239257812500000000e-01 -1.414110827840169147e-22 -7.370777111529080682e-23
5.244140625000000000e-01 -2.378930147241189176e-23 2.771066368559874761e-23
5.249023437500000000e-01 -8.074735582342669558e-23 -1.274805861212152524e-22
5.253906250000000000e-01 -2.608696717297375479e-23 -4.764107071132487230e-25
5.258789062500000000e-01 -6.754505654550764294e-23 -2.891350687479110159e-22
5.263671875000000000e-01 -1.203396488992743710e-23 -1.424892820951257565e-23
5.268554687500000000e-01 -7.516272842731867091e-23 -1.281575514705030277e-22
5.273437500000000000e-01 -8.668580279648449949e-23 -1.019532842665609274e-22
5.278320312500000000e-01 -9.592175465822546224e-24 2.907059024030918279e-23
5.283203125000000000e-01 3.484654368778146911e-23 -7.610083658506327797e-24
5.288085937500000000e-01 2.292520852862929336e-23 3.070182822048116796e-23
5.292968750000000000e-01 -1.583953181152142898e-22 2.867237181033810833e-22
5.297851562500000000e-01 -1.147001184810704212e-22 1.673137850540971314e-23
5.302734375000000000e-01 -2.532476813107819683e-22 9.143663160686151155e-23
5.307617187500000000e-01 1.953838255995765583e-22 -8.468077847017347349e-23
5.312500000000000000e-01 -2.254865779024402264e-23 -8.781477582731785543e-23
5.317382812500000000e-01 2.805041802464880218e-22 2.202989191272533703e-23
5.322265625000000000e-01 6.210249859141293372e-23 1.715997172205399444e-22
5.327148437500000000e-01 -1.425172230359957695e-22 -1.708572049859516146e-22
5.332031250000000000e-01 -3.136314652576750930e-23 1.989846772730091487e-22
5.336914062500000000e-01 1.633323403233984963e-22 -3.935303420636304482e-23
5.341796875000000000e-01 -1.271991032483239443e-22 1.561998045144451359e-22
5.346679687500000000e-01 3.730331902360530400e-23 1.112250559597778507e-22
5.351562500000000000e-01 -1.391717861592055731e-22 -1.346661214712610909e-22
5.356445312500000000e-01 -5.085320936671834327e-23 1.124330819276549943e-22
5.361328125000000000e-01 2.424895744097273614e-22 1.273435992862276658e-22
5.366210937500000000e-01 -5.582437587385895001e-23 1.717345607389313777e-22
5.371093750000000000e-01 9.948411891822397986e-23 1.482424635616527169e-23
5.375976562500000000e-01 1.950520586890531517e-22 1.161317951632527059e-22
5.380859375000000000e-01 2.987478418985541012e-23 -7.863056734442702837e-23
5.385742187500000000e-01 -1.244949283522895217e-22 -4.949419240346040881e-23
5.390625000000000000e-01 -1.868614954533774386e-22 2.250909754375953556e-23
5.395507812500000000e-01 1.072244359765104157e-22 1.590635982620741923e-22
5.400390625000000000e-01 3.143032112724547224e-23 -1.528317893004693837e-22
5.405273437500000000e-01 3.448902797640359997e-22 2.272219149337803029e-22
5.410156250000000000e-01 8.450701580015788040e-23 -2.429508146747526436e-23
5.415039062500000000e-01 -3.571459384014404327e-23 9.448306587897535215e-23
5.419921875000000000e-01 7.451462362346692104e-23 4.751785319537664579e-23
5.424804687500000000e-01 5.640696622336757585e-23 8.019549115874509817e-23
5.429687500000000000e-01 -3.825800222880473393e-23 6.518810900487719971e-23
5.434570312500000000e-01 2.600753306732044075e-22 -1.433722251426471958e-22
5.439453125000000000e-01 1.263333123516066108e-22 -3.504300687174401243e-23
5.444335937500000000e-01 1.143344466104456862e-22 -6.707391630742274367e-23
5.449218750000000000e-01 -5.078250446694334541e-23 -2.201054979673276132e-23
5.454101562500000000e-01 1.224812517058191850e-22 1.178284752938983885e-22
5.458984375000000000e-01 4.732435011045135887e-23 -9.784707327100632269e-23
5.463867187500000000e-01 -1.927777625904850548e-22 -1.344126812369850863e-23
5.468750000000000000e-01 3.376795394188450771e-22 4.620050647695734123e-23
5.473632812500000000e-01 -1.566624691461468984e-22 9.631894225642293000e-23
5.478515625000000000e-01 1.026244151947087753e-22 -2.679635243329622424e-23
5.483398437500000000e-01 -2.205322032405691913e-23 -7.861064878685376807e-23
5.488281250000000000e-01 -1.218494023079666687e-22 -8.100362112598312434e-23
5.493164062500000000e-01 1.465615708373238129e-22 -4.043569193211056374e-23
5.498046875000000000e-01 -1.636516680271784765e-22 -6.219240250680653959e-23
5.502929687500000000e-01 -1.072215074640143700e-22 -1.430426028521458591e-22
5.507812500000000000e-01 -5.716720690876683369e-23 3.049831351766952864e-23
5.512695312500000000e-01 6.661583323509938478e-23 7.478291326130475644e-23
5.517578125000000000e-01 1.463705121053476556e-22 -1.041380159612714448e-22
5.522460937500000000e-01 -2.259502151685106716e-22 8.902700093655522117e-23
5.527343750000000000e-01 4.791976465332463796e-23 -2.375875130647655388e-22
5.532226562500000000e-01 -7.630628474303418760e-23 -3.006462350149691809e-23
5.537109375000000000e-01 1.170559294807642696e-24 -1.089073217417528285e-23
5.541992187500000000e-01 -2.350047422701810818e-22 -2.007872623489445208e-22
5.546875000000000000e-01 -4.146550001306218181e-23 1.075806284250946502e-22
5.551757812500000000e-01 -1.992245019169696655e-22 -3.514152389811950402e-22
5.556640625000000000e-01 -1.362185074095815388e-22 2.159280818894653743e-22
5.561523437500000000e-01 -4.521682871268524812e-22 1.640186626401836081e-23
5.566406250000000000e-01 -1.426750334144597136e-22 -1.745929702086125329e-22
5.571289062500000000e-01 -2.536091998929059672e-22 7.787265747992923758e-23
5.576171875000000000e-01 4.830595590107490670e-23 -1.336191711657897366e-22
5.581054687500000000e-01 2.101780623096910589e-23 -4.270163182238173871e-25
5.585937500000000000e-01 -1.383796265815307730e-22 -7.471553921259800492e-23
5.590820312500000000e-01 1.064613587009195061e-22 1.199867292377428160e-22
5.595703125000000000e-01 -1.792256335707181147e-22 -1.483192982192843851e-22
5.600585937500000000e-01 6.493734096581990085e-23 -1.992329674810861785e-22
5.605468750000000000e-01 1.114766669315383614e-22 5.054368986595176641e-23
5.610351562500000000e-01 1.070673781640934202e-22 4.039288663041453359e-23
5.615234375000000000e-01 -8.993519055193470943e-24 2.059217481183843117e-23
5.620117187500000000e-01 9.865966375401396162e-23 -1.761506159389300191e-22
5.625000000000000000e-01 2.537934847991488400e-22 2.182755344133176878e-23
5.629882812500000000e-01 9.526088599417907546e-23 1.772110386561032738e-22
5.634765625000000000e-01 -2.306189871568813658e-23 1.719111004008159957e-22
5.639648437500000000e-01 9.866552733215198363e-23 -1.990812382489037893e-22
5.644531250000000000e-01 -8.312344295161011714e-24 1.915818674508352318e-22
5.649414062500000000e-01 -6.313879348851633569e-23 1.153745376022279762e-22
5.654296875000000000e-01 -3.784159568724434875e-23 1.631913357405522507e-23
5.659179687500000000e-01 -1.328918912428562868e-22 3.036722789077006655e-22
5.664062500000000000e-01 -5.327980347357442453e-23 2.297292328990316978e-22
5.668945312500000000e-01 4.906119635505900183e-23 1.555553203743741757e-22
5.673828125000000000e-01 5.827927920330319485e-23 1.270435377227046540e-22
5.678710937500000000e-01 1.574595523484917164e-22 1.034101840286196670e-22
5.683593750000000000e-01 1.253618180104607594e-22 -2.348829925185212735e-23
5.688476562500000000e-01 -1.437178199377171949e-22 9.229242917154519870e-23
5.693359375000000000e-01 6.821305572754747235e-23 -8.909139308753359656e-23
5.698242187500000000e-01 1.809430233528628107e-22 3.208423510122610181e-22
5.703125000000000000e-01 6.247116470804850805e-23 -7.746818126934556513e-23
5.708007812500000000e-01 -1.765135982672043547e-22 2.498748324200047433e-22
5.712890625000000000e-01 8.982492626825442204e-24 -2.346298518010300916e-22
5.717773437500000000e-01 2.582845966803446653e-22 1.315787678910870500e-22
5.722656250000000000e-01 3.301434352822666455e-23 -1.971594061227897759e-22
5.727539062500000000e-01 2.393875359540711154e-22 -1.342778259184222826e-22
5.732421875000000000e-01 3.517698776768960087e-22 4.084187088064150285e-23
5.737304687500000000e-01 5.529623942534864774e-23 -1.774853222343022619e-22
5.742187500000000000e-01 1.073624747784801503e-22 -1.019864776333001810e-22
5.747070312500000000e-01 -5.983191308911626027e-23 1.328262191030384274e-22
5.751953125000000000e-01 6.414052557977266129e-23 -1.946719490009692551e-22
5.756835937500000000e-01 -7.358032219932042888e-23 -6.895694944518355951e-23
5.761718750000000000e-01 1.779483640175719569e-22 -7.889317165673560562e-23
5.766601562500000000e-01 -1.118005143400353755e-22 -5.540342936627402811e-23
5.771484375000000000e-01 -2.199743189456846809e-23 -6.456298486800031219e-23
5.776367187500000000e-01 5.419057240049734907e-23 -7.501365843926748957e-23
5.781250000000000000e-01 -6.540660971482704851e-23 -9.116740336120243043e-23
5.786132812500000000e-01 -2.653301287598970054e-22 -6.198946466958367645e-23
5.791015625000000000e-01 1.228816501301292643e-22 2.905651181157103116e-23
5.795898437500000000e-01 -4.811118685462500135e-23 -6.568998904197529421e-23
5.800781250000000000e-01 1.446965544425085415e-23 2.765391910412892989e-22
5.805664062500000000e-01 -3.801232899421074950e-23 3.666886087073573954e-23
5.810546875000000000e-01 -3.640635621342266748e-23 -4.543059937614611983e-23
5.815429687500000000e-01 -2.100823809400091655e-22 -5.141005231363100642e-24
5.820312500000000000e-01 -1.519177942608837685e-23 1.177287065376690307e-23
5.825195312500000000e-01 -2.267078741807788144e-22 4.822042295759192462e-24
5.830078125000000000e-01 -1.846838188488672952e-22 4.681892562417377389e-23
5.834960937500000000e-01 -1.214672175685065952e-22 -7.461025616973950194e-24
5.839843750000000000e-01 6.050902039337142946e-24 8.006416953210260309e-23
5.844726562500000000e-01 -2.426373370407921275e-22 2.026203380116063882e-23
5.849609375000000000e-01 7.785089966304944549e-23 -1.546362908014052187e-22
5.854492187500000000e-01 -3.110175948022454803e-23 1.652308130692277510e-22
5.859375000000000000e-01 -2.587735238856167249e-22 -8.843242773137594760e-23
5.864257812500000000e-01 2.082515920018558553e-22 8.707715965293809667e-24
5.869140625000000000e-01 2.890918928537003777e-23 -8.368151473902566669e-23
5.874023437500000000e-01 2.334212994581368672e-22 -1.497991907059527718e-22
5.878906250000000000e-01 -1.545070617700565005e-23 -1.570455085842150711e-22
5.883789062500000000e-01 4.125299358909522062e-23 -6.477028463467011861e-23
5.888671875000000000e-01 -2.575469533602129489e-22 -7.125483587078886697e-24
5.893554687500000000e-01 6.398234934799304147e-23 8.691687006533345672e-23
5.898437500000000000e-01 -5.310694813849042293e-23 1.368193913606582245e-23
5.903320312500000000e-01 2.006842548797379958e-23 -3.875160561598273907e-23
5.908203125000000000e-01 -2.198168946278910228e-22 -2.176019030566809852e-22
5.913085937500000000e-01 2.446847609666588253e-22 1.311008122166652251e-22
5.917968750000000000e-01 1.794182231249591854e-22 -2.204017432748636913e-22
5.922851562500000000e-01 -7.553908537150667039e-23 -1.522996069930122266e-22
5.927734375000000000e-01 -6.923245100666309858e-23 9.102373719640693731e-24
5.932617187500000000e-01 5.145914260862774263e-23 2.077751399035288297e-22
5.937500000000000000e-01 -1.829199232639693558e-22 2.376995659281403697e-22
5.942382812500000000e-01 4.606351979861768345e-23 8.308996050032205150e-23
5.947265625000000000e-01 -8.599271367701724043e-23 -5.232241328366098497e-23
5.952148437500000000e-01 2.303396741106603051e-23 -5.477032350150189808e-23
5.957031250000000000e-01 1.811565914235330286e-22 1.364448849402183636e-22
5.961914062500000000e-01 -1.701235425591172894e-22 -1.830549549716208187e-22
5.966796875000000000e-01 3.838437193152833989e-23 -4.822570176805795548e-23
5.971679687500000000e-01 2.944219719703039608e-22 1.225987866367539886e-22
5.976562500000000000e-01 -4.998605705402547196e-23 1.740776000166610412e-22
5.981445312500000000e-01 1.771909009160255573e-23 -5.488751936446147860e-23
5.986328125000000000e-01 -1.423846459169353929e-22 7.778317954121477500e-23
5.991210937500000000e-01 1.517017232085082896e-22 2.047566983645545736e-22
5.996093750000000000e-01 -3.733359280368108587e-24 -4.226985829333740336e-23
6.000976562500000000e-01 5.015023694115651838e-24 1.620672279925481183e-22
6.005859375000000000e-01 -6.285401185068366988e-24 1.589195114875362694e-22
6.010742187500000000e-01 -3.379248914765335494e-24 9.458573799363426251e-23
6.015625000000000000e-01 7.423918688817618395e-23 7.583979315994498939e-23
6.020507812500000000e-01 -6.271630167509705602e-23 9.417768962704017176e-23
6.025390625000000000e-01 -2.381111211980720444e-23 -9.547760448760049361e-23
6.030273437500000000e-01 -1.181937382424525646e-23 5.195009813730680492e-23
6.035156250000000000e-01 -3.786885198833190679e-23 -1.725268277267055336e-22
6.040039062500000000e-01 8.410118676345893953e-23 -6.287475453599534502e-23
6.044921875000000000e-01 9.073096705370521202e-23 1.086863192704626138e-22
6.049804687500000000e-01 -3.122082210206726982e-23 1.049671570343105075e-23
6.054687500000000000e-01 8.678671154879361341e-23 3.212279354302514128e-23
6.059570312500000000e-01 1.203357876106958086e-22 4.018590430408538724e-23
6.064453125000000000e-01 1.048212196153634569e-22 1.901878081599476776e-23
6.069335937500000000e-01 1.577908693787399116e-22 7.215970425718968005e-23
6.074218750000000000e-01 5.332823501164148244e-23 -3.657753232586702181e-22
6.079101562500000000e-01 -1.509959589718334495e-23 -8.398688628884390086e-23
6.083984375000000000e-01 1.939957826233568801e-22 -2.720265109252210707e-22
6.088867187500000000e-01 -6.117452397028514810e-23 -3.278933177015990062e-23
6.093750000000000000e-01 2.179985197446851953e-22 1.475142920203909437e-22
6.098632812500000000e-01 -8.056979483549434631e-23 -4.373943735182801031e-23
6.103515625000000000e-01 -6.932417618152764257e-23 7.181729144258626075e-23
6.108398437500000000e-01 1.083822814378583587e-22 1.629814065427241384e-22
6.113281250000000000e-01 5.740597966005684026e-23 -4.057854276367355803e-23
6.118164062500000000e-01 -1.881463955584753503e-22 1.936180732830847341e-22
6.123046875000000000e-01 -7.196845093007932531e-23 -6.307200114112023125e-23
6.127929687500000000e-01 1.281132020031067511e-22 -1.220167900612896668e-22
6.132812500000000000e-01 -3.505930027763888145e-22 3.719723756744953510e-22
6.137695312500000000e-01 -5.069387437172454957e-23 -2.404049664899462100e-22
6.142578125000000000e-01 5.267121808374316802e-23 4.058025438933090901e-23
6.147460937500000000e-01 1.413665597725166448e-22 -1.213449630212783351e-22
6.152343750000000000e-01 -3.077736590183681730e-22 -2.193370740408790623e-22
6.157226562500000000e-01 -7.681481356729848182e-23 -9.795760073990548687e-23
6.162109375000000000e-01 -3.023953861649993397e-22 -2.261234013854500241e-23
6.166992187500000000e-01 1.754762487524336218e-22 -3.135511943879718552e-23
6.171875000000000000e-01 7.287952132592867187e-24 -2.986141948534255055e-22
6.176757812500000000e-01 -5.491614505428456364e-23 2.410277430908254841e-22
6.181640625000000000e-01 -1.011830735980415620e-22 -1.251720254195353609e-22
6.186523437500000000e-01 2.041222078821498717e-22 -5.006686227888550294e-23
6.191406250000000000e-01 -1.235619973528300788e-22 -1.458121614826207129e-22
6.196289062500000000e-01 -1.983724785565644163e-23 5.032413409155066612e-23
6.201171875000000000e-01 -2.651812484656663181e-22 -1.157839741186742212e-22
6.206054687500000000e-01 -1.696979025626783416e-24 1.971820499699099479e-22
6.210937500000000000e-01 1.466685319977971339e-22 1.050187882250234164e-23
6.215820312500000000e-01 2.378614099310900131e-22 -1.578577861968615233e-22
6.220703125000000000e-01 -9.839265106857648659e-23 7.004839791760218939e-24
6.225585937500000000e-01 -2.331289914340075584e-22 -8.693459576287081228e-23
6.230468750000000000e-01 -2.792373883569895615e-22 -1.215073505558975198e-22
6.235351562500000000e-01 1.134767238716448571e-22 6.230436496256548852e-23
6.240234375000000000e-01 1.899837752440882991e-23 -4.221936283087058019e-23
6.245117187500000000e-01 6.101980450993710028e-23 2.498632205269185345e-22
6.250000000000000000e-01 -1.083380749147706460e-22 -1.916138643090917448e-22
6.254882812500000000e-01 -7.843978720790738505e-23 9.291511149373583463e-23
6.259765625000000000e-01 -1.996376004807349170e-22 1.704233263165042755e-22
6.264648437500000000e-01 2.038758334279862131e-22 -2.754708225276189421e-24
6.269531250000000000e-01 -5.966170189548418718e-23 7.403975846981721821e-23
6.274414062500000000e-01 -2.696971563596310343e-22 1.919826787234422804e-22
6.279296875000000000e-01 3.662428079678222620e-23 1.341682200864403463e-23
6.284179687500000000e-01 2.714974984643552847e-22 7.366031187401890101e-23
6.289062500000000000e-01 1.161746736424916787e-22 1.904009536949888442e-22
6.293945312500000000e-01 -4.862987597322807419e-25 3.841685712696200257e-23
6.298828125000000000e-01 8.713895827140733370e-23 -9.948872296664466104e-23
6.303710937500000000e-01 1.787867575229125985e-22 2.366140636734220890e-22
6.308593750000000000e-01 1.154075774083129626e-22 -7.493091222904225612e-23
6.313476562500000000e-01 2.121591514189135416e-22 1.881858097871194933e-22
6.318359375000000000e-01 9.768712443951159584e-23 2.364842895455416980e-22
6.323242187500000000e-01 -1.707576572265539776e-22 8.094087211166862995e-23
6.328125000000000000e-01 2.035657421140347609e-22 -2.125062610530883944e-22
6.333007812500000000e-01 -4.819694266198366471e-23 -6.659012595496367191e-23
6.337890625000000000e-01 -9.681267351003258633e-23 -2.268004527279482815e-22
6.342773437500000000e-01 -1.066942670808734227e-22 1.465496840495774593e-22
6.347656250000000000e-01 2.496155652643583678e-22 -9.283637434232875899e-23
6.352539062500000000e-01 1.135509089958962621e-22 9.011244335526979637e-25
6.357421875000000000e-01 7.760462186348393611e-23 -7.602902671252129756e-23
6.362304687500000000e-01 1.046419493678121303e-22 3.850489437004546554e-22
6.367187500000000000e-01 -2.932487342898560345e-23 -9.796855163560421638e-23
6.372070312500000000e-01 3.127124821611898372e-22 1.749539744615039487e-22
6.376953125000000000e-01 5.810527896016081296e-24 -3.725599422483857986e-23
6.381835937500000000e-01 7.794092760554563057e-23 3.954980662176373212e-23
6.386718750000000000e-01 -3.058943482152676021e-22 -3.683748662833410553e-22
6.391601562500000000e-01 2.085271416595723170e-23 1.556810025031657878e-23
6.396484375000000000e-01 -3.803528982093111647e-23 8.693192293156195014e-23
6.401367187500000000e-01 8.827139937561955559e-23 -3.119979072631265491e-22
6.406250000000000000e-01 -3.534644080106998880e-22 1.681181433506352644e-22
6.411132812500000000e-01 1.515561452751595022e-22 3.736274677051270826e-23
6.416015625000000000e-01 -1.178318054382916514e-22 -1.261125522882400256e-23
6.420898437500000000e-01 -5.248851724483352034e-23 -2.475100937013554990e-22
6.425781250000000000e-01 8.946449572943077740e-23 -4.382975755969694568e-24
6.430664062500000000e-01 -2.986125311305185130e-23 -3.445228729519770729e-22
6.435546875000000000e-01 -1.236944649380375871e-22 -1.252220239343642911e-22
6.440429687500000000e-01 -2.274991792642799933e-22 9.586939014546754135e-23
6.445312500000000000e-01 2.932502317388372460e-25 5.488939207913125771e-23
6.450195312500000000e-01 -1.569508081114088761e-22 -1.904628032255964702e-22
6.455078125000000000e-01 1.052820043419092504e-22 -1.142127624005130201e-22
6.459960937500000000e-01 -1.230238053328729639e-22 6.574674089837918154e-23
6.464843750000000000e-01 1.135037187359633313e-22 8.078423844063674924e-23
6.469726562500000000e-01 7.045711157140129891e-23 1.348071514448946234e-22
6.474609375000000000e-01 -1.018828859684294647e-22 -2.903623965361166340e-22
6.479492187500000000e-01 -2.329225999571213710e-23 1.682954708145756683e-22
6.484375000000000000e-01 6.859595101450571868e-23 3.546378344394254555e-23
6.489257812500000000e-01 1.032069077262723775e-22 5.925634421311088865e-23
6.494140625000000000e-01 -8.817983819917105931e-23 1.560840578147002411e-22
6.499023437500000000e-01 -3.737783655992025937e-23 2.923911739957404713e-23
6.503906250000000000e-01 -1.263361609278134209e-22 -4.171273095693104957e-24
6.508789062500000000e-01 -1.963093584558824452e-22 1.148163007756944490e-23
6.513671875000000000e-01 1.575409023265617105e-22 -5.351399272755553182e-23
6.518554687500000000e-01 -5.580250833707615550e-23 1.027083667228962860e-22
6.523437500000000000e-01 -2.967547505867059123e-23 -1.203937843698910604e-22
6.528320312500000000e-01 -1.040140170313936250e-22 4.566162361419252183e-23
6.533203125000000000e-01 -4.608386644212168446e-23 -1.678284026881394692e-23
6.538085937500000000e-01 -5.739162953640744604e-23 -9.312536095434491358e-23
6.542968750000000000e-01 2.112421472010031032e-22 4.528734925781171440e-23
6.547851562500000000e-01 6.450881237512048289e-23 -1.685864783378301880e-22
6.552734375000000000e-01 -5.894758026317943848e-23 2.860504330493155255e-22
6.557617187500000000e-01 3.835266014861615748e-22 -1.889958242225583504e-23
6.562500000000000000e-01 -1.085832475837025032e-22 -5.921128308458613438e-23
6.567382812500000000e-01 9.379897608390074228e-23 -3.295505661039874397e-23
6.572265625000000000e-01 1.317018535720433110e-22 7.451465465155055505e-23
6.577148437500000000e-01 -1.279275541788992581e-22 2.373259419278847841e-22
6.582031250000000000e-01 -7.558108543713078365e-23 -4.281561974931023883e-23
6.586914062500000000e-01 -2.899548579548072692e-23 2.256733360466139719e-22
6.591796875000000000e-01 -1.560607431588206689e-22 2.371168389941457696e-23
6.596679687500000000e-01 2.767508029927829664e-22 -1.294826893897731597e-22
6.601562500000000000e-01 -2.345293326317422066e-22 -6.861257579497485883e-23
6.606445312500000000e-01 1.889866939104781601e-22 1.025816048913372679e-22
6.611328125000000000e-01 -2.835256491810595330e-22 1.518501890123108650e-22
6.616210937500000000e-01 2.310943460789472940e-23 -1.496867211529365616e-23
6.621093750000000000e-01 -8.479599111891551921e-24 1.564148825061210678e-22
6.625976562500000000e-01 3.091675595357736485e-22 1.052572919933388092e-23
6.630859375000000000e-01 -2.326530007963085778e-22 -1.332286933279199660e-22
6.635742187500000000e-01 1.505959192962862421e-22 -2.435858341951976910e-23
6.640625000000000000e-01 3.117821435912591243e-23 -1.846042434689952628e-22
6.645507812500000000e-01 1.182644481643859877e-23 6.124173846027089010e-23
6.650390625000000000e-01 4.178020348700140576e-24 -1.693233370385053281e-22
6.655273437500000000e-01 3.150275938930893402e-23 -7.684078008864546937e-23
6.660156250000000000e-01 8.586419469500400286e-26 5.457284525259223320e-24
6.665039062500000000e-01 -1.954212511675994554e-22 -1.304527125535633056e-22
6.669921875000000000e-01 -6.575654789960490728e-24 -7.895736515707952217e-23
6.674804687500000000e-01 2.505730295888313741e-22 8.109392544319271868e-23
6.679687500000000000e-01 2.359268536780452749e-24 -1.854230151769068554e-22
6.684570312500000000e-01 2.212570980478049341e-22 1.116298104674354059e-22
6.689453125000000000e-01 -1.098074674650558637e-22 1.220718330455537318e-22
6.694335937500000000e-01 1.603784459256150359e-22 -7.743415159011778887e-23
6.699218750000000000e-01 -6.374786927397481191e-23 -5.813195536386929421e-23
6.704101562500000000e-01 6.281626972020003259e-23 1.838432034979455640e-23
6.708984375000000000e-01 -5.599701065209884855e-23 2.830331203664723344e-22
6.713867187500000000e-01 7.907270142937874084e-23 -1.936374078665647198e-22
6.718750000000000000e-01 -5.245139128843044514e-23 -3.074887793321523926e-23
6.723632812500000000e-01 -1.426956409962736877e-22 -1.284658833172406084e-22
6.728515625000000000e-01 1.393178982555353716e-23 9.683137686484713279e-23
6.733398437500000000e-01 -9.886817074022931518e-23 1.090005284632649721e-22
6.738281250000000000e-01 -1.533605567970618274e-22 2.627223176276549120e-22
6.743164062500000000e-01 -4.824807373451577890e-23 2.351689016914952361e-22
6.748046875000000000e-01 1.026396266455260627e-22 -3.010899950295834096e-22
6.752929687500000000e-01 2.968849730057789981e-23 -2.443608073030029349e-22
6.757812500000000000e-01 -2.518343570732080491e-22 2.566155179963430816e-22
6.762695312500000000e-01 9.638048278142769902e-23 2.857129212869229353e-23
6.767578125000000000e-01 -9.249190203318727912e-23 -1.103014843810580312e-22
6.772460937500000000e-01 3.407702893031811039e-22 1.109110395899194542e-22
6.777343750000000000e-01 -1.836989559778327089e-22 -3.603616064151868977e-23
6.782226562500000000e-01 2.109087572587296432e-22 4.706567694520431832e-23
6.787109375000000000e-01 -7.255628788426966480e-23 -2.838035839022689160e-22
6.791992187500000000e-01 -1.761771661003796340e-22 -3.905976214365572111e-23
6.796875000000000000e-01 2.112389248977915861e-22 1.665598687142395690e-22
6.801757812500000000e-01 -7.106554099050415641e-23 -6.799479243599176200e-23
6.806640625000000000e-01 3.741176607217481742e-23 8.289063614289260265e-23
6.811523437500000000e-01 6.084967197502069969e-23 1.232204677696123746e-23
6.816406250000000000e-01 1.990379127493982291e-22 -8.910742996399547888e-23
6.821289062500000000e-01 -1.495195778590646267e-22 1.769204942074687229e-22
6.826171875000000000e-01 -1.400640833737087812e-22 1.839045562808800868e-22
6.831054687500000000e-01 -1.333117502297247797e-23 -2.547697266454858710e-22
6.835937500000000000e-01 1.153700110351622256e-22 5.346765170106209676e-23
6.840820312500000000e-01 -1.580896513068043245e-22 1.796840976152003223e-23
6.845703125000000000e-01 1.093362930251381240e-22 -1.220648974594395200e-22
6.850585937500000000e-01 -2.264194982855111074e-22 1.475901605917224411e-22
6.855468750000000000e-01 -1.838795627543083088e-23 -9.738656579894877577e-23
6.860351562500000000e-01 -1.579160645598656680e-22 4.550093206830957422e-23
6.865234375000000000e-01 -3.785394541507815211e-23 -2.026321551000118955e-22
6.870117187500000000e-01 -1.622636796098337527e-23 1.198989446223338008e-22
6.875000000000000000e-01 4.506515016446500743e-23 -1.262673040881701375e-22
6.879882812500000000e-01 -4.080293438182033889e-23 3.568781129961043558e-23
6.884765625000000000e-01 1.404595818934668641e-22 2.568133265241202351e-23
6.889648437500000000e-01 -9.625270295070401515e-23 -2.837417114919510116e-22
6.894531250000000000e-01 2.642842885381875398e-22 3.202087388223283104e-24
6.899414062500000000e-01 -3.666282323046423601e-22 1.114107866380620421e-22
6.904296875000000000e-01 -1.067916091953913695e-22 -2.212108299183284455e-22
6.909179687500000000e-01 2.611364427648733982e-22 -3.839612915431209801e-23
6.914062500000000000e-01 -2.281566417949758257e-22 4.738700693999775216e-24
6.918945312500000000e-01 1.759272153332812451e-22 1.956561968671375075e-22
6.923828125000000000e-01 2.302597317017786237e-23 3.393048972594526666e-23
6.928710937500000000e-01 2.264214794330521336e-22 1.411234372519448585e-22
6.933593750000000000e-01 2.348329040160718061e-23 8.836846083332645413e-23
6.938476562500000000e-01 -1.343071844005598691e-22 -3.023848935099436825e-23
6.943359375000000000e-01 1.598768126829685373e-22 -4.458533777385832429e-23
6.948242187500000000e-01 1.390802894659872793e-22 -9.060367095304219934e-23
6.953125000000000000e-01 5.225595417069469259e-23 -6.788010034716412159e-23
6.958007812500000000e-01 -1.388606272829939336e-23 9.426257737423543961e-23
6.962890625000000000e-01 -9.335334877812687601e-23 -3.510745145861179182e-23
6.967773437500000000e-01 2.050127682799985709e-22 5.276609611723064873e-23
6.972656250000000000e-01 -7.345590403950054997e-23 1.868153541336384937e-22
6.977539062500000000e-01 1.167037126255105626e-22 -2.372707327856402230e-23
6.982421875000000000e-01 -1.982560185348427926e-22 -1.080676526459575576e-22
6.987304687500000000e-01 -9.255323800400567100e-23 1.296111621499795951e-22
6.992187500000000000e-01 -3.380855317184242509e-23 -8.444327624253196514e-23
6.997070312500000000e-01 2.224909604533832257e-22 -7.280993912725106224e-23
7.001953125000000000e-01 -1.262121835748619474e-22 5.590627051953703981e-23
7.006835937500000000e-01 6.746043517510434404e-24 -1.158580788594032019e-22
7.011718750000000000e-01 -1.574114562923579511e-22 2.196168548961497908e-22
7.016601562500000000e-01 1.388663835793819010e-22 -8.750343446285996941e-23
7.021484375000000000e-01 9.447145062150559816e-23 2.342361201693439836e-22
7.026367187500000000e-01 -1.157487733295085134e-22 4.702597990580020924e-23
7.031250000000000000e-01 -3.132205843822692131e-23 -2.067204641906602452e-23
7.036132812500000000e-01 1.479163164448036982e-22 2.322708644335825707e-23
7.041015625000000000e-01 -2.211181162292295035e-22 1.166683707046262925e-22
7.045898437500000000e-01 6.867470368874857273e-23 -7.644311340658105568e-26
7.050781250000000000e-01 2.311606232048393623e-23 -2.929015661414928616e-23
7.055664062500000000e-01 1.505889083520375021e-22 -1.234699970471922798e-22
7.060546875000000000e-01 -2.181760337499968444e-23 9.691712140927720929e-23
7.065429687500000000e-01 8.795921170136998145e-23 -5.502491194329164310e-23
7.070312500000000000e-01 -1.365074377776347835e-22 -1.670077247488121750e-22
7.075195312500000000e-01 -5.052951741084580291e-23 -2.382450013194440762e-24
7.080078125000000000e-01 -1.558172810100446070e-22 1.947136624272935345e-22
7.084960937500000000e-01 -8.552912475236010105e-23 -2.143527032296846756e-22
7.089843750000000000e-01 8.933320485290033391e-23 -1.225452446986687128e-22
7.094726562500000000e-01 7.514302575058863122e-23 9.393638520714131200e-23
7.099609375000000000e-01 -2.533155808870420519e-23 -1.672217407382031281e-22
7.104492187500000000e-01 -8.061615563366562903e-23 -4.635058106996741374e-23
7.109375000000000000e-01 4.679699269431626073e-24 -8.105556793517028094e-23
7.114257812500000000e-01 -1.367006890894969663e-22 3.508751690263351024e-22
7.119140625000000000e-01 6.307739642319637409e-23 9.707102606418135229e-24
7.124023437500000000e-01 -2.424088543753866168e-22 -7.670795153203002292e-23
7.128906250000000000e-01 1.429238601519697199e-22 -1.143380981222722767e-22
7.133789062500000000e-01 -2.548271935189806337e-23 -1.736039014905105007e-24
7.138671875000000000e-01 4.057214173202395723e-23 -6.869136828342125974e-23
7.143554687500000000e-01 -3.847219424042456714e-23 -9.194022527102108550e-23
7.148437500000000000e-01 2.872858734007582784e-22 -3.508127180905544616e-23
7.153320312500000000e-01 -1.455518959207345720e-22 -4.444762943202647899e-23
7.158203125000000000e-01 1.184440739117764350e-22 8.807106429152810515e-23
7.163085937500000000e-01 1.047197019862543760e-22 4.409919694847681535e-24
7.167968750000000000e-01 9.279616478043800422e-23 -6.977563107871742471e-23
7.172851562500000000e-01 -1.384120547052022526e-23 7.940401654306124994e-23
7.177734375000000000e-01 -3.840587976220345812e-23 2.289450195513265165e-22
7.182617187500000000e-01 -1.352222181032703006e-22 1.269640676821783077e-22
7.187500000000000000e-01 4.022053552806764254e-24 7.291225894928271504e-23
7.192382812500000000e-01 6.407071425431863508e-23 -1.503015412056549812e-22
7.197265625000000000e-01 9.592179124276026975e-23 -9.703389397568265050e-23
7.202148437500000000e-01 -3.513226203902541803e-24 1.589916269188960071e-22
7.207031250000000000e-01 -1.361036853979206936e-22 8.034401317830972162e-23
7.211914062500000000e-01 -8.517027331227830761e-23 6.544471970352782076e-25
7.216796875000000000e-01 1.468197626165832919e-23 6.786388019842552301e-23
7.221679687500000000e-01 -8.721858872992975460e-24 7.552778742735576106e-23
7.226562500000000000e-01 -6.082663049016148071e-23 -1.672637900643350240e-22
7.231445312500000000e-01 -3.453846795906628434e-23 -2.608228485074016638e-23
7.236328125000000000e-01 1.768713990907055745e-22 -4.175386610729863299e-23
7.241210937500000000e-01 2.304614206449886780e-23 1.026342663765157564e-22
7.246093750000000000e-01 1.602603419893948395e-22 -4.819405029557617268e-23
7.250976562500000000e-01 -1.138202463308757094e-22 -1.437141508648422373e-22
7.255859375000000000e-01 5.871595440180018959e-23 5.338563460265567713e-23
7.260742187500000000e-01 -7.674541251743558677e-23 -1.795616894244198762e-22
7.265625000000000000e-01 8.509334295058526627e-23 -1.082703586324551601e-22
7.270507812500000000e-01 -2.014150339882362170e-22 8.715122820603387308e-24
7.275390625000000000e-01 6.099757207330659532e-23 8.868403312014711572e-23
7.280273437500000000e-01 -1.814900182078241501e-23 -7.504366246108127978e-23
7.285156250000000000e-01 -1.180662808469617751e-22 -1.090075378983374929e-22
7.290039062500000000e-01 6.049659000100675026e-23 -8.693395962643639547e-24
7.294921875000000000e-01 1.018407575285532405e-23 -4.271211509363753617e-23
7.299804687500000000e-01 -2.223309771516198742e-24 8.096465188226980266e-23
7.304687500000000000e-01 2.511999320021294098e-22 -2.084556023160373873e-22
7.309570312500000000e-01 -2.558967433908938506e-22 -1.637332207545076822e-23
7.314453125000000000e-01 -5.634184683688180934e-23 2.282853337659993333e-22
7.319335937500000000e-01 2.069730479059045901e-22 -1.993002856408817058e-22
7.324218750000000000e-01 3.361576207290607509e-23 7.323381487039555573e-23
7.329101562500000000e-01 6.285897691034769163e-23 -7.857185070914715732e-23
7.333984375000000000e-01 1.994482921864066452e-23 8.233982789658030477e-23
7.338867187500000000e-01 2.246407264966132406e-23 -1.958506210417427684e-22
7.343750000000000000e-01 2.974239647163996472e-23 1.418350822418881891e-22
7.348632812500000000e-01 -1.594633949578479247e-22 1.685211537314378131e-22
7.353515625000000000e-01 -1.052875262608427124e-22 2.701889693122984979e-23
7.358398437500000000e-01 2.009045204546994234e-22 1.295137545222038391e-22
7.363281250000000000e-01 -2.248794686594199820e-22 -3.329438386140341837e-23
7.368164062500000000e-01 1.893249575026486696e-22 -3.408917183550770441e-23
7.373046875000000000e-01 -2.879771039150914814e-22 3.585006549025116797e-22
7.377929687500000000e-01 -2.383866653720133140e-23 -2.290550485645353586e-23
7.382812500000000000e-01 -1.801771484158389030e-23 -9.956556111213762142e-23
7.387695312500000000e-01 -3.443669560592044450e-23 2.714690084943407512e-23
7.392578125000000000e-01 6.603708884987942297e-23 -6.620914930184183501e-23
7.397460937500000000e-01 -1.976755917876187573e-22 -4.107817739963021893e-23
7.402343750000000000e-01 6.899145609814278307e-23 1.702778435805627858e-22
7.407226562500000000e-01 -2.764406745798864168e-22 2.192714035060552347e-22
7.412109375000000000e-01 1.614481516748675342e-22 6.422127842886077300e-23
7.416992187500000000e-01 -7.024099140152230312e-23 2.295565004168748410e-22
7.421875000000000000e-01 -7.907791618986013037e-24 1.566027366232113608e-22
7.426757812500000000e-01 1.327385074806463608e-23 3.850456202880219279e-24
7.431640625000000000e-01 1.721905553114625827e-23 4.930373581259660484e-23
7.436523437500000000e-01 2.385333193744553762e-22 4.081244352005234669e-24
7.441406250000000000e-01 -3.254242548524455033e-24 -9.093196167368442165e-23
7.446289062500000000e-01 2.195639356368383735e-22 -1.281815146853389189e-22
7.451171875000000000e-01 -3.125022895996544869e-23 9.763750094614644211e-24
7.456054687500000000e-01 1.313487411115178040e-22 -7.447628282967041121e-23
7.460937500000000000e-01 8.963161012986285246e-23 -5.331885892551875576e-23
7.465820312500000000e-01 5.303419785268609340e-23 -2.963137226427255874e-23
7.470703125000000000e-01 8.643017075815565872e-24 -1.379634678091126707e-22
7.475585937500000000e-01 -1.072564988159116443e-22 -1.377838656837476040e-22
7.480468750000000000e-01 -1.878797185644847393e-23 4.957850715979775395e-23
7.485351562500000000e-01 1.387183125518391464e-22 -9.786573910256398242e-23
7.490234375000000000e-01 -1.828588970855458560e-22 -3.533475289741593886e-22
7.495117187500000000e-01 8.715116160408115636e-23 1.445258959287545317e-22
7.500000000000000000e-01 1.434090740550970181e-23 -6.080799318020831028e-23
7.504882812500000000e-01 -1.920177172598307622e-23 -9.961778002795587335e-23
7.509765625000000000e-01 -8.395947352040634237e-23 -2.782341208600092790e-22
7.514648437500000000e-01 9.715165597568229916e-23 1.348445351862708071e-22
7.519531250000000000e-01 2.573183070201125195e-22 -4.067950038743783573e-23
7.524414062500000000e-01 -1.047976095004043863e-22 7.870257175125254213e-23
7.529296875000000000e-01 -1.282767457156396870e-24 -7.494226115429282387e-23
7.534179687500000000e-01 1.763775459459461201e-23 1.420007976008138301e-23
7.539062500000000000e-01 -1.127203781847759578e-22 -6.132726400236628107e-23
7.543945312500000000e-01 -5.417916711184772087e-23 1.175522904236249676e-22
7.548828125000000000e-01 -3.463142786329864544e-22 -1.959916560126591616e-22
7.553710937500000000e-01 5.969705063275353480e-23 6.035481403248486377e-23
7.558593750000000000e-01 1.748345807040688494e-22 -1.251272968053460506e-22
7.563476562500000000e-01 5.214643874004617927e-23 2.042089146867121169e-22
7.568359375000000000e-01 -3.473748672129232331e-23 -2.166551010473464033e-22
7.573242187500000000e-01 4.816110882980719147e-24 7.094339283617692022e-23
7.578125000000000000e-01 -4.490531232673933114e-23 -2.634066863401570066e-22
7.583007812500000000e-01 9.220042625838493527e-23 7.844024758482807456e-23
7.587890625000000000e-01 -1.027423456613756678e-23 1.552681664509949169e-22
7.592773437500000000e-01 1.171629734872175869e-22 3.721312168552830179e-22
7.597656250000000000e-01 -2.091831752709829224e-22 -3.349761192114555577e-22
7.602539062500000000e-01 -3.076214419206429461e-22 1.799813680707370285e-22
7.607421875000000000e-01 -2.172331922875371617e-23 -1.404085478360660972e-22
7.612304687500000000e-01 2.668152443252165434e-23 3.279754466456860010e-23
7.617187500000000000e-01 2.227396757406943423e-22 2.624744862256449632e-22
7.622070312500000000e-01 -1.683511669254626701e-22 1.087516080426299998e-22
7.626953125000000000e-01 6.554624110740643383e-23 -1.831635244751279742e-23
7.631835937500000000e-01 -4.841515713045573917e-24 -5.135892028476507909e-24
7.636718750000000000e-01 -1.652806611938057638e-22 -8.634990386496483986e-23
7.641601562500000000e-01 6.268492053204634942e-24 5.980404604425732048e-23
7.646484375000000000e-01 1.256045480631666600e-22 1.476277282625853459e-22
7.651367187500000000e-01 -2.690998382021885686e-22 9.416790910639492403e-24
7.656250000000000000e-01 -3.806717913608757069e-23 3.251082150928867702e-23
7.661132812500000000e-01 2.875554052004481918e-22 -1.580568511875323869e-22
7.666015625000000000e-01 -2.087792103243246018e-22 2.414019601915024233e-22
7.670898437500000000e-01 2.185100530628479040e-22 -3.753557117553787303e-24
7.675781250000000000e-01 1.879781103135592043e-23 -1.464827945356939486e-22
7.680664062500000000e-01 1.722180146805695220e-25 4.054641756908824510e-23
7.685546875000000000e-01 -8.130772864279233710e-23 -3.645047472019243518e-23
7.690429687500000000e-01 -3.909057462746294725e-23 1.216534392684068635e-22
7.695312500000000000e-01 1.883880416275354757e-22 3.384213837843120875e-23
7.700195312500000000e-01 -2.181754666788594651e-22 1.276650749548272567e-22
7.705078125000000000e-01 1.569968959208080736e-22 1.354298121215434975e-22
7.709960937500000000e-01 1.603979000240782516e-22 1.357820287796671869e-22
7.714843750000000000e-01 -7.275838597265430974e-23 -1.385434106548477104e-22
7.719726562500000000e-01 1.109433050823980549e-22 -6.971432497539564444e-24
7.724609375000000000e-01 -6.557405267142871779e-23 1.433985891649644743e-22
7.729492187500000000e-01 -1.170031801648326585e-22 -1.789539545131259493e-22
7.734375000000000000e-01 1.417092294525493454e-22 -1.223896830424724664e-22
7.739257812500000000e-01 1.177640453204029534e-22 8.588658471034948853e-23
7.744140625000000000e-01 1.780556352844008756e-22 -9.385036325899132447e-23
7.749023437500000000e-01 -3.240063562856272960e-22 4.549571652526954843e-23
7.753906250000000000e-01 9.171913845013201056e-23 -1.146244903706142503e-22
7.758789062500000000e-01 -1.195204551208956379e-22 -1.172397778064445872e-24
7.763671875000000000e-01 2.384164255753035153e-22 1.356556915806079467e-22
7.768554687500000000e-01 -1.508111959591326249e-22 1.985151155706092936e-22
7.773437500000000000e-01 7.102100438099559162e-23 -4.270068471597029812e-23
7.778320312500000000e-01 -1.507736788351456916e-23 4.632922270817516540e-23
7.783203125000000000e-01 1.153006432933530582e-22 2.257074810460417782e-22
7.788085937500000000e-01 -2.035526168046197664e-22 -2.729672299980356744e-22
7.792968750000000000e-01 5.601122164431749485e-23 -9.474990266662922587e-23
7.797851562500000000e-01 -1.412955497722912550e-22 -2.342745723832642661e-22
7.802734375000000000e-01 3.283180400359913587e-22 2.041542747606776835e-23
7.807617187500000000e-01 -1.252293914621702485e-23 -1.058300857152046118e-22
7.812500000000000000e-01 -1.114617473198005379e-22 8.856884783261687256e-23
7.817382812500000000e-01 3.138069238112063490e-23 -1.532068215026175327e-22
7.822265625000000000e-01 1.869718912397586708e-22 -8.729666212725221887e-23
7.827148437500000000e-01 -5.611046450565680807e-23 -8.276390059915227153e-23
7.832031250000000000e-01 3.218071618744942158e-23 8.522272873719608246e-23
7.836914062500000000e-01 -1.169991076902745573e-22 7.374989181761926490e-23
7.841796875000000000e-01 -7.813350796780689549e-24 -1.092267766882284465e-22
7.846679687500000000e-01 -7.098052393494322110e-23 -1.244405159553525334e-22
7.851562500000000000e-01 -2.077599123704101715e-22 -1.837811416040868067e-22
7.856445312500000000e-01 1.021827259971218060e-22 -4.700951857097935454e-24
7.861328125000000000e-01 -3.806033961415139660e-24 1.646448575609903273e-22
7.866210937500000000e-01 3.615633128719575148e-23 1.442884191787700599e-22
7.871093750000000000e-01 4.816058473238902746e-23 -2.964477334656633951e-22
7.875976562500000000e-01 4.609487458154667359e-24 -1.217636232264982545e-22
7.880859375000000000e-01 1.477374882843423998e-22 -7.877922196944670464e-23
7.885742187500000000e-01 -3.631203923738161730e-23 -1.987442292149907143e-22
7.890625000000000000e-01 -8.616907067522859664e-23 1.299982136467288019e-23
7.895507812500000000e-01 -4.106734364230554823e-23 5.958307695663135438e-23
7.900390625000000000e-01 -4.466684797284133043e-23 -2.683915589187895506e-23
7.905273437500000000e-01 1.019196319842717407e-22 -2.969810612810331104e-23
7.910156250000000000e-01 1.039228517909962415e-23 -9.191582205028088959e-23
7.915039062500000000e-01 -3.030420265314909728e-23 2.348177099328319911e-22
7.919921875000000000e-01 -4.962584110008931274e-23 5.588375712344664543e-23
7.924804687500000000e-01 -8.042033275553262822e-23 -8.885425494845048472e-24
7.929687500000000000e-01 -2.107358465302873711e-22 -5.552377188609310079e-23
7.934570312500000000e-01 3.531869241407203180e-25 -3.088610574798099068e-23
7.939453125000000000e-01 -3.116638378210611833e-23 -1.329809071741021563e-22
7.944335937500000000e-01 -1.937633460060317432e-24 -1.120522376879737118e-22
7.949218750000000000e-01 5.466249723078276643e-23 1.741219160409110303e-22
7.954101562500000000e-01 -1.198662711691556665e-22 1.213507720948313331e-22
7.958984375000000000e-01 8.501290739825336611e-23 2.391998043496212546e-22
7.963867187500000000e-01 -2.118073955243643234e-22 3.014696877273081879e-22
7.968750000000000000e-01 9.007056213935741501e-23 1.160302380587400842e-22
7.973632812500000000e-01 -1.720325984776147292e-24 1.017063836810954209e-22
7.978515625000000000e-01 -5.271281414103776080e-24 1.657260519037072888e-22
7.983398437500000000e-01 8.476250238689920033e-23 1.658762398454664752e-22
7.988281250000000000e-01 -1.826271911969265758e-22 2.314954736761692029e-23
7.993164062500000000e-01 7.261722310625250011e-23 -5.652401008531594906e-23
7.998046875000000000e-01 4.176295054758462122e-23 1.310340038676340514e-22
8.002929687500000000e-01 1.119614585582894718e-22 1.186393730533227516e-22
8.007812500000000000e-01 -3.738212376500414476e-23 1.420884160478308901e-22
8.012695312500000000e-01 -1.506517222333950341e-22 7.803228931868777289e-23
8.017578125000000000e-01 1.381271776594318415e-22 1.205417874471121771e-22
8.022460937500000000e-01 2.894261624265069636e-22 -7.760556394681735339e-23
8.027343750000000000e-01 -9.975720487136226456e-23 -9.915490264230832436e-23
8.032226562500000000e-01 1.342616392073217579e-23 4.389224394381771844e-23
8.037109375000000000e-01 6.557694581291210454e-23 -7.213134336859577223e-23
8.041992187500000000e-01 1.407923628316225405e-22 2.200674381895248478e-23
8.046875000000000000e-01 -6.864678479533971352e-23 4.291832699516756588e-23
8.051757812500000000e-01 -2.126547761824286751e-23 -1.980143904250977364e-22
8.056640625000000000e-01 1.681799253132306656e-22 -9.994806140796600051e-23
8.061523437500000000e-01 -6.202067973696638309e-23 5.477564748253564033e-23
8.066406250000000000e-01 -1.426701065708314585e-22 -4.331408756035128413e-23
8.071289062500000000e-01 -6.994697474395969304e-23 2.842498465442280458e-23
8.076171875000000000e-01 5.466415497568914021e-23 -9.993830956234013828e-23
8.081054687500000000e-01 1.895390625792150832e-22 5.640501105887726131e-23
8.085937500000000000e-01 2.731943245988424169e-23 -1.589538397280975914e-23
8.090820312500000000e-01 -7.085227920973479669e-23 8.663664217842818183e-23
8.095703125000000000e-01 1.533269951538451942e-22 -1.310527695080335953e-22
8.100585937500000000e-01 3.517156868607465712e-23 -2.858206928936985535e-23
8.105468750000000000e-01 -1.111822268777972550e-22 -1.207260267356689722e-22
8.110351562500000000e-01 -1.678387825358947972e-22 -2.658242748705174124e-22
8.115234375000000000e-01 2.475794499935810654e-22 6.271390439583114115e-23
8.120117187500000000e-01 -1.304062078214519625e-22 -1.805033931299666656e-22
8.125000000000000000e-01 1.034537720795216703e-22 -2.884441791671003629e-22
8.129882812500000000e-01 -1.687109747737875554e-23 -2.118077331669275618e-22
8.134765625000000000e-01 -2.517335918013245881e-23 9.933764547333251002e-24
8.139648437500000000e-01 1.569271218549944181e-22 -1.025263697179228459e-22
8.144531250000000000e-01 3.894023031353346452e-24 -6.386143609606834333e-23
8.149414062500000000e-01 -2.564913273519338675e-24 -1.792531944367819241e-22
8.154296875000000000e-01 -8.060436589886582345e-24 -6.325526232026151603e-24
8.159179687500000000e-01 -7.989114546765251788e-23 2.081973021564487901e-23
8.164062500000000000e-01 -7.808738158993940574e-23 -7.655366666101653899e-23
8.168945312500000000e-01 -2.089193974645179560e-23 -1.891637377926001548e-22
8.173828125000000000e-01 -1.309888435996287379e-22 9.881916019546131417e-23
8.178710937500000000e-01 9.553807536108521026e-23 2.333074239178109791e-23
8.183593750000000000e-01 5.374018249417768215e-23 2.977206333659413235e-23
8.188476562500000000e-01 -2.136504292606729200e-23 2.176220792592689587e-22
8.193359375000000000e-01 -1.396362335697392841e-22 -1.728411602546352797e-22
8.198242187500000000e-01 1.702831164769386062e-24 2.965917861988985469e-22
8.203125000000000000e-01 -3.246853032098488223e-22 -9.970176895992207275e-23
8.208007812500000000e-01 -9.057152680948131549e-23 8.213554407203680442e-24
8.212890625000000000e-01 1.695841727096206348e-22 -5.570705277933263344e-23
8.217773437500000000e-01 9.074412657715041132e-23 5.145941599104083021e-23
8.222656250000000000e-01 1.467245633689704510e-23 6.726607963757481331e-23
8.227539062500000000e-01 -1.943645896366578968e-22 -1.799143253433355335e-23
8.232421875000000000e-01 4.400029901726389851e-23 1.817430921848771086e-22
8.237304687500000000e-01 6.702694070704010626e-23 4.984242768228241141e-23
8.242187500000000000e-01 -7.377942053598796776e-24 2.386835497510776401e-22
8.247070312500000000e-01 -1.766702070528695542e-22 1.587038143648607670e-22
8.251953125000000000e-01 -1.020197840855884516e-22 2.200519786591420282e-22
8.256835937500000000e-01 -8.584089205095962208e-23 9.447149505729262063e-23
8.261718750000000000e-01 1.014774554927872403e-23 1.890333340329272185e-22
8.266601562500000000e-01 1.063416663852577690e-22 2.374049190155961789e-23
8.271484375000000000e-01 -1.141448957256993303e-22 1.420926646308921214e-22
8.276367187500000000e-01 -2.432446464406715659e-23 -1.717447477351930247e-22
8.281250000000000000e-01 3.624982017051965811e-22 1.025847796107100851e-22
8.286132812500000000e-01 1.309679233006771146e-22 4.379801260494780846e-23
8.291015625000000000e-01 -1.082796674903983047e-22 -7.624875841053999721e-23
8.295898437500000000e-01 1.041801533798784320e-22 7.001102019066408701e-23
8.300781250000000000e-01 7.532277080291356383e-23 -7.526364333987268958e-24
8.305664062500000000e-01 -1.083717037008717452e-22 2.092130927146874718e-23
8.310546875000000000e-01 4.005192499273319305e-23 -9.043414079772196403e-23
8.315429687500000000e-01 1.074528273075535108e-22 -1.323898257285475008e-23
8.320312500000000000e-01 5.246870634970934167e-23 2.161901189477859339e-22
8.325195312500000000e-01 -1.454838537142531191e-22 5.871985698911488446e-23
8.330078125000000000e-01 1.763763236409984863e-22 8.863060441090752072e-23
8.334960937500000000e-01 1.552010112227079060e-23 2.044604459864643149e-23
8.339843750000000000e-01 -2.617692319577606491e-22 -2.349839165818350191e-23
8.344726562500000000e-01 2.797113712250132397e-22 -6.025846745435994639e-23
8.349609375000000000e-01 -5.494666201316540015e-23 -4.284842002014297592e-22
8.354492187500000000e-01 -7.782379816663351546e-23 1.102613087495546794e-22
8.359375000000000000e-01 3.109055599167280957e-22 -9.112703517016200672e-23
8.364257812500000000e-01 -6.231272666327618415e-23 -5.497052310086176761e-23
8.369140625000000000e-01 7.231426622978753701e-23 -2.414774149532950659e-22
8.374023437500000000e-01 -2.439276594424276194e-24 -5.229384117276019017e-23
8.378906250000000000e-01 6.968123312315665583e-23 -1.269399990814539014e-22
8.383789062500000000e-01 -2.673566482087849689e-22 1.436581313563485839e-22
8.388671875000000000e-01 7.283824829808728769e-23 1.475684532186439700e-23
8.393554687500000000e-01 -2.507397936904472084e-22 -1.371623215292680737e-22
8.398437500000000000e-01 1.259651789456377462e-22 -9.438160190196519489e-23
8.403320312500000000e-01 -8.169822573827043838e-23 -1.313379563020124067e-22
8.408203125000000000e-01 8.207445162251609486e-24 5.143463348555225947e-23
8.413085937500000000e-01 2.147696962596045601e-22 4.150792951201712043e-23
8.417968750000000000e-01 -1.706804854021303944e-22 -1.098008869440562544e-22
8.422851562500000000e-01 -1.272736902171420875e-22 -5.199737761690563464e-23
8.427734375000000000e-01 1.349486695441425831e-24 4.198297232458031627e-23
8.432617187500000000e-01 3.663766461956206523e-22 -4.623787176779726347e-24
8.437500000000000000e-01 -2.364020383792092418e-22 -1.720167866639756372e-22
8.442382812500000000e-01 1.440639393718531775e-22 3.038660274133565523e-23
8.447265625000000000e-01 -2.495279180221721116e-22 -3.266494498824678959e-23
8.452148437500000000e-01 -2.228741508116175671e-22 -3.645417499243688136e-23
8.457031250000000000e-01 6.243364780878454283e-24 6.219539843066699887e-23
8.461914062500000000e-01 2.157504961276665321e-22 -1.176103999740892449e-22
8.466796875000000000e-01 1.821899211910573759e-22 -4.146012286464054430e-23
8.471679687500000000e-01 -1.527773345683965423e-22 2.665262903021318705e-23
8.476562500000000000e-01 -3.134976726436948985e-23 2.255099692801465339e-22
8.481445312500000000e-01 1.405140357538438763e-22 -1.091125514338390798e-22
8.486328125000000000e-01 -4.829691223799967305e-23 1.837317751237695030e-22
8.491210937500000000e-01 3.107692003429058388e-23 3.539796336643629664e-23
8.496093750000000000e-01 -1.016861598442543925e-22 1.908239777547347932e-22
8.500976562500000000e-01 -1.995479794693713291e-23 -5.050636299507001685e-23
8.505859375000000000e-01 -1.617362502645171398e-22 2.087391502394037301e-22
8.510742187500000000e-01 -1.644222475724983174e-22 -2.129367419236842972e-22
8.515625000000000000e-01 1.155893713303856538e-22 9.478383936979642551e-23
8.520507812500000000e-01 -1.726491573157659258e-22 -1.981285396037936540e-22
8.525390625000000000e-01 2.082775357167523112e-22 5.858362412666224148e-23
8.530273437500000000e-01 -1.737590381081882992e-23 7.579764760529656973e-23
8.535156250000000000e-01 1.512927017463756665e-22 -6.461534524243350076e-23
8.540039062500000000e-01 -1.054205917362252449e-22 2.646236758816156302e-22
8.544921875000000000e-01 1.366256746382741947e-22 -3.875825885313092788e-23
8.549804687500000000e-01 2.885002175113396648e-23 -1.100281902808285267e-22
8.554687500000000000e-01 2.255081018553614829e-22 6.567061871469884310e-23
8.559570312500000000e-01 5.181307475709239234e-23 -6.227898475730863900e-23
8.564453125000000000e-01 -6.503197371506428885e-23 1.917708769096284445e-22
8.569335937500000000e-01 -1.267269524399973496e-22 1.261529961278459948e-23
8.574218750000000000e-01 1.339035569474501656e-22 -8.578382833604103053e-23
8.579101562500000000e-01 -1.638345442976493778e-22 -3.403670915284123942e-22
8.583984375000000000e-01 6.229256073284282040e-23 8.794898468839078537e-23
8.588867187500000000e-01 -1.868393332739199524e-22 4.725304302929257039e-23
8.593750000000000000e-01 3.699935120167033385e-23 -6.226622979252434729e-23
8.598632812500000000e-01 -1.072930780003434136e-22 9.085157415130776097e-23
8.603515625000000000e-01 8.601370185280194208e-24 7.164089748556591954e-23
8.608398437500000000e-01 -1.190011125207790353e-22 -1.137962502189875810e-22
8.613281250000000000e-01 1.194925242275668506e-22 5.455622235035098003e-23
8.618164062500000000e-01 1.158960870943448995e-22 8.140071827553479391e-23
8.623046875000000000e-01 -5.234756527679525323e-23 5.905128439832331741e-23
8.627929687500000000e-01 1.973049547702060063e-22 -6.558807451799376354e-23
8.632812500000000000e-01 -7.212986881427014483e-24 4.502625768335757791e-23
8.637695312500000000e-01 -8.483282829171884112e-23 1.322249905487815033e-22
8.642578125000000000e-01 -5.702582004962962114e-23 4.778141509465136081e-23
8.647460937500000000e-01 1.810371743470814319e-22 1.563436686512453543e-22
8.652343750000000000e-01 -4.225394883956129181e-24 2.013818867326144155e-22
8.657226562500000000e-01 1.167865469909025872e-22 2.141196023789011811e-23
8.662109375000000000e-01 -9.501620388615686065e-23 1.234005119371071322e-22
8.666992187500000000e-01 -3.792730522793272896e-24 -9.165959518000381264e-23
8.671875000000000000e-01 5.896904687279179369e-23 -6.965940290682360108e-23
8.676757812500000000e-01 -1.232951480633486949e-22 6.954496716240526199e-23
8.681640625000000000e-01 1.062131796153881144e-22 -6.306609733812823325e-23
8.686523437500000000e-01 1.334182807082270128e-23 6.832988006947872591e-23
8.691406250000000000e-01 4.104510692430243152e-23 -3.888617413830816181e-23
8.696289062500000000e-01 -3.180789941822300949e-22 -2.236967758199062980e-23
8.701171875000000000e-01 -8.518832454763491120e-23 5.697408188798943689e-23
8.706054687500000000e-01 -5.159909187341476759e-23 -4.244747618399574460e-22
8.710937500000000000e-01 -1.332889272714387678e-22 8.072081100321230382e-23
8.715820312500000000e-01 9.853086327220679480e-23 -9.308123674068757609e-23
8.720703125000000000e-01 2.032185073825687578e-22 -3.685287715009656405e-23
8.725585937500000000e-01 -1.427930956420547103e-22 -9.549165162050447564e-23
8.730468750000000000e-01 1.084352559945943539e-22 8.197495044782774048e-23
8.735351562500000000e-01 6.767786943228623523e-24 -2.567181898059949681e-22
8.740234375000000000e-01 3.459030258965430457e-23 -3.744396358533655931e-22
8.745117187500000000e-01 1.370298550344132022e-22 7.378665464555027705e-23
8.750000000000000000e-01 -3.670991356052972493e-22 -6.287119214046982650e-23
8.754882812500000000e-01 2.844097154517101296e-22 -8.162696057349607224e-23
8.759765625000000000e-01 -1.027396812024679171e-22 2.928135663553663081e-23
8.764648437500000000e-01 1.120549477053613311e-22 1.603480173566904589e-22
8.769531250000000000e-01 -2.833511616857075472e-22 -2.618983777396364125e-23
8.774414062500000000e-01 8.142114528441991487e-23 -2.541790600899282479e-23
8.779296875000000000e-01 1.701853051973842175e-22 -1.805250497472294937e-22
8.784179687500000000e-01 -1.091809916905156621e-22 1.744222802667051316e-23
8.789062500000000000e-01 -1.828898014345661958e-22 4.528979208765750284e-23
8.793945312500000000e-01 -2.122712477643410509e-23 4.318254359216731982e-23
8.798828125000000000e-01 2.605985740909054323e-24 -1.348888821042237145e-22
8.803710937500000000e-01 2.631736728972039946e-22 -5.156435803087130100e-23
8.808593750000000000e-01 -1.863856806933059400e-22 -1.840056198225640503e-22
8.813476562500000000e-01 3.411101784001605785e-23 2.463762373304082368e-22
8.818359375000000000e-01 3.918341795800566190e-23 4.205483381406485215e-23
8.823242187500000000e-01 2.066483388980893189e-23 8.833549952659659360e-23
8.828125000000000000e-01 -1.309823160697928940e-22 8.038832159631452259e-23
8.833007812500000000e-01 7.428742278882469920e-23 2.762548566894293334e-22
8.837890625000000000e-01 2.784140387942433752e-22 -2.391854694237920437e-22
8.842773437500000000e-01 1.568757835876541628e-23 2.891377896884417109e-23
8.847656250000000000e-01 1.090722188240321228e-23 1.751934994614675031e-22
8.852539062500000000e-01 2.660776662599335602e-23 4.010885280337433862e-23
8.857421875000000000e-01 9.882412560836967264e-23 -1.672746513783665757e-23
8.862304687500000000e-01 -5.537275931543961381e-23 2.785008818849963732e-22
8.867187500000000000e-01 1.625398824299824059e-22 -9.802191363323468097e-23
8.872070312500000000e-01 -2.853044083131228628e-23 3.327461375956207949e-22
8.876953125000000000e-01 -2.595585484969920515e-23 -7.944495567672641194e-24
8.881835937500000000e-01 -9.556991796345462873e-23 -2.383770578331962363e-23
8.886718750000000000e-01 1.706774091907670850e-23 6.237753962417053520e-23
8.891601562500000000e-01 2.728740687592280300e-22 1.196436918843156575e-22
8.896484375000000000e-01 -1.377464886304704382e-23 6.155975817751252762e-23
8.901367187500000000e-01 -8.960958015721367395e-24 -3.648741188335177194e-23
8.906250000000000000e-01 -1.346029395513183180e-22 -3.237653811114579690e-23
8.911132812500000000e-01 1.289885273788138401e-22 -1.203400921025697009e-22
8.916015625000000000e-01 -2.968589577515921809e-23 -1.720195717819918058e-22
8.920898437500000000e-01 7.549892208424678316e-23 1.976351869860597906e-22
8.925781250000000000e-01 -8.330745780984038947e-23 7.011818977586463016e-23
8.930664062500000000e-01 -1.246138710200931573e-22 -1.140975754038461876e-22
8.935546875000000000e-01 -2.543471134363261838e-22 9.274071050049180795e-23
8.940429687500000000e-01 -1.225573839829756418e-22 1.695473336552510895e-23
8.945312500000000000e-01 -1.257081045269586358e-22 3.311385185520087795e-23
8.950195312500000000e-01 -8.900750689308212746e-23 4.355364496963627296e-23
8.955078125000000000e-01 1.453237675306090731e-22 -6.066195883834616583e-23
8.959960937500000000e-01 -1.316060811423339929e-22 -1.082870943460370136e-22
8.964843750000000000e-01 1.314369550789988469e-22 -3.486465645927231754e-23
8.969726562500000000e-01 -1.758458209430104522e-22 -5.401974135458511065e-23
8.974609375000000000e-01 1.897691822676015744e-22 -3.699664860454749771e-22
8.979492187500000000e-01 -2.948510554809201309e-22 -2.257177776795483185e-24
8.984375000000000000e-01 1.011092188022970764e-22 1.251142736852132415e-22
8.989257812500000000e-01 -1.019712888938389064e-22 -1.813283892023642032e-22
8.994140625000000000e-01 5.002541871150209340e-23 1.366068003689472618e-22
8.999023437500000000e-01 -2.495988295426986112e-22 -6.475539823883843292e-23
9.003906250000000000e-01 -1.878862386055719270e-23 4.700740057578596577e-23
9.008789062500000000e-01 1.455886627779033152e-22 -1.590328992425394801e-22
9.013671875000000000e-01 7.153368441834696361e-24 -3.988282633635709232e-23
9.018554687500000000e-01 8.039255500969945623e-23 3.444533491250809098e-23
9.023437500000000000e-01 1.905717640103022337e-22 -2.212887228704232049e-22
9.028320312500000000e-01 3.669238189785878941e-24 -1.371176666905112877e-22
9.033203125000000000e-01 2.224410589105913381e-23 2.783563836237136654e-23
9.038085937500000000e-01 2.213938548062589983e-22 1.100451275554881540e-22
9.042968750000000000e-01 3.457554995459433285e-23 -1.188435788152073714e-22
9.047851562500000000e-01 7.909012956250036655e-23 4.078314592081948866e-23
9.052734375000000000e-01 -1.386582260410479759e-22 -1.302611232718243216e-22
9.057617187500000000e-01 -4.323340918426164515e-23 1.320872515344496033e-22
9.062500000000000000e-01 4.795447810676957799e-23 1.467396596320530442e-22
9.067382812500000000e-01 2.228805662616440893e-22 -8.339125181501103318e-23
9.072265625000000000e-01 -3.968114804130208291e-23 8.154804092206677702e-23
9.077148437500000000e-01 9.995080224037854422e-25 -8.780663480803319869e-23
9.082031250000000000e-01 -8.900861597182020878e-23 6.245408539658839259e-23
9.086914062500000000e-01 -1.371815778581351479e-22 6.317604611247642837e-23
9.091796875000000000e-01 1.100708549579408883e-22 -2.876265127885590206e-23
9.096679687500000000e-01 -1.063322806953887490e-22 3.754898045319580750e-23
9.101562500000000000e-01 2.454572734308055086e-22 -2.407790625214380787e-24
9.106445312500000000e-01 -4.546965517456140419e-23 1.761629986204886289e-22
9.111328125000000000e-01 1.435505498502267296e-23 -1.092700778847053813e-22
9.116210937500000000e-01 2.439459088969907112e-23 -1.327932409675837646e-22
9.121093750000000000e-01 7.456940501959798504e-23 1.591052600290309205e-22
9.125976562500000000e-01 -1.788721131992659500e-22 9.447693668983134757e-23
9.130859375000000000e-01 1.235971925011383030e-22 5.227272400068796359e-23
9.135742187500000000e-01 -3.808143733100138729e-22 -1.144827358335491918e-22
9.140625000000000000e-01 7.787368259656117004e-23 3.286702571032167986e-23
9.145507812500000000e-01 8.789719152018424457e-23 1.143419881584652468e-22
9.150390625000000000e-01 9.550391544340003460e-23 6.684110809938867244e-23
9.155273437500000000e-01 2.563444153923408067e-23 2.737809768793578678e-22
9.160156250000000000e-01 -4.665285341207303955e-23 1.587996558361876412e-23
9.165039062500000000e-01 4.533986347660032373e-23 -6.769050292076153088e-23
9.169921875000000000e-01 -1.731645587512810268e-22 1.015452832601817247e-22
9.174804687500000000e-01 -1.480216991289176702e-23 1.711140289477610283e-22
9.179687500000000000e-01 1.540526056465900265e-22 1.372478851767723265e-22
9.184570312500000000e-01 1.570032195002185928e-22 -6.692844975804269657e-23
9.189453125000000000e-01 -1.010137481077299140e-22 4.566833261071333898e-23
9.194335937500000000e-01 2.604821819702573115e-23 2.836286925107336527e-23
9.199218750000000000e-01 -8.460994897810381568e-24 5.122863171429958149e-24
9.204101562500000000e-01 3.930372585848608770e-23 1.380400730659023430e-22
9.208984375000000000e-01 -7.815414057105825422e-23 -7.541301305051586375e-23
9.213867187500000000e-01 9.484576157616195741e-24 -5.760067015480325928e-23
9.218750000000000000e-01 4.619403217688869010e-25 -8.317043728198909162e-23
9.223632812500000000e-01 6.106339773073368227e-23 -6.824672859844209097e-23
9.228515625000000000e-01 -4.231609249278949353e-23 -2.253904972583969625e-23
9.233398437500000000e-01 -2.100680249566650653e-23 -7.940638900795353620e-23
9.238281250000000000e-01 -6.187227332136754826e-23 -1.493749018800584553e-22
9.243164062500000000e-01 3.277062952437295795e-23 5.894675410201321702e-23
9.248046875000000000e-01 1.442503440738928616e-22 -2.375347662394278091e-22
9.252929687500000000e-01 5.527046438571442005e-23 -8.284723874043097271e-23
9.257812500000000000e-01 1.073992385809394021e-22 6.519440929004547030e-23
9.262695312500000000e-01 -3.064396940922875650e-22 -2.913417056258461577e-22
9.267578125000000000e-01 -1.053982014708633426e-22 -7.074862774153942340e-23
9.272460937500000000e-01 -1.709624123143182644e-22 -3.326823126342680660e-22
9.277343750000000000e-01 -6.222210056807594405e-23 -9.754730956697299622e-23
9.282226562500000000e-01 -1.525556366991847892e-22 -1.259797060704744103e-22
9.287109375000000000e-01 2.042146181871718657e-23 1.578633417477516440e-22
9.291992187500000000e-01 1.064572038434588593e-22 -4.457840017340546128e-23
9.296875000000000000e-01 -3.042298313906572712e-22 1.008850069555328551e-22
9.301757812500000000e-01 -1.038849305108785793e-22 -1.828065945023362620e-22
9.306640625000000000e-01 1.895491466460697294e-22 -2.479638500028036510e-23
9.311523437500000000e-01 3.638249649863484721e-23 -1.731863606791180801e-22
9.316406250000000000e-01 -8.179514071416850555e-23 5.111907567861027800e-23
9.321289062500000000e-01 1.071823954735890411e-22 -1.579854028482636501e-22
9.326171875000000000e-01 -9.671532929795087661e-24 1.759468778495398162e-22
9.331054687500000000e-01 5.013921205260769550e-23 -4.245474224274662359e-24
9.335937500000000000e-01 2.101382465740976013e-23 1.082135123632696388e-23
9.340820312500000000e-01 1.575638842187614229e-22 1.613775691154636131e-22
9.345703125000000000e-01 -8.228657630130359108e-23 2.431889811956736463e-22
9.350585937500000000e-01 1.731139553934104123e-22 4.174082878279290346e-23
9.355468750000000000e-01 -4.798149460152049750e-23 1.698701550287187331e-22
9.360351562500000000e-01 1.215145805008244387e-22 8.144577984683018706e-24
9.365234375000000000e-01 1.181839219099978003e-23 1.167396179311811992e-22
9.370117187500000000e-01 1.840235006285040586e-22 6.967678206655382014e-23
9.375000000000000000e-01 -9.547813059853670205e-23 3.711025669153508009e-22
9.379882812500000000e-01 1.290197525989474144e-22 -1.074205599316087822e-22
9.384765625000000000e-01 -1.064282237806647528e-22 7.381967529509397399e-23
9.389648437500000000e-01 4.401724752727807734e-23 1.418211011768215958e-22
9.394531250000000000e-01 -7.614935146603838198e-23 1.490123338862485815e-22
9.399414062500000000e-01 1.759912093804641938e-22 1.246259942317097130e-23
9.404296875000000000e-01 -7.556682088857717676e-23 4.062556373890955535e-23
9.409179687500000000e-01 7.760440556574894034e-23 -1.399443417443700064e-22
9.414062500000000000e-01 -5.543249223546130444e-23 3.935131369623577741e-23
9.418945312500000000e-01 1.293618972513195383e-22 2.472088191590209818e-23
9.423828125000000000e-01 -5.498359647412892135e-23 2.949198351950067378e-22
9.428710937500000000e-01 -1.826130830950054339e-22 1.037478319902021341e-22
9.433593750000000000e-01 5.971067361559732422e-23 -1.043156609160368466e-23
9.438476562500000000e-01 1.517275589651543418e-22 -1.077913521442082067e-22
9.443359375000000000e-01 1.689210018859355412e-22 -1.934273570032524902e-22
9.448242187500000000e-01 1.143325159509155301e-22 1.591690404066748158e-22
9.453125000000000000e-01 -1.588778527869328450e-22 -9.265352512767310703e-23
9.458007812500000000e-01 1.594124910091440515e-22 -2.016952690729328560e-23
9.462890625000000000e-01 -1.072840518136975401e-22 -1.553583973478301613e-22
9.467773437500000000e-01 -7.457387951514699996e-23 5.200601596667829553e-23
9.472656250000000000e-01 -8.358081536091833900e-23 -3.798568548341167105e-23
9.477539062500000000e-01 -2.211123845898248759e-22 -1.564774068966034676e-22
9.482421875000000000e-01 9.166296996959001184e-23 -1.758349710858163597e-22
9.487304687500000000e-01 -3.979928506449338714e-22 6.546475465795699044e-23
9.492187500000000000e-01 1.366433209604902946e-22 -2.932386545233491296e-23
9.497070312500000000e-01 -5.872162906264859214e-23 -1.267686604840193705e-22
9.501953125000000000e-01 1.192411638203613813e-22 -3.357850565673911705e-23
9.506835937500000000e-01 -1.634785070005538722e-22 -3.464299953851356387e-22
9.511718750000000000e-01 1.599759891327890625e-22 5.938323930069456154e-23
9.516601562500000000e-01 -1.851013883055805832e-22 -1.586896176615148002e-22
9.521484375000000000e-01 -4.745319921910050321e-23 1.653001782666285676e-22
9.526367187500000000e-01 -1.133795656425573491e-22 5.994835578754138948e-23
9.531250000000000000e-01 -1.483711325072325999e-22 1.134598927950751720e-22
9.536132812500000000e-01 -3.903596490937272505e-23 -9.195819616823391935e-23
9.541015625000000000e-01 1.302783573107475390e-22 -2.366009856516204893e-23
9.545898437500000000e-01 3.787636141961120581e-23 -2.140386478083646820e-22
9.550781250000000000e-01 3.757491679545646471e-23 -9.987228288858034229e-23
9.555664062500000000e-01 -1.579121821202420834e-24 1.615487227878845284e-22
9.560546875000000000e-01 1.297393061676241276e-22 -4.615613544568720773e-23
9.565429687500000000e-01 2.775527997973275848e-22 -8.673328730986481872e-23
9.570312500000000000e-01 -2.231823152362550034e-23 -1.219026815318699288e-22
9.575195312500000000e-01 -1.732726352455342383e-22 -3.986442203026749387e-23
9.580078125000000000e-01 1.188431869130480950e-22 7.555335436290915505e-23
9.584960937500000000e-01 6.989105110521134317e-23 -1.239249234006615008e-23
9.589843750000000000e-01 -1.702674575462834218e-22 -2.759143194434173959e-22
9.594726562500000000e-01 1.208720723720963060e-22 3.068011330046739712e-22
9.599609375000000000e-01 5.630218161177725964e-23 -1.871096567420913731e-22
9.604492187500000000e-01 -2.785667212881634652e-23 -3.930192620374240160e-23
9.609375000000000000e-01 -1.156983683526946513e-22 -6.845659662708769072e-23
9.614257812500000000e-01 -1.835941222583932285e-22 -1.155416373466758546e-22
9.619140625000000000e-01 1.594513854294963675e-22 1.791065808609889959e-22
9.624023437500000000e-01 2.140401319304925304e-22 2.906916708552920174e-22
9.628906250000000000e-01 -1.867634450921911359e-22 1.158992651859314414e-22
9.633789062500000000e-01 7.899593194664116040e-23 4.389611671728139365e-23
9.638671875000000000e-01 -1.071749515162173312e-22 -1.214159888458052681e-22
9.643554687500000000e-01 -3.927119811141323483e-23 2.123783873650751749e-22
9.648437500000000000e-01 1.413103514000628940e-22 1.449880588134804255e-22
9.653320312500000000e-01 1.465710405838955143e-22 -2.917822080505891441e-23
9.658203125000000000e-01 1.883941365251637676e-22 1.590009898624718059e-22
9.663085937500000000e-01 8.246699718547099301e-23 1.561267943017091575e-22
9.667968750000000000e-01 -2.065299300571061257e-22 1.297098108891275490e-22
9.672851562500000000e-01 2.009740065025389510e-22 1.886269047800364364e-23
9.677734375000000000e-01 2.762302322516736860e-24 -2.341768177742439385e-23
9.682617187500000000e-01 8.276807736462617051e-23 -1.444618750108517313e-24
9.687500000000000000e-01 1.138540009230646978e-22 5.743752932138028569e-23
9.692382812500000000e-01 -2.042297633352324450e-22 5.222791571116251012e-23
9.697265625000000000e-01 5.345674748122077273e-23 8.485328530656013427e-23
9.702148437500000000e-01 -7.698780030057970587e-24 1.570775730346185886e-22
9.707031250000000000e-01 1.001709930024505343e-22 -1.524248111892451829e-22
9.711914062500000000e-01 -1.943948599204170821e-22 -4.622277911686693404e-23
9.716796875000000000e-01 -8.865150174505136184e-23 -1.082739947755799300e-22
9.721679687500000000e-01 1.219432903543165253e-22 6.613874782764441928e-23
9.726562500000000000e-01 1.513625721179285717e-23 3.559534915063179867e-24
9.731445312500000000e-01 -1.224168580631295094e-22 1.261007306506258948e-22
9.736328125000000000e-01 -1.785471477220983709e-22 -9.353820517534623305e-23
9.741210937500000000e-01 -3.422363501678594228e-22 3.570252367631283222e-23
9.746093750000000000e-01 -1.341542810548865249e-22 -6.684908224511175202e-24
9.750976562500000000e-01 -1.398581084002550298e-22 4.860277308000435979e-23
9.755859375000000000e-01 7.661392842055584650e-25 -1.662078527206973385e-22
9.760742187500000000e-01 -1.832935264401078938e-23 7.752288060802236649e-23
9.765625000000000000e-01 1.780828580481031637e-22 8.367752045369828211e-23
9.770507812500000000e-01 -1.466924622343740176e-22 -4.305867468403318407e-23
9.775390625000000000e-01 -7.856066575439164894e-23 1.101278941385978002e-23
9.780273437500000000e-01 -6.580138019877545763e-24 -7.315910078609779660e-23
9.785156250000000000e-01 -6.165861629539110072e-24 -4.778311255456782543e-24
9.790039062500000000e-01 1.246250016139433640e-22 -1.458309630715894838e-23
9.794921875000000000e-01 -2.232889463041441321e-23 1.662597010197783050e-22
9.799804687500000000e-01 -1.187483403959572500e-22 -7.685939069708922510e-23
9.804687500000000000e-01 1.347950891196216314e-22 -2.891725500486153904e-22
9.809570312500000000e-01 4.570435557670547348e-23 -9.741518846330252100e-23
9.814453125000000000e-01 1.042950860101059946e-22 -1.808371728661598053e-22
9.819335937500000000e-01 -1.072684707621236516e-22 -4.191777006881115092e-23
9.824218750000000000e-01 -2.046991921577664136e-23 -1.182968514209002044e-22
9.829101562500000000e-01 1.161602313805233827e-22 -3.077597545550652852e-22
9.833984375000000000e-01 1.507060206492908566e-22 -4.709152857290964068e-23
9.838867187500000000e-01 1.602777539444361908e-22 -1.218866718088533208e-22
9.843750000000000000e-01 2.240947352754926737e-23 6.166407576745158405e-24
9.848632812500000000e-01 2.356263888061118793e-23 -9.394351358049694809e-23
9.853515625000000000e-01 1.401385281826995384e-22 -2.827516810699027563e-23
9.858398437500000000e-01 2.432824389594164409e-22 -1.397250057086643271e-22
9.863281250000000000e-01 5.327014169557888597e-24 7.198136236143472315e-23
9.868164062500000000e-01 8.723095724363957276e-23 -1.722016505286984708e-23
9.873046875000000000e-01 -8.643751681758054450e-23 -1.165653404689268543e-23
9.877929687500000000e-01 -1.484483962451607676e-23 1.652645606591954561e-23
9.882812500000000000e-01 2.524366601735441150e-22 6.269939328362863531e-23
9.887695312500000000e-01 -1.548956434765690212e-22 -4.833533756021730052e-23
9.892578125000000000e-01 6.418521126018570755e-23 1.217688385430172333e-22
9.897460937500000000e-01 -3.437903184330174705e-24 2.385240173288486773e-23
9.902343750000000000e-01 3.889303378518712082e-23 1.831915512904059396e-22
9.907226562500000000e-01 -1.518485170589245874e-22 1.734008760476628626e-22
9.912109375000000000e-01 -8.000306734524784069e-23 1.148629711962502100e-22
9.916992187500000000e-01 -1.857822239313100467e-23 -1.816928082755001425e-22
9.921875000000000000e-01 5.254856988260209404e-23 9.699437375196077740e-23
9.926757812500000000e-01 7.237894391356515549e-23 4.964969620718620801e-23
9.931640625000000000e-01 -8.731600479668043894e-23 2.292932341725851561e-22
9.936523437500000000e-01 -2.148472212102809060e-23 9.028690750194891420e-23
9.941406250000000000e-01 -1.611672353519456953e-23 6.653180551525664794e-23
9.946289062500000000e-01 -5.236316411552776760e-23 9.152541971256503078e-23
9.951171875000000000e-01 -1.514020316384677472e-22 4.198103178134848485e-23
9.956054687500000000e-01 1.006983572470097072e-24 -2.709179182110239491e-22
9.960937500000000000e-01 4.383867464057453490e-23 1.249155028101269426e-22
9.965820312500000000e-01 -2.059333840411679097e-22 -1.635285326077181574e-22
9.970703125000000000e-01 -4.083964184137321119e-23 7.663105521158080157e-23
9.975585937500000000e-01 -2.816585016367381796e-22 2.200494036861021481e-22
9.980468750000000000e-01 -4.265994496986305728e-23 5.898105778487182398e-23
9.985351562500000000e-01 2.656559808664627340e-23 -1.957177852436178594e-22
9.990234375000000000e-01 -1.047816788010337325e-22 4.374249071814510015e-23
9.995117187500000000e-01 1.160410975017110172e-22 7.365226619998185605e-23
1.000000000000000000e+00 -1.190116985739331382e-23 1.072671442887906597e-22
1.000488281250000000e+00 2.886811127607297746e-23 1.881356894487108839e-22
1.000976562500000000e+00 4.129831496014210527e-23 2.840535832460076450e-22
1.001464843750000000e+00 2.741545748397990365e-23 -6.934788278255332040e-23
1.001953125000000000e+00 9.771054005174928571e-23 7.316395640986382586e-24
1.002441406250000000e+00 -5.319254215994534949e-23 -1.040104304588235818e-22
1.002929687500000000e+00 1.170885416756359580e-23 3.001984964009238668e-22
1.003417968750000000e+00 2.165094512097388399e-22 -7.201707595920196677e-23
1.003906250000000000e+00 -7.364745406758587900e-23 7.040279715788285121e-23
1.004394531250000000e+00 2.146872783941331468e-22 -1.813751006029984567e-22
1.004882812500000000e+00 9.327674951924947419e-24 1.620390734179622364e-22
1.005371093750000000e+00 -2.300389942471234907e-22 -1.498443422511238731e-22
1.005859375000000000e+00 -1.069105169673069241e-22 -2.193590050902715508e-22
1.006347656250000000e+00 -4.670411745068297732e-23 4.346650807832555401e-23
1.006835937500000000e+00 -3.500319188613104403e-23 -3.283462562163529547e-22
1.007324218750000000e+00 -1.164374819405147438e-22 -9.791739741591730462e-23
1.007812500000000000e+00 -3.646200649512686110e-23 -1.424277746417923521e-23
1.008300781250000000e+00 2.276005909935886288e-22 -1.209125897813330866e-23
1.008789062500000000e+00 3.001977003081979603e-23 -1.345845650897798490e-22
1.009277343750000000e+00 7.196134134501069289e-23 -9.367743965364133698e-23
1.009765625000000000e+00 -2.051380600884858081e-24 -3.064379885525618147e-23
1.010253906250000000e+00 2.741414660913160556e-23 -3.914563290795306442e-23
1.010742187500000000e+00 1.389968814908669394e-22 7.208998697041240794e-23
1.011230468750000000e+00 1.304185637327353963e-22 3.520495684169083901e-24
1.011718750000000000e+00 -1.934935915180907527e-22 -1.163494189471595507e-22
1.012207031250000000e+00 -2.434537638882307782e-22 -3.585730665211486483e-23
1.012695312500000000e+00 1.536494616382512777e-22 -1.387538314121669993e-22
1.013183593750000000e+00 -1.950408419094895877e-22 -1.769925084562263306e-22
1.013671875000000000e+00 2.199128047553227119e-22 -1.552382993737270038e-22
1.014160156250000000e+00 -1.201325148452099171e-22 1.954660680793590215e-22
1.014648437500000000e+00 4.683511191322502442e-23 9.919402092006984220e-23
1.015136718750000000e+00 4.033332422990067125e-23 -2.475299345767211293e-22
1.015625000000000000e+00 -5.789727543354530491e-23 4.718506956531311568e-23
1.016113281250000000e+00 -9.133115826039588383e-23 -6.347968212058835599e-23
1.016601562500000000e+00 6.565118134236009729e-23 3.177471547414974291e-23
1.017089843750000000e+00 4.520725495479700551e-23 -9.552119494736583998e-23
1.017578125000000000e+00 1.441018487852140325e-22 1.279181914926391727e-22
1.018066406250000000e+00 3.117408564484032495e-23 1.969394532116874095e-22
1.018554687500000000e+00 2.420149174643213859e-22 -8.421514530671963613e-24
1.019042968750000000e+00 1.011337737496281127e-22 -8.688318405071874333e-23
1.019531250000000000e+00 -8.206842049984257758e-24 8.488767916289992877e-23
1.020019531250000000e+00 -1.991175486969186721e-22 4.110527733291747199e-23
1.020507812500000000e+00 1.452341785734470024e-22 1.571547012588197853e-22
1.020996093750000000e+00 1.960970002863883045e-23 -9.321564377840176487e-23
1.021484375000000000e+00 -8.589328367423453060e-23 -7.346928772992333974e-23
1.021972656250000000e+00 9.853862321420213631e-23 6.465516792321806355e-23
1.022460937500000000e+00 3.787033489766077378e-22 1.309597594428360368e-22
1.022949218750000000e+00 -1.931898206611350980e-22 -9.069661300910379991e-23
1.023437500000000000e+00 -1.325111102704778470e-22 1.662248714541647753e-22
1.023925781250000000e+00 -9.348249577695692282e-23 8.317948543524029832e-23
1.024414062500000000e+00 8.362020470863596018e-23 1.823873761211546827e-22
1.024902343750000000e+00 -6.888501450683985365e-23 6.839192211240770947e-24
1.025390625000000000e+00 1.703237655952453470e-22 1.407903924170829597e-22
1.025878906250000000e+00 -1.232308435865163117e-22 3.134404093375458399e-23
1.026367187500000000e+00 -2.327709217122114433e-22 2.401646853555987315e-22
1.026855468750000000e+00 4.745639221638901814e-23 -9.045754598008813244e-23
1.027343750000000000e+00 -1.968517578826022756e-22 1.116464992969829635e-23
1.027832031250000000e+00 8.561524745648113179e-23 -4.760184094924893563e-23
1.028320312500000000e+00 4.639687754425829661e-23 1.139827574748097010e-22
1.028808593750000000e+00 -2.348503872075394740e-23 -1.093260123062778228e-22
1.029296875000000000e+00 -9.623003991443553059e-24 2.592443744435484622e-22
1.029785156250000000e+00 -6.903290452555804193e-24 -2.311221122504204202e-22
1.030273437500000000e+00 2.072218250172971316e-22 8.555432298681889747e-23
1.030761718750000000e+00 -1.180791153034136156e-22 -1.262503406241577775e-22
1.031250000000000000e+00 -1.251006321404002465e-22 -7.127562983160337783e-23
1.031738281250000000e+00 1.428903544033708775e-22 -3.385581993830413536e-23
1.032226562500000000e+00 -2.775486334273551278e-22 3.892420703638213383e-23
1.032714843750000000e+00 -1.009128213090104510e-22 -2.117581983736117615e-22
1.033203125000000000e+00 -2.402329556299692796e-22 -1.285500911922180432e-23
1.033691406250000000e+00 -1.596982610556702690e-22 4.972714581244536998e-23
1.034179687500000000e+00 -6.399083518918733087e-23 -1.535785308109091019e-22
1.034667968750000000e+00 -8.281170192133550193e-23 -2.211462990248889864e-23
1.035156250000000000e+00 -8.636322352553064600e-23 5.308526590966864495e-23
1.035644531250000000e+00 7.127316733641649473e-23 5.381688184233163739e-24
1.036132812500000000e+00 -2.128272995279633556e-23 1.471642273221599224e-23
1.036621093750000000e+00 1.808216902193813430e-22 -4.231666263301048558e-23
1.037109375000000000e+00 1.288439708232188778e-22 -7.077854635545863776e-23
1.037597656250000000e+00 -1.618755525957425820e-23 7.038374117044945419e-23
1.038085937500000000e+00 3.324320354519621274e-24 -1.320103485293331494e-22
1.038574218750000000e+00 1.247594568821085295e-22 -1.847288465552856885e-22
1.039062500000000000e+00 7.345922140169342044e-23 1.233676378963467919e-22
1.039550781250000000e+00 8.296946326413308760e-23 -3.065143693126169891e-24
1.040039062500000000e+00 -1.742070847958920240e-23 1.565850586460833433e-23
1.040527343750000000e+00 2.104919487138081207e-22 1.744272257229977141e-22
1.041015625000000000e+00 -2.363276949265475360e-22 6.470143894438319567e-23
1.041503906250000000e+00 5.910487008006114476e-23 8.437319977695536841e-24
1.041992187500000000e+00 4.739489043419749358e-23 7.154838602081700383e-23
1.042480468750000000e+00 -3.585730045681727984e-23 -2.371748582705369060e-22
1.042968750000000000e+00 2.117811292084541938e-22 -8.185553861665482554e-24
1.043457031250000000e+00 1.159719166071424615e-22 -1.095171802457694452e-22
1.043945312500000000e+00 -2.207891946793108824e-23 -9.125206576403341091e-23
1.044433593750000000e+00 -1.205533608040490618e-22 3.757021498898777475e-23
1.044921875000000000e+00 8.682916820473531164e-24 -1.993354306395337300e-22
1.045410156250000000e+00 8.253176252686065264e-23 8.569606607481010810e-23
1.045898437500000000e+00 1.378974328792218814e-22 1.909758987862483512e-22
1.046386718750000000e+00 2.617738181194306794e-23 6.152724437992216764e-23
1.046875000000000000e+00 -1.073610891191717985e-22 9.813911460391206575e-23
1.047363281250000000e+00 -1.527155210698296152e-23 -9.007855547860184305e-23
1.047851562500000000e+00 2.329238908535516350e-23 -3.027241171832490334e-23
1.048339843750000000e+00 1.095936943897349517e-22 1.628914313417194693e-22
1.048828125000000000e+00 1.046805114624568310e-22 2.074549415094863568e-22
1.049316406250000000e+00 -1.160220243929984169e-22 -2.697142317062445660e-22
1.049804687500000000e+00 1.122046007187767920e-22 -3.552300397592588533e-23
1.050292968750000000e+00 -1.771780613162570947e-23 1.458103280902710677e-22
1.050781250000000000e+00 1.063845295789765221e-23 -7.114152431913832968e-23
1.051269531250000000e+00 -9.939498368615572765e-23 -1.387033959024413146e-22
1.051757812500000000e+00 8.458053557760017316e-23 1.561615643688143418e-22
1.052246093750000000e+00 -3.259313786776120186e-22 -1.296607203533292214e-22
1.052734375000000000e+00 3.330096818772020947e-24 -1.420444905109156940e-22
1.053222656250000000e+00 -5.307900140503867898e-23 -3.301994594365524577e-22
1.053710937500000000e+00 -1.317602060530362666e-22 -8.141153769057935718e-23
1.054199218750000000e+00 3.487981030826559931e-22 3.630085751004565209e-22
1.054687500000000000e+00 -2.221916042260906738e-22 1.667738193865766145e-22
1.055175781250000000e+00 1.302305596804030347e-22 3.772453569725924634e-23
1.055664062500000000e+00 9.290771709153653227e-23 1.580520790247682984e-22
1.056152343750000000e+00 1.383183770565282550e-22 -8.272312679139970103e-23
1.056640625000000000e+00 1.095093806731283138e-22 1.143451267304836087e-22
1.057128906250000000e+00 -1.172321323572253408e-22 -3.395378953980113454e-23
1.057617187500000000e+00 -1.883434061899351461e-22 1.030032790782665077e-22
1.058105468750000000e+00 5.497254425474619382e-23 1.771685830334388746e-22
1.058593750000000000e+00 -1.911805050451497550e-22 -5.670651064595411100e-23
1.059082031250000000e+00 -2.079144188891279501e-22 -1.742748252692518136e-22
1.059570312500000000e+00 6.364044583347153993e-23 1.584753286963166769e-23
1.060058593750000000e+00 -1.625034370779312565e-22 -2.197273565558362489e-22
1.060546875000000000e+00 1.238858230585358175e-22 8.131222626815955335e-23
1.061035156250000000e+00 1.116235950587205741e-22 -6.419142170734537189e-23
1.061523437500000000e+00 -7.521427090756308224e-23 -1.213980350366587264e-22
1.062011718750000000e+00 1.278375417497328755e-22 5.176931500877697724e-23
1.062500000000000000e+00 6.572143385779737903e-23 1.750711770872124804e-22
1.062988281250000000e+00 7.420188271317958377e-23 -5.803731430734770705e-23
1.063476562500000000e+00 -1.774497422946758369e-22 1.272928808690984178e-22
1.063964843750000000e+00 1.306331785819918545e-22 -1.751425028734926938e-22
1.064453125000000000e+00 -2.413366188347843599e-23 -4.858530857185517682e-23
1.064941406250000000e+00 2.181114867624759389e-23 4.009735033151329328e-23
1.065429687500000000e+00 -1.630305694152308142e-23 4.414259236030033016e-23
1.065917968750000000e+00 -7.157118522054781603e-23 2.021824928112488960e-22
1.066406250000000000e+00 1.298889211269101160e-22 -7.622319797179754586e-24
1.066894531250000000e+00 -1.621605275567667968e-22 4.746575213447204949e-23
1.067382812500000000e+00 6.090016630462332691e-23 -1.413436171928069713e-22
1.067871093750000000e+00 -1.313703642811355396e-22 7.072827792345338402e-23
1.068359375000000000e+00 -1.766387342738936624e-22 2.346780953566907650e-22
1.068847656250000000e+00 -3.344173052111634865e-23 -5.186218282868004695e-23
1.069335937500000000e+00 7.481885862137583498e-23 -1.318458982087944724e-22
1.069824218750000000e+00 1.033250214889102819e-22 -6.434211911952760926e-23
1.070312500000000000e+00 -1.852343318390646521e-22 1.127952157188312584e-22
1.070800781250000000e+00 -1.708674303159834361e-22 -1.214040739579424891e-22
1.071289062500000000e+00 -1.939341856396557119e-23 -6.996286542936532366e-23
1.071777343750000000e+00 2.171623938504564844e-22 6.434018858326576666e-24
1.072265625000000000e+00 3.323414289508534658e-23 -1.174596494079243676e-22
1.072753906250000000e+00 -2.845954708031027515e-23 3.244424562455690486e-24
1.073242187500000000e+00 -9.080269115260742348e-23 -5.967961024564499308e-23
1.073730468750000000e+00 -8.865716650466100645e-23 1.301543626631241457e-22
1.074218750000000000e+00 5.962255520914147993e-23 2.423219591043087649e-23
1.074707031250000000e+00 6.923026383460793028e-23 1.995209683716836093e-22
1.075195312500000000e+00 -5.973477454353293322e-23 -1.168758074313477340e-22
1.075683593750000000e+00 -4.758139725246493415e-23 -6.029501254487397032e-23
1.076171875000000000e+00 6.518735252570694694e-23 -1.183101590988547666e-22
1.076660156250000000e+00 -5.548516774563170538e-23 1.654685928784298635e-22
1.077148437500000000e+00 1.103725389521811999e-22 -1.071222717388324603e-22
1.077636718750000000e+00 -5.284038288770304064e-23 -5.011484549308248079e-23
1.078125000000000000e+00 1.848916191485898754e-22 -1.898190886006378485e-22
1.078613281250000000e+00 -3.703182243582150932e-23 -5.711697411925230829e-23
1.079101562500000000e+00 1.256119712256514880e-22 -1.668008496217927256e-22
1.079589843750000000e+00 1.534863541635957029e-22 1.420756986269817355e-22
1.080078125000000000e+00 1.039525047313092328e-22 -2.314354347983084092e-22
1.080566406250000000e+00 1.173231792787945631e-22 8.873645073291535010e-23
1.081054687500000000e+00 -4.765375748303336355e-23 3.363588523632343715e-22
1.081542968750000000e+00 1.145192854776987685e-22 5.313494031363203144e-24
1.082031250000000000e+00 -1.736386267289507735e-24 7.081039923413710992e-23
1.082519531250000000e+00 1.365104134082350351e-22 -7.702312483747672591e-23
1.083007812500000000e+00 5.291418930674307644e-23 -7.763167774895377910e-23
1.083496093750000000e+00 -1.126665759578906909e-22 1.053324925477152000e-22
1.083984375000000000e+00 7.812148911226979024e-23 -2.977569892024899576e-23
1.084472656250000000e+00 -1.116152644236067228e-22 1.413572963403978821e-22
1.084960937500000000e+00 -3.682587093366914878e-23 -2.207668757386423858e-22
1.085449218750000000e+00 -4.058651125051257194e-23 5.830726498091622232e-23
1.085937500000000000e+00 2.135157944460099479e-22 2.935258536126771359e-22
1.086425781250000000e+00 -6.925548801640514419e-23 2.007379329511956563e-22
1.086914062500000000e+00 1.110987765918249181e-22 2.961340294217606385e-23
1.087402343750000000e+00 -9.994440242840797573e-23 1.346855894941178238e-22
1.087890625000000000e+00 8.938255807348862829e-23 -1.349175179148599442e-23
1.088378906250000000e+00 6.031658598876770470e-23 5.300706987782565998e-23
1.088867187500000000e+00 8.343163354210582749e-23 -2.549931448262046615e-22
1.089355468750000000e+00 -7.474543956333254641e-23 -8.835312372799637226e-23
1.089843750000000000e+00 -9.142911177729913364e-23 1.142844142777073765e-22
1.090332031250000000e+00 -5.741743486378136844e-23 -1.743803745712735693e-22
1.090820312500000000e+00 -1.720488193619597222e-22 -8.114490231887344506e-23
1.091308593750000000e+00 -1.455065102315065543e-22 -6.215363920268508717e-23
1.091796875000000000e+00 -1.181033816385954869e-22 -6.646918833369189583e-23
1.092285156250000000e+00 8.097020315753265192e-23 -1.059551801813133013e-23
1.092773437500000000e+00 -1.364456276461821631e-22 -5.968760669832819723e-23
1.093261718750000000e+00 -3.657239955319967580e-23 7.661864719346788832e-23
1.093750000000000000e+00 5.405663896534562702e-24 -1.498364642850382814e-22
1.094238281250000000e+00 -1.098042655798415730e-22 -7.720315142593812913e-23
1.094726562500000000e+00 -2.714960755932373801e-22 1.577236043005535297e-22
1.095214843750000000e+00 1.346500239865043545e-22 4.141115520795642508e-23
1.095703125000000000e+00 -2.604142045295555004e-23 1.490811592299869523e-22
1.096191406250000000e+00 -5.966841709928636043e-23 -1.188103595795013192e-22
1.096679687500000000e+00 -2.177091477240668064e-22 4.589679237086559624e-23
1.097167968750000000e+00 7.970560017187518629e-23 -3.170016728739905096e-22
1.097656250000000000e+00 -1.720852296089976142e-23 6.371313369850556567e-24
1.098144531250000000e+00 -9.869219260095133989e-23 -1.631891090706987521e-22
1.098632812500000000e+00 -1.692825872373863306e-23 1.474726878354687867e-22
1.099121093750000000e+00 1.348820737228024748e-22 1.157424942542777700e-22
1.099609375000000000e+00 2.100625511494155207e-22 -1.824633551207785069e-22
1.100097656250000000e+00 -3.953783555602223147e-23 -2.586915444458372743e-23
1.100585937500000000e+00 9.625352149894520778e-23 9.943080194404325388e-23
1.101074218750000000e+00 1.616575113779244437e-23 2.307792237418612703e-23
1.101562500000000000e+00 2.149483780868092088e-23 -2.555328241316723229e-23
1.102050781250000000e+00 8.880824242101349937e-23 1.819393849309698475e-22
1.102539062500000000e+00 -6.409575394789434033e-23 -1.481953075346303169e-23
1.103027343750000000e+00 9.098239674273380167e-23 1.671734322142655732e-22
1.103515625000000000e+00 -1.427309190210447013e-22 -5.060490584795469467e-23
1.104003906250000000e+00 1.405478636023315133e-22 -8.076906732999323050e-24
1.104492187500000000e+00 3.025068975365095545e-23 8.371773446970092553e-23
1.104980468750000000e+00 4.377025307508514381e-23 1.222862161484024476e-22
1.105468750000000000e+00 -1.707859929673758941e-23 6.668857974499114021e-23
1.105957031250000000e+00 -7.263957600988681407e-23 1.101298456431643277e-22
1.106445312500000000e+00 4.861206441672627870e-23 1.195764853279599900e-22
1.106933593750000000e+00 5.920299781314384702e-23 6.776286864664454540e-23
1.107421875000000000e+00 -2.079333363627816103e-22 -1.778560730528890626e-22
1.107910156250000000e+00 1.775472922843595411e-23 1.051197746234787972e-22
1.108398437500000000e+00 1.046345460288576281e-22 -4.674111533446438733e-23
1.108886718750000000e+00 -1.015150935517243516e-23 7.970309048456563957e-23
1.109375000000000000e+00 2.663771940754795510e-22 1.680477802772370386e-23
1.109863281250000000e+00 6.811784268526892640e-24 -9.221805890423787205e-23
1.110351562500000000e+00 -2.803202658340480832e-23 -2.485773274403928354e-23
1.110839843750000000e+00 5.819681967245361258e-24 -2.372035456909697022e-22
1.111328125000000000e+00 -2.337793307067453222e-22 8.017916167265381612e-23
1.111816406250000000e+00 1.719185790881738254e-22 -1.291235638572548526e-22
1.112304687500000000e+00 -1.497711055991235824e-22 -1.476486121345819431e-23
1.112792968750000000e+00 6.458822459780601056e-23 1.828350253788986076e-22
1.113281250000000000e+00 -6.560009980885592196e-23 -1.267687636616561482e-22
1.113769531250000000e+00 -4.196455414637001197e-24 -9.078510113557319175e-23
1.114257812500000000e+00 2.163079934441956739e-22 1.015964620939187143e-22
1.114746093750000000e+00 2.032177854746234041e-22 -5.180766767098848766e-23
1.115234375000000000e+00 -2.068836062305268959e-22 2.071903182649449976e-22
1.115722656250000000e+00 -6.022959942303105196e-23 -1.632343592595337720e-22
1.116210937500000000e+00 -9.548187947465344892e-23 1.271474251280292487e-23
1.116699218750000000e+00 8.393318996352031066e-23 -8.003397242757267183e-23
1.117187500000000000e+00 -1.692827929227265006e-22 -1.671068765447435789e-22
1.117675781250000000e+00 8.757059497574655637e-23 4.094875954288582590e-24
1.118164062500000000e+00 3.065406838065867617e-22 -6.181483036051606949e-23
1.118652343750000000e+00 2.460541916333913313e-22 5.103500709147343529e-24
1.119140625000000000e+00 -1.536353578522355096e-22 4.854229928601216874e-23
1.119628906250000000e+00 2.406639052030947996e-22 -1.726974305414951231e-22
1.120117187500000000e+00 -1.201280133397543967e-22 2.194315801641929624e-22
1.120605468750000000e+00 -1.093357176945900633e-22 -2.512185837923754634e-22
1.121093750000000000e+00 -4.178674730878479063e-23 1.597658248605919084e-22
1.121582031250000000e+00 1.400125805825924379e-22 -2.541862209540404696e-22
1.122070312500000000e+00 -9.056763297767084189e-23 2.579652266003226585e-23
1.122558593750000000e+00 -1.324114484844132184e-22 -1.504762544086671758e-22
1.123046875000000000e+00 -5.512889280899346446e-23 1.089946426975762865e-22
1.123535156250000000e+00 1.267296226042502834e-22 2.242323758248208793e-23
1.124023437500000000e+00 4.989562197541121060e-23 -6.837872906300693326e-23
1.124511718750000000e+00 -1.484518425945710398e-22 2.470589769169798690e-23
1.125000000000000000e+00 -1.172313973018179646e-22 8.920611171193113354e-23
1.125488281250000000e+00 -4.750109020574007345e-23 9.053702778409040669e-23
1.125976562500000000e+00 2.174457453953216528e-22 3.707358844637600298e-23
1.126464843750000000e+00 -1.802613095017682421e-22 -1.520070773210852653e-22
1.126953125000000000e+00 -2.016181602580962931e-22 1.374688905160772369e-22
1.127441406250000000e+00 8.493886330425571844e-23 5.178199793480077774e-23
1.127929687500000000e+00 -1.628259889903000025e-22 -4.886695961806933979e-23
1.128417968750000000e+00 3.254023802857891023e-23 -5.355292548241753759e-23
1.128906250000000000e+00 7.774292198656471926e-24 1.199439479567679416e-22
1.129394531250000000e+00 8.188909503686961740e-23 8.706753656397608526e-23
1.129882812500000000e+00 -2.862768269361790052e-22 5.237505104291275843e-24
1.130371093750000000e+00 -1.438492647894768050e-23 -3.676862384251953290e-23
1.130859375000000000e+00 -9.917796265536129328e-23 3.005092992906469789e-22
1.131347656250000000e+00 3.441344866805471037e-23 -6.304356449095545723e-23
1.131835937500000000e+00 -2.985906094970280149e-23 4.285778481066343446e-23
1.132324218750000000e+00 7.684349462532141361e-23 -5.957836856907795450e-23
1.132812500000000000e+00 -4.156793112285641737e-24 -7.583761852314500518e-23
1.133300781250000000e+00 -1.098188355671892158e-22 4.355105223455866788e-22
1.133789062500000000e+00 -9.068779927361052110e-23 -1.298588157183689671e-22
1.134277343750000000e+00 1.764705255522417090e-22 -7.299397333416063751e-23
1.134765625000000000e+00 -1.399758366242155143e-22 1.282330070072768524e-23
1.135253906250000000e+00 3.175007229411277694e-22 1.021148790104788099e-22
1.135742187500000000e+00 -7.048224885003978738e-23 -1.140742488745541769e-22
1.136230468750000000e+00 -1.278279636501917809e-22 -2.042694112191633589e-23
1.136718750000000000e+00 1.817787326756764270e-22 -1.956450614286006162e-23
1.137207031250000000e+00 5.792015490806145839e-23 9.571260682463909675e-24
1.137695312500000000e+00 -1.445595378427823126e-23 8.163118585229609321e-23
1.138183593750000000e+00 5.528282007155434151e-23 -2.078118566624849788e-22
1.138671875000000000e+00 1.662464258407278385e-22 -3.927990925764987987e-23
1.139160156250000000e+00 -1.144535146883107191e-22 1.471801970178099664e-22
1.139648437500000000e+00 1.260196443079158513e-22 -9.785891217900021164e-25
1.140136718750000000e+00 -1.719149160059156912e-22 -1.080670543813618246e-24
1.140625000000000000e+00 2.615257433282524778e-22 -7.642464833585956021e-23
1.141113281250000000e+00 -1.308293028249157257e-22 -1.321262915794207921e-22
1.141601562500000000e+00 1.600187622988598561e-22 1.812276014054032621e-22
1.142089843750000000e+00 -1.223077517014060937e-22 1.014195806814159721e-22
1.142578125000000000e+00 5.232548708606488978e-24 -1.115558776152737032e-22
1.143066406250000000e+00 -3.141556385260068074e-23 4.252934342747290000e-23
1.143554687500000000e+00 1.502217295262265551e-24 5.939871827530739474e-23
1.144042968750000000e+00 -3.499648706882014266e-23 -1.207113816177153702e-22
1.144531250000000000e+00 4.375094086227931584e-24 -1.727617467282890540e-22
1.145019531250000000e+00 7.032897496409200899e-23 -1.168355773817832420e-22
1.145507812500000000e+00 -7.365345131475904842e-23 8.147892101600920359e-23
1.145996093750000000e+00 5.701540424625242326e-24 9.560829774018639915e-23
1.146484375000000000e+00 5.322068700128941236e-23 -8.256001671437411207e-23
1.146972656250000000e+00 -1.238617545069784607e-22 1.815558756031776119e-22
1.147460937500000000e+00 1.947064837737785390e-23 1.894256098780470743e-22
1.147949218750000000e+00 -7.515212301668064487e-23 1.860636250749656625e-22
1.148437500000000000e+00 -5.126375610685100038e-23 -2.380073326022862931e-22
1.148925781250000000e+00 7.669141376183615477e-23 -1.141108977984405725e-22
1.149414062500000000e+00 5.699770785350888123e-24 -5.684028953351031741e-23
1.149902343750000000e+00 -6.577667778713829510e-23 -3.605333140016688252e-22
1.150390625000000000e+00 2.407176166608061259e-23 -3.368776014871326577e-23
1.150878906250000000e+00 6.630885297299203224e-23 -2.054437932510454118e-22
1.151367187500000000e+00 6.634856952674936534e-23 -3.265570655321469636e-23
1.151855468750000000e+00 1.350754604426975126e-22 3.008433535110751060e-23
1.152343750000000000e+00 7.843915033814841117e-23 1.547647858128931546e-23
1.152832031250000000e+00 1.986687283248994413e-22 4.771979152152145468e-23
1.153320312500000000e+00 1.986271700190468031e-22 1.137207487494353333e-22
1.153808593750000000e+00 -8.165352582988652249e-23 1.815215059847082149e-22
1.154296875000000000e+00 4.090710177789224301e-22 7.045069076445581402e-23
1.154785156250000000e+00 -1.664817698648129849e-22 -4.860646050212615176e-23
1.155273437500000000e+00 -1.922346430531180308e-22 -2.822632031111954812e-22
1.155761718750000000e+00 5.328173238118835770e-24 1.809513834955922427e-22
1.156250000000000000e+00 -1.246082493729216585e-22 -8.211361073061402631e-23
1.156738281250000000e+00 -8.734961571427156211e-23 -1.919672136388567641e-23
1.157226562500000000e+00 -1.232287177751873689e-23 -6.348203309882224688e-23
1.157714843750000000e+00 1.754135260868058523e-22 1.263141808715779658e-22
1.158203125000000000e+00 -1.985992489468897393e-22 -1.142526364248290273e-24
1.158691406250000000e+00 -1.559001085112706182e-23 -2.411994216662677819e-22
1.159179687500000000e+00 7.787719098275430293e-24 8.469661492661633130e-23
1.159667968750000000e+00 -1.140124074540564311e-23 2.977372553656564429e-23
1.160156250000000000e+00 -1.339451294029967405e-22 -6.064401807138598295e-23
1.160644531250000000e+00 -3.618686242935194155e-24 3.182254301510690957e-22
1.161132812500000000e+00 -1.645640642189756714e-23 1.073891532528288293e-22
1.161621093750000000e+00 5.647848610895549546e-23 1.240740020260956080e-22
1.162109375000000000e+00 -2.810261929634960915e-22 1.100683582048519532e-22
1.162597656250000000e+00 -1.226856728368803835e-22 9.544166468565525072e-24
1.163085937500000000e+00 -9.148840844277909395e-24 -8.271456175002623144e-23
1.163574218750000000e+00 -6.196440330486592899e-23 -1.170823863942213420e-23
1.164062500000000000e+00 4.208992189342138289e-23 -9.684876046886244862e-23
1.164550781250000000e+00 -4.848208789957349851e-23 5.977207402385252602e-23
1.165039062500000000e+00 -2.013666379866065402e-22 1.166470936277520911e-22
1.165527343750000000e+00 -4.816500256027388310e-23 5.856652253310680439e-23
1.166015625000000000e+00 -4.547743763477194837e-23 1.326759900838076856e-22
1.166503906250000000e+00 3.474406838055348848e-22 -2.522302319023683931e-23
1.166992187500000000e+00 -1.311677214435477158e-22 -2.117315130964091911e-23
1.167480468750000000e+00 1.790720662382989205e-23 -2.124852016407906218e-23
1.167968750000000000e+00 -8.562153711693815238e-24 1.495899678378831446e-22
1.168457031250000000e+00 -2.053540875565764291e-22 1.179637636929793556e-22
1.168945312500000000e+00 7.281294694905541040e-23 -5.204552404231650681e-23
1.169433593750000000e+00 -1.179787648689946442e-23 -1.546758092334272588e-22
1.169921875000000000e+00 5.970143346527725036e-23 -2.427313212472029831e-22
1.170410156250000000e+00 -1.956827511529395086e-22 1.490556346320738256e-22
1.170898437500000000e+00 -2.111112907209990079e-22 -2.543055145277070226e-22
1.171386718750000000e+00 2.346116215093570079e-22 -1.483018885208688559e-22
1.171875000000000000e+00 9.967759442350460602e-23 -1.291351390119432151e-22
1.172363281250000000e+00 1.388388445256273076e-22 9.164070863385449307e-23
1.172851562500000000e+00 1.582605023197850933e-22 -2.059810971877855018e-22
1.173339843750000000e+00 7.067744155124337409e-24 2.916624652365150224e-22
1.173828125000000000e+00 -8.575827999670059715e-24 -4.990292470367982336e-23
1.174316406250000000e+00 -1.493457458806578483e-22 6.286656023036294105e-23
1.174804687500000000e+00 7.264560372479232535e-23 1.412373516638479068e-22
1.175292968750000000e+00 7.458528653942788448e-23 -3.346977421493722411e-22
1.175781250000000000e+00 -1.530079768807190111e-22 1.708210005663470032e-22
1.176269531250000000e+00 1.471455389728852580e-22 1.835601064138520468e-22
1.176757812500000000e+00 6.328408423987815078e-23 -5.241594001787170111e-24
1.177246093750000000e+00 7.100717898084528334e-23 1.046185771668153274e-22
1.177734375000000000e+00 2.076366687047562299e-22 -2.806723173370653810e-22
1.178222656250000000e+00 1.257991371583528484e-22 -5.441144737316524143e-23
1.178710937500000000e+00 -3.911779201107278281e-23 3.232045630066131207e-23
1.179199218750000000e+00 -7.714027422829589230e-23 -3.752134687121074404e-22
1.179687500000000000e+00 1.160648653473268763e-22 1.686530540166007532e-22
1.180175781250000000e+00 -5.592753169368442941e-24 9.878163433392361407e-23
1.180664062500000000e+00 -3.050170080773465800e-24 1.575951907375389978e-22
1.181152343750000000e+00 6.563386039397595307e-23 1.400805639764128966e-22
1.181640625000000000e+00 -7.999192584493565771e-23 -1.538113546805667836e-22
1.182128906250000000e+00 1.052893111408404383e-22 1.631916411497283075e-22
1.182617187500000000e+00 8.100857804108620960e-23 9.599537693120281487e-23
1.183105468750000000e+00 -1.276367614278391759e-22 1.479476067256187774e-22
1.183593750000000000e+00 1.760726446827662211e-22 -1.084869471740642051e-22
1.184082031250000000e+00 -1.037611508706741070e-22 -7.267828081129173688e-23
1.184570312500000000e+00 2.801251859837794875e-23 1.305622601207427621e-23
1.185058593750000000e+00 7.880591111961759811e-23 2.833381345720276134e-23
1.185546875000000000e+00 1.928650665945625578e-22 2.337827209478404185e-22
1.186035156250000000e+00 -1.269385098750418462e-22 -6.406169811315493843e-23
1.186523437500000000e+00 -2.792886240466010034e-22 2.913563853141300839e-23
1.187011718750000000e+00 1.480232575755446129e-22 -3.369119133814942740e-22
1.187500000000000000e+00 -1.313300765565775838e-22 -9.637906893058188137e-23
1.187988281250000000e+00 1.127568796824089453e-22 -1.083503872991400583e-22
1.188476562500000000e+00 2.651248584301302885e-23 -4.453581765274542179e-23
1.188964843750000000e+00 -1.795165158308399553e-23 -1.501876876908039533e-22
1.189453125000000000e+00 3.635014829428122139e-23 -4.917714911920188028e-23
1.189941406250000000e+00 -3.170902982466544504e-23 1.071218801782561670e-23
1.190429687500000000e+00 -1.808884958330050949e-22 -2.015818070250575676e-24
1.190917968750000000e+00 -5.080417408849574056e-23 1.664573406663194309e-22
1.191406250000000000e+00 2.084801314240952354e-22 6.774373346605013964e-23
1.191894531250000000e+00 1.973442305320876591e-23 -2.950980968655253211e-22
1.192382812500000000e+00 9.412883625477238562e-23 -1.967717676302631523e-22
1.192871093750000000e+00 -1.197807977815444017e-22 2.851979696903470455e-22
1.193359375000000000e+00 9.012079448786352331e-23 3.706572889074428438e-23
1.193847656250000000e+00 -1.503297224081476630e-22 -8.577891728906927758e-23
1.194335937500000000e+00 -8.426029404807985339e-23 -1.675486913248746297e-22
1.194824218750000000e+00 -1.057935458241457345e-22 4.410164002600366132e-23
1.195312500000000000e+00 -1.482800709332941317e-22 1.228956863597993304e-22
1.195800781250000000e+00 -3.006743007083749250e-22 -1.942035701960011718e-24
1.196289062500000000e+00 -1.344315336977295201e-23 8.287629822336238621e-23
1.196777343750000000e+00 -1.656773679575634646e-22 -1.403047251753263464e-22
1.197265625000000000e+00 -6.271094542169825597e-23 -4.825388959399887640e-23
1.197753906250000000e+00 -6.058768709061659853e-23 1.528906271888660511e-22
1.198242187500000000e+00 -1.590239033039697709e-22 1.230141577695950620e-22
1.198730468750000000e+00 6.793702331208894362e-23 7.171708195661202361e-23
1.199218750000000000e+00 2.100147409326702612e-22 7.165091054330273623e-23
1.199707031250000000e+00 5.786691030935689607e-24 6.374577643346746507e-23
1.200195312500000000e+00 -6.436673055105672466e-23 7.120435523630528212e-23
1.200683593750000000e+00 2.240696216981616817e-22 1.507156487915634922e-22
1.201171875000000000e+00 -9.120046056423180031e-23 6.853785518505800256e-23
1.201660156250000000e+00 1.804396050741538201e-22 -9.847382662595414485e-23
1.202148437500000000e+00 -9.226588650443789454e-23 -7.346970573271827460e-23
1.202636718750000000e+00 -3.561982142317559997e-22 -5.816196005026098202e-23
1.203125000000000000e+00 2.270029063110951693e-22 7.161919347135643817e-23
1.203613281250000000e+00 -1.652189554769401686e-23 4.318484726309603453e-23
1.204101562500000000e+00 2.618806645751175456e-22 1.907190800348446134e-22
1.204589843750000000e+00 -9.770244052896309221e-23 8.161958013588542605e-24
1.205078125000000000e+00 1.014187946972328829e-22 2.070452242158801298e-22
1.205566406250000000e+00 -1.575365780475993336e-22 -8.644063186442653426e-24
1.206054687500000000e+00 -1.417293480441491699e-23 -1.064200838151849324e-22
1.206542968750000000e+00 -3.679103714125210586e-22 7.003899490181466427e-23
1.207031250000000000e+00 1.013869770375128200e-22 8.153604829240475238e-23
1.207519531250000000e+00 1.426075510691200644e-22 -5.253911723537150938e-23
1.208007812500000000e+00 1.291765294278631690e-23 1.406121008065434808e-22
1.208496093750000000e+00 -8.510092443650618501e-23 -1.986471240567951347e-22
1.208984375000000000e+00 1.682287593432438308e-22 1.245390037433111807e-22
1.209472656250000000e+00 8.302474145704250268e-23 -8.059392539469709160e-23
1.209960937500000000e+00 2.986372949215946279e-22 1.439576969667848135e-23
1.210449218750000000e+00 -1.537679166317664170e-22 -1.993327730680973526e-22
1.210937500000000000e+00 1.763596791466752293e-22 9.153659818820283480e-23
1.211425781250000000e+00 1.278847383811359814e-22 -7.833572437349318995e-23
1.211914062500000000e+00 2.766196960412849080e-23 5.741396333593980249e-23
1.212402343750000000e+00 -3.634537268571380606e-23 -1.135809159850887065e-22
1.212890625000000000e+00 1.160182349433661366e-22 2.319301883549113700e-23
1.213378906250000000e+00 1.193378270982505772e-22 -1.601378742214021404e-22
1.213867187500000000e+00 2.783577211997119473e-22 -1.098815020327876830e-22
1.214355468750000000e+00 -2.390940172826595519e-23 -2.510275904380023870e-22
1.214843750000000000e+00 -6.779970474354056916e-23 6.546968973451138086e-23
1.215332031250000000e+00 1.565320463635629997e-22 -4.664745239509100765e-23
1.215820312500000000e+00 2.041488498538628355e-22 -2.754352091929345574e-23
1.216308593750000000e+00 -1.499397923612438677e-22 -2.288680882295832118e-22
1.216796875000000000e+00 4.356919647754702382e-23 -1.387380847963212451e-23
1.217285156250000000e+00 -9.868158038130103101e-23 6.067651794660621583e-23
1.217773437500000000e+00 6.257667873792486101e-23 -2.743641904848343507e-22
1.218261718750000000e+00 1.103388177427236671e-23 -4.072722092942762052e-23
1.218750000000000000e+00 1.471150876573958264e-22 -4.089196855182265106e-23
1.219238281250000000e+00 -2.985704676503251429e-22 1.149358887425791063e-22
1.219726562500000000e+00 -7.368899742690017600e-23 -1.657885587889938070e-22
1.220214843750000000e+00 -1.348489783235482414e-22 1.065644445266184619e-22
1.220703125000000000e+00 4.709256614643140953e-23 1.322852482790933536e-22
1.221191406250000000e+00 1.310944190836268345e-22 -1.280010354128130258e-22
1.221679687500000000e+00 7.471007012363550692e-24 -9.026921925539757156e-23
1.222167968750000000e+00 1.025715648381560879e-23 4.220215149438556992e-23
1.222656250000000000e+00 2.144552094505796075e-23 -5.057697525135422423e-23
1.223144531250000000e+00 -1.654543151261663123e-22 2.217738302100724478e-23
1.223632812500000000e+00 -1.895187150397803034e-23 -2.116564959172143874e-23
1.224121093750000000e+00 -4.950813792258639560e-23 5.640050701087956975e-23
1.224609375000000000e+00 -5.032397962292620691e-23 1.556863959225051637e-22
1.225097656250000000e+00 7.002458089937932917e-23 2.523931472068353575e-22
1.225585937500000000e+00 -2.608180152870357842e-22 2.480146490638012144e-22
1.226074218750000000e+00 8.436134827644877003e-24 3.328310904042318402e-23
1.226562500000000000e+00 -7.014870909983331792e-23 4.989205283991933781e-23
1.227050781250000000e+00 -6.609313812549684379e-23 1.805887061524831012e-22
1.227539062500000000e+00 -1.251240167752755788e-22 2.984302400963610593e-22
1.228027343750000000e+00 -8.406321989099390310e-23 -3.931776257999174763e-23
1.228515625000000000e+00 -7.344057194178717013e-23 1.508074417409199110e-22
1.229003906250000000e+00 -3.900060750938915138e-22 -3.276791866172155785e-23
1.229492187500000000e+00 1.477158198950590222e-22 -1.594092659541511815e-22
1.229980468750000000e+00 -1.769816678476210159e-22 1.553406064418037713e-22
1.230468750000000000e+00 9.341567208526886311e-23 -1.734000346525295951e-22
1.230957031250000000e+00 -1.996582702565240756e-23 -4.396055122079667069e-23
1.231445312500000000e+00 -8.120294179434985930e-23 -9.822228447326827468e-23
1.231933593750000000e+00 -1.430311088084739320e-22 1.927189017297455806e-22
1.232421875000000000e+00 3.103904025943872142e-23 -9.527572300325108840e-23
1.232910156250000000e+00 -7.081480379309720506e-23 -1.661674235227634814e-22
1.233398437500000000e+00 -9.496348945901975400e-23 -1.105073733967007310e-22
1.233886718750000000e+00 1.837008276998207130e-22 -3.017536108381805870e-23
1.234375000000000000e+00 2.062271612182622799e-22 1.678754592104372888e-23
1.234863281250000000e+00 5.572147530256231424e-23 -2.778108448902330113e-22
1.235351562500000000e+00 -1.823713029744178411e-22 -1.416612062697385746e-23
1.235839843750000000e+00 1.792946841878390520e-22 -1.480136879704627351e-22
1.236328125000000000e+00 1.781428774359405394e-22 3.558125411159981446e-22
1.236816406250000000e+00 -6.884508352218790722e-23 1.427902782518466342e-22
1.237304687500000000e+00 1.362171118148580533e-23 -7.282377721736484725e-23
1.237792968750000000e+00 1.986440060945614509e-22 8.384587142075251706e-23
1.238281250000000000e+00 -1.600440827880901249e-22 1.115929243671929791e-22
1.238769531250000000e+00 3.143884528736837373e-23 2.737794604682423195e-23
1.239257812500000000e+00 1.922778648837485118e-23 -1.151494314550110878e-22
1.239746093750000000e+00 1.037855212431225177e-23 -1.105204635550587247e-24
1.240234375000000000e+00 -6.500764918749317572e-23 8.748758436243558529e-23
1.240722656250000000e+00 8.169973951615479077e-23 -5.530149543901302768e-23
1.241210937500000000e+00 -1.190512188424695315e-23 1.069898838379218181e-22
1.241699218750000000e+00 -1.536710088776634908e-23 1.962839290717693786e-22
1.242187500000000000e+00 1.162017390438894180e-22 -6.434487196656519215e-23
1.242675781250000000e+00 -1.665574089994461473e-22 -2.804689886884457613e-22
1.243164062500000000e+00 4.662394340875779380e-23 1.917620116190521247e-23
1.243652343750000000e+00 2.506260380771460182e-22 1.291640528772329025e-22
1.244140625000000000e+00 1.523812632936340919e-22 1.203490601760434963e-22
1.244628906250000000e+00 8.299761799533458402e-23 -1.085252849043499094e-23
1.245117187500000000e+00 1.302820381321052058e-22 -5.246199269762755515e-23
1.245605468750000000e+00 1.709603713361497031e-22 1.852818299255296592e-24
1.246093750000000000e+00 8.518491613762273600e-23 1.777828135696223790e-23
1.246582031250000000e+00 1.127995831498295778e-22 -1.983098099017764922e-22
1.247070312500000000e+00 -2.744928966115893692e-23 5.568498642369375722e-23
1.247558593750000000e+00 9.705034612205884146e-23 -1.438517004658795984e-22
1.248046875000000000e+00 -3.737327964940287639e-23 -3.335916586284082981e-22
1.248535156250000000e+00 -9.208680937911974923e-23 1.256365608819109089e-22
1.249023437500000000e+00 -8.676379568738841823e-23 -1.981430251671704988e-22
1.249511718750000000e+00 1.521130701597424737e-22 6.117834279358105495e-23
1.250000000000000000e+00 1.478267892139713402e-22 3.334200344214566964e-23
1.250488281250000000e+00 -3.580551411479390280e-23 -4.499855071339406359e-22
1.250976562500000000e+00 2.074827464806786675e-22 -6.807067093150468134e-23
1.251464843750000000e+00 1.164423184169778759e-22 -1.040656454222386722e-22
1.251953125000000000e+00 -1.020704615662895384e-22 9.743400364161156208e-23
1.252441406250000000e+00 1.344285121428652009e-22 -4.559239521334994364e-23
1.252929687500000000e+00 -1.091743161210743112e-22 -3.494517014579209991e-23
1.253417968750000000e+00 -4.397189582912202926e-23 2.442173284308985344e-22
1.253906250000000000e+00 -1.849239783932112764e-22 2.593222384897170021e-22
1.254394531250000000e+00 -6.631329837193515015e-23 -7.345218755965139625e-23
1.254882812500000000e+00 -2.014703809799938234e-23 9.674185448145879291e-23
1.255371093750000000e+00 -1.151413501276662157e-22 1.149586678061972248e-23
1.255859375000000000e+00 -7.835202764445514656e-24 6.784095277698764205e-23
1.256347656250000000e+00 -7.354427191287880968e-23 -4.361440614256357857e-23
1.256835937500000000e+00 -4.539068026612393032e-23 4.814130119205500661e-23
1.257324218750000000e+00 -9.213008073404394105e-23 -2.454812480118974976e-24
1.257812500000000000e+00 -2.881221558730661714e-22 7.348582533951821919e-23
1.258300781250000000e+00 -1.410166863345820911e-22 -3.577549441144878235e-23
1.258789062500000000e+00 -2.798718500275374260e-22 -1.929164134852131791e-22
1.259277343750000000e+00 -1.977701239823290693e-22 9.142515782071986544e-23
1.259765625000000000e+00 5.192501712956289516e-23 2.718683939187740661e-22
1.260253906250000000e+00 -7.041900952838292410e-23 -1.247267680705652137e-22
1.260742187500000000e+00 2.274807654995596609e-23 6.431334247817985725e-23
1.261230468750000000e+00 1.486763566967826258e-22 -3.445242121516916966e-23
1.261718750000000000e+00 -2.158379554443531433e-22 1.245452281370632910e-22
1.262207031250000000e+00 2.604553946710643508e-22 -1.440955739415971368e-22
1.262695312500000000e+00 -2.590393706777453640e-22 -1.925336726701679020e-22
1.263183593750000000e+00 -2.734262080798879836e-22 1.577692747313016113e-22
1.263671875000000000e+00 1.122824458104718153e-22 2.417201736642195637e-22
1.264160156250000000e+00 1.774601708672137977e-23 6.728196381230360796e-23
1.264648437500000000e+00 -5.859907367522603016e-24 1.601326534882169890e-23
1.265136718750000000e+00 4.634976301754818075e-23 6.410137687078749323e-23
1.265625000000000000e+00 -2.909110932471134892e-22 1.334030750280099353e-22
1.266113281250000000e+00 -3.724817379176657089e-23 -1.401486213753262547e-22
1.266601562500000000e+00 -6.224778533740239780e-23 -4.186275151587873332e-24
1.267089843750000000e+00 -2.788865813054511406e-24 1.271291963301701542e-22
1.267578125000000000e+00 1.278362499323334563e-22 -6.518067790672989103e-23
1.268066406250000000e+00 1.122942549858060801e-22 1.089013807561411682e-22
1.268554687500000000e+00 7.591086583322967685e-23 -2.891304625497491577e-22
1.269042968750000000e+00 -1.987085573527211413e-23 1.992533318016183265e-22
1.269531250000000000e+00 1.882004224994324392e-22 2.603100206965990401e-23
1.270019531250000000e+00 -7.905001359023432307e-23 3.439962839106244808e-23
1.270507812500000000e+00 1.949820301709146713e-23 2.540044064189946071e-23
1.270996093750000000e+00 -8.995823930691218162e-23 7.535107569221019267e-23
1.271484375000000000e+00 1.780886566145315042e-22 2.840135293202260640e-23
1.271972656250000000e+00 2.739683660654837281e-23 -7.543594797139309295e-23
1.272460937500000000e+00 2.584558861059384117e-22 -1.875731192699309601e-23
1.272949218750000000e+00 4.776263807825708922e-23 -1.063600731659980219e-25
1.273437500000000000e+00 1.959102554045687058e-22 1.239037773865489746e-22
1.273925781250000000e+00 -2.358431707966952148e-23 8.957662765875347817e-23
1.274414062500000000e+00 -3.196321160055882832e-23 -3.418398179106593474e-22
1.274902343750000000e+00 1.137028382549066761e-22 1.419558078303311564e-22
1.275390625000000000e+00 2.656320536174853113e-22 -1.015502487832080900e-23
1.275878906250000000e+00 1.838910922487897949e-22 1.635646620493036170e-22
1.276367187500000000e+00 -3.491219996022810131e-23 -2.390508749314343916e-22
1.276855468750000000e+00 2.344614512762587977e-22 1.010077033058783802e-22
1.277343750000000000e+00 2.561958151541942072e-23 6.043924563680664543e-23
1.277832031250000000e+00 -1.493155927145305187e-22 -4.916361731776901366e-23
1.278320312500000000e+00 1.377240332572046135e-22 -5.829665850676052044e-23
1.278808593750000000e+00 -3.193493135676602585e-23 8.423836843361999667e-23
1.279296875000000000e+00 1.430729164979255144e-22 -4.481731415765564638e-22
1.279785156250000000e+00 4.590186986451752865e-22 2.918336564552994816e-23
1.280273437500000000e+00 -5.866653873014062670e-23 -3.093007339182407864e-22
1.280761718750000000e+00 -1.046539473159319768e-22 -1.629087737094874092e-22
1.281250000000000000e+00 -3.965676996999969489e-24 -1.078702134782297222e-22
1.281738281250000000e+00 -2.208549735199517921e-22 -9.058039069585890376e-23
1.282226562500000000e+00 1.309641637103777288e-22 -9.200447515642576676e-23
1.282714843750000000e+00 1.778966600666282050e-22 -1.180633367942861783e-22
1.283203125000000000e+00 -5.908019451443345272e-23 3.214646548407784220e-24
1.283691406250000000e+00 -4.370691541328379760e-23 6.629065225935404648e-23
1.284179687500000000e+00 -4.146156386467793598e-22 -8.944764926090574828e-23
1.284667968750000000e+00 1.663179021957803911e-23 2.376121259087352880e-23
1.285156250000000000e+00 -1.383695039206433685e-22 -2.892794717748208197e-23
1.285644531250000000e+00 -1.104968538366263658e-22 1.250238303846533668e-22
1.286132812500000000e+00 1.133510184190578223e-22 2.082009414794817045e-23
1.286621093750000000e+00 1.001541132633939921e-22 -3.455557293268680211e-23
1.287109375000000000e+00 -2.343330812503174267e-23 -8.410254183904899246e-23
1.287597656250000000e+00 -9.544572815965039389e-23 1.309422257044631336e-22
1.288085937500000000e+00 6.643190817986436757e-23 -2.373556170194483800e-23
1.288574218750000000e+00 -2.656799001247091394e-22 2.105267495583768062e-22
1.289062500000000000e+00 -1.998304752300435962e-22 -1.853467179056567345e-22
1.289550781250000000e+00 -6.159577204849423297e-24 3.818649084776686839e-22
1.290039062500000000e+00 -1.926233746482842232e-22 7.969139806332540404e-24
1.290527343750000000e+00 -1.512071373660552814e-22 3.983034976868153927e-23
1.291015625000000000e+00 -1.503430869036047450e-22 2.365290320084720367e-22
1.291503906250000000e+00 2.081361049493944547e-23 2.080445720520558020e-22
1.291992187500000000e+00 1.349087153898083304e-22 -8.334875079943378996e-23
1.292480468750000000e+00 -1.376166366771318678e-22 5.173328987311508089e-23
1.292968750000000000e+00 -3.339600894821111839e-23 -7.001005842317999038e-23
1.293457031250000000e+00 -7.340488196252738173e-24 -1.331495264021988132e-23
1.293945312500000000e+00 1.425585364048689862e-22 1.128567069162573465e-22
1.294433593750000000e+00 4.904090179703794364e-23 4.506774173879547779e-23
1.294921875000000000e+00 -2.289646922496151920e-22 -3.795503561709880617e-23
1.295410156250000000e+00 -1.281185643711415777e-22 -1.656294734648974176e-22
1.295898437500000000e+00 -2.808022647674795401e-22 2.650957681770541544e-22
1.296386718750000000e+00 -3.590226335702540857e-23 3.346076160244344141e-23
1.296875000000000000e+00 -3.356476076350797442e-22 2.184166921710062023e-22
1.297363281250000000e+00 9.893180472486216276e-24 -9.304021254964423756e-23
1.297851562500000000e+00 -1.058258993971720380e-22 1.785855197337028445e-22
1.298339843750000000e+00 -4.486573837879096513e-23 2.264303629395256687e-23
1.298828125000000000e+00 3.283067801766896681e-23 2.330650637246842768e-23
1.299316406250000000e+00 -4.178939051814587097e-23 -2.500471760535675478e-23
1.299804687500000000e+00 1.901534350706537514e-22 -1.804505694064363296e-23
1.300292968750000000e+00 -2.629826312330174749e-22 -5.873173670806248197e-23
1.300781250000000000e+00 2.733407004297339679e-22 1.902137767783729372e-22
1.301269531250000000e+00 -2.845218360025817427e-24 -7.237228760512992512e-23
1.301757812500000000e+00 4.292163619500969355e-22 -1.001235240533001219e-22
1.302246093750000000e+00 -3.337422216993355194e-23 -1.257273750724227666e-22
1.302734375000000000e+00 1.583934021148193840e-22 -4.206972949786786177e-23
1.303222656250000000e+00 3.374722604744826976e-23 -1.835943922982130389e-22
1.303710937500000000e+00 3.529578531473974324e-22 -7.019801759849443839e-23
1.304199218750000000e+00 1.097605950533831843e-22 4.474621518075091010e-23
1.304687500000000000e+00 -8.061391231657509827e-23 -2.848845427711399506e-22
1.305175781250000000e+00 3.145394451104063580e-22 1.999319711914305828e-23
1.305664062500000000e+00 2.265010407066949793e-23 5.818216451240315760e-23
1.306152343750000000e+00 1.067351508948340101e-22 1.177039828424324136e-22
1.306640625000000000e+00 1.833064409854554259e-22 8.013737563398746445e-23
1.307128906250000000e+00 2.476740045384326581e-22 -5.029769427624786974e-23
1.307617187500000000e+00 -3.627662894934454839e-24 1.871408856184759699e-22
1.308105468750000000e+00 -1.920206961013135637e-23 -2.852835627795891429e-22
1.308593750000000000e+00 2.251661294699112404e-22 -1.960870919072063078e-23
1.309082031250000000e+00 -2.010549793611944506e-23 6.719440596417547837e-23
1.309570312500000000e+00 8.015182357979472480e-23 -1.165308901340206771e-22
1.310058593750000000e+00 1.142067764448819742e-22 1.233574496027903012e-22
1.310546875000000000e+00 7.714781073595191154e-23 -2.800537787153557741e-24
1.311035156250000000e+00 -1.165542891186961597e-22 -1.253742309369450676e-22
1.311523437500000000e+00 6.188813362413408550e-23 -1.439987474145737391e-23
1.312011718750000000e+00 -9.926705408637346708e-24 -1.223817882130487361e-22
1.312500000000000000e+00 -1.041026557623427250e-22 -1.326870245269643609e-22
1.312988281250000000e+00 -7.052515499873276454e-23 -2.205462225151283823e-22
1.313476562500000000e+00 1.110586824200362697e-22 -9.155511630469722274e-23
1.313964843750000000e+00 -5.364984794027937220e-23 2.686931299993896061e-22
1.314453125000000000e+00 6.126573630714044977e-23 -2.866231848758356304e-23
1.314941406250000000e+00 -2.384803819089500615e-22 1.723945367342608175e-22
1.315429687500000000e+00 8.958684244653232184e-23 -6.118200134816942494e-23
1.315917968750000000e+00 5.204604077526784676e-23 -2.668338202434457729e-22
1.316406250000000000e+00 -8.735411558453243803e-23 1.272240021160828856e-22
1.316894531250000000e+00 -1.339386191349114749e-22 -2.300722859942124137e-23
1.317382812500000000e+00 -1.151274879112971613e-22 -1.687081177995206170e-22
1.317871093750000000e+00 1.133144303117544876e-22 1.719450293374846961e-22
1.318359375000000000e+00 3.523837187532769168e-23 -1.385051365532889834e-22
1.318847656250000000e+00 3.823178285918266079e-24 -1.833199746104341130e-22
1.319335937500000000e+00 -1.300951841274924867e-22 2.144159912493004897e-23
1.319824218750000000e+00 8.614856200290010820e-23 2.169630020899292155e-22
1.320312500000000000e+00 -1.358024470277180543e-22 7.785058854269732745e-23
1.320800781250000000e+00 -2.387235127754098634e-22 1.132580670698915786e-22
1.321289062500000000e+00 -1.579923123566559973e-22 3.577575826884736117e-23
1.321777343750000000e+00 -2.966527289958530604e-22 -1.551351719871180779e-22
1.322265625000000000e+00 -2.196960324720916083e-22 9.245523409140561453e-23
1.322753906250000000e+00 -5.627199282073132581e-22 -5.440422736216244143e-23
1.323242187500000000e+00 6.908478833250205268e-23 8.945708140992754500e-23
1.323730468750000000e+00 -6.506618439410846262e-23 -8.723999135273415964e-23
1.324218750000000000e+00 -1.576632069162474334e-22 1.386295783233719762e-22
1.324707031250000000e+00 1.056759401483132101e-22 1.281505257111572210e-23
1.325195312500000000e+00 5.735859658588554129e-23 1.181487255029461452e-23
1.325683593750000000e+00 -5.079765459811424970e-23 7.933905906634279383e-23
1.326171875000000000e+00 8.842366496233123598e-23 -1.197856183210325531e-22
1.326660156250000000e+00 1.557604569389224363e-23 2.180314216587690634e-22
1.327148437500000000e+00 3.858269574197798268e-23 1.090594437232116914e-22
1.327636718750000000e+00 -1.966030451487180669e-22 5.860019854233125673e-23
1.328125000000000000e+00 -1.800047475384612918e-23 1.405764927724093371e-22
1.328613281250000000e+00 1.823840356164539378e-22 2.801259908215017537e-23
1.329101562500000000e+00 9.827031147617919862e-23 2.329650930712792245e-22
1.329589843750000000e+00 5.079511986215382187e-23 2.541843268829051417e-23
1.330078125000000000e+00 -1.485609325607717534e-22 4.448773435210303047e-23
1.330566406250000000e+00 1.352133006831610153e-22 1.231664940754446682e-22
1.331054687500000000e+00 2.997187512069724876e-23 -5.622987238584894148e-24
1.331542968750000000e+00 -1.664366326803934331e-22 -5.870412515725668011e-23
1.332031250000000000e+00 1.341199956430051897e-22 8.905604667463402207e-23
1.332519531250000000e+00 2.123243531881070100e-23 1.568649795431350291e-23
1.333007812500000000e+00 -1.085663074447414170e-22 -2.301077504905511966e-23
1.333496093750000000e+00 7.347851037879974525e-23 -4.021937988840642446e-23
1.333984375000000000e+00 4.735614317962712844e-23 1.190273102827770151e-23
1.334472656250000000e+00 -3.696522093926551053e-23 -4.740927135055151958e-23
1.334960937500000000e+00 2.269875905918875299e-22 -1.495047661862727919e-22
1.335449218750000000e+00 3.602963676711764275e-22 -6.860734241834840037e-23
1.335937500000000000e+00 1.325066025221930574e-22 -1.179259183156804957e-22
1.336425781250000000e+00 1.172265716418551681e-23 8.366579407027985742e-23
1.336914062500000000e+00 1.629255109315552787e-22 8.310000464809297055e-23
1.337402343750000000e+00 -9.963174198605707539e-23 8.321740830230860645e-23
1.337890625000000000e+00 8.576451721296405144e-23 -1.203791712784899085e-23
1.338378906250000000e+00 3.755874915698747217e-22 -9.857817385574534308e-25
1.338867187500000000e+00 8.754403143624731410e-24 -1.317265345794199622e-22
1.339355468750000000e+00 1.240130018105519598e-22 6.737082583391539947e-24
1.339843750000000000e+00 2.880810945755991347e-23 -1.563292587146752021e-22
1.340332031250000000e+00 7.643874560586924764e-23 -1.477885770695623966e-22
1.340820312500000000e+00 9.183744528733776422e-23 7.435897729091466852e-23
1.341308593750000000e+00 7.834812578335675915e-23 -1.651733978935996723e-22
1.341796875000000000e+00 1.587084349863117672e-22 -1.588648300647790003e-22
1.342285156250000000e+00 -7.383662769479502662e-23 -6.311032546420433035e-23
1.342773437500000000e+00 7.307040711166493873e-23 -3.206850300731667216e-22
1.343261718750000000e+00 1.719125478932016192e-22 7.940306234139699667e-23
1.343750000000000000e+00 6.804018553029113499e-23 -2.018107492547503877e-22
1.344238281250000000e+00 -2.150938473244168131e-22 1.445756215640073845e-22
1.344726562500000000e+00 -1.755445924623480864e-23 -6.177838447584147550e-22
1.345214843750000000e+00 -2.021337812111429662e-22 1.794518585139403232e-22
1.345703125000000000e+00 2.831844360510043021e-23 -6.613344497889207341e-23
1.346191406250000000e+00 -1.942452825929755758e-22 -3.124162466794771311e-23
1.346679687500000000e+00 3.776068784360116433e-23 2.932904075410126622e-22
1.347167968750000000e+00 -1.093128415702125442e-22 -9.899169605338645007e-23
1.347656250000000000e+00 -5.818576929811679700e-23 1.204696161681654488e-22
1.348144531250000000e+00 -1.981065917638074133e-23 -1.385271976916034944e-24
1.348632812500000000e+00 1.950663425750767884e-23 1.859338786758881401e-22
1.349121093750000000e+00 -1.039822730643553278e-22 -1.639122417085157565e-22
1.349609375000000000e+00 -4.167497198042896922e-23 2.891316249514275611e-23
1.350097656250000000e+00 -1.835927115671337794e-22 -1.445153433089275681e-23
1.350585937500000000e+00 -1.209925370373409207e-22 7.792762124628783211e-23
1.351074218750000000e+00 -3.251370470406304495e-23 -1.153345854786128531e-23
1.351562500000000000e+00 -4.794270736424350813e-23 2.374751434823908749e-23
1.352050781250000000e+00 -1.025837975124509483e-22 1.882941937807606595e-22
1.352539062500000000e+00 -3.628004766780174747e-23 7.085986968861012471e-23
1.353027343750000000e+00 -8.973669956828389333e-23 -3.355674610863994580e-23
1.353515625000000000e+00 -1.181702230269798476e-22 5.311937821449721978e-23
1.354003906250000000e+00 -1.330448172536219829e-22 1.310362239830358451e-22
1.354492187500000000e+00 -7.643420432692328615e-23 9.958184756797020246e-23
1.354980468750000000e+00 -1.825499398499587337e-22 1.010147442857465397e-22
1.355468750000000000e+00 5.188462188218326907e-23 2.639964874610039607e-23
1.355957031250000000e+00 2.025010085828379138e-23 1.414190020153247482e-22
1.356445312500000000e+00 -4.228984727816390294e-23 -4.934417889940136276e-23
1.356933593750000000e+00 -5.757042041105103132e-23 2.295934419621456386e-22
1.357421875000000000e+00 4.963806624616573737e-24 -1.528571875147359020e-22
1.357910156250000000e+00 -6.588890136472644726e-23 8.727472358448540399e-23
1.358398437500000000e+00 -6.177555815644252454e-23 -1.122375511420788291e-22
1.358886718750000000e+00 -2.820399813380979400e-23 1.239160573150306842e-22
1.359375000000000000e+00 -1.044755776704920702e-22 1.746677868520582132e-22
1.359863281250000000e+00 6.208932453774800914e-23 1.068066445709973842e-22
1.360351562500000000e+00 5.531524579305804678e-23 -7.527551962505519202e-24
1.360839843750000000e+00 -1.223864497335709575e-22 -3.617337819527835500e-23
1.361328125000000000e+00 1.370583515580923530e-22 1.480768415048083130e-22
1.361816406250000000e+00 7.817716054828736523e-23 1.738511374231985463e-22
1.362304687500000000e+00 -4.977921614503662282e-23 -1.902192996173449978e-23
1.362792968750000000e+00 1.251411051058554558e-22 -1.601046412395821819e-23
1.363281250000000000e+00 -1.428833048059412306e-22 5.390668482214739423e-23
1.363769531250000000e+00 -5.818770350876331258e-23 1.042379367354711490e-22
1.364257812500000000e+00 -4.573129791997992856e-24 -1.106708613287098251e-22
1.364746093750000000e+00 1.422987765613845043e-22 -1.897190945258390163e-23
1.365234375000000000e+00 1.362022393753702740e-22 -4.920310375155178401e-23
1.365722656250000000e+00 1.141914911289538865e-22 -4.093970804609029954e-23
1.366210937500000000e+00 3.849269800979374712e-22 -7.952612089496690645e-23
1.366699218750000000e+00 -7.492962693487570409e-23 -1.653672690954253483e-22
1.367187500000000000e+00 2.782494165719049510e-22 -1.740566389160504262e-22
1.367675781250000000e+00 2.344457385619491718e-24 -2.178204732976837830e-22
1.368164062500000000e+00 -2.024539695250545906e-23 7.582704106518961171e-23
1.368652343750000000e+00 1.831429688328809718e-22 -6.269092231168948183e-23
1.369140625000000000e+00 7.498004405037121860e-23 -1.323191674208675899e-22
1.369628906250000000e+00 2.307277531213688621e-22 -1.566173474717625440e-22
1.370117187500000000e+00 -3.315514499263970592e-23 -1.580263764573789512e-22
1.370605468750000000e+00 1.146581659559029774e-22 -1.212762106739376112e-22
1.371093750000000000e+00 1.563917274629568633e-22 -1.905654796117611808e-22
1.371582031250000000e+00 1.695885357621062575e-22 -4.084457883809568999e-23
1.372070312500000000e+00 1.972365668811696318e-22 -1.763155477047807244e-22
1.372558593750000000e+00 6.147256778972894492e-23 -3.055844078263964022e-22
1.373046875000000000e+00 1.218492031544271033e-22 6.742637039168777278e-23
1.373535156250000000e+00 7.515461452107443258e-23 2.407164595310388891e-23
1.374023437500000000e+00 8.003741903019933245e-23 2.870272485119868444e-22
1.374511718750000000e+00 -4.338654999560199752e-23 -3.519751724865553729e-23
1.375000000000000000e+00 -2.244129561377495917e-22 6.249872448527600371e-24
1.375488281250000000e+00 -2.032295704881012601e-24 -1.171138412438178210e-22
1.375976562500000000e+00 -2.144731581684532523e-22 3.432179376159687332e-23
1.376464843750000000e+00 -1.796096215114955653e-22 -1.399607009662289438e-22
1.376953125000000000e+00 -2.264215165923969519e-22 1.470412037393164351e-22
1.377441406250000000e+00 -2.586671157855500741e-22 6.922826606969785504e-23
1.377929687500000000e+00 -1.073842639213495682e-22 -4.086915526297581623e-23
1.378417968750000000e+00 1.696926549799649244e-23 1.231591189874823140e-22
1.378906250000000000e+00 -3.095439991078820261e-23 3.250393910574679460e-22
1.379394531250000000e+00 -1.817874156314122747e-22 1.072752595863439814e-22
1.379882812500000000e+00 -1.590046012305095670e-22 2.763966956688432682e-22
1.380371093750000000e+00 -3.415428667209817776e-22 5.586900080065271513e-23
1.380859375000000000e+00 1.223570154857594888e-22 9.028366171020140171e-23
1.381347656250000000e+00 -1.662125580501555998e-22 1.098062651136865638e-22
1.381835937500000000e+00 1.416792382447574143e-23 -1.514957788677962530e-23
1.382324218750000000e+00 -5.011558534807034295e-24 2.777355846410282731e-22
1.382812500000000000e+00 -2.783722902469818925e-22 -4.987694302155718740e-23
1.383300781250000000e+00 -1.042531603154559902e-22 -5.412306085816464405e-23
1.383789062500000000e+00 3.511190345912962642e-23 -3.743147863247173844e-23
1.384277343750000000e+00 -1.698353861318562610e-22 8.462702897837267878e-23
1.384765625000000000e+00 2.881107519486528514e-22 -2.591386051635512936e-23
1.385253906250000000e+00 -8.626302848109287302e-24 1.964279641100363471e-22
1.385742187500000000e+00 -5.758196156090369019e-23 1.700651490022905947e-22
1.386230468750000000e+00 1.017960436181512973e-22 -3.043863945788153521e-25
1.386718750000000000e+00 -2.531342550120422289e-23 9.332136205070485558e-23
1.387207031250000000e+00 2.130175945506929260e-22 -3.156429826707079982e-22
1.387695312500000000e+00 -3.235525442961299294e-23 7.294385963147740072e-23
1.388183593750000000e+00 -1.031593519680679219e-22 -8.981547099270646939e-23
1.388671875000000000e+00 2.659092650278027808e-22 -3.058602861878155684e-22
1.389160156250000000e+00 1.943981666304637459e-23 3.673587836404159899e-23
1.389648437500000000e+00 1.888959018505138124e-23 9.289794748117386426e-23
1.390136718750000000e+00 8.531246445517204988e-23 -4.289390738622314281e-23
1.390625000000000000e+00 1.725272470902974213e-22 -1.560995356133667342e-22
1.391113281250000000e+00 6.343734770061222180e-24 -9.432132912771541056e-23
1.391601562500000000e+00 1.057364706978615905e-22 -1.205404378486230062e-22
1.392089843750000000e+00 6.565757530609848141e-23 -1.853713027812924906e-22
1.392578125000000000e+00 -5.723951793826057475e-23 -2.862049779224964111e-22
1.393066406250000000e+00 1.903550202352772055e-22 2.689960712878794649e-22
1.393554687500000000e+00 2.240301239363124268e-22 -2.109746080367056359e-23
1.394042968750000000e+00 9.843606031704780689e-23 -1.302468569690605586e-22
1.394531250000000000e+00 -5.668064790286142307e-23 2.551899059507296130e-22
1.395019531250000000e+00 -9.883469222486636409e-24 -8.159073901005526153e-23
1.395507812500000000e+00 1.380798853430228076e-23 -3.902880827208525193e-23
1.395996093750000000e+00 7.212192318758827155e-23 -3.024138722818446405e-22
1.396484375000000000e+00 -4.465045856053143377e-22 -1.341880624486987726e-23
1.396972656250000000e+00 7.204439390950536230e-23 -9.558071405177509570e-23
1.397460937500000000e+00 -2.503733840175102416e-23 -3.248569604177908238e-23
1.397949218750000000e+00 1.094322042325129066e-22 -1.439543793197731413e-24
1.398437500000000000e+00 -4.977792855861315764e-23 -1.214182317773586310e-23
1.398925781250000000e+00 9.902518518621055465e-23 -1.087677516124817880e-22
1.399414062500000000e+00 -8.425409736182006280e-23 2.317546151313773951e-23
1.399902343750000000e+00 4.273868372342794361e-23 3.162880957481997380e-23
1.400390625000000000e+00 -2.510952184073386729e-24 1.960774285483774326e-22
1.400878906250000000e+00 -1.173157502717038155e-22 5.869593214610644396e-24
1.401367187500000000e+00 -3.144900941540725267e-22 8.398576357485749920e-23
1.401855468750000000e+00 5.308111596971321934e-23 1.493409495034403735e-22
1.402343750000000000e+00 7.935456054758699115e-23 1.486144851923424453e-22
1.402832031250000000e+00 -3.241421178631358171e-22 4.265848955331964565e-23
1.403320312500000000e+00 -1.256943022947758227e-22 1.288481821408368635e-22
1.403808593750000000e+00 -1.910552377319335170e-22 3.125464536833021467e-22
1.404296875000000000e+00 9.130056697918146053e-23 2.040112759786989402e-22
1.404785156250000000e+00 -4.989768749733030346e-23 -7.918224749555567231e-23
1.405273437500000000e+00 -4.883655224019747359e-23 2.437427761728932560e-22
1.405761718750000000e+00 -2.630050101717600319e-23 2.255552264648909968e-22
1.406250000000000000e+00 1.361345010193538322e-22 -3.493061028721875477e-23
1.406738281250000000e+00 -1.485447197357676244e-22 2.156724692310552454e-22
1.407226562500000000e+00 1.167163768057309184e-23 -1.294184913786724917e-22
1.407714843750000000e+00 -6.210297574442445525e-23 1.948540871612406514e-22
1.408203125000000000e+00 9.917785750799206650e-23 -2.685087541251949346e-22
1.408691406250000000e+00 7.720356067718282956e-23 1.181088409244763789e-22
1.409179687500000000e+00 1.579232978037379956e-22 -2.962035568681509387e-23
1.409667968750000000e+00 -6.422418369914606432e-23 -8.289127585722613607e-23
1.410156250000000000e+00 4.211437074023013029e-22 1.441590841437105635e-23
1.410644531250000000e+00 1.454325177291631050e-22 -2.404521987828410994e-22
1.411132812500000000e+00 3.381394525553261850e-22 -8.965231517428846906e-23
1.411621093750000000e+00 -3.237658539589628806e-22 -1.380684940108278584e-22
1.412109375000000000e+00 5.790007499493869718e-23 -1.590553487700059412e-22
1.412597656250000000e+00 1.297002077237308089e-22 -2.563040340392902015e-23
1.413085937500000000e+00 1.451945223951332572e-22 -2.065158876961589473e-22
1.413574218750000000e+00 1.191682940876997380e-22 -1.619790147368350409e-22
1.414062500000000000e+00 2.222031239201126881e-22 -1.994283779193301838e-22
1.414550781250000000e+00 4.257844407166904776e-23 -1.827060690628691864e-22
1.415039062500000000e+00 2.308770122351805180e-22 -2.779771687818444442e-22
1.415527343750000000e+00 -1.512546186395356964e-22 -7.698851338455464007e-23
1.416015625000000000e+00 1.060673762895348901e-23 -9.152848600460402563e-23
1.416503906250000000e+00 7.234784114505708574e-23 -1.805240077880761463e-23
1.416992187500000000e+00 -1.154263409275032575e-24 -5.696852087592025829e-23
1.417480468750000000e+00 1.328513141323771179e-22 1.317369090802243610e-22
1.417968750000000000e+00 1.375516026999888392e-22 -2.231066864710484321e-23
1.418457031250000000e+00 -5.057663770952419257e-23 -1.382248947731948290e-22
1.418945312500000000e+00 -2.242461526741109491e-22 -3.554121965105508108e-22
1.419433593750000000e+00 -2.236418779224132484e-22 3.103959684917123614e-23
1.419921875000000000e+00 -1.057095708590249964e-22 1.154267138899443395e-22
1.420410156250000000e+00 -7.110377910345761181e-23 -7.391599951764626257e-23
1.420898437500000000e+00 -1.062041042841091665e-22 7.220156920073978150e-23
1.421386718750000000e+00 -1.504771876288731636e-22 7.241497335682013480e-23
1.421875000000000000e+00 -1.693024610773376944e-22 2.452814577220471989e-22
1.422363281250000000e+00 -3.938319046332043280e-23 4.128711843923860746e-23
1.422851562500000000e+00 -2.422961619684108135e-22 3.265006370390834681e-22
1.423339843750000000e+00 2.099102948045116615e-23 2.760779290821676260e-22
1.423828125000000000e+00 -1.418083006770859982e-22 1.840850542035442443e-22
1.424316406250000000e+00 -1.768092099602197484e-22 -4.955820498462763965e-23
1.424804687500000000e+00 -2.069341136377973796e-22 2.904891371174827332e-22
1.425292968750000000e+00 -3.387204875734278474e-22 1.971479750050427674e-22
1.425781250000000000e+00 -2.249559173382554509e-22 2.874530968803896780e-22
1.426269531250000000e+00 -3.028228505499739628e-22 7.601877484108454302e-23
1.426757812500000000e+00 8.141638141866537626e-23 8.850926455867331631e-23
1.427246093750000000e+00 -1.535731909675566012e-22 2.103708434675516470e-23
1.427734375000000000e+00 -1.175167745212080788e-22 6.436771877866349375e-23
1.428222656250000000e+00 -1.592137763791187152e-23 -3.416743437210418212e-24
1.428710937500000000e+00 3.798565493232027578e-23 1.277315886306703152e-22
1.429199218750000000e+00 1.218254948456735956e-22 2.587220341266657568e-23
1.429687500000000000e+00 -3.224629862198129096e-23 2.430197878285393431e-23
1.430175781250000000e+00 2.262633090526266055e-22 -1.369598347240041356e-22
1.430664062500000000e+00 1.877975284380529572e-22 1.262188793993406380e-22
1.431152343750000000e+00 9.100227996976093705e-23 -3.715652189542966155e-23
1.431640625000000000e+00 1.768568871102917221e-22 -6.162489037726583853e-23
1.432128906250000000e+00 1.895194275541223126e-22 5.139117808775736976e-23
1.432617187500000000e+00 1.894365237949902666e-22 -2.019017305189100587e-22
1.433105468750000000e+00 2.115584399878506056e-22 -8.956784420355356053e-23
1.433593750000000000e+00 1.916592051065498532e-23 1.887310792934397600e-23
1.434082031250000000e+00 4.120405751763634611e-22 1.566297239955692052e-24
1.434570312500000000e+00 8.723884038733614653e-23 -6.120321754802932948e-23
1.435058593750000000e+00 2.975739958709977157e-22 -1.588399620446551891e-22
1.435546875000000000e+00 3.103400463650979391e-22 -9.104255940378819757e-23
1.436035156250000000e+00 9.188219976924957706e-23 -5.443911904627854078e-23
1.436523437500000000e+00 5.815001026959774604e-23 -7.798368482774753341e-23
1.437011718750000000e+00 2.562252019866544015e-22 -7.133207696920518838e-23
1.437500000000000000e+00 1.155131340585876842e-22 -2.752002397923165082e-22
1.437988281250000000e+00 2.758086512867579053e-23 -1.942766131696524127e-22
1.438476562500000000e+00 -1.185183483055559524e-22 -5.794156153061265406e-23
1.438964843750000000e+00 1.890881501281452873e-22 -4.181691285763906004e-23
1.439453125000000000e+00 -1.973859213747202665e-22 -7.541697238453131401e-23
1.439941406250000000e+00 -5.031241276514151161e-23 -1.690742748283032131e-22
1.440429687500000000e+00 2.258907062501354304e-22 -1.433585579192319297e-22
1.440917968750000000e+00 -3.308542701004461949e-22 -6.160151575827916610e-23
1.441406250000000000e+00 2.215086096576564928e-22 -9.807583998619088778e-23
1.441894531250000000e+00 -2.459844168827246519e-22 -3.492179845677467926e-22
1.442382812500000000e+00 -4.527895040905667437e-25 1.969552694150603526e-22
1.442871093750000000e+00 -2.692368047014796611e-22 1.201374363906515154e-22
1.443359375000000000e+00 -2.980878476184587821e-22 -8.923794172752609538e-23
1.443847656250000000e+00 -2.011609910040073779e-22 5.077659354785931504e-24
1.444335937500000000e+00 -1.539911794800556893e-22 8.662121981818635561e-23
1.444824218750000000e+00 -2.929782283131196772e-22 -4.738261237707856352e-23
1.445312500000000000e+00 -8.382227850601136242e-23 -5.963183325751697373e-23
1.445800781250000000e+00 -2.752755507709852859e-22 2.487067131469029157e-22
1.446289062500000000e+00 -2.526004396185935397e-22 1.312914704399604737e-22
1.446777343750000000e+00 3.815953722921580490e-23 1.664506640090551776e-22
1.447265625000000000e+00 -2.746004150216449233e-22 9.146964145482052086e-23
1.447753906250000000e+00 -9.189970072702482273e-23 1.629620216151074670e-22
1.448242187500000000e+00 -1.095142901808301341e-22 1.556334217060405527e-22
1.448730468750000000e+00 1.820188527785552232e-22 9.345570608087502730e-23
1.449218750000000000e+00 5.017289059139516866e-23 1.042296721157755965e-22
1.449707031250000000e+00 -5.562833656386912862e-23 2.496734813613827750e-22
1.450195312500000000e+00 1.314173700684455484e-22 -3.710088965467617469e-23
1.450683593750000000e+00 1.597438969496468500e-22 1.440191059381217594e-22
1.451171875000000000e+00 1.510055731152186226e-22 2.397665477133469912e-22
1.451660156250000000e+00 1.669257078618987594e-22 1.609279616262482267e-22
1.452148437500000000e+00 4.683925074496211887e-23 -7.258358380699977223e-23
1.452636718750000000e+00 2.125185199159545541e-22 -1.084399372438917473e-22
1.453125000000000000e+00 1.447928120720157510e-22 2.480097880868197526e-22
1.453613281250000000e+00 1.197281007507458640e-22 -2.534830916913678125e-23
1.454101562500000000e+00 8.384313553245389034e-23 -2.215869988061765675e-22
1.454589843750000000e+00 7.537299081262301337e-23 3.071541214910907117e-23
1.455078125000000000e+00 2.576217345520965245e-23 -1.599913051142714028e-23
1.455566406250000000e+00 2.953268225936905875e-22 -1.181176537872183404e-22
1.456054687500000000e+00 -2.543106072096559366e-23 -3.130155122019182127e-22
1.456542968750000000e+00 1.556553538903903988e-22 -1.213464143457834651e-22
1.457031250000000000e+00 -2.166701242439337826e-23 -3.469833018192082606e-22
1.457519531250000000e+00 1.015585967462961568e-22 2.099792970939344790e-23
1.458007812500000000e+00 -8.657287509018266741e-23 -2.898554591162708880e-22
1.458496093750000000e+00 -3.262540849721874577e-22 -7.481909641135717363e-23
1.458984375000000000e+00 -1.441763467824797031e-22 -9.894205600409989794e-23
1.459472656250000000e+00 -4.034995632143206276e-22 2.266498037821838525e-22
1.459960937500000000e+00 2.829563455653276664e-22 5.313348941783061981e-23
1.460449218750000000e+00 -3.319817885641773213e-23 1.694960740845463793e-23
1.460937500000000000e+00 -1.919314201399802329e-22 -1.485463044073640732e-22
1.461425781250000000e+00 -2.605789867712191125e-22 -9.348514138015564856e-23
1.461914062500000000e+00 -1.066201922889032808e-24 -5.123932346754842470e-23
1.462402343750000000e+00 -1.550632893114977477e-22 1.855389734052637888e-22
1.462890625000000000e+00 3.552268327606647312e-23 8.574242480047244955e-23
1.463378906250000000e+00 -1.162883149838432059e-22 1.189991202820627062e-22
1.463867187500000000e+00 -4.767121668220363484e-23 3.134526868359241754e-22
1.464355468750000000e+00 -6.616662576185393438e-24 1.438109460012618590e-22
1.464843750000000000e+00 -1.356067320394043356e-22 -2.511435260045213952e-23
1.465332031250000000e+00 4.025860591219583012e-23 1.900404356472780526e-22
1.465820312500000000e+00 1.831188179170240200e-22 1.324579830701894573e-22
1.466308593750000000e+00 -1.023328295084540973e-22 1.027125072775564320e-22
1.466796875000000000e+00 1.720350541994201531e-22 6.833028671354913156e-23
1.467285156250000000e+00 2.060976855986173145e-22 -8.106489013752391929e-24
1.467773437500000000e+00 7.671761794765570311e-23 1.330206951605803910e-22
1.468261718750000000e+00 2.143215933461680737e-22 -6.243342700891320258e-23
1.468750000000000000e+00 -1.035022810693244337e-22 -5.018883379054159546e-24
1.469238281250000000e+00 -3.917881938503492795e-23 4.952504902510095233e-23
1.469726562500000000e+00 1.842746853400871041e-22 7.605811556130033468e-23
1.470214843750000000e+00 4.457114265209495919e-22 -2.860683959840958757e-22
1.470703125000000000e+00 2.362518413678945685e-22 -2.386891310017347136e-22
1.471191406250000000e+00 1.024177848509790325e-22 4.797551043445537562e-23
1.471679687500000000e+00 1.443372278872470257e-22 -4.459859126691240264e-23
1.472167968750000000e+00 -1.780187910160892914e-22 -1.990251870769025334e-22
1.472656250000000000e+00 7.873128059879708083e-23 -3.092071866714555776e-22
1.473144531250000000e+00 -3.105601698749309694e-22 -2.730624195026135058e-22
1.473632812500000000e+00 1.367693375739379701e-22 -9.637529357450988577e-23
1.474121093750000000e+00 -1.551867989444461657e-22 -9.936487235415621605e-24
1.474609375000000000e+00 -2.055881408507081247e-22 1.022590654566967404e-22
1.475097656250000000e+00 -2.494412304680796550e-22 -2.495546223102748192e-22
1.475585937500000000e+00 -1.149989881771703930e-22 -1.127490268677419871e-22
1.476074218750000000e+00 -2.475696503528653219e-22 -1.360411680198008490e-22
1.476562500000000000e+00 -1.464872656317791639e-22 -4.821181681412866250e-23
1.477050781250000000e+00 -3.042237284109411506e-22 1.555388168528594544e-22
1.477539062500000000e+00 -1.397983788083854802e-22 1.733709296682123411e-22
1.478027343750000000e+00 6.673527600099360265e-23 -1.785200938163465664e-23
1.478515625000000000e+00 -5.246044738530042486e-23 3.149418594404893725e-22
1.479003906250000000e+00 4.175539724573638535e-23 1.772464085332192526e-22
1.479492187500000000e+00 -1.577960331775284637e-23 2.013061686463673829e-22
1.479980468750000000e+00 2.907288084395879211e-22 1.308198507571876224e-22
1.480468750000000000e+00 1.542095011360543407e-22 -3.227643033178626084e-23
1.480957031250000000e+00 2.828810055560297867e-22 2.771613286807687937e-22
1.481445312500000000e+00 6.701224609963798431e-23 -8.931715199357613283e-23
1.481933593750000000e+00 4.863367175025828363e-22 -5.632602883680228540e-23
1.482421875000000000e+00 2.354400059483082902e-22 -5.190549167154021215e-23
1.482910156250000000e+00 1.204385423388920773e-22 -9.514197475448509124e-23
1.483398437500000000e+00 7.976291009329333315e-23 -2.248255585808256885e-22
1.483886718750000000e+00 -5.283634957369568604e-23 -1.280408164994999923e-22
1.484375000000000000e+00 8.536244479428113902e-23 -3.221349234156224910e-22
1.484863281250000000e+00 -2.183137387649026540e-22 -1.128234233605546573e-22
1.485351562500000000e+00 -7.185796583941928790e-23 -1.150738489694810995e-22
1.485839843750000000e+00 -2.207159102327731810e-23 -9.652138663554226757e-23
1.486328125000000000e+00 -1.366511030508276621e-22 6.677172494111749014e-23
1.486816406250000000e+00 -2.612074870070442448e-22 5.976588133082285281e-23
1.487304687500000000e+00 -1.289800069578184800e-22 3.133648561368379191e-22
1.487792968750000000e+00 9.991387209325290796e-24 7.828246237335814629e-23
1.488281250000000000e+00 2.297748134177600034e-22 3.709012745421825300e-22
1.488769531250000000e+00 6.993253767806576320e-23 3.676028014096633409e-22
1.489257812500000000e+00 2.431604475784356073e-22 3.255120280232309807e-22
1.489746093750000000e+00 8.007548505621411434e-23 3.447690486406754386e-22
1.490234375000000000e+00 -3.111010125000479148e-22 1.696718629773803771e-22
1.490722656250000000e+00 -2.339300125366321148e-22 -2.128682199003962393e-22
1.491210937500000000e+00 -3.085927302231653026e-22 -1.247648928204559249e-22
1.491699218750000000e+00 -5.179944914211454760e-22 -2.109974376014953417e-22
1.492187500000000000e+00 -1.617807713724243030e-22 -1.269672118609808508e-22
1.492675781250000000e+00 7.103136958877622131e-23 -2.879615783167498093e-22
1.493164062500000000e+00 2.609090801979573651e-22 -1.778370166702126055e-22
1.493652343750000000e+00 6.615270054566335537e-23 -8.963121347778477590e-23
1.494140625000000000e+00 -8.470447658801591112e-23 1.584117402963606974e-22
1.494628906250000000e+00 -6.388006519536810471e-23 1.558002093391945988e-22
1.495117187500000000e+00 2.399561477627695641e-23 3.219481532373011725e-22
1.495605468750000000e+00 -1.560808683733140521e-22 -2.681960738887004912e-22
1.496093750000000000e+00 6.430632547086766004e-24 1.189783665233997989e-22
1.496582031250000000e+00 2.761691062445438258e-23 -1.911080593404137006e-22
1.497070312500000000e+00 7.434736424174504715e-23 1.410374731905265233e-22
1.497558593750000000e+00 4.454308122558088484e-23 -3.107506185925935486e-22
1.498046875000000000e+00 7.577810637597242741e-23 -7.097937913456958755e-23
1.498535156250000000e+00 -2.116591165234592804e-23 1.215911557294570236e-22
1.499023437500000000e+00 -9.435170741563312025e-23 7.728321504723935851e-23
1.499511718750000000e+00 2.356309185746678390e-22 -8.604202127698095626e-23
1.500000000000000000e+00 1.955057377571376892e-24 9.476119438620723369e-23
1.500488281250000000e+00 5.398030100493637844e-23 -3.230608534464143288e-22
1.500976562500000000e+00 -4.967621246814828253e-23 5.485910221762829372e-23
1.501464843750000000e+00 -8.302298835762652088e-24 -2.417086084090601791e-22
1.501953125000000000e+00 4.737411019295523751e-24 -1.416840372632678604e-22
1.502441406250000000e+00 3.268863433313449844e-24 2.048721645251388889e-22
1.502929687500000000e+00 -1.646009621449315503e-23 8.106738959356599393e-23
1.503417968750000000e+00 1.594381557143030499e-22 7.408332508398954893e-23
1.503906250000000000e+00 -8.476627140527813380e-23 3.395195333638869862e-25
1.504394531250000000e+00 3.815235938859378205e-22 1.097456704817280566e-22
1.504882812500000000e+00 -1.810017957633785476e-22 1.458717101708467707e-22
1.505371093750000000e+00 2.537285738257426748e-22 -1.658448064300219977e-22
1.505859375000000000e+00 1.385296543399928781e-22 1.546422943828669483e-22
1.506347656250000000e+00 1.820828408004646011e-22 -1.927847086047038790e-22
1.506835937500000000e+00 3.130113298985016661e-23 -1.364518359100526999e-22
1.507324218750000000e+00 -7.227463728586621674e-23 -1.588950114643715869e-22
1.507812500000000000e+00 -7.740297249477338312e-23 9.379307966565891730e-23
1.508300781250000000e+00 -1.123093704080032551e-22 -1.182892265020969952e-22
1.508789062500000000e+00 2.048222098728068817e-22 -2.788888568362753911e-23
1.509277343750000000e+00 4.698541007687961897e-23 -4.902428291950478626e-23
1.509765625000000000e+00 -3.490514089972229467e-23 -3.104525159872909105e-23
1.510253906250000000e+00 -3.726531971166312428e-23 2.098355599854246982e-23
1.510742187500000000e+00 1.227072777036063873e-22 -1.123422225992854832e-22
1.511230468750000000e+00 -3.053741146426300917e-23 1.053487338326336985e-22
1.511718750000000000e+00 -1.598786986422663728e-22 1.192638820375260930e-22
1.512207031250000000e+00 -5.518576314857314728e-23 -6.407183305048124803e-23
1.512695312500000000e+00 1.726178582758285125e-22 -2.147719903048911246e-22
1.513183593750000000e+00 -3.737552242790100914e-23 5.855825062959828674e-23
1.513671875000000000e+00 -4.440160494851399430e-23 9.174728495482791009e-23
1.514160156250000000e+00 1.493494881017588314e-22 6.161724160990980117e-23
1.514648437500000000e+00 2.297755692018272859e-22 -5.426007621085392590e-23
1.515136718750000000e+00 -5.127414179243128526e-23 1.130110729435020448e-22
1.515625000000000000e+00 -3.336943051169829452e-22 2.538603981860546219e-23
1.516113281250000000e+00 -2.421014396222858407e-24 -1.041934584664801245e-22
1.516601562500000000e+00 -1.040685448138768444e-22 1.499355511270229734e-22
1.517089843750000000e+00 1.540266062352344109e-22 2.206943844128249794e-22
1.517578125000000000e+00 -1.669204197670206545e-22 2.369788329057962344e-22
1.518066406250000000e+00 -2.332530431221336367e-22 -7.932355549423522783e-23
1.518554687500000000e+00 -2.069266882857703347e-22 -1.291289130827494987e-22
1.519042968750000000e+00 -1.516692182997241272e-22 3.027340959772361252e-22
1.519531250000000000e+00 -3.519967393717758025e-23 3.615769377478253179e-23
1.520019531250000000e+00 3.815285386461726138e-23 7.972291761242345056e-23
1.520507812500000000e+00 -1.354886126089771143e-22 4.024576533219632284e-23
1.520996093750000000e+00 1.395374654246717592e-22 -1.397621734696750484e-22
1.521484375000000000e+00 -6.105642007649283334e-23 -1.046731773722372462e-22
1.521972656250000000e+00 -1.507706973895937047e-22 2.356791565268360915e-22
1.522460937500000000e+00 1.849227094833914140e-22 -8.286344160309495853e-23
1.522949218750000000e+00 -1.238590372997573918e-22 2.377830950595558566e-22
1.523437500000000000e+00 7.416150473832181412e-23 -9.958903188412123007e-23
1.523925781250000000e+00 1.355379409434589653e-22 1.503625876051637116e-22
1.524414062500000000e+00 1.996633617255018159e-23 3.812270680933361374e-23
1.524902343750000000e+00 3.901712706177774418e-23 -1.415835613795840027e-22
1.525390625000000000e+00 -9.455860620009725246e-23 2.263036032405332087e-23
1.525878906250000000e+00 -1.719123679753663168e-22 2.376190952458152226e-23
1.526367187500000000e+00 -1.249973672872954358e-22 -4.476199242232733705e-23
1.526855468750000000e+00 2.073474233435972951e-22 5.622250127773838290e-23
1.527343750000000000e+00 -1.606750046129022158e-22 -2.019988151164701423e-22
1.527832031250000000e+00 1.174796695792596599e-22 -1.509835325652228288e-22
1.528320312500000000e+00 3.179598424389097238e-23 -1.716120588309208013e-23
1.528808593750000000e+00 -1.001043033501402088e-23 -3.897933521617195914e-22
1.529296875000000000e+00 3.061955757549875416e-23 -8.031321483324189457e-23
1.529785156250000000e+00 4.584984995733521387e-23 -2.164454398441601855e-23
1.530273437500000000e+00 2.593445215533899009e-22 -1.394676675719118384e-24
1.530761718750000000e+00 -2.192608292766301877e-22 -1.333801293220057975e-22
1.531250000000000000e+00 1.403390866262638164e-22 -1.228003426702241047e-24
1.531738281250000000e+00 1.027552510038581107e-22 -2.582522610593568034e-23
1.532226562500000000e+00 -5.961297983660540889e-23 1.651333553964073631e-22
1.532714843750000000e+00 6.823919936718276076e-23 6.700311748786101344e-24
1.533203125000000000e+00 1.083935852790240977e-22 -8.876924365357475252e-23
1.533691406250000000e+00 -2.703561821195002301e-23 5.762494171738680316e-24
1.534179687500000000e+00 2.427879816179844866e-23 -1.607988942933972763e-23
1.534667968750000000e+00 -1.397798678933260774e-23 -1.089896919178413864e-22
1.535156250000000000e+00 -2.041076965027268783e-22 7.026955158855668451e-23
1.535644531250000000e+00 -3.015505779052880869e-23 -2.057392621877883381e-22
1.536132812500000000e+00 6.346782469388308840e-23 2.469673370855098147e-22
1.536621093750000000e+00 8.999628854456625093e-23 -8.467821283500773820e-23
1.537109375000000000e+00 -6.511975932647225365e-23 3.944951009446208444e-22
1.537597656250000000e+00 -1.677205262961420111e-22 7.197184862238957254e-23
1.538085937500000000e+00 -9.792390399130448717e-23 2.294987233216169314e-23
1.538574218750000000e+00 -7.803106091607146830e-23 2.179082896275079813e-23
1.539062500000000000e+00 6.648039111447321592e-23 5.711158863990903752e-23
1.539550781250000000e+00 2.101038499878515927e-22 -1.055795058150507986e-22
1.540039062500000000e+00 -1.386405008884791289e-23 -2.572509146800220847e-23
1.540527343750000000e+00 1.367858648325256673e-22 -1.718555236224478060e-22
1.541015625000000000e+00 5.314039038652834138e-23 4.157187740870104064e-23
1.541503906250000000e+00 3.176046240904386961e-22 -1.116887923283536803e-22
1.541992187500000000e+00 -4.537903359217976793e-23 -1.146476355196706923e-22
1.542480468750000000e+00 -2.999697602016831221e-23 2.030915379005887809e-22
1.542968750000000000e+00 6.929195193215520976e-24 -6.022353343405343448e-23
1.543457031250000000e+00 2.955794697411465668e-22 1.248730704626130711e-22
1.543945312500000000e+00 1.271755544362076885e-22 -2.247098675068741467e-22
1.544433593750000000e+00 3.069895756443364800e-23 1.329144081989182159e-22
1.544921875000000000e+00 -2.047969911754523466e-22 -1.652804303000775964e-23
1.545410156250000000e+00 -6.512449817162515180e-23 7.405266705537873975e-23
1.545898437500000000e+00 1.382321808428489761e-22 5.873550986200159075e-24
1.546386718750000000e+00 -3.813758911284420563e-23 6.550259200891205618e-23
1.546875000000000000e+00 7.819014319466079435e-23 1.804216880726006701e-22
1.547363281250000000e+00 2.119303787059347609e-22 9.406693012095935031e-23
1.547851562500000000e+00 -1.372403829719079025e-22 -5.774113616164092025e-23
1.548339843750000000e+00 -8.386812789239919404e-23 -9.723305274662706972e-23
1.548828125000000000e+00 -3.463006140336376896e-22 3.051135429575542641e-22
1.549316406250000000e+00 -6.729913938965618329e-23 7.061448180983083803e-23
1.549804687500000000e+00 -2.268980325614823794e-23 4.707862973443701479e-23
1.550292968750000000e+00 -1.263190850662341048e-22 -2.942029244291565871e-22
1.550781250000000000e+00 2.590503963888503526e-22 -8.024130206641005479e-23
1.551269531250000000e+00 9.431913111404934899e-23 -8.107581297483231140e-23
1.551757812500000000e+00 -1.803896242042759061e-22 1.505314883946910442e-22
1.552246093750000000e+00 -2.133665783547916826e-23 -2.725513522769294029e-22
1.552734375000000000e+00 -1.758775204488853547e-22 -1.673563546697913399e-23
1.553222656250000000e+00 -1.114378235603293002e-22 1.259502741468932688e-23
1.553710937500000000e+00 -7.142729860735075931e-23 1.551020697270784882e-22
1.554199218750000000e+00 -1.605520448951505364e-22 4.234564945650635524e-23
1.554687500000000000e+00 7.249105950142349442e-23 -2.321677636183528138e-23
1.555175781250000000e+00 1.146078043220009373e-23 1.183923916744260698e-22
1.555664062500000000e+00 -1.417144856921841413e-22 5.594166325092949013e-23
1.556152343750000000e+00 -1.049810303215793887e-22 -8.178435601558363690e-23
1.556640625000000000e+00 -1.607520507121168348e-22 6.487844971040357763e-23
1.557128906250000000e+00 9.311535306655313964e-23 -1.838206805496879403e-22
1.557617187500000000e+00 -3.497135990989068631e-23 -1.541565879141723048e-22
1.558105468750000000e+00 -3.268856549647494434e-22 1.240408917975420792e-23
1.558593750000000000e+00 3.182285266211651698e-22 -7.470310031545975433e-24
1.559082031250000000e+00 -2.050943292573974684e-23 1.341591226696495689e-22
1.559570312500000000e+00 1.219851144108982014e-22 8.389696846040740994e-23
1.560058593750000000e+00 -9.873628415570628829e-24 -1.354429731652816955e-22
1.560546875000000000e+00 -5.414321254601440332e-23 -2.921644700380407808e-24
1.561035156250000000e+00 2.008480287052062317e-22 -1.206681325332459791e-22
1.561523437500000000e+00 -1.300555874970219059e-23 -1.746953648092633961e-22
1.562011718750000000e+00 -1.210951080205477156e-22 8.072749442166233594e-23
1.562500000000000000e+00 -7.328575831450869348e-23 -1.925356998684170969e-23
1.562988281250000000e+00 2.109539939231225663e-22 5.520295155333881338e-23
1.563476562500000000e+00 -1.582898970085967530e-22 -5.942737517704875843e-23
1.563964843750000000e+00 -8.655700619632460094e-23 7.185608478947449097e-23
1.564453125000000000e+00 -9.124694833312913901e-23 -6.690619293909713052e-23
1.564941406250000000e+00 1.080344085660178282e-22 2.858063511190652270e-24
1.565429687500000000e+00 9.780322634317788013e-24 2.044329510903309992e-23
1.565917968750000000e+00 9.361399448547572330e-23 -6.184595380792344182e-23
1.566406250000000000e+00 1.700749929215635798e-23 -5.113265896692710082e-23
1.566894531250000000e+00 1.424431349955784842e-22 2.535854823792733106e-22
1.567382812500000000e+00 2.173258091332115378e-22 -7.900891325695398752e-23
1.567871093750000000e+00 -2.318465645614817580e-22 -8.883946978038459744e-23
1.568359375000000000e+00 3.986284553437439154e-22 2.399153583844952062e-22
1.568847656250000000e+00 9.226466506158942461e-23 2.177159006536199204e-22
1.569335937500000000e+00 -1.135259007549499241e-23 -8.728182941162471561e-23
1.569824218750000000e+00 1.399107758523520583e-22 1.056552612489233311e-22
1.570312500000000000e+00 2.929820058916025806e-22 -1.444475224802526047e-22
1.570800781250000000e+00 -1.733279759521017794e-22 -1.768652760570760003e-22
1.571289062500000000e+00 -8.838267811442353795e-23 8.351804143891856931e-23
1.571777343750000000e+00 1.776887957082860106e-22 3.433991463259944473e-23
1.572265625000000000e+00 -2.007856033290257685e-23 -1.027870374125142638e-22
1.572753906250000000e+00 1.229903643259410359e-22 1.250687257689789305e-22
1.573242187500000000e+00 9.235114284973632870e-23 -8.886248260420814698e-23
1.573730468750000000e+00 -2.998465434045691484e-23 1.777507382077699209e-22
1.574218750000000000e+00 -8.854894042553512415e-23 1.668686867468497149e-22
1.574707031250000000e+00 -4.798820154351157711e-23 -6.279005576648116559e-23
1.575195312500000000e+00 -1.126296840272983639e-22 -1.226005866889203776e-22
1.575683593750000000e+00 1.327660135031062512e-22 6.892084283512746264e-23
1.576171875000000000e+00 4.203816938226565311e-23 -4.888909336820236366e-23
1.576660156250000000e+00 1.519916440621706529e-22 -8.430344628036291989e-23
1.577148437500000000e+00 -3.395541959569850896e-22 -2.015560834103324715e-22
1.577636718750000000e+00 1.491611276242294269e-22 2.706315750970673252e-22
1.578125000000000000e+00 -1.295576679927322014e-22 -8.191159749194466123e-23
1.578613281250000000e+00 -1.290236765828113131e-23 1.520678742727911958e-22
1.579101562500000000e+00 -2.902400994176298187e-22 -9.232162255544338956e-23
1.579589843750000000e+00 -3.148585103848192687e-22 1.374662598941432829e-22
1.580078125000000000e+00 8.472746357965941696e-23 -1.051134067566347111e-23
1.580566406250000000e+00 -4.677125101809079332e-23 -1.607794341744950572e-23
1.581054687500000000e+00 8.134950140424840931e-23 -1.880802155481442470e-22
1.581542968750000000e+00 -9.301688906431777634e-24 3.513655545200744434e-23
1.582031250000000000e+00 1.384715258281677922e-22 7.331475849089891119e-23
1.582519531250000000e+00 2.858816470259793693e-22 -1.552330075709114252e-24
1.583007812500000000e+00 -2.842247776966778171e-22 -2.172278643648914807e-22
1.583496093750000000e+00 -2.402625583528364461e-22 -6.614520770971101702e-23
1.583984375000000000e+00 1.372336543032272006e-22 -2.420132876231494369e-22
1.584472656250000000e+00 -5.197166617076177146e-23 -2.677631249972343236e-23
1.584960937500000000e+00 -1.964656564886263080e-22 1.033176036380314602e-22
1.585449218750000000e+00 -2.725781003276420827e-23 -6.970410139677312565e-23
1.585937500000000000e+00 -1.031242330096000076e-22 8.984901642503414611e-23
1.586425781250000000e+00 6.509140044009547557e-23 -1.265959255886777007e-22
1.586914062500000000e+00 -6.399067002983768682e-23 4.339072033622967311e-23
1.587402343750000000e+00 7.492430470862582384e-24 1.586140824268416855e-23
1.587890625000000000e+00 2.064555838795567791e-22 1.294235632850708182e-22
1.588378906250000000e+00 -1.234093816723743177e-22 7.373639795581827172e-24
1.588867187500000000e+00 -4.422048094886882919e-23 -2.196390322491543012e-22
1.589355468750000000e+00 2.755102479768614738e-22 3.329184215876543317e-22
1.589843750000000000e+00 -1.527243611107346995e-23 1.076342635972431045e-22
1.590332031250000000e+00 1.379844648158961931e-22 -4.663498467985238138e-23
1.590820312500000000e+00 -1.398301696485150759e-22 -1.513108872819674234e-23
1.591308593750000000e+00 -3.986449899221087334e-23 -1.159173532420150706e-22
1.591796875000000000e+00 -1.200990118195141225e-23 9.093409128422855064e-23
1.592285156250000000e+00 1.758036008556707048e-24 -1.015480951088865337e-22
1.592773437500000000e+00 -2.034172340950105096e-22 1.922230354839767779e-22
1.593261718750000000e+00 -9.910187316276152025e-23 -7.454637418257924274e-23
1.593750000000000000e+00 1.242541917059158558e-22 2.867855340818586847e-23
1.594238281250000000e+00 -9.650547699731517177e-23 3.301602416889838315e-23
1.594726562500000000e+00 -3.085658672488024382e-23 1.928426166243539078e-22
1.595214843750000000e+00 -1.167867271410788150e-22 -2.107104611189883454e-23
1.595703125000000000e+00 3.061888515208320773e-22 -1.243923419711677558e-22
1.596191406250000000e+00 -4.948296290757446471e-23 6.971717013094200850e-23
1.596679687500000000e+00 1.328231940325099414e-22 1.129077635966012111e-22
1.597167968750000000e+00 3.781498650517517100e-23 -5.680568094037301797e-23
1.597656250000000000e+00 -1.578866265383937666e-22 1.012244455516207462e-22
1.598144531250000000e+00 -4.818923992137748752e-23 7.923739607602308199e-23
1.598632812500000000e+00 -6.096832081007874594e-23 -1.280011331678787290e-22
1.599121093750000000e+00 1.009375807617981811e-22 6.406611462174421004e-23
1.599609375000000000e+00 1.498962614035876057e-22 -9.421587061334099482e-23
1.600097656250000000e+00 -1.378750943216179074e-22 1.017627597371693966e-22
1.600585937500000000e+00 5.638769833036403579e-23 -6.617205010560181027e-23
1.601074218750000000e+00 2.545015092549806801e-22 9.931061972637997487e-23
1.601562500000000000e+00 -1.164525745896586157e-22 -2.699821944257428629e-23
1.602050781250000000e+00 8.911702909702562770e-23 1.604207075937042240e-22
1.602539062500000000e+00 2.117497682912415795e-22 -8.218452959635068951e-23
1.603027343750000000e+00 2.511832268196617190e-22 -2.182502602226960086e-22
1.603515625000000000e+00 4.581818752870007016e-23 -5.528400691152700996e-23
1.604003906250000000e+00 -6.495125683186931095e-23 -2.852630587053784063e-22
1.604492187500000000e+00 9.083225801087171198e-25 -1.955420697564657075e-22
1.604980468750000000e+00 -1.284861906626596013e-22 3.772616451841241287e-22
1.605468750000000000e+00 -4.194156409370732543e-23 -7.838065173154387621e-23
1.605957031250000000e+00 -8.150961724553325322e-23 8.308825537775149289e-23
1.606445312500000000e+00 -1.803031409038523391e-24 -2.020314931112051430e-22
1.606933593750000000e+00 6.771005686832914600e-23 -5.200666704616488402e-23
1.607421875000000000e+00 1.740747280012540628e-22 2.559317657806453622e-22
1.607910156250000000e+00 -2.405526492716821911e-23 4.060070027661155228e-23
1.608398437500000000e+00 -4.193672063155199332e-22 -5.975276163189883168e-23
1.608886718750000000e+00 2.150085567367613699e-22 2.990059281038841137e-23
1.609375000000000000e+00 -7.180481799356534757e-23 9.637147968964087482e-24
1.609863281250000000e+00 1.663991321840363097e-22 -2.887338407804413947e-22
1.610351562500000000e+00 -6.544339143166491222e-23 2.304916075809024822e-23
1.610839843750000000e+00 1.639259736891702983e-22 1.449948697435293824e-22
1.611328125000000000e+00 -1.276250630445517548e-22 3.988137577420160254e-23
1.611816406250000000e+00 -6.440823927059711079e-23 1.241734113128508381e-22
1.612304687500000000e+00 -3.394787700831045212e-23 8.114105966132203628e-23
1.612792968750000000e+00 -2.843555634080687988e-24 -1.371502303773291313e-22
1.613281250000000000e+00 3.219215105552667126e-22 -6.151334742161618902e-23
1.613769531250000000e+00 -2.301451692286991782e-23 -9.641568833863726023e-23
1.614257812500000000e+00 3.040122087974150372e-23 1.010557970801287937e-22
1.614746093750000000e+00 -2.015727486459980197e-22 2.222980488598837838e-22
1.615234375000000000e+00 -1.321380874963736814e-23 -1.325789306341493915e-22
1.615722656250000000e+00 6.934865232375674350e-23 -1.653509542140900898e-24
1.616210937500000000e+00 -4.899172717456986899e-23 5.302180864316409219e-24
1.616699218750000000e+00 7.517172521151973796e-23 -2.799381149769101539e-22
1.617187500000000000e+00 8.368315744886088385e-23 1.121078582720608956e-22
1.617675781250000000e+00 -1.860614226274590771e-22 -1.367686219242930604e-22
1.618164062500000000e+00 -1.369911464233484732e-22 8.054904377134717406e-23
1.618652343750000000e+00 -3.662403054166793229e-23 -1.947724949880537675e-22
1.619140625000000000e+00 -2.188249604057103952e-22 -2.299801856567228911e-22
1.619628906250000000e+00 -3.589175770705323533e-23 2.729623588740310588e-22
1.620117187500000000e+00 -1.422866066416964760e-22 -1.905196005872209898e-22
1.620605468750000000e+00 -6.577825348716568023e-23 -1.956738985901831084e-22
1.621093750000000000e+00 2.615053308335728230e-23 1.102958376252715040e-22
1.621582031250000000e+00 -1.493393190779135612e-22 4.117616909658418239e-23
1.622070312500000000e+00 1.109887505637318291e-23 7.950336137158104907e-23
1.622558593750000000e+00 1.054408482889099907e-22 1.222474182616713393e-22
1.623046875000000000e+00 2.076259619113385901e-22 -1.071771604054103896e-22
1.623535156250000000e+00 3.415092727996242834e-23 1.536315314583288088e-22
1.624023437500000000e+00 -1.585480447362912461e-22 2.282514586448135323e-23
1.624511718750000000e+00 1.129369967045677347e-22 1.579640059971156279e-22
1.625000000000000000e+00 -5.361191395670265892e-23 2.127970285063737671e-22
1.625488281250000000e+00 -3.741127789034729359e-22 3.193483776695371154e-23
1.625976562500000000e+00 9.033404961858837888e-23 6.447405400556791641e-23
1.626464843750000000e+00 -2.223110939695929430e-22 3.142690636454359537e-23
1.626953125000000000e+00 1.374419108347298191e-22 1.493094441842721815e-22
1.627441406250000000e+00 -5.488184099861186953e-23 7.398318470960189442e-23
1.627929687500000000e+00 -8.058577307771376541e-23 1.042826637654796248e-22
1.628417968750000000e+00 -5.215670400396158981e-23 1.110182687096565862e-22
1.628906250000000000e+00 -1.542132975839410811e-22 -3.980255474644863728e-23
1.629394531250000000e+00 1.170126230420560045e-22 7.527933832898553970e-23
1.629882812500000000e+00 1.908482784850804748e-22 2.011211086729236293e-24
1.630371093750000000e+00 1.815928768813888963e-23 1.147122880977074482e-22
1.630859375000000000e+00 -1.059504595378739714e-24 -2.759185204454876446e-22
1.631347656250000000e+00 1.302257258297448894e-22 8.796851540616297052e-23
1.631835937500000000e+00 2.457367110974566894e-22 -7.324534688940987550e-24
1.632324218750000000e+00 1.709820792327818030e-23 -4.711428227846365471e-23
1.632812500000000000e+00 5.439213268695589386e-23 -1.440849415979853487e-22
1.633300781250000000e+00 -2.116847424456837959e-23 -1.460630606337962555e-23
1.633789062500000000e+00 1.844053926413944502e-22 -6.178531075103983159e-23
1.634277343750000000e+00 1.536370150663355250e-22 -1.319949299908739202e-22
1.634765625000000000e+00 1.660554077550203114e-22 -3.997250549418861808e-23
1.635253906250000000e+00 1.514140975417315326e-22 -9.206311012460569532e-23
1.635742187500000000e+00 1.499856273046134481e-22 9.043660431270853037e-24
1.636230468750000000e+00 -3.431660525141485965e-24 -1.009818205837891973e-22
1.636718750000000000e+00 7.881393070694265643e-23 -1.254194228246643538e-22
1.637207031250000000e+00 2.081905004318395753e-22 6.871160036323851216e-23
1.637695312500000000e+00 -1.577493534797378504e-22 -1.194458197179987585e-22
1.638183593750000000e+00 3.598517285557552578e-23 -2.130765502897343472e-23
1.638671875000000000e+00 7.621359921987697135e-24 -4.256252444292432755e-23
1.639160156250000000e+00 -3.128636412479509413e-23 3.629306365009123549e-23
1.639648437500000000e+00 1.107430980252129241e-22 1.063531708974583896e-23
1.640136718750000000e+00 -1.388120650658668516e-22 -2.129431092587883327e-23
1.640625000000000000e+00 -5.677401406355328658e-23 -9.534092761761841228e-23
1.641113281250000000e+00 1.714311490371772630e-22 -7.503026926898973985e-23
1.641601562500000000e+00 -7.802209849709473483e-23 5.400808547476092472e-23
1.642089843750000000e+00 -1.339775279198825757e-22 5.220417298277958120e-23
1.642578125000000000e+00 -1.459243229083077619e-22 -2.486568100335152232e-22
1.643066406250000000e+00 3.971500068302538573e-23 1.064559670800922233e-22
1.643554687500000000e+00 -1.275883995477576037e-22 8.731690082256848867e-23
1.644042968750000000e+00 -2.977314861762842880e-22 -1.310357279242526898e-22
1.644531250000000000e+00 6.041947532233994527e-23 -1.248966965568926724e-22
1.645019531250000000e+00 6.994873376452587792e-23 1.105355507323709150e-22
1.645507812500000000e+00 1.918647553257256564e-23 -2.233652401658191566e-22
1.645996093750000000e+00 -1.360289342942798342e-22 2.227189539196772800e-23
1.646484375000000000e+00 -8.330617635947231526e-23 1.029155889666781782e-23
1.646972656250000000e+00 -2.125234907417321501e-22 3.544983086565464645e-22
1.647460937500000000e+00 -5.048996314403139222e-23 -1.062595328557896946e-23
1.647949218750000000e+00 -2.986970786574969663e-22 8.552542527909506265e-23
1.648437500000000000e+00 2.971630708407396760e-22 2.655070985548934752e-22
1.648925781250000000e+00 -1.153129377386754896e-23 1.642212374655093820e-23
1.649414062500000000e+00 9.660957244534915687e-23 2.717341573588333480e-22
1.649902343750000000e+00 -9.951366409917791359e-23 -5.017037406064452015e-23
1.650390625000000000e+00 -2.369198663840001697e-23 1.291469624906327435e-22
1.650878906250000000e+00 -1.364014204825076284e-22 -1.216975562333090383e-22
1.651367187500000000e+00 -2.537734755566084590e-22 2.515981546462504086e-22
1.651855468750000000e+00 -3.132475334998476466e-23 9.351140986794753237e-23
1.652343750000000000e+00 -6.269116080287176179e-23 -1.920716412877815649e-22
1.652832031250000000e+00 2.985431406857969089e-22 -6.589859658442460318e-25
1.653320312500000000e+00 -6.531597664430673680e-23 -7.416122871515089906e-23
1.653808593750000000e+00 -9.372271354764920200e-23 -1.719011858370748311e-22
1.654296875000000000e+00 7.164649722466316381e-24 2.066115127604486884e-23
1.654785156250000000e+00 3.667390427066427225e-23 -5.177305345313300103e-23
1.655273437500000000e+00 1.812775830026921267e-22 2.710030353849188912e-23
1.655761718750000000e+00 3.994718288074232674e-23 6.969547806673010355e-23
1.656250000000000000e+00 2.450108753033770929e-22 -2.154625763890616476e-22
1.656738281250000000e+00 -7.868190613970705216e-23 -1.852411518222566792e-22
1.657226562500000000e+00 -2.024084560560595006e-22 -3.605660592108459345e-23
1.657714843750000000e+00 3.138814647494542992e-23 -1.538513894129957526e-22
1.658203125000000000e+00 -2.559801668861171267e-23 1.600014678938229024e-22
1.658691406250000000e+00 1.028919599692479994e-22 -1.070946800309062560e-22
1.659179687500000000e+00 -1.192605698324233882e-23 2.777403092655932290e-22
1.659667968750000000e+00 -7.681414685941552028e-24 -1.676742345316536270e-24
1.660156250000000000e+00 2.563124012955690422e-22 -4.051363956627207955e-23
1.660644531250000000e+00 -4.343214036053730563e-23 8.489389303049354193e-23
1.661132812500000000e+00 8.468962778285124630e-23 6.250243563821565459e-23
1.661621093750000000e+00 2.123731755235332472e-22 9.660653610510028333e-23
1.662109375000000000e+00 1.729155030948648284e-22 4.609807082650804034e-23
1.662597656250000000e+00 1.148592967483239368e-22 -2.899112733277817793e-23
1.663085937500000000e+00 -6.469609749041274559e-23 6.766390383933420860e-23
1.663574218750000000e+00 -4.730278739204120163e-23 -4.927198461083221750e-23
1.664062500000000000e+00 8.971070644875585427e-23 7.611892740629194977e-23
1.664550781250000000e+00 -1.790975321724780587e-22 -2.635691241262614114e-23
1.665039062500000000e+00 -6.693904761243752592e-23 -5.691144454503144517e-23
1.665527343750000000e+00 8.767121579187759979e-23 7.350348351479170928e-23
1.666015625000000000e+00 2.096179855279413289e-23 -8.908290598280124055e-23
1.666503906250000000e+00 7.198763216785827992e-23 -5.790575786376457817e-23
1.666992187500000000e+00 -1.237368484056468590e-22 -1.208357385077006096e-22
1.667480468750000000e+00 -6.683208422955852799e-23 2.190953777748184090e-22
1.667968750000000000e+00 9.141722647289088121e-23 1.362214912416295741e-23
1.668457031250000000e+00 -2.694891405062039713e-23 -1.512527749317959481e-22
1.668945312500000000e+00 -2.274044228031624074e-22 -7.420253319980264005e-23
1.669433593750000000e+00 1.090963337515739444e-22 -3.424773718184737361e-24
1.669921875000000000e+00 -7.286674330546230357e-23 1.374277865541874639e-22
1.670410156250000000e+00 -3.847566773940741811e-23 1.351011872486281590e-23
1.670898437500000000e+00 -2.079419022850545245e-22 -1.646593715445816413e-22
1.671386718750000000e+00 5.024253766734462097e-23 -1.368372328393412459e-22
1.671875000000000000e+00 6.066397302193546491e-23 -7.498501835660455121e-23
1.672363281250000000e+00 -2.961351221473466293e-22 1.444605035141266352e-22
1.672851562500000000e+00 1.151229608266264534e-22 -5.993633834347704242e-23
1.673339843750000000e+00 6.754052178946159567e-24 -1.150638948787940467e-22
1.673828125000000000e+00 1.078515465586391345e-22 1.008975562694480606e-22
1.674316406250000000e+00 2.331217703652979391e-22 1.534059727130023811e-23
1.674804687500000000e+00 -1.831976008626398788e-22 1.892817333849416907e-22
1.675292968750000000e+00 2.973577520540571789e-22 -8.670234644886638141e-23
1.675781250000000000e+00 -2.816990908035526065e-24 6.524823050453626755e-23
1.676269531250000000e+00 1.688129804902378137e-23 -1.174150131926119209e-22
1.676757812500000000e+00 -1.314840356465949054e-22 7.738685089763685387e-23
1.677246093750000000e+00 -7.506327056001201058e-24 -1.583644001286372291e-22
1.677734375000000000e+00 -1.583601790774103763e-23 5.958252820243148899e-23
1.678222656250000000e+00 -6.807558173497553017e-24 -1.218996796020862050e-22
1.678710937500000000e+00 -3.742018235007011431e-23 5.610878317152868109e-23
1.679199218750000000e+00 1.242234409767814508e-22 5.540816602131773329e-23
1.679687500000000000e+00 -2.247864461778547162e-22 -2.096800834761930687e-22
1.680175781250000000e+00 9.149583945101115878e-23 -1.566001094917059786e-22
1.680664062500000000e+00 1.179331618760901619e-22 -1.945838420295338358e-22
1.681152343750000000e+00 -6.845571889457234885e-23 1.131518670681019933e-22
1.681640625000000000e+00 -5.048815043126781456e-23 1.502081975993653850e-22
1.682128906250000000e+00 -1.928817081573226867e-22 -1.203188695691341618e-22
1.682617187500000000e+00 1.131458374811278651e-22 -1.008848704487939479e-22
1.683105468750000000e+00 1.190060703671503578e-22 2.098927470202911192e-22
1.683593750000000000e+00 -9.248228359451713654e-23 1.510125551597917404e-22
1.684082031250000000e+00 -3.270817370111060286e-23 -5.812488594802803518e-23
1.684570312500000000e+00 4.454278960776644177e-24 5.214887984198677967e-22
1.685058593750000000e+00 -1.735454248258434383e-22 -8.498259539342128348e-23
1.685546875000000000e+00 2.423666029644382838e-22 -1.521213213221841301e-23
1.686035156250000000e+00 -1.296674853703524363e-22 -1.659315604798214658e-23
1.686523437500000000e+00 -1.925234553912768339e-22 -2.712543212552644064e-23
1.687011718750000000e+00 1.146815239327816757e-22 1.306618816995231291e-22
1.687500000000000000e+00 5.833946067362539359e-23 7.765003529119129203e-23
1.687988281250000000e+00 -1.270764544077790894e-22 8.391955162576303784e-23
1.688476562500000000e+00 1.614072200370899349e-22 2.655922316282659158e-23
1.688964843750000000e+00 -1.787786556327185393e-22 1.309821866888610568e-22
1.689453125000000000e+00 1.986942118267850349e-22 -9.714129016836027728e-23
1.689941406250000000e+00 -9.936333505841046987e-23 -2.979660568764889727e-23
1.690429687500000000e+00 1.075707312873364235e-22 -1.131380555361951756e-22
1.690917968750000000e+00 -2.852285886224061912e-24 -4.265661283315894930e-23
1.691406250000000000e+00 2.612870210510962190e-22 -1.563695778965200953e-23
1.691894531250000000e+00 -4.584140351667750624e-23 2.893405671882187590e-22
1.692382812500000000e+00 1.237573620170300249e-22 -7.775797764277489345e-23
1.692871093750000000e+00 -1.282687172388906560e-23 -3.005875232227251771e-23
1.693359375000000000e+00 -5.392791411129211921e-23 -9.608951270329442759e-23
1.693847656250000000e+00 -2.613662115787887366e-22 -2.863591625951108874e-23
1.694335937500000000e+00 -1.642483905156634876e-22 -1.986056880002704309e-22
1.694824218750000000e+00 -5.697523147455830806e-23 1.010545394433665591e-22
1.695312500000000000e+00 -8.800541376041962008e-23 -1.940524665593647295e-23
1.695800781250000000e+00 -6.779735039112175829e-24 -9.842787535699791069e-23
1.696289062500000000e+00 -1.262105298250838793e-23 -1.997049201253473173e-22
1.696777343750000000e+00 1.119207535584781293e-22 1.429707146368475930e-23
1.697265625000000000e+00 -6.106187479458737174e-23 -9.412064022718308656e-23
1.697753906250000000e+00 4.206279770989164836e-23 -1.452465213373185839e-22
1.698242187500000000e+00 -1.358851992283682823e-22 2.861922768781891809e-22
1.698730468750000000e+00 3.437649857396807545e-24 -1.959337180787061024e-22
1.699218750000000000e+00 1.878860389476457795e-22 1.910123069338195549e-22
1.699707031250000000e+00 1.850217066203280419e-22 -8.707178948003495422e-23
1.700195312500000000e+00 1.752469545682172050e-22 9.752230344500796057e-23
1.700683593750000000e+00 -2.563557356884912651e-22 8.867784841602683148e-23
1.701171875000000000e+00 7.926184030129620817e-23 8.553850175777176659e-23
1.701660156250000000e+00 1.721803531886908830e-22 -1.502971564223760913e-22
1.702148437500000000e+00 -1.237487150755602789e-22 7.601894097318564344e-23
1.702636718750000000e+00 1.662014247227675950e-22 1.519086813449396212e-22
1.703125000000000000e+00 1.613348656401110034e-22 2.515630680657890589e-23
1.703613281250000000e+00 -7.750822767410223044e-23 -6.588601283224868778e-23
1.704101562500000000e+00 2.676594311145919762e-23 -5.104357650565465118e-23
1.704589843750000000e+00 -6.125330232330731436e-23 1.261799392973123520e-22
1.705078125000000000e+00 -2.023715548830994880e-22 -2.567108634207246340e-23
1.705566406250000000e+00 1.122505467512629730e-22 8.411915602968590414e-23
1.706054687500000000e+00 1.398909761995154440e-22 -2.847918988175685433e-22
1.706542968750000000e+00 -1.495523687858351181e-24 9.780215592380236594e-23
1.707031250000000000e+00 -4.255303965826512750e-23 -8.809097984875392683e-23
1.707519531250000000e+00 3.159842900209692132e-23 -9.147077848368062015e-23
1.708007812500000000e+00 3.891238766041340355e-23 7.938297101831040121e-23
1.708496093750000000e+00 -7.425453803922109450e-24 -1.236172950888549958e-23
1.708984375000000000e+00 -1.147382307779203993e-22 -7.896697510155803750e-23
1.709472656250000000e+00 -3.424326857759955405e-23 6.011846199091312298e-23
1.709960937500000000e+00 3.877292655161159482e-23 5.495752900179280429e-23
1.710449218750000000e+00 -3.602572914139781301e-23 -1.642491534024540932e-22
1.710937500000000000e+00 -6.946613835110696651e-23 -7.717016228453077501e-23
1.711425781250000000e+00 1.301049882128270381e-22 2.664611990262441304e-22
1.711914062500000000e+00 -1.332501277251620618e-22 -1.563739272129401726e-22
1.712402343750000000e+00 4.517130775756359129e-23 -1.400879120196452306e-22
1.712890625000000000e+00 3.911225710998293704e-23 -1.344723384978238549e-22
1.713378906250000000e+00 -3.965917395919669041e-23 1.371452318032416436e-22
1.713867187500000000e+00 2.267588965457457359e-22 4.337886843631088293e-23
1.714355468750000000e+00 -2.398096560603428737e-22 -4.582786985663052534e-23
1.714843750000000000e+00 -6.108801502589693792e-23 -5.925238394645076781e-23
1.715332031250000000e+00 -1.830721943934886317e-22 -1.857203491463950707e-22
1.715820312500000000e+00 -1.009323782142314912e-22 3.544395008787729855e-23
1.716308593750000000e+00 1.487359901146090944e-22 2.922971590143990932e-22
1.716796875000000000e+00 6.102977422677656326e-23 1.667027556076573548e-22
1.717285156250000000e+00 -2.248400442552687409e-24 -8.439093412409920412e-23
1.717773437500000000e+00 9.412134177815373519e-23 -8.205947569955644583e-24
1.718261718750000000e+00 -5.484094776913176667e-24 2.218724933383552614e-22
1.718750000000000000e+00 1.617292689424623772e-22 2.042757471168647844e-23
1.719238281250000000e+00 2.117623660896310212e-22 1.143988840888143686e-22
1.719726562500000000e+00 -2.171542590899241200e-22 -2.273828332927613031e-22
1.720214843750000000e+00 -9.647164093524949286e-24 1.383518961656538186e-22
1.720703125000000000e+00 -2.059844789082455671e-22 -1.290135733255724630e-22
1.721191406250000000e+00 7.825795343267520543e-23 3.053553610259052419e-22
1.721679687500000000e+00 -2.105210048136724114e-22 8.656007084536987544e-24
1.722167968750000000e+00 -1.816030396526716747e-23 -1.557102791406871280e-22
1.722656250000000000e+00 -6.018127295846914075e-23 -8.397673742403870693e-23
1.723144531250000000e+00 -4.692748166282211974e-23 -1.056115811273304969e-22
1.723632812500000000e+00 -8.233798802980418862e-23 3.001140266898272871e-22
1.724121093750000000e+00 -1.952927325556495071e-23 -2.469426597354052204e-22
1.724609375000000000e+00 -5.207665258025180650e-23 -1.615122607735142959e-22
1.725097656250000000e+00 1.014234235635667590e-22 2.592412056926186600e-22
1.725585937500000000e+00 -2.997945403900357641e-22 -1.276614332070996469e-22
1.726074218750000000e+00 1.899562437131672606e-22 2.641731729513257587e-22
1.726562500000000000e+00 -8.170640323482766236e-23 -1.101965853961505310e-22
1.727050781250000000e+00 2.112766261106471694e-22 -2.042329444672232294e-22
1.727539062500000000e+00 -1.062123717994838602e-22 -1.518027764394833916e-22
1.728027343750000000e+00 4.470087421865872292e-23 1.513181697861473586e-23
1.728515625000000000e+00 7.445387429513022549e-23 -8.124650834516021157e-23
1.729003906250000000e+00 -1.969096966671249444e-22 1.302987944908226611e-22
1.729492187500000000e+00 1.322768630122736746e-22 6.352230780312912088e-23
1.729980468750000000e+00 -4.720558493734491414e-23 -8.089129848888428107e-23
1.730468750000000000e+00 -5.198828069421533780e-25 9.769433368947683420e-23
1.730957031250000000e+00 1.273163325567916979e-22 2.549761466215052334e-22
1.731445312500000000e+00 2.254710239980823209e-23 -1.314102965418692881e-22
1.731933593750000000e+00 -3.593940853432988157e-23 1.358315441338466609e-22
1.732421875000000000e+00 1.394005327366762919e-22 1.661803183142510623e-23
1.732910156250000000e+00 4.970949746475702413e-23 -2.384393231540140640e-22
1.733398437500000000e+00 2.575568436977017084e-23 2.046533616487716310e-22
1.733886718750000000e+00 1.543356828529329709e-22 1.952858187355417006e-23
1.734375000000000000e+00 1.719089828808159088e-22 4.172920815744586999e-23
1.734863281250000000e+00 1.897787172252326933e-22 2.566716116784804780e-22
1.735351562500000000e+00 8.592893677276042274e-23 -7.912445692425983725e-23
1.735839843750000000e+00 3.449436074717273012e-23 -1.400525216496000733e-23
1.736328125000000000e+00 5.996040184112320313e-23 1.717562207438644704e-22
1.736816406250000000e+00 -1.642537536795522118e-22 -1.011190327056826253e-22
1.737304687500000000e+00 6.279298001391862154e-23 5.767951842653147923e-23
1.737792968750000000e+00 -1.677851319079679916e-22 -1.204240762078682981e-22
1.738281250000000000e+00 -1.151869401432257772e-23 -1.139736289036147037e-22
1.738769531250000000e+00 -1.256534938589299965e-23 -6.860294636142114984e-23
1.739257812500000000e+00 7.191396583512947245e-23 -5.965344897682251439e-23
1.739746093750000000e+00 6.156988166806844108e-23 1.096032826281820825e-22
1.740234375000000000e+00 7.673238789909388543e-23 -2.746165415358716302e-22
1.740722656250000000e+00 5.057420196330118427e-23 -5.086648184949480563e-23
1.741210937500000000e+00 -6.660472091952960812e-23 -1.076021794219761779e-22
1.741699218750000000e+00 -3.253587821390625428e-23 -4.332498884395704873e-23
1.742187500000000000e+00 8.903243833108648082e-23 -1.151039340869358825e-22
1.742675781250000000e+00 -1.418753406604465121e-22 -1.793315235115625307e-22
1.743164062500000000e+00 1.013494873002310525e-22 -9.893724337429178187e-23
1.743652343750000000e+00 -3.025345773840864829e-22 -3.223707619564523829e-23
1.744140625000000000e+00 -4.484214885696374973e-23 -2.020140684385689801e-22
1.744628906250000000e+00 -1.560100677575978295e-22 1.453589573431814012e-22
1.745117187500000000e+00 7.208768916728356798e-23 9.334651337709167510e-23
1.745605468750000000e+00 -8.345398018087961608e-23 2.291938897532758407e-22
1.746093750000000000e+00 -2.356080560725868906e-22 -8.216597322880051582e-23
1.746582031250000000e+00 2.733836634892692882e-23 -2.102828030510537313e-22
1.747070312500000000e+00 -8.250359635151741229e-23 1.449085606230054156e-22
1.747558593750000000e+00 -8.265076175290681524e-23 -1.250107620658722611e-22
1.748046875000000000e+00 1.563593691344271505e-23 -1.753352374826429172e-23
1.748535156250000000e+00 -3.385509456191385373e-22 2.057761237390360122e-22
1.749023437500000000e+00 2.443016780433298033e-22 -1.366864726739142865e-23
1.749511718750000000e+00 -3.175777762413577162e-23 4.586635070468472485e-23
1.750000000000000000e+00 -1.265709309676518510e-22 2.905508555468336597e-22
1.750488281250000000e+00 2.801844603163326825e-22 -2.354970416865641409e-22
1.750976562500000000e+00 -8.804172124222023459e-23 1.371960450813971273e-22
1.751464843750000000e+00 -1.415446310162339267e-23 3.018661770149474592e-22
1.751953125000000000e+00 -2.610454497003974536e-22 -1.043826855338737417e-23
1.752441406250000000e+00 1.966679116318453353e-22 5.675070885850249843e-23
1.752929687500000000e+00 -1.577277741527126505e-22 1.246592120296595352e-22
1.753417968750000000e+00 1.851977242270123995e-22 1.543887952748481245e-22
1.753906250000000000e+00 3.011344169040426056e-23 -1.028518455583866823e-22
1.754394531250000000e+00 4.855647704280284286e-23 -8.178798780230219506e-24
1.754882812500000000e+00 5.185480381193778538e-23 1.294637067790111604e-22
1.755371093750000000e+00 1.703581053071690358e-22 -8.068261806964178005e-23
1.755859375000000000e+00 -1.195460382910992431e-22 -3.763275595462060574e-22
1.756347656250000000e+00 1.069972138375250814e-22 1.554891698326833511e-22
1.756835937500000000e+00 -1.328461941190983435e-23 -5.327458540775312810e-23
1.757324218750000000e+00 2.613648464878284168e-22 5.202183261482936617e-23
1.757812500000000000e+00 1.370179335789146205e-22 -9.825950461521798282e-23
1.758300781250000000e+00 1.730134107715947623e-22 5.654851235661281349e-23
1.758789062500000000e+00 -5.950568508751962718e-24 3.206104346889150257e-22
1.759277343750000000e+00 -8.871718072589166110e-23 -4.819489471178733287e-23
1.759765625000000000e+00 1.765473292164963667e-22 4.982397281166620616e-23
1.760253906250000000e+00 -6.860308568023030522e-23 -1.724826253061391259e-23
1.760742187500000000e+00 -1.525313539251947757e-22 -1.729551038650475364e-22
1.761230468750000000e+00 1.299627793554869448e-23 -3.770278341979062344e-23
1.761718750000000000e+00 -2.832977798916220357e-22 -1.507268397723999479e-23
1.762207031250000000e+00 4.994640374911145315e-23 1.069546405745991776e-23
1.762695312500000000e+00 7.777120755302206760e-23 -2.054218730822569155e-22
1.763183593750000000e+00 -1.228539572283362383e-22 1.609271412715772341e-22
1.763671875000000000e+00 6.650183067669456089e-23 -6.829581184515395070e-23
1.764160156250000000e+00 1.507320551242763275e-22 1.611340130413571934e-22
1.764648437500000000e+00 -9.236587640714368286e-23 3.003609140715061365e-23
1.765136718750000000e+00 -4.229548845670652781e-23 -1.466994630948494048e-22
1.765625000000000000e+00 -7.688114632460940169e-23 -5.199881992005291476e-24
1.766113281250000000e+00 -5.579140570804519607e-23 -1.578888674139049981e-24
1.766601562500000000e+00 1.465648070279333365e-22 -5.328319953196509776e-23
1.767089843750000000e+00 -6.869520245261779391e-23 2.721422906758204949e-23
1.767578125000000000e+00 -3.178430866209757581e-26 8.307691274274714438e-23
1.768066406250000000e+00 5.401107106175389414e-24 -1.333994117701242229e-22
1.768554687500000000e+00 -4.164832856910363166e-23 6.856482536329171722e-25
1.769042968750000000e+00 6.061188147508761299e-23 8.199268400819896901e-24
1.769531250000000000e+00 1.041731955421256045e-22 7.018422708253059975e-23
1.770019531250000000e+00 -1.668014333015425322e-23 2.691292915349962736e-23
1.770507812500000000e+00 -4.624833032284810120e-23 1.551368713874199642e-22
1.770996093750000000e+00 -1.116005927463331955e-22 -1.036615353666224623e-22
1.771484375000000000e+00 9.385513833565390548e-23 -1.387773607051543031e-22
1.771972656250000000e+00 6.999410743693663587e-23 1.361212974337591549e-22
1.772460937500000000e+00 -1.796094958563768975e-23 -1.839939983766342622e-22
1.772949218750000000e+00 -1.775234425145399912e-22 -1.580709751145057662e-22
1.773437500000000000e+00 1.421324574059527289e-22 1.651047594934871367e-22
1.773925781250000000e+00 2.688813818519273648e-22 -1.348775867351063455e-22
1.774414062500000000e+00 -1.096353046726373796e-22 4.225561254816561111e-23
1.774902343750000000e+00 -9.467513086622314849e-23 5.141170722747482408e-23
1.775390625000000000e+00 -4.843381481009451724e-23 -2.356684055956719093e-22
1.775878906250000000e+00 -1.157286513106639257e-22 4.563828374227268390e-23
1.776367187500000000e+00 -1.707706813223195913e-22 -1.077257402546199009e-22
1.776855468750000000e+00 3.896476904857512206e-23 -9.215088634214886212e-23
1.777343750000000000e+00 -1.118035186745046886e-22 2.205894769331762142e-22
1.777832031250000000e+00 -1.793279992890617079e-22 -1.733958094352514103e-22
1.778320312500000000e+00 2.205820444764120598e-22 1.219278517399977158e-22
1.778808593750000000e+00 1.595778081417264760e-23 -1.700596915577810722e-22
1.779296875000000000e+00 -2.103952545089129820e-22 -7.499305496825422093e-24
1.779785156250000000e+00 -9.060955984513078230e-24 -1.015947268383666533e-22
1.780273437500000000e+00 4.711312451576202306e-23 -1.524504083231701616e-22
1.780761718750000000e+00 4.904544018802006823e-23 1.327744434432232321e-22
1.781250000000000000e+00 9.127182215849594846e-24 9.401724986033199962e-23
1.781738281250000000e+00 5.632603358125459014e-23 -2.413166828783039109e-23
1.782226562500000000e+00 2.784580952902246060e-22 -1.242160019488279655e-23
1.782714843750000000e+00 2.859534899999504891e-23 8.555953583803370090e-23
1.783203125000000000e+00 3.599946318835621851e-23 2.005856542863658934e-22
1.783691406250000000e+00 -1.653068409842588548e-22 -3.394002957475716891e-23
1.784179687500000000e+00 7.141736906128665472e-23 -4.706104786664980133e-23
1.784667968750000000e+00 9.002724342530014256e-23 2.297826584489125175e-23
1.785156250000000000e+00 1.767153411071055186e-23 2.030154740418497657e-23
1.785644531250000000e+00 -1.452182798441073626e-22 7.063142200041593325e-23
1.786132812500000000e+00 1.476168893986118596e-22 6.733485379200803844e-23
1.786621093750000000e+00 1.868275701725540623e-23 2.272981402031956602e-23
1.787109375000000000e+00 3.265896589263710519e-23 7.794030316925549106e-24
1.787597656250000000e+00 -1.083892492627825073e-22 -2.693475320501357326e-23
1.788085937500000000e+00 1.572029122438171584e-23 1.834841778906929404e-22
1.788574218750000000e+00 -2.407090646863069120e-23 -1.254685037091856032e-22
1.789062500000000000e+00 1.584088083649631948e-22 1.356497537725168521e-22
1.789550781250000000e+00 2.955457783468135989e-24 2.906765328040706068e-22
1.790039062500000000e+00 4.126026476108873996e-23 -6.744056533640002193e-23
1.790527343750000000e+00 9.654746809899919139e-23 3.121535882366153587e-22
1.791015625000000000e+00 6.148215344651897734e-23 -6.748002926355356756e-23
1.791503906250000000e+00 -1.580908686387930615e-22 1.980468423491242955e-22
1.791992187500000000e+00 -1.768069148145998478e-22 -3.044285386964761887e-22
1.792480468750000000e+00 5.393312947583838832e-23 9.518562552892704490e-23
1.792968750000000000e+00 -2.288218476704464645e-22 -2.273310374933407852e-22
1.793457031250000000e+00 8.741422608659595644e-23 -6.414905186878764896e-23
1.793945312500000000e+00 2.060701489626904547e-22 -8.846133750520709546e-23
1.794433593750000000e+00 -1.466472618936206643e-22 -4.961957154476001858e-23
1.794921875000000000e+00 9.243002610731564556e-23 3.921814556699848291e-23
1.795410156250000000e+00 -7.563202675325911391e-23 2.511966747592643115e-23
1.795898437500000000e+00 -3.638978906076002063e-23 1.381391744344089137e-22
1.796386718750000000e+00 -1.786494125911036262e-22 8.193291849898196585e-23
1.796875000000000000e+00 -6.851476927078862989e-23 2.046902643647284575e-22
1.797363281250000000e+00 -1.131258662874874584e-23 3.036628380641855902e-23
1.797851562500000000e+00 -3.517279709413049717e-23 -8.108694423206033007e-23
1.798339843750000000e+00 -5.834181506521896723e-23 -2.861158184682616723e-23
1.798828125000000000e+00 1.523039070864885012e-22 3.011670376213882065e-23
1.799316406250000000e+00 -5.043408519181065374e-23 1.269434539085115877e-23
1.799804687500000000e+00 -7.617188107233019793e-23 -2.756218051109060829e-22
1.800292968750000000e+00 2.290808152070308164e-22 1.796192316749959966e-22
1.800781250000000000e+00 3.761320936514710363e-22 1.969015709140789324e-22
1.801269531250000000e+00 -8.557413219994952715e-23 -1.378887970163994897e-22
1.801757812500000000e+00 -1.675135874349017962e-22 -6.840494302071147842e-23
1.802246093750000000e+00 -8.055853468775244982e-23 -3.796456968064801434e-22
1.802734375000000000e+00 4.468674825390916297e-23 -2.751101890532193056e-22
1.803222656250000000e+00 -2.448009522186264192e-22 5.590442137262125443e-23
1.803710937500000000e+00 1.256657886234512361e-22 -3.951768089551912801e-25
1.804199218750000000e+00 -1.051440674545105992e-22 1.957184346576996750e-23
1.804687500000000000e+00 -1.157956665777456736e-22 2.650457886741308794e-23
1.805175781250000000e+00 2.309631548303149951e-22 -9.580498972527543778e-23
1.805664062500000000e+00 -2.327432721797380019e-22 -6.936343007526092106e-24
1.806152343750000000e+00 1.519442153243872056e-22 1.615182046174925586e-23
1.806640625000000000e+00 -5.981919717220204255e-23 -2.574148998086172167e-22
1.807128906250000000e+00 2.143859512934231433e-22 -5.278696372526148691e-23
1.807617187500000000e+00 4.621980617153740703e-23 -2.289645811765416443e-22
1.808105468750000000e+00 -9.489046261483926311e-23 -1.862646432403062040e-22
1.808593750000000000e+00 -1.457718327363097280e-22 -2.977133255465772429e-23
1.809082031250000000e+00 2.013459823308522676e-22 4.961422256262460602e-23
1.809570312500000000e+00 3.685058497696222494e-24 8.159766845604341011e-24
1.810058593750000000e+00 2.225104240201386516e-23 -2.166433369053919479e-22
1.810546875000000000e+00 1.527552637669549356e-22 2.002669780425345372e-22
1.811035156250000000e+00 -7.677510569004729482e-23 -2.948006293738191575e-23
1.811523437500000000e+00 -9.700116503008182364e-23 1.798641293421264594e-23
1.812011718750000000e+00 -1.404617480458822059e-23 6.724647902567701946e-23
1.812500000000000000e+00 1.981686978922548806e-22 -1.169143183014850771e-22
1.812988281250000000e+00 8.091121493687518923e-23 2.555222291575337845e-22
1.813476562500000000e+00 -3.205723600511003509e-24 2.195109358730735051e-22
1.813964843750000000e+00 4.103748612694339436e-23 -2.642153651219805499e-24
1.814453125000000000e+00 -9.514330156777538994e-24 3.569793381859078199e-22
1.814941406250000000e+00 -5.127411544682748240e-23 -1.553708474015912377e-22
1.815429687500000000e+00 1.073627117680985831e-22 4.745741798999489852e-23
1.815917968750000000e+00 -1.139002830044785817e-22 1.779794647539176485e-22
1.816406250000000000e+00 5.591637767365124369e-23 -1.096822768323725494e-22
1.816894531250000000e+00 -1.124729643316468801e-22 1.162137653602994682e-22
1.817382812500000000e+00 4.932959905995216584e-23 4.967230512089051257e-23
1.817871093750000000e+00 -2.645929304425749561e-22 1.409342467666002162e-23
1.818359375000000000e+00 1.985249449591611169e-22 1.930178292687043233e-23
1.818847656250000000e+00 2.297460944490126908e-23 2.324885584884527110e-22
1.819335937500000000e+00 -1.108299594993248031e-22 3.009121694614215802e-22
1.819824218750000000e+00 -9.798470909785710306e-23 1.734934404810022318e-23
1.820312500000000000e+00 1.066043576491809237e-22 7.093816020875377285e-23
1.820800781250000000e+00 5.652416244504890003e-23 3.198998867436517849e-24
1.821289062500000000e+00 -1.682517278033356813e-22 1.084951694381554916e-22
1.821777343750000000e+00 1.745958008774110246e-22 -5.878763382021280186e-23
1.822265625000000000e+00 -3.415593441858019242e-23 -1.491583719519372512e-22
1.822753906250000000e+00 7.963012083324684205e-23 1.750089922604590788e-22
1.823242187500000000e+00 -3.755536510693821044e-24 -2.076735241507337109e-22
1.823730468750000000e+00 -1.988669001751528862e-22 2.154667337280003669e-22
1.824218750000000000e+00 -6.313773938449079464e-23 -2.148520838368913540e-22
1.824707031250000000e+00 4.772685459346184828e-23 7.154490825449475723e-23
1.825195312500000000e+00 -4.241447428190240462e-23 9.532539048278638500e-23
1.825683593750000000e+00 -6.805633889084149554e-23 -6.301335680358674833e-23
1.826171875000000000e+00 1.175359073408104553e-22 1.766160008471429917e-23
1.826660156250000000e+00 -2.456135267781168303e-22 -1.408544802220773421e-22
1.827148437500000000e+00 2.377541926783235635e-22 3.697233623024591577e-24
1.827636718750000000e+00 -1.860088463627013186e-22 -3.589734741271667316e-23
1.828125000000000000e+00 -2.183181100130864707e-23 2.541555668959320177e-23
1.828613281250000000e+00 5.032352283812209123e-23 -1.126009360888517712e-22
1.829101562500000000e+00 3.771671857760028372e-23 -2.090559460452555872e-22
1.829589843750000000e+00 -1.353002501732984292e-22 1.648949375010157465e-22
1.830078125000000000e+00 -2.410519027541039434e-24 -1.308373760159012529e-22
1.830566406250000000e+00 -4.509089239206714827e-23 9.706151302976225141e-23
1.831054687500000000e+00 -7.809779270362975785e-23 -1.260049865551812264e-22
1.831542968750000000e+00 -1.301672037641004159e-23 1.408794105857111093e-23
1.832031250000000000e+00 7.814443014328274823e-23 -2.350678358035595018e-23
1.832519531250000000e+00 1.100128817677776277e-22 5.670966048808687726e-25
1.833007812500000000e+00 6.197159499180993272e-24 -2.507178145076161165e-22
1.833496093750000000e+00 2.730816781438130677e-23 -2.481820108461977435e-23
1.833984375000000000e+00 6.306046426112360150e-23 -5.525247160637478845e-23
1.834472656250000000e+00 8.069510242406524341e-23 -1.674800708135393208e-22
1.834960937500000000e+00 1.297663596354509894e-22 -1.593832394991028724e-22
1.835449218750000000e+00 1.313464932528318271e-22 -1.411322660722065267e-22
1.835937500000000000e+00 -9.322203161154478821e-23 -6.254136012188874902e-23
1.836425781250000000e+00 2.905758636165444043e-22 3.488127674005543559e-23
1.836914062500000000e+00 -1.288682667374224395e-22 7.967022391635157022e-23
1.837402343750000000e+00 -2.250551492371839705e-22 1.318672853999546036e-22
1.837890625000000000e+00 1.060015523644804481e-22 -1.791987340202116064e-22
1.838378906250000000e+00 4.875744888108002031e-23 1.163808158765423808e-24
1.838867187500000000e+00 -7.134887996743751368e-23 2.386764336548542216e-23
1.839355468750000000e+00 -6.395120963333743619e-23 -1.242824573549214616e-22
1.839843750000000000e+00 4.570679243167969747e-23 -2.020806523880404267e-22
1.840332031250000000e+00 -3.024963505978253239e-23 -6.948851652998376166e-23
1.840820312500000000e+00 2.927507485618958446e-23 6.042584179120288034e-23
1.841308593750000000e+00 -1.759726689136711853e-22 1.788509949380529449e-22
1.841796875000000000e+00 9.523703039602488118e-23 -1.565119822910898166e-22
1.842285156250000000e+00 -1.425044930669900042e-22 6.839423204142795056e-23
1.842773437500000000e+00 1.074598699444810622e-22 6.849157236846239803e-23
1.843261718750000000e+00 -1.307356684042135713e-22 2.295520977563221592e-22
1.843750000000000000e+00 1.699080896171793311e-22 3.537317375829453858e-23
1.844238281250000000e+00 -1.340358770568877358e-23 3.576110841160280568e-22
1.844726562500000000e+00 8.233385059116064259e-23 8.835924644217989053e-23
1.845214843750000000e+00 -1.845832139823465861e-22 8.082619370685262415e-23
1.845703125000000000e+00 -2.247199510915445837e-22 3.089906999149374658e-23
1.846191406250000000e+00 5.303166227453484448e-23 2.097264702592953134e-22
1.846679687500000000e+00 3.249935744155040698e-24 -1.428233646646525962e-22
1.847167968750000000e+00 1.662115623421466488e-22 4.148851729021321850e-23
1.847656250000000000e+00 3.516938826895758861e-25 -7.219401784240869871e-24
1.848144531250000000e+00 4.132791647651132208e-23 2.253492476375320669e-22
1.848632812500000000e+00 1.974066293032267741e-22 -2.163324116658544016e-22
1.849121093750000000e+00 9.506359634181906932e-23 3.633917352403036768e-23
1.849609375000000000e+00 5.079657644341381017e-24 -8.632216707320134271e-23
1.850097656250000000e+00 1.047866982980634238e-22 3.168993531603666957e-23
1.850585937500000000e+00 3.843291109373822184e-23 1.827776894650713329e-22
1.851074218750000000e+00 1.049962785891254574e-22 5.990365335807707861e-23
1.851562500000000000e+00 -1.366594599859422833e-22 9.834072548292013280e-23
1.852050781250000000e+00 2.912908085283075126e-22 7.282215988900590860e-23
1.852539062500000000e+00 -3.201363264040271145e-24 -6.773399172425171670e-23
1.853027343750000000e+00 4.005423071793927696e-24 1.962155984448766830e-24
1.853515625000000000e+00 -2.895160544181279429e-23 1.108244362108016200e-22
1.854003906250000000e+00 -2.854241008166831870e-22 2.837219316611157929e-22
1.854492187500000000e+00 -3.558015032561764023e-23 -1.930168337472598380e-23
1.854980468750000000e+00 -3.884104858050944785e-23 -3.425094566428938821e-23
1.855468750000000000e+00 -1.376015436354417902e-22 -1.245232904872509797e-22
1.855957031250000000e+00 4.675422470328288519e-23 1.053830446971154795e-22
1.856445312500000000e+00 -1.063302373121955859e-22 -1.193105752695015590e-22
1.856933593750000000e+00 -1.411118426931580122e-22 -4.210144089430828077e-23
1.857421875000000000e+00 1.966743277948164694e-22 -2.588208385317016594e-22
1.857910156250000000e+00 -1.200844916881854899e-22 -4.846942256411620947e-23
1.858398437500000000e+00 -2.043423058178030326e-23 -1.957683942162639948e-22
1.858886718750000000e+00 -9.152251743526098975e-23 -9.666575496869922478e-23
1.859375000000000000e+00 -1.992102463085902425e-22 -5.863801156413098330e-23
1.859863281250000000e+00 5.686667519164629156e-23 -2.189204629903944102e-23
1.860351562500000000e+00 -1.485365455703515531e-22 -2.613777011684081846e-22
1.860839843750000000e+00 -7.933393075212766598e-24 -1.131270714984759704e-22
1.861328125000000000e+00 2.721253137646858600e-23 1.267831987423764526e-22
1.861816406250000000e+00 -1.469768949179348666e-22 -1.240586626734152125e-22
1.862304687500000000e+00 1.244342782287950090e-22 6.976674388461552570e-23
1.862792968750000000e+00 -2.986787706196495881e-22 8.477692208278563468e-23
1.863281250000000000e+00 -9.816889759485049628e-24 -1.509274718460700429e-22
1.863769531250000000e+00 3.131609234547792005e-23 1.474855224030819441e-23
1.864257812500000000e+00 -2.447015336735138652e-22 7.085882481817600489e-23
1.864746093750000000e+00 2.363256456248408213e-22 -1.083107357992849191e-22
1.865234375000000000e+00 8.631752226479463727e-23 2.757996669930747762e-22
1.865722656250000000e+00 1.422880008038832173e-22 3.388163697517905851e-23
1.866210937500000000e+00 -7.797088783160885382e-23 -1.196156993613012601e-23
1.866699218750000000e+00 9.574895623079604240e-23 -6.493930054979740071e-23
1.867187500000000000e+00 2.248623630041761756e-22 6.193599022510621761e-23
1.867675781250000000e+00 9.172006907409996238e-23 -2.942832536842702937e-23
1.868164062500000000e+00 -1.487521901370728878e-22 -1.124881328493888272e-22
1.868652343750000000e+00 4.099641347436438234e-22 1.722006640638847828e-22
1.869140625000000000e+00 -2.523939907351542336e-22 1.650167004850268774e-23
1.869628906250000000e+00 2.745338496505615643e-22 -6.337850042107532897e-23
1.870117187500000000e+00 -5.755567481609138180e-24 -2.081128070929956776e-22
1.870605468750000000e+00 -6.849281061900734589e-23 2.554678140365522904e-22
1.871093750000000000e+00 4.490146637551338775e-24 -7.496979736884378547e-23
1.871582031250000000e+00 -2.158248826631881482e-23 -1.450127235642122377e-22
1.872070312500000000e+00 8.857488210587554270e-23 1.434974632253113777e-22
1.872558593750000000e+00 5.881543485025135802e-23 1.033443513134720589e-22
1.873046875000000000e+00 -6.364084232933472801e-23 -2.511996055015317405e-22
1.873535156250000000e+00 7.303345062726633974e-23 -3.925006556338401658e-22
1.874023437500000000e+00 -1.505294323559057887e-23 1.823705216220285598e-22
1.874511718750000000e+00 1.724807990796775168e-23 3.746020219917979219e-23
1.875000000000000000e+00 1.375771695100743390e-22 1.145312140888933154e-22
1.875488281250000000e+00 3.726710506168936925e-24 1.410903087699719469e-22
1.875976562500000000e+00 1.188665064503346441e-22 9.550178161259716874e-23
1.876464843750000000e+00 1.102711465720264673e-22 1.660577046795442600e-22
1.876953125000000000e+00 -3.702378316829490958e-23 -2.238635700543126580e-22
1.877441406250000000e+00 3.266164821510734141e-22 1.850221099728660942e-22
1.877929687500000000e+00 5.668881265370583435e-23 -3.372544433267445636e-23
1.878417968750000000e+00 -2.597755166266017525e-22 -1.410961824546786257e-22
1.878906250000000000e+00 1.929701940200822103e-23 1.571239335511520631e-23
1.879394531250000000e+00 -7.087425578613509399e-23 1.894986819661864670e-22
1.879882812500000000e+00 -4.302398116915956112e-22 9.986663011641096650e-23
1.880371093750000000e+00 2.764303747137606168e-22 1.024215253622464051e-22
1.880859375000000000e+00 -2.396647869203097976e-22 -7.204304312233541530e-23
1.881347656250000000e+00 1.329760006532366190e-22 1.486426129732154161e-22
1.881835937500000000e+00 2.409719022859735746e-23 -8.418539724441226442e-23
1.882324218750000000e+00 -1.008121151824794046e-22 -5.963653713069595598e-23
1.882812500000000000e+00 -2.293974910190655107e-22 6.152041014060149098e-23
1.883300781250000000e+00 1.732918636579060560e-23 1.367754499000181612e-22
1.883789062500000000e+00 -3.922898493495955206e-22 7.896980656130956749e-23
1.884277343750000000e+00 1.547854782692183452e-22 -1.553906719293415556e-22
1.884765625000000000e+00 -1.506501114396204882e-22 2.682485193432061677e-23
1.885253906250000000e+00 2.913318181364140481e-23 -2.395606659811757168e-22
1.885742187500000000e+00 1.771301511131317301e-22 1.405237477739359425e-23
1.886230468750000000e+00 2.218430066349328320e-24 2.226916841044477944e-22
1.886718750000000000e+00 -9.617969998350906283e-24 3.403115430875822417e-23
1.887207031250000000e+00 2.158452272902992512e-23 -1.342058544151020351e-22
1.887695312500000000e+00 -1.615270057643732485e-22 -5.932552743087329986e-23
1.888183593750000000e+00 -3.394758711052532557e-23 1.340201735053761185e-22
1.888671875000000000e+00 -7.185810941062895728e-23 1.047423567713095068e-23
1.889160156250000000e+00 -1.818644594861960027e-22 -1.344213499748669095e-22
1.889648437500000000e+00 8.315673746158429490e-23 4.570123018984528658e-23
1.890136718750000000e+00 5.067513772650860940e-23 -1.451787345496586305e-22
1.890625000000000000e+00 1.012626223968091727e-23 -1.170280009107727335e-22
1.891113281250000000e+00 -1.783552986738487450e-22 1.659444893354336468e-22
1.891601562500000000e+00 2.483384425617373317e-22 -2.240914586899106384e-22
1.892089843750000000e+00 -2.307484958251050212e-22 1.587387083059093867e-22
1.892578125000000000e+00 -2.164249790152390100e-22 -2.076434807644641212e-22
1.893066406250000000e+00 2.991072138407831515e-22 -1.091309367672519439e-22
1.893554687500000000e+00 -4.146138236304231008e-23 2.574741255847367607e-22
1.894042968750000000e+00 2.742580361428035492e-23 -1.090947669642833533e-22
1.894531250000000000e+00 1.946775107818763443e-22 1.552155564223441422e-22
1.895019531250000000e+00 -6.644247327099935810e-24 -1.827545242467067166e-22
1.895507812500000000e+00 5.464968608458112716e-23 3.086901563453531228e-22
1.895996093750000000e+00 -3.611439642173771429e-23 -2.096453995123765652e-22
1.896484375000000000e+00 1.100202464862766214e-22 2.882134584891731604e-22
1.896972656250000000e+00 -7.679137033770714229e-23 1.191043205672733627e-22
1.897460937500000000e+00 -1.725243865679283555e-22 -1.149789512773824938e-22
1.897949218750000000e+00 -4.421092209272879965e-23 1.696409342038927363e-22
1.898437500000000000e+00 3.614234667079623982e-22 -1.400539215348396299e-22
1.898925781250000000e+00 -1.116137816386852248e-23 -2.220554782105766159e-22
1.899414062500000000e+00 4.127125600697434703e-22 5.329366545429665205e-23
1.899902343750000000e+00 -4.896570329733111249e-23 -2.395261510235526766e-22
1.900390625000000000e+00 1.949061873062897986e-22 1.695286051677758313e-23
1.900878906250000000e+00 -2.066575594502951844e-23 2.227233375507795245e-23
1.901367187500000000e+00 1.383991737384868824e-22 -7.028847126638937051e-23
1.901855468750000000e+00 4.385612611307314292e-23 -8.518201019733993037e-23
1.902343750000000000e+00 1.567830421199724763e-22 1.508635658475641241e-22
1.902832031250000000e+00 -2.146185557389312294e-22 1.667516776702332444e-23
1.903320312500000000e+00 6.177004655623411216e-24 -1.111513012914289522e-22
1.903808593750000000e+00 -1.437267925646562493e-22 5.572709318924679284e-23
1.904296875000000000e+00 2.047240851028729641e-25 -4.560929780575318105e-24
1.904785156250000000e+00 -2.001681688150457088e-22 -1.690234441609933588e-22
1.905273437500000000e+00 -1.124370246202343712e-22 -1.194080374115236800e-22
1.905761718750000000e+00 2.178567656849670222e-22 1.806244337568564911e-22
1.906250000000000000e+00 8.441839453836118398e-23 4.050405686406344109e-23
1.906738281250000000e+00 -4.304513351561302733e-23 -2.609318515682730134e-23
1.907226562500000000e+00 -6.816150427435007604e-23 9.066992889749576385e-24
1.907714843750000000e+00 -1.107558720333225889e-22 2.617520926981529626e-22
1.908203125000000000e+00 -9.374492370305804800e-23 -1.323462237350250940e-22
1.908691406250000000e+00 -2.062890799177738282e-22 -5.965614081323880692e-23
1.909179687500000000e+00 1.105487722347312454e-22 -9.823908385386343841e-23
1.909667968750000000e+00 -6.581942575160332194e-24 -1.541439873127053818e-22
1.910156250000000000e+00 9.069158561713680600e-23 7.257610034938654935e-23
1.910644531250000000e+00 3.810188247102356430e-23 -5.048841271057719981e-23
1.911132812500000000e+00 6.892446304166555287e-23 -6.576186343922240017e-25
1.911621093750000000e+00 1.592428912389862730e-22 -1.536036167674718448e-23
1.912109375000000000e+00 -2.577181796804910414e-22 7.935554986193252766e-23
1.912597656250000000e+00 1.224540948752169251e-22 -4.143153669678065761e-24
1.913085937500000000e+00 1.067655477290687127e-22 1.165491516565881505e-22
1.913574218750000000e+00 -2.436749025860494506e-22 2.963492998159488852e-23
1.914062500000000000e+00 -7.442747002122554925e-23 1.122605446613588977e-22
1.914550781250000000e+00 5.645218301050356902e-23 7.677479271888435253e-23
1.915039062500000000e+00 -4.028563328899232933e-22 3.208709094077265635e-22
1.915527343750000000e+00 -6.027543516045179185e-23 -2.244535895830185455e-22
1.916015625000000000e+00 -5.541348522899099055e-23 1.727556667778071747e-22
1.916503906250000000e+00 -5.823548032666672545e-23 -8.451037971350700189e-23
1.916992187500000000e+00 -6.031759714190282128e-24 4.220191531745178636e-23
1.917480468750000000e+00 2.497598367686014728e-22 1.942919127332599551e-23
1.917968750000000000e+00 -1.132230614982223843e-23 1.332904110938356577e-22
1.918457031250000000e+00 1.526697697281042205e-22 3.883774586624291309e-23
1.918945312500000000e+00 -6.236142651770541552e-23 -4.492488689811399656e-23
1.919433593750000000e+00 1.062310904021188298e-22 -9.310076100149558798e-23
1.919921875000000000e+00 9.605617903006840524e-23 1.165337808537124810e-22
1.920410156250000000e+00 -2.798483905088927154e-22 -3.658412675140053694e-23
1.920898437500000000e+00 -6.507401122610278779e-24 -1.977612471604413756e-22
1.921386718750000000e+00 9.270413731793979069e-23 1.039483731192759162e-22
1.921875000000000000e+00 -1.925994899853118384e-22 -6.311195919321767404e-23
1.922363281250000000e+00 9.809326691513339687e-23 5.688567428159520477e-23
1.922851562500000000e+00 2.376986454088547825e-22 2.800274853971802285e-23
1.923339843750000000e+00 -1.521452105430166886e-22 -1.370369519801844566e-22
1.923828125000000000e+00 -5.828310314371182709e-25 -1.253864200504197710e-22
1.924316406250000000e+00 4.499804840707736363e-23 -8.741628362355630876e-23
1.924804687500000000e+00 3.245621471084556140e-23 1.019494037041373834e-22
1.925292968750000000e+00 1.822071039371567954e-22 -1.920272944300803131e-22
1.925781250000000000e+00 -7.398032620405603992e-23 3.085805055175107117e-22
1.926269531250000000e+00 -1.159099121974714187e-23 1.518906323456056916e-22
1.926757812500000000e+00 -4.648911345542712397e-23 8.392215711069887641e-24
1.927246093750000000e+00 1.621609405100446275e-22 -9.974244466599857328e-23
1.927734375000000000e+00 8.933405651808638022e-23 -4.230366835784133658e-23
1.928222656250000000e+00 1.745622775359880869e-22 -1.467972751903511302e-22
1.928710937500000000e+00 1.038355711559393255e-23 2.039203685290877551e-22
1.929199218750000000e+00 8.235381811118960331e-23 -3.070922956538306340e-22
1.929687500000000000e+00 -4.287787767604006761e-24 1.153773860567651260e-22
1.930175781250000000e+00 3.455918212864503802e-23 -2.189591723148957189e-22
1.930664062500000000e+00 -2.490917303168887118e-22 1.801801275112663529e-22
1.931152343750000000e+00 2.827269227306886135e-22 1.370845369230201520e-22
1.931640625000000000e+00 1.965470753299607904e-23 -5.272135836475087644e-23
1.932128906250000000e+00 -2.266638561389986121e-22 -1.272367528621647715e-22
1.932617187500000000e+00 -3.243202323356047888e-23 1.976361878712326128e-22
1.933105468750000000e+00 -1.228376104801960609e-22 -1.170225699184936262e-22
1.933593750000000000e+00 -7.007805520854994441e-24 2.072392287600732831e-23
1.934082031250000000e+00 -1.821034950751116590e-22 1.580113731009521041e-23
1.934570312500000000e+00 -8.341815907182057374e-23 -1.224930444951932532e-22
1.935058593750000000e+00 -3.481586096597882036e-23 -8.145687184155891760e-23
1.935546875000000000e+00 -6.846369600009130065e-24 -1.194405348895334098e-22
1.936035156250000000e+00 -9.677483003851526271e-23 -1.649345203161059374e-23
1.936523437500000000e+00 -8.661363535444156322e-23 3.400273905678308861e-23
1.937011718750000000e+00 1.096533536180036699e-23 4.286747945706247774e-23
1.937500000000000000e+00 7.776621304178400844e-23 2.082577418963916431e-23
1.937988281250000000e+00 -6.146332631865150103e-23 6.102294920892464618e-23
1.938476562500000000e+00 -2.674999277177422929e-23 4.453868724429931172e-23
1.938964843750000000e+00 2.139250124725521972e-22 -9.962410797548768389e-23
1.939453125000000000e+00 -1.679306970599542201e-22 -8.340978512730296652e-23
1.939941406250000000e+00 -2.033410683723643703e-22 -7.336693528696846826e-23
1.940429687500000000e+00 -4.198327842551457420e-23 -1.376533430242598930e-23
1.940917968750000000e+00 5.132542417246984443e-23 -2.017424474240898997e-22
1.941406250000000000e+00 1.537217805875507389e-22 -1.018627572604119746e-22
1.941894531250000000e+00 7.415445518653055910e-23 5.418406306645633296e-23
1.942382812500000000e+00 3.356419187727996080e-23 -3.965463165221529128e-23
1.942871093750000000e+00 -9.762338095245732936e-24 2.400250369072167064e-22
1.943359375000000000e+00 1.861189558539943818e-22 -3.213388846424748949e-23
1.943847656250000000e+00 3.436162666766828680e-23 -1.307213092311729322e-22
1.944335937500000000e+00 2.232894541646311968e-22 2.710760124850622485e-22
1.944824218750000000e+00 1.665662267542141019e-22 6.534664210125677753e-23
1.945312500000000000e+00 5.366226296034579119e-23 1.100444434412432155e-22
1.945800781250000000e+00 1.127082055540918343e-22 -1.503206775429317257e-22
1.946289062500000000e+00 8.510886030386445874e-23 1.101686245034676062e-22
1.946777343750000000e+00 -4.682746380161657698e-22 9.744586724513624884e-23
1.947265625000000000e+00 1.719995197035424005e-22 1.280157067425595946e-22
1.947753906250000000e+00 1.813791047716911841e-22 7.746395856406890337e-23
1.948242187500000000e+00 9.198563238546988665e-23 -1.388682669097642034e-22
1.948730468750000000e+00 -8.236572760864955716e-23 6.290183193757025760e-23
1.949218750000000000e+00 9.282534025578622483e-23 -1.420901310301549656e-22
1.949707031250000000e+00 -2.251328787910563680e-22 2.053387455528358798e-22
1.950195312500000000e+00 -1.243536853990906013e-22 -4.820283029278232283e-23
1.950683593750000000e+00 -7.396125049910800141e-23 6.772775728036248366e-23
1.951171875000000000e+00 -1.149531058238200664e-22 2.312278218633978025e-22
1.951660156250000000e+00 1.538504436076751414e-22 -1.077241888548606220e-22
1.952148437500000000e+00 -8.838563550192020426e-23 1.282101441264618775e-22
1.952636718750000000e+00 -1.318434927369950942e-23 -5.656838595860552337e-23
1.953125000000000000e+00 -1.796224833843891227e-22 2.162168908323902179e-22
1.953613281250000000e+00 7.869881735331083266e-23 -1.013560804886965990e-22
1.954101562500000000e+00 2.025462018544505244e-22 -5.276719837945085113e-23
1.954589843750000000e+00 -7.121335820675326830e-23 -2.689022499813954952e-23
1.955078125000000000e+00 7.177310983231452703e-23 1.833863402922279480e-22
1.955566406250000000e+00 -1.098881363376115134e-22 -1.225596079340846213e-22
1.956054687500000000e+00 -1.776239857289495381e-22 -3.294268437247597447e-24
1.956542968750000000e+00 -3.104103152350782960e-24 -2.643953546174493578e-22
1.957031250000000000e+00 -2.362720866523399557e-22 9.352195769968853448e-23
1.957519531250000000e+00 5.804232106530181474e-23 -6.192331668853796372e-24
1.958007812500000000e+00 -5.145626899545223773e-23 4.323598882071774736e-23
1.958496093750000000e+00 -3.562619498048146502e-24 -8.018034799479453930e-23
1.958984375000000000e+00 -8.316192019062550247e-23 -6.856386848351370729e-23
1.959472656250000000e+00 8.305339940995665336e-23 -1.122364697141206960e-22
1.959960937500000000e+00 -9.232050413808180931e-23 -5.814872955583140136e-23
1.960449218750000000e+00 -7.690001499286582001e-23 -1.674492529334987118e-22
1.960937500000000000e+00 -7.952322853569959045e-23 1.038662881845093793e-22
1.961425781250000000e+00 1.175359189824194515e-22 6.740332678434097816e-23
1.961914062500000000e+00 2.336890692298128774e-22 -2.625940681872258474e-22
1.962402343750000000e+00 -2.067561320912241612e-22 2.433753639451500766e-22
1.962890625000000000e+00 5.486710535814199757e-23 -2.828896549995105412e-23
1.963378906250000000e+00 -4.522534183735485482e-23 1.271505434305144037e-22
1.963867187500000000e+00 2.338424247121749844e-22 -2.179098499090553686e-22
1.964355468750000000e+00 1.907908604488162696e-22 1.003093786032038551e-22
1.964843750000000000e+00 8.078941652542175777e-23 -9.415120604779675527e-23
1.965332031250000000e+00 -7.935945138918262011e-24 -2.724635949715968987e-23
1.965820312500000000e+00 -9.840536841960861178e-23 1.740923001822326596e-22
1.966308593750000000e+00 3.661725055584042676e-23 -2.484982522381544197e-23
1.966796875000000000e+00 -1.849924189107616995e-22 2.180317481745806271e-23
1.967285156250000000e+00 2.452937904690806620e-22 9.518796914421973296e-23
1.967773437500000000e+00 7.370321869556870021e-23 -1.288501559852197082e-22
1.968261718750000000e+00 -2.268620980770308620e-22 -1.763668703348784563e-22
1.968750000000000000e+00 3.230725381372957573e-23 -4.716797147283669653e-25
1.969238281250000000e+00 3.997550983262703480e-23 6.838313671556732724e-23
1.969726562500000000e+00 7.400923087733954640e-23 -1.331640431274770399e-22
1.970214843750000000e+00 5.992490863649955260e-24 -1.498984299604473370e-22
1.970703125000000000e+00 -5.915506828564157305e-23 -2.604843726537056995e-22
1.971191406250000000e+00 -1.326847318051429881e-23 4.801971319978794643e-23
1.971679687500000000e+00 -7.993908897140550102e-23 -5.170722455212181072e-23
1.972167968750000000e+00 1.189554285955841578e-22 2.621430960037849154e-22
1.972656250000000000e+00 6.831713249464966096e-23 2.196050130976857751e-22
1.973144531250000000e+00 -3.159979574555340861e-22 5.013278266647345505e-23
1.973632812500000000e+00 8.227293238379426357e-23 6.561936172410387508e-23
1.974121093750000000e+00 1.943026801765820926e-22 -5.354024310142472321e-23
1.974609375000000000e+00 -7.788467705081107021e-23 -6.736166898277468798e-23
1.975097656250000000e+00 2.002475188315572183e-22 4.182785557030089817e-23
1.975585937500000000e+00 -1.012331441677736300e-22 3.349204704868444653e-24
1.976074218750000000e+00 3.105241163783550788e-23 -1.012782651469096994e-22
1.976562500000000000e+00 7.578156306751186675e-23 1.982925131778689631e-22
1.977050781250000000e+00 -1.361293943003920831e-22 -1.779792508971533310e-22
1.977539062500000000e+00 3.538184317848715590e-23 -1.386632273917394721e-22
1.978027343750000000e+00 -2.228092384658558836e-22 4.467383765695935766e-23
1.978515625000000000e+00 -2.472130871877000389e-22 1.027162805569685689e-22
1.979003906250000000e+00 2.581710999597457363e-22 -9.359668738868438023e-23
1.979492187500000000e+00 5.091356252337193388e-23 7.214184253510766522e-23
1.979980468750000000e+00 1.961693843978445729e-22 1.133871038609016337e-22
1.980468750000000000e+00 9.369721296072637706e-23 -1.308451088014862179e-22
1.980957031250000000e+00 1.129909285766219101e-22 -1.275424423176031230e-23
1.981445312500000000e+00 5.373975066362347027e-23 1.286601468024822012e-22
1.981933593750000000e+00 5.958544412930731955e-23 1.165357219720518555e-23
1.982421875000000000e+00 -5.736651031953215916e-24 1.602653989911038931e-22
1.982910156250000000e+00 -7.159974791539477591e-23 4.133143831625831796e-23
1.983398437500000000e+00 3.725389143943343940e-23 1.516039913437922115e-22
1.983886718750000000e+00 -7.712117727271401863e-23 3.137672080801343949e-23
1.984375000000000000e+00 1.740581730508959890e-22 -6.323448840498461625e-23
1.984863281250000000e+00 4.758256681731673991e-23 2.891088261199719585e-22
1.985351562500000000e+00 -1.327864924298774968e-22 -8.842570798259210517e-23
1.985839843750000000e+00 1.076116259653011891e-22 3.908827340223726890e-23
1.986328125000000000e+00 -8.839611777365774846e-23 7.851456052831203503e-23
1.986816406250000000e+00 -3.439034000722688967e-24 -9.499381286958726488e-23
1.987304687500000000e+00 -1.682332200408167752e-22 -3.376557165322522861e-23
1.987792968750000000e+00 -2.538126007706813507e-23 1.331417445029696261e-22
1.988281250000000000e+00 -2.636927597487064229e-22 -1.385426381621181619e-22
1.988769531250000000e+00 -8.350912898080181760e-23 3.183530554065617679e-22
1.989257812500000000e+00 -1.414936297163091021e-22 -1.583166796369150211e-22
1.989746093750000000e+00 -1.200928801470157154e-22 4.939432766784039516e-23
1.990234375000000000e+00 1.066694030366454307e-22 1.875258857178806290e-23
1.990722656250000000e+00 -1.100223163060788671e-22 -1.546563200664969992e-23
1.991210937500000000e+00 4.443153555903486316e-23 6.610511133285423419e-23
1.991699218750000000e+00 -8.739111632711593292e-24 -1.229230273009125607e-22
1.992187500000000000e+00 -1.876610782927643771e-22 -1.950321212505783092e-22
1.992675781250000000e+00 -6.820830800521373367e-23 -3.471880132216863820e-22
1.993164062500000000e+00 3.009336795353012197e-23 1.194495089103121165e-22
1.993652343750000000e+00 -1.259766062409914295e-22 1.305258023044554715e-22
1.994140625000000000e+00 -5.859535584129456484e-23 -1.503703704629066029e-22
1.994628906250000000e+00 -1.097281481958700610e-22 9.016586145454268146e-24
1.995117187500000000e+00 -1.133750112568660797e-22 -3.918445935778130274e-23
1.995605468750000000e+00 1.483050247206255008e-22 1.563560207152964915e-22
1.996093750000000000e+00 6.377702343020055890e-23 -2.248965675746264519e-23
1.996582031250000000e+00 -5.006147946041229191e-23 -4.959338385704714793e-23
1.997070312500000000e+00 7.698197394852564061e-23 -2.492846258728064201e-22
1.997558593750000000e+00 8.835552169472685990e-23 -5.652718517196951941e-23
1.998046875000000000e+00 1.924520762581615546e-22 -4.438735182665810079e-24
1.998535156250000000e+00 1.867304984460965623e-22 -2.416605833293175166e-22
1.999023437500000000e+00 2.201817677074975615e-24 9.708565929625146107e-24
1.999511718750000000e+00 -6.177373505241922339e-23 -1.791611592740857493e-22
