# time, h1_noise, l1_noise
0.000000000000000000e+00 8.275550753980204206e-23 -2.526861315196307478e-22
4.882812500000000000e-04 1.346622791304399229e-22 -4.887427472668838952e-23
9.765625000000000000e-04 -6.646916390344806268e-23 -6.462800501156223995e-23
1.464843750000000000e-03 -1.926224344480712797e-22 1.213684537714515441e-22
1.953125000000000000e-03 1.049706098416688917e-22 6.650542130675772805e-23
2.441406250000000000e-03 2.565190652133177604e-22 -8.803723243358631883e-23
2.929687500000000000e-03 1.328800187994320448e-22 -2.594837291774972000e-22
3.417968750000000000e-03 -6.416950555094324857e-23 1.247023413848896341e-22
3.906250000000000000e-03 -1.084743554695377713e-22 -1.668894682006330166e-22
4.394531250000000000e-03 -8.176132328075648965e-23 2.128382034956460127e-22
4.882812500000000000e-03 1.471674458319733634e-22 8.086696189884049520e-23
5.371093750000000000e-03 2.159484598793672816e-22 4.504069992196617976e-23
5.859375000000000000e-03 -4.013868062372269135e-23 -2.228579928829162968e-22
6.347656250000000000e-03 7.733344477304732328e-24 1.491002578678374348e-22
6.835937500000000000e-03 1.641961105387088741e-22 -2.459540946765640097e-22
7.324218750000000000e-03 -1.619311984627863405e-22 1.326253769954382799e-22
7.812500000000000000e-03 2.804058915649281840e-22 -2.351686706071976408e-22
8.300781250000000000e-03 -2.451440761778969856e-22 -1.169682871896200620e-24
8.789062500000000000e-03 5.171912459914463173e-23 2.950968518991785035e-22
9.277343750000000000e-03 -1.870256283212066100e-22 -1.821089985047494431e-22
9.765625000000000000e-03 5.505468623467498123e-23 -3.716177093416211810e-23
1.025390625000000000e-02 -2.638627308674698179e-24 1.495718811497593901e-22
1.074218750000000000e-02 -2.623779962427289203e-22 1.281478456145920884e-22
1.123046875000000000e-02 -1.869454894101785699e-24 3.853256848260563578e-23
1.171875000000000000e-02 -7.727941626689317520e-23 -3.735075587057980042e-23
1.220703125000000000e-02 -1.080150083001302989e-22 2.918396529133865681e-22
1.269531250000000000e-02 -6.965949916135413222e-23 9.835629997988584640e-23
1.318359375000000000e-02 1.159939721785615464e-22 3.556270052686841028e-23
1.367187500000000000e-02 -1.117679717613936651e-22 -1.073282352848260257e-22
1.416015625000000000e-02 -1.397786376800010735e-22 -6.957746731579635883e-24
1.464843750000000000e-02 8.600316738760507846e-24 7.234451551955724040e-23
1.513671875000000000e-02 -1.349303749623477692e-22 -1.060882596857904095e-22
1.562500000000000000e-02 8.608271064497169015e-23 1.956454156800354782e-22
1.611328125000000000e-02 -9.278613377772966504e-23 -1.475691088945510729e-22
1.660156250000000000e-02 -2.582807862287584823e-22 1.567243160494465505e-22
1.708984375000000000e-02 2.786013196969419471e-22 1.328122022451450527e-22
1.757812500000000000e-02 9.722742424533090648e-23 -2.126326664956128783e-23
1.806640625000000000e-02 1.542919650531532591e-22 8.360238320734012314e-23
1.855468750000000000e-02 1.310053568659548110e-23 -4.637731106760103580e-23
1.904296875000000000e-02 -4.443558565720580426e-23 1.507214677651532876e-23
1.953125000000000000e-02 2.148886339245152411e-23 9.759321165746713308e-24
2.001953125000000000e-02 1.779234190147768512e-22 5.071056456986034529e-23
2.050781250000000000e-02 -9.215722581570849328e-24 2.373174030948808304e-22
2.099609375000000000e-02 -6.541324595533809054e-24 -1.084676576455735412e-22
2.148437500000000000e-02 7.774809398385832838e-23 5.936569528637500951e-23
2.197265625000000000e-02 -4.135131504775878823e-24 -6.989734551868939931e-24
2.246093750000000000e-02 1.275136058200762827e-22 -1.442426608753571013e-22
2.294921875000000000e-02 8.045536240484020312e-23 -2.025429562884003488e-22
2.343750000000000000e-02 -1.058908747704235150e-24 -2.104688821294306831e-23
2.392578125000000000e-02 7.608673600518349004e-23 -1.833348580609752241e-22
2.441406250000000000e-02 -1.953575966559295732e-22 -1.688164319533657837e-22
2.490234375000000000e-02 -1.936550779762092228e-22 3.972026918348563596e-23
2.539062500000000000e-02 2.819920574650242907e-22 6.193979494946047369e-29
2.587890625000000000e-02 1.168641380802532925e-22 1.667902556648774866e-22
2.636718750000000000e-02 1.935164833301645351e-23 -2.380924850166193234e-23
2.685546875000000000e-02 5.656505404645828177e-23 1.981342186289689579e-22
2.734375000000000000e-02 -3.246774569084599633e-23 -1.525341255637125809e-22
2.783203125000000000e-02 -7.257495716533769035e-23 -3.414259193001024875e-24
2.832031250000000000e-02 -5.266734631126731678e-23 -7.269166510751212312e-23
2.880859375000000000e-02 -6.134602989850631721e-23 -3.426515080041504317e-24
2.929687500000000000e-02 -2.885204681923038097e-23 1.091214021787943003e-22
2.978515625000000000e-02 5.816362504103946581e-23 -2.495768711235800088e-22
3.027343750000000000e-02 -1.012194117556980618e-23 8.372156596091147928e-23
3.076171875000000000e-02 -1.463590179870174256e-22 1.194621583219561823e-22
3.125000000000000000e-02 1.207449597453761983e-22 1.347679837830962187e-22
3.173828125000000000e-02 -5.094533418216279305e-23 5.919300649005409688e-24
3.222656250000000000e-02 2.803719452873440744e-24 5.895962933109111378e-23
3.271484375000000000e-02 -1.148019709520822871e-22 -5.136758956283856036e-23
3.320312500000000000e-02 2.162777344403748961e-23 -1.057047222340707115e-22
3.369140625000000000e-02 -6.971042767396967567e-23 7.868144549657756430e-23
3.417968750000000000e-02 -8.048087857386261340e-25 -9.840910454689826174e-23
3.466796875000000000e-02 -1.801140915955823501e-22 5.282198787129575693e-23
3.515625000000000000e-02 5.220754601533176947e-23 -1.213524207102879029e-23
3.564453125000000000e-02 -8.251990059168807338e-23 -9.217296460825996373e-23
3.613281250000000000e-02 -1.598369381600929851e-22 6.591382116869499729e-23
3.662109375000000000e-02 2.155233956942590411e-22 -1.582436451387110803e-22
3.710937500000000000e-02 -8.442690756709616116e-23 2.940909919052918945e-23
3.759765625000000000e-02 5.480266164231867658e-23 6.036885124086775304e-23
3.808593750000000000e-02 4.541879493893661471e-23 -1.376068807424787057e-22
3.857421875000000000e-02 2.819801034251619516e-22 -1.207355550516317012e-22
3.906250000000000000e-02 8.552282602454703753e-23 -1.521143019929546407e-22
3.955078125000000000e-02 1.812925976077375744e-22 -2.158365518682241018e-23
4.003906250000000000e-02 -2.007683293916238587e-22 -9.705850685214216429e-23
4.052734375000000000e-02 -8.698848373950722867e-23 -1.560312359568282104e-22
4.101562500000000000e-02 4.698754231407772973e-23 1.477994521921535470e-22
4.150390625000000000e-02 6.337021305930516939e-23 -2.671506257267127419e-22
4.199218750000000000e-02 -1.120553810767739917e-22 -1.935422639232830092e-24
4.248046875000000000e-02 6.357704785462093336e-23 1.583708971040246422e-22
4.296875000000000000e-02 -2.238074302181599651e-22 4.537592901450122060e-23
4.345703125000000000e-02 2.255443459221379595e-23 -2.264944935554767746e-22
4.394531250000000000e-02 -9.662461652049070956e-23 3.330705111249508453e-23
4.443359375000000000e-02 -3.991140854324516111e-23 9.776725368901553838e-23
4.492187500000000000e-02 1.034294394038686183e-22 -1.557417243633081935e-24
4.541015625000000000e-02 -1.341832435337380071e-22 1.403282495238587283e-22
4.589843750000000000e-02 1.006173460780449960e-22 1.124164453594335110e-22
4.638671875000000000e-02 -9.994919386553483344e-23 6.985165018490689761e-23
4.687500000000000000e-02 2.026587300499524931e-22 1.387415064827098863e-22
4.736328125000000000e-02 -4.085428846860976144e-23 1.209109915656833337e-22
4.785156250000000000e-02 -2.699816187854722476e-24 1.264733457253989098e-22
4.833984375000000000e-02 -1.055864993624347596e-23 1.782936606250054055e-22
4.882812500000000000e-02 5.088948653880805114e-23 2.774036016778943911e-23
4.931640625000000000e-02 -1.401024082555228954e-22 -4.118445692535136399e-23
4.980468750000000000e-02 -2.769045180080716221e-23 1.406628613403786214e-22
5.029296875000000000e-02 2.079180952778605190e-22 1.433916155734175948e-23
5.078125000000000000e-02 -2.863447198435841770e-22 1.124647422210650231e-22
5.126953125000000000e-02 1.055088787698876036e-22 -4.369545821549492768e-24
5.175781250000000000e-02 -1.725698198212002420e-23 1.385327061025159984e-23
5.224609375000000000e-02 1.146094744749155255e-22 -8.561043173673382928e-23
5.273437500000000000e-02 -5.159526771931379314e-23 -1.410859038685240730e-23
5.322265625000000000e-02 -1.046472518361121913e-23 6.393205998354157122e-23
5.371093750000000000e-02 3.998333851922431520e-22 6.375811442178290271e-23
5.419921875000000000e-02 7.392716144389243353e-23 -4.118544431042293916e-23
5.468750000000000000e-02 9.048830312071646158e-24 -2.805072583559125615e-23
5.517578125000000000e-02 1.789454319293250385e-22 7.452804062805140123e-23
5.566406250000000000e-02 -2.670745573995769369e-22 3.335897078020202994e-23
5.615234375000000000e-02 -4.360482288479146584e-23 8.153697110187987560e-23
5.664062500000000000e-02 -4.974449696052794991e-23 4.303568509114713367e-23
5.712890625000000000e-02 1.480766975735277263e-25 -1.283104034065796235e-22
5.761718750000000000e-02 -7.537314553543580088e-23 -4.015282672795904284e-23
5.810546875000000000e-02 -1.704746556569609504e-22 4.404560181984667738e-23
5.859375000000000000e-02 5.938486902538884418e-23 2.310965482013215460e-23
5.908203125000000000e-02 2.892749054270152015e-22 -9.500174704030346978e-24
5.957031250000000000e-02 -4.565261553121084858e-23 -7.368857669221582704e-23
6.005859375000000000e-02 -9.898036810051171411e-23 -1.165292515015460842e-22
6.054687500000000000e-02 5.163982669946863290e-23 -5.255376318995461575e-23
6.103515625000000000e-02 -3.237360554142510416e-23 -1.713331310106403621e-22
6.152343750000000000e-02 3.099884377836541915e-23 7.747524886453990200e-23
6.201171875000000000e-02 3.779027210185370251e-23 -1.502373672656147155e-22
6.250000000000000000e-02 -1.594713165156581602e-22 -1.802908608886369727e-22
6.298828125000000000e-02 4.507903523779319953e-23 -1.394657328639776128e-22
6.347656250000000000e-02 -2.771331127721355533e-22 -1.875003447207049707e-22
6.396484375000000000e-02 5.582287984016867572e-23 -2.834412254759877664e-23
6.445312500000000000e-02 1.023605614033932921e-22 9.127741193313972816e-24
6.494140625000000000e-02 -1.632564883139859575e-22 5.347268631923706098e-23
6.542968750000000000e-02 9.542729259679013688e-23 1.086633727809128271e-22
6.591796875000000000e-02 -2.385222024123539784e-23 -1.676732829967079293e-22
6.640625000000000000e-02 9.182104918851958390e-23 8.147450223466577490e-24
6.689453125000000000e-02 -6.730305714875404964e-23 1.817903122255494050e-22
6.738281250000000000e-02 -5.064028587366984788e-23 -1.858225232215051279e-22
6.787109375000000000e-02 -2.488417437135311822e-24 6.227488798673950782e-23
6.835937500000000000e-02 2.113781510644700359e-22 -1.424639728499506429e-22
6.884765625000000000e-02 -4.259101699681707941e-23 -3.506225870062165180e-23
6.933593750000000000e-02 -1.823561330670317221e-22 -6.565712529503882642e-23
6.982421875000000000e-02 2.280649682976366942e-22 3.674182558744643382e-22
7.031250000000000000e-02 5.398592402170279398e-23 -1.029149598729642987e-22
7.080078125000000000e-02 1.009631272251132894e-22 6.337891693765979522e-23
7.128906250000000000e-02 -4.538200367026959390e-23 -5.753455579019581225e-23
7.177734375000000000e-02 -7.892321489395517999e-23 1.531500842070936252e-22
7.226562500000000000e-02 9.442137462735933937e-23 2.075971906476887087e-22
7.275390625000000000e-02 -3.751362381133454364e-22 -5.442650866069943437e-23
7.324218750000000000e-02 2.001129473567715165e-22 -9.820565691930061170e-24
7.373046875000000000e-02 -1.976467883629123656e-22 9.894775353641463718e-23
7.421875000000000000e-02 4.609153707119422895e-23 -3.800182792533790888e-22
7.470703125000000000e-02 -3.597261598020660968e-24 -1.332003852995165839e-22
7.519531250000000000e-02 -2.530107913223221817e-23 9.354041599642697036e-23
7.568359375000000000e-02 -1.835725256914795998e-22 1.377077206067726453e-22
7.617187500000000000e-02 7.697950009389767046e-23 1.423830435297396359e-22
7.666015625000000000e-02 -6.610679455471803731e-23 -2.084498649138211931e-22
7.714843750000000000e-02 9.488085460496385390e-23 7.751326903356084317e-23
7.763671875000000000e-02 -2.722229291175463202e-22 -5.710103460950040804e-23
7.812500000000000000e-02 1.429371187387270885e-22 3.665622056163365386e-23
7.861328125000000000e-02 1.386145360377322114e-23 -2.811246961464976245e-23
7.910156250000000000e-02 5.260350818537375516e-23 2.387657945461159866e-22
7.958984375000000000e-02 2.936976925281803710e-23 -1.786609251467535233e-22
8.007812500000000000e-02 2.154395623997250696e-22 -4.076377009974756141e-23
8.056640625000000000e-02 -2.010102437040543412e-23 -1.797946005248775567e-23
8.105468750000000000e-02 2.170002722457007211e-22 1.170129809834874520e-22
8.154296875000000000e-02 -3.719303605303991135e-23 2.689538327678010518e-22
8.203125000000000000e-02 1.584029531679421898e-22 8.412500372240772633e-23
8.251953125000000000e-02 -1.786165081927014325e-22 1.771973374468760697e-22
8.300781250000000000e-02 1.306599840859872563e-22 5.385714179374537025e-23
8.349609375000000000e-02 4.018429276179238500e-23 1.215721679273836790e-23
8.398437500000000000e-02 -4.670792194798210063e-23 1.931178556244202521e-22
8.447265625000000000e-02 1.343076828324939969e-23 -4.904961310093555855e-23
8.496093750000000000e-02 9.025823140802885758e-23 2.133482862371278478e-22
8.544921875000000000e-02 -1.175090875051180334e-23 9.785351246163989758e-23
8.593750000000000000e-02 -6.462105716173530694e-23 1.007815946230250118e-22
8.642578125000000000e-02 -3.017620878598473318e-23 -5.690747337662482019e-23
8.691406250000000000e-02 1.114233808955691897e-22 9.529493770347425672e-23
8.740234375000000000e-02 5.936597909916838425e-23 -2.738437442184749208e-22
8.789062500000000000e-02 6.070226483666628053e-23 -1.624743724606818476e-22
8.837890625000000000e-02 -1.694318164522960537e-22 -7.027146722160533864e-23
8.886718750000000000e-02 -1.093040487879394175e-22 -1.149604494867064498e-22
8.935546875000000000e-02 2.373228798956773788e-23 7.085582058354103916e-23
8.984375000000000000e-02 2.172469948886148756e-23 -3.676429911585965304e-22
9.033203125000000000e-02 -1.175985587831331465e-22 1.028043864326515419e-22
9.082031250000000000e-02 1.174362030477986144e-22 -2.640633943838890297e-22
9.130859375000000000e-02 8.521243210018456764e-24 1.947382187629006319e-22
9.179687500000000000e-02 3.578691067736002361e-23 -3.329548583037258663e-22
9.228515625000000000e-02 -1.011372746223575797e-24 9.414182510666973627e-23
9.277343750000000000e-02 6.000968566443543622e-23 -1.849704522670057487e-22
9.326171875000000000e-02 -1.153261371101116550e-22 -1.186087062757746556e-22
9.375000000000000000e-02 -2.177141104245504561e-22 2.019198622884460850e-22
9.423828125000000000e-02 3.450567678009252776e-23 3.716719254941026477e-23
9.472656250000000000e-02 3.517244458499967914e-23 -3.999028815653407521e-23
9.521484375000000000e-02 -8.946952382490062445e-24 1.312294144704130119e-22
9.570312500000000000e-02 -1.648134551921435442e-23 -1.378584556288759486e-22
9.619140625000000000e-02 -8.078574925861182065e-23 -1.390648058754249268e-22
9.667968750000000000e-02 -1.123685178083680242e-22 8.420924968557797963e-23
9.716796875000000000e-02 -3.431256942576596236e-23 -4.654081978889151410e-23
9.765625000000000000e-02 -1.766076478820547055e-23 1.625427055531539078e-23
9.814453125000000000e-02 -2.940782311079499950e-23 6.622320167449989578e-24
9.863281250000000000e-02 -1.087628389972926372e-22 -1.738765624593935783e-23
9.912109375000000000e-02 6.390770778771504659e-23 -3.640335861215942896e-24
9.960937500000000000e-02 -1.535400376897557295e-23 -5.386697184454306315e-23
1.000976562500000000e-01 -1.271432065804933856e-22 4.236817257538224078e-23
1.005859375000000000e-01 -2.596322367884693466e-22 -3.110523349911326894e-23
1.010742187500000000e-01 1.987339541351841713e-22 4.483392591226015267e-23
1.015625000000000000e-01 -5.077421266037598495e-24 6.829786399353225984e-23
1.020507812500000000e-01 2.186761261426534938e-23 -2.543470264316854441e-23
1.025390625000000000e-01 -5.789167222813453792e-23 -1.574671121255745345e-22
1.030273437500000000e-01 1.431733149128550357e-22 -4.701947079115910114e-23
1.035156250000000000e-01 1.865220969556415587e-22 -9.800024397630222747e-23
1.040039062500000000e-01 -7.595755634230479276e-23 4.768755287757605496e-23
1.044921875000000000e-01 5.953785067317279463e-23 1.114355058851906667e-22
1.049804687500000000e-01 8.046407972743889424e-23 -1.397042687114100865e-23
1.054687500000000000e-01 3.822150093535001945e-23 2.683953871815150496e-22
1.059570312500000000e-01 -6.850271660009092987e-23 1.841314891597601661e-22
1.064453125000000000e-01 6.424766922832486189e-23 -8.007441172054196399e-23
1.069335937500000000e-01 5.803005113191491644e-23 -2.243620160102507037e-24
1.074218750000000000e-01 -1.289044315131355085e-22 3.246773440715262501e-22
1.079101562500000000e-01 9.037942217749082481e-23 -6.083100581690786461e-23
1.083984375000000000e-01 1.227721233693912583e-22 -1.726021897292820063e-22
1.088867187500000000e-01 -1.640214044597404139e-23 -1.128935053415845964e-22
1.093750000000000000e-01 1.401601612862938552e-22 -4.637701583014016748e-23
1.098632812500000000e-01 4.366580841593361171e-23 -6.362622856612162744e-23
1.103515625000000000e-01 1.655437244121901774e-22 1.721994869274063208e-22
1.108398437500000000e-01 2.139037202693359800e-22 1.250606566646682803e-22
1.113281250000000000e-01 1.430357610958237723e-24 -1.003510599104337869e-22
1.118164062500000000e-01 -5.881348552597477534e-23 9.683040119345724518e-23
1.123046875000000000e-01 8.398842507369022133e-23 2.525979430164132528e-22
1.127929687500000000e-01 6.219210490146666746e-23 -1.032627773509207012e-22
1.132812500000000000e-01 8.761233857743676183e-23 6.157727591679123958e-23
1.137695312500000000e-01 -7.314470681422919839e-23 1.509602402256927423e-22
1.142578125000000000e-01 1.144713663408906113e-22 1.637896795284385210e-22
1.147460937500000000e-01 -1.892429702117304010e-22 1.133564857133753332e-22
1.152343750000000000e-01 -1.682642568265128786e-22 -8.867821191278316132e-23
1.157226562500000000e-01 -5.502716552496515418e-23 -7.102495428847423651e-23
1.162109375000000000e-01 -9.858098847469414841e-23 -4.569771605687639303e-23
1.166992187500000000e-01 -1.607771763362786606e-22 3.453497773022948440e-23
1.171875000000000000e-01 2.843292105824411650e-22 -1.726887610731814111e-22
1.176757812500000000e-01 -8.244322974372735694e-23 -1.156349358747801461e-22
1.181640625000000000e-01 5.409343790853402145e-23 -5.357893282154771409e-23
1.186523437500000000e-01 -2.640650151610066408e-23 -1.599425812829162853e-22
1.191406250000000000e-01 6.818870719255517570e-23 -1.823012177022061398e-22
1.196289062500000000e-01 -1.500571827324152339e-22 -6.430175680387065044e-23
1.201171875000000000e-01 -2.489403794812527118e-22 -2.372306969080848771e-22
1.206054687500000000e-01 -3.372283801984131429e-23 1.415648592543083588e-22
1.210937500000000000e-01 -3.077326046035787348e-22 -1.327834214045951706e-22
1.215820312500000000e-01 -6.277522027984631179e-24 2.554811721079676104e-22
1.220703125000000000e-01 -2.387843656907866368e-22 -3.577159533359514127e-23
1.225585937500000000e-01 3.449564387756522985e-23 1.391548539550946422e-22
1.230468750000000000e-01 7.590067156289559875e-24 -3.267540069101309439e-23
1.235351562500000000e-01 6.143126892615498502e-23 1.594887808062268124e-24
1.240234375000000000e-01 -1.319205156980527018e-22 -4.402627831641211433e-23
1.245117187500000000e-01 -1.007486554167640885e-22 3.567117504515330913e-23
1.250000000000000000e-01 -1.218299346205485335e-22 1.803971333763618100e-22
1.254882812500000000e-01 4.255093450405977182e-23 -2.544496715425226309e-23
1.259765625000000000e-01 1.499218623066075851e-22 -1.148857206129803417e-22
1.264648437500000000e-01 9.476981936548877814e-23 -1.052551043332827007e-22
1.269531250000000000e-01 8.914323084243035374e-23 8.119868331116154681e-23
1.274414062500000000e-01 1.139746449060533617e-22 -2.383452236302340627e-23
1.279296875000000000e-01 -7.825063981493214375e-23 -9.047245093332616610e-23
1.284179687500000000e-01 2.334417802639070800e-22 -6.152398903859501220e-23
1.289062500000000000e-01 2.801521832350251698e-23 1.521939910860506351e-23
1.293945312500000000e-01 2.547919612123464627e-22 1.234914605272906916e-23
1.298828125000000000e-01 -1.324152171342688895e-22 1.512650412693374928e-22
1.303710937500000000e-01 1.829069202720395740e-22 2.125083090959618294e-22
1.308593750000000000e-01 -6.071559205319294138e-23 -2.874440231085417075e-22
1.313476562500000000e-01 -5.565044613395727843e-23 4.677357891697056115e-23
1.318359375000000000e-01 -1.043197176302026522e-22 4.582569955478836263e-23
1.323242187500000000e-01 7.212339983631808583e-23 3.680190727970516126e-23
1.328125000000000000e-01 -1.719790752074582634e-22 2.632741531305073444e-22
1.333007812500000000e-01 -7.793410044235459820e-24 -1.810248625466271774e-23
1.337890625000000000e-01 1.110949261201267463e-22 9.450580035467348735e-24
1.342773437500000000e-01 -2.527199265822119596e-23 8.270041691078467793e-23
1.347656250000000000e-01 1.924465691656450287e-22 -1.363064248887675669e-22
1.352539062500000000e-01 2.128781352756337576e-23 -2.124704721130293595e-22
1.357421875000000000e-01 -1.308235944569491442e-23 5.086379021519008479e-23
1.362304687500000000e-01 2.115627947397130914e-23 -5.345581481187386608e-23
1.367187500000000000e-01 7.788143540059112716e-23 -3.002091227975744818e-22
1.372070312500000000e-01 2.975806803515181433e-24 -1.620005817215843421e-23
1.376953125000000000e-01 -9.435713402404362610e-24 -2.883626433779736629e-22
1.381835937500000000e-01 -7.417768173291629153e-23 7.268366334791514515e-23
1.386718750000000000e-01 1.000808374665256069e-22 -5.258947012400967081e-24
1.391601562500000000e-01 1.450323950399747043e-22 -7.544648952791786413e-23
1.396484375000000000e-01 5.509564770900790920e-23 1.134339187915376524e-22
1.401367187500000000e-01 1.074067666693659740e-22 2.710395733743418011e-22
1.406250000000000000e-01 -5.003440076268812543e-23 -8.074867880829226341e-23
1.411132812500000000e-01 9.824896209165699704e-23 2.993794947700512582e-22
1.416015625000000000e-01 -2.010877104900040130e-22 -9.274699521070487896e-24
1.420898437500000000e-01 8.935738367638902681e-23 1.888458475276682523e-22
1.425781250000000000e-01 -2.439021122421856780e-22 -6.337870526237587216e-25
1.430664062500000000e-01 1.650629686775238751e-22 6.344225181445291260e-23
1.435546875000000000e-01 -1.504077375160746394e-22 1.052095184637871236e-22
1.440429687500000000e-01 8.140662672251181617e-24 4.086020854614934799e-23
1.445312500000000000e-01 2.313450415949016085e-23 -4.532631697766136752e-23
1.450195312500000000e-01 -5.210916664358578058e-23 -1.717137813680292032e-23
1.455078125000000000e-01 -5.160190197019921887e-23 5.063571010783879097e-23
1.459960937500000000e-01 -1.628612399400176380e-22 -3.820682242236818250e-22
1.464843750000000000e-01 1.208288670777776619e-22 1.182564004056610219e-22
1.469726562500000000e-01 -1.408438359504498277e-22 -8.216689921025060139e-23
1.474609375000000000e-01 -1.352520564550217655e-22 -2.714168796118919543e-24
1.479492187500000000e-01 1.474532854290641845e-22 2.699053279751969104e-22
1.484375000000000000e-01 8.559786553818005731e-23 -2.287002177276464949e-22
1.489257812500000000e-01 -6.976524617418820165e-23 5.784654098219039488e-23
1.494140625000000000e-01 -9.205222290882723931e-23 5.996647397266559384e-23
1.499023437500000000e-01 -2.347281312346311225e-22 2.460715923846147167e-22
1.503906250000000000e-01 1.850736657944137093e-22 -1.100338426597293673e-22
1.508789062500000000e-01 -9.532459157951592796e-23 3.087651428164731398e-23
1.513671875000000000e-01 -1.657341909966154191e-22 -3.291745048297291941e-23
1.518554687500000000e-01 7.078763840062921468e-23 -3.529021872322903795e-23
1.523437500000000000e-01 -2.749204014457761350e-22 -2.328753783930595888e-22
1.528320312500000000e-01 1.458276749602826410e-22 2.060468831353814321e-22
1.533203125000000000e-01 -8.038219409159223280e-24 -1.678116686747367088e-22
1.538085937500000000e-01 -5.314334807623139272e-24 3.526336421540401404e-24
1.542968750000000000e-01 9.997448288812877639e-24 -1.589240485107120331e-22
1.547851562500000000e-01 1.843280212547101290e-22 1.790895746391218001e-23
1.552734375000000000e-01 2.152312745460374774e-22 1.204492569749196065e-22
1.557617187500000000e-01 5.964684663828125818e-23 -9.349486987866043635e-23
1.562500000000000000e-01 8.659150934883885353e-23 4.473952314247001063e-23
1.567382812500000000e-01 -1.450973084562158114e-22 3.545815471984840224e-23
1.572265625000000000e-01 -1.335628689420119075e-22 -2.140723716942836789e-22
1.577148437500000000e-01 1.710240893528120641e-23 2.111960071326242562e-22
1.582031250000000000e-01 -6.344233812449775493e-23 -2.182418988723731191e-22
1.586914062500000000e-01 6.466493366453044867e-23 -1.994556645883539870e-22
1.591796875000000000e-01 7.988011677802083930e-23 1.942517711111030431e-23
1.596679687500000000e-01 -1.354604228666392378e-22 4.319572413522829504e-23
1.601562500000000000e-01 2.534147514557821788e-22 1.650249402611541883e-23
1.606445312500000000e-01 -3.036468480039469878e-23 6.869389201276404855e-23
1.611328125000000000e-01 -2.750169380559336643e-22 1.683982993774876742e-22
1.616210937500000000e-01 2.268348277314494818e-22 -2.084966710165635211e-22
1.621093750000000000e-01 -1.066376226632609038e-23 -6.845504479007280746e-23
1.625976562500000000e-01 -3.135089116538079573e-23 4.352392121098246647e-23
1.630859375000000000e-01 -7.622872801322887343e-23 -7.734984728336348318e-23
1.635742187500000000e-01 4.327330981738148179e-23 3.220161169241483764e-23
1.640625000000000000e-01 9.418325484452507304e-23 1.833974116028264760e-22
1.645507812500000000e-01 -3.952905612988316822e-23 1.577704351291525048e-22
1.650390625000000000e-01 2.213644610194311198e-22 -1.136285513294625926e-23
1.655273437500000000e-01 -1.238402367279164230e-22 1.990204983484519443e-22
1.660156250000000000e-01 4.471169436466248414e-23 2.744447457061753167e-23
1.665039062500000000e-01 -7.879164168605119718e-23 3.221953592586149495e-23
1.669921875000000000e-01 4.375593720233143796e-23 3.295943615381223578e-23
1.674804687500000000e-01 1.081960600747882148e-22 1.182847002612299395e-22
1.679687500000000000e-01 2.558211931653812688e-22 1.326788824753604594e-22
1.684570312500000000e-01 -5.090884878368488546e-23 -1.535534136892773901e-22
1.689453125000000000e-01 3.762210050957909633e-23 5.125780789134056732e-23
1.694335937500000000e-01 -1.290580692765341475e-22 -6.166847805058127103e-23
1.699218750000000000e-01 3.039380302254408842e-23 -2.534794304779155167e-22
1.704101562500000000e-01 -1.678818371084545677e-23 -4.309046205629222669e-23
1.708984375000000000e-01 9.329255543112591779e-23 1.398346021713553747e-22
1.713867187500000000e-01 6.769092249832053255e-23 -3.282264865855025346e-23
1.718750000000000000e-01 -1.312227076674164456e-22 -1.558127416170306196e-22
1.723632812500000000e-01 -3.760323891134003381e-24 7.355154200150597261e-23
1.728515625000000000e-01 2.689210655580837448e-24 1.475678881691989170e-22
1.733398437500000000e-01 1.120214665686167784e-22 -1.761778764321969513e-23
1.738281250000000000e-01 6.569907894516400296e-23 -1.517378247729970962e-22
1.743164062500000000e-01 -3.049264039276058698e-22 1.029539054391692942e-22
1.748046875000000000e-01 -1.747303240017138822e-22 2.211170719189504329e-23
1.752929687500000000e-01 -1.108328562534832489e-22 -3.577183112251812899e-22
1.757812500000000000e-01 3.093083852707091467e-22 1.540605835116267263e-22
1.762695312500000000e-01 -3.248819956316597908e-22 -1.729116583154672290e-22
1.767578125000000000e-01 -4.229788021108112076e-23 8.942139210465313549e-23
1.772460937500000000e-01 1.042706883411675599e-22 -2.335956712226037169e-22
1.777343750000000000e-01 -2.953562340074861348e-23 -1.946689756172083649e-23
1.782226562500000000e-01 1.521710461899625164e-23 -1.066694314114668456e-23
1.787109375000000000e-01 -3.238304043691454907e-23 -4.893174584993755792e-24
1.791992187500000000e-01 1.365130527653176802e-22 -5.160529140189265708e-23
1.796875000000000000e-01 -1.078550745465939818e-22 9.094371177392717969e-23
1.801757812500000000e-01 -4.845833806474150530e-23 5.836132919524209246e-23
1.806640625000000000e-01 6.268838454410345631e-24 -1.266239595434501160e-22
1.811523437500000000e-01 5.943757835300204748e-23 2.170735944596006760e-22
1.816406250000000000e-01 -5.407998892695893061e-23 -2.428341858779865248e-22
1.821289062500000000e-01 -1.103088814982669427e-22 6.130523137224820641e-23
1.826171875000000000e-01 1.159769904099286786e-22 -5.505795741462843037e-23
1.831054687500000000e-01 -9.011302135779956512e-23 8.202070304747906850e-23
1.835937500000000000e-01 -4.755800341914475053e-24 -1.112868170093627060e-22
1.840820312500000000e-01 -1.562187544262367928e-22 2.018014680982982763e-22
1.845703125000000000e-01 -9.064339525639189557e-23 2.367345251384225011e-22
1.850585937500000000e-01 1.857370253133709941e-22 -5.641290661979879515e-23
1.855468750000000000e-01 -8.298584568412158856e-23 1.144090839087738154e-22
1.860351562500000000e-01 2.478524719427197744e-22 -4.122893326205370734e-23
1.865234375000000000e-01 -7.636886784455839886e-23 2.124570122266783275e-22
1.870117187500000000e-01 1.075976993429166767e-22 -5.440758729269703079e-23
1.875000000000000000e-01 6.221941134948480673e-23 -1.808719758546119915e-23
1.879882812500000000e-01 -9.372543014469981196e-23 -4.654615107773014352e-23
1.884765625000000000e-01 -2.310099861358085488e-22 4.568760448670009461e-23
1.889648437500000000e-01 -7.052432670393100220e-23 -6.658505254931909112e-23
1.894531250000000000e-01 3.426134945283125685e-23 1.400575777347009206e-23
1.899414062500000000e-01 1.748164574611983281e-22 -3.981919583445041337e-23
1.904296875000000000e-01 -2.827552830611559345e-22 1.848284517875164580e-23
1.909179687500000000e-01 1.730453019348857517e-22 -1.670078926315984766e-22
1.914062500000000000e-01 3.240374878219705980e-22 2.386975402343803795e-22
1.918945312500000000e-01 1.388181100932086472e-22 1.699676794674961277e-22
1.923828125000000000e-01 -4.511726601286592195e-23 1.291551899113320549e-22
1.928710937500000000e-01 -6.850498993691073556e-23 1.214658996429460498e-22
1.933593750000000000e-01 3.635200465918551502e-24 1.257499650225276629e-22
1.938476562500000000e-01 7.508183280349825787e-23 1.932089932434834623e-22
1.943359375000000000e-01 -3.862768870727922385e-24 -1.799154683171996666e-22
1.948242187500000000e-01 6.108580673701714829e-23 -3.180875264863932506e-24
1.953125000000000000e-01 1.362874435364976602e-23 -2.844998133795696572e-23
1.958007812500000000e-01 2.105217093604147694e-22 -1.412183464715437913e-22
1.962890625000000000e-01 -7.740492724722843039e-23 -8.884018645624978166e-23
1.967773437500000000e-01 2.161618528275953371e-22 -2.681996494852310593e-22
1.972656250000000000e-01 -1.311898805544474937e-22 3.883459914885914462e-23
1.977539062500000000e-01 1.378622420634104990e-22 4.192635163615559833e-23
1.982421875000000000e-01 -1.442975445736001760e-22 -6.253427455121950481e-23
1.987304687500000000e-01 2.297369138793571675e-22 -1.508145170071913466e-23
1.992187500000000000e-01 -6.624955605032562765e-23 -1.192448861022304218e-22
1.997070312500000000e-01 -3.050109435546580698e-22 5.571875963198371296e-23
2.001953125000000000e-01 6.226043559311424945e-24 -7.447240893972503453e-23
2.006835937500000000e-01 -2.412638122470119520e-22 -1.783204986471603820e-23
2.011718750000000000e-01 -1.312368507323307383e-24 -1.416353149501220016e-22
2.016601562500000000e-01 -1.515860003250371598e-22 -1.394419834896668198e-22
2.021484375000000000e-01 -8.624060747891910291e-23 -2.629059971880971667e-22
2.026367187500000000e-01 4.678167021468510806e-23 9.636368220348681418e-23
2.031250000000000000e-01 7.784135982558789922e-24 -2.572053993615649620e-22
2.036132812500000000e-01 -2.501303892895630555e-22 -1.172267471644128500e-22
2.041015625000000000e-01 -9.938690498700685663e-23 1.208699424424873222e-22
2.045898437500000000e-01 8.166478609148729552e-23 -1.259905276549410528e-22
2.050781250000000000e-01 9.699006174490551640e-23 2.955999482475504765e-22
2.055664062500000000e-01 -9.287851796392586614e-23 -8.693591183919740035e-23
2.060546875000000000e-01 1.824725447982999829e-22 5.625173708355707061e-23
2.065429687500000000e-01 -5.083032330011671590e-23 5.315733569786094922e-24
2.070312500000000000e-01 3.356043527326915173e-22 6.911675624136770199e-23
2.075195312500000000e-01 1.916314347592453760e-22 2.008628389735224061e-23
2.080078125000000000e-01 -2.507587717652499749e-22 -1.695426610186917364e-22
2.084960937500000000e-01 5.475480651841860244e-23 9.773030824792196281e-23
2.089843750000000000e-01 -2.770583971536179851e-22 2.051150566568902453e-22
2.094726562500000000e-01 2.442244345892665519e-22 -1.463857071989417510e-22
2.099609375000000000e-01 -2.000913863041978559e-22 1.066908310218374995e-22
2.104492187500000000e-01 2.381743998813742882e-22 5.756390713579787385e-24
2.109375000000000000e-01 6.272380120345025136e-23 1.466451541117588712e-24
2.114257812500000000e-01 1.007388410790724503e-22 1.352915818259891214e-22
2.119140625000000000e-01 1.059271377485158327e-22 -3.965961879498074139e-23
2.124023437500000000e-01 -2.342569170506612110e-22 3.604735959077837153e-22
2.128906250000000000e-01 1.494504612006247832e-23 2.032340490403319552e-23
2.133789062500000000e-01 1.192973438404988623e-22 6.421367130258252706e-23
2.138671875000000000e-01 1.478833925027374229e-22 4.655825260352226535e-23
2.143554687500000000e-01 -2.169177733148323036e-23 1.060018186506667466e-22
2.148437500000000000e-01 -1.569121171492684047e-22 -2.393719901415194909e-24
2.153320312500000000e-01 -5.050454598760323366e-23 1.190214311123384928e-22
2.158203125000000000e-01 3.524979384824421086e-23 1.506435757318300380e-23
2.163085937500000000e-01 -1.457791932787457277e-23 -2.574205340687622493e-22
2.167968750000000000e-01 -7.238361468610284998e-23 -2.996729665756379472e-23
2.172851562500000000e-01 -3.849612353156495669e-24 7.693726568166407060e-24
2.177734375000000000e-01 -8.808343273471300244e-23 2.317423822151330833e-23
2.182617187500000000e-01 -3.040299175391590962e-24 9.230351098251468730e-23
2.187500000000000000e-01 -3.099808404297148948e-22 6.496273851281739181e-23
2.192382812500000000e-01 1.120085589517792933e-22 2.234374241235828305e-23
2.197265625000000000e-01 -2.426387299354255133e-22 -1.937868555778744967e-24
2.202148437500000000e-01 7.014383389034518878e-23 1.046271379340491019e-22
2.207031250000000000e-01 -1.289246452015241817e-23 3.371187269488311293e-23
2.211914062500000000e-01 1.268446801145953687e-22 -1.497829406751739135e-22
2.216796875000000000e-01 4.357675219298002881e-23 1.099560492281231552e-22
2.221679687500000000e-01 -4.723102131104500374e-23 -2.711162959474558108e-23
2.226562500000000000e-01 5.664751381947710351e-23 8.116359911993176789e-24
2.231445312500000000e-01 8.094863708265166625e-24 2.605655679413779150e-23
2.236328125000000000e-01 -1.012480605105027004e-23 -2.840617311987959604e-22
2.241210937500000000e-01 1.116378116945115082e-23 -9.720437106952457203e-23
2.246093750000000000e-01 4.656316412928494559e-23 9.075184436081709829e-23
2.250976562500000000e-01 2.289651691404507542e-24 -5.981986772622536347e-23
2.255859375000000000e-01 2.182303748015468482e-22 -1.135499359224201717e-22
2.260742187500000000e-01 1.103935609872871860e-22 -1.351505364447297649e-24
2.265625000000000000e-01 -8.878551374120518898e-23 -2.278572558082219545e-23
2.270507812500000000e-01 4.034500041486139575e-23 -6.233020398237432532e-24
2.275390625000000000e-01 3.808568524015205523e-23 1.771072861040879446e-22
2.280273437500000000e-01 -3.821100085166238555e-23 3.332001540276922905e-23
2.285156250000000000e-01 -1.810089864069786742e-22 -2.316556966381446598e-22
2.290039062500000000e-01 -6.216444945549019556e-23 -8.039534735183480046e-23
2.294921875000000000e-01 9.090833538282570098e-23 5.027572509362640021e-23
2.299804687500000000e-01 -6.293964386534259929e-23 4.285190556268294530e-23
2.304687500000000000e-01 2.070852580950372862e-22 4.019437231953702977e-23
2.309570312500000000e-01 5.452819056114094366e-23 -1.923910411124152411e-23
2.314453125000000000e-01 -1.543664494443481307e-22 4.659815575555311038e-23
2.319335937500000000e-01 -1.351192646899165853e-24 -2.863217722033212472e-22
2.324218750000000000e-01 6.728863512151231417e-24 5.509609339960612711e-23
2.329101562500000000e-01 5.446655622221585647e-24 -9.044028006888348554e-23
2.333984375000000000e-01 1.495180261752128370e-22 2.795363996726164106e-23
2.338867187500000000e-01 1.633121808076116737e-23 -3.207793508222383218e-22
2.343750000000000000e-01 -1.415014405575918934e-22 -1.836146524040565891e-23
2.348632812500000000e-01 2.190493603768826582e-22 1.657352509386877387e-22
2.353515625000000000e-01 9.593847370646682713e-23 -1.533339137293011448e-22
2.358398437500000000e-01 1.454914773654186899e-22 -7.113106428397957875e-23
2.363281250000000000e-01 -2.070233034979896342e-22 -1.988302040983141435e-22
2.368164062500000000e-01 -3.156521706186925214e-23 1.795471262303063963e-22
2.373046875000000000e-01 -1.193926482914212661e-22 -1.280735093703378184e-22
2.377929687500000000e-01 -1.724423166128183025e-23 3.222621601253250409e-23
2.382812500000000000e-01 5.452512017293339146e-23 -1.849789396187522676e-23
2.387695312500000000e-01 3.453888994712876706e-23 1.785250152814880532e-22
2.392578125000000000e-01 -7.087455847739636622e-23 4.208296783165172381e-23
2.397460937500000000e-01 -2.925720960711130808e-22 4.441472296516724372e-23
2.402343750000000000e-01 8.802410984560428127e-23 2.569280050559619237e-22
2.407226562500000000e-01 -7.728958267471379487e-23 4.757171340196890883e-23
2.412109375000000000e-01 1.036574666895309524e-22 1.369955297054790414e-22
2.416992187500000000e-01 -1.013913733827430376e-22 -1.188478074858983283e-22
2.421875000000000000e-01 -1.160881026998383133e-22 2.400773727956710316e-23
2.426757812500000000e-01 6.542344951526846069e-23 2.750544820973952787e-23
2.431640625000000000e-01 -1.612622275825086861e-22 2.270260608724501708e-22
2.436523437500000000e-01 2.866808797500629789e-22 8.521943668157633218e-23
2.441406250000000000e-01 -1.014414723584045443e-22 -2.824372923835512591e-22
2.446289062500000000e-01 6.224199208195758063e-23 1.641408106286572313e-22
2.451171875000000000e-01 -2.182137253696790948e-23 1.299143306505824517e-23
2.456054687500000000e-01 -1.645976667462710592e-23 1.552019911492060471e-22
2.460937500000000000e-01 -3.098114591967695170e-23 8.830409611179285561e-23
2.465820312500000000e-01 -8.007385384691462994e-23 -1.610348774025615757e-23
2.470703125000000000e-01 -6.665868582189259934e-23 1.238476383948231105e-22
2.475585937500000000e-01 2.011120638543863332e-22 -9.984079232622520946e-23
2.480468750000000000e-01 -1.465178665389618841e-22 4.200151099738764894e-23
2.485351562500000000e-01 1.362088082642376285e-22 2.819376481903435910e-23
2.490234375000000000e-01 -4.698806137003273617e-23 1.487751296809317374e-22
2.495117187500000000e-01 -4.820657308393684631e-23 -8.030710680023159489e-25
2.500000000000000000e-01 9.203428934631983540e-23 -2.249382440988142157e-22
2.504882812500000000e-01 1.065557456881215740e-22 3.873518547671785556e-23
2.509765625000000000e-01 4.073866736717104603e-23 -6.334141345251165916e-23
2.514648437500000000e-01 -7.002634363530141521e-24 1.515422785818809277e-22
2.519531250000000000e-01 5.627536871811134757e-23 -8.218274461434944135e-23
2.524414062500000000e-01 -4.956733006089848692e-23 2.192684082149443414e-22
2.529296875000000000e-01 -2.069485332799227561e-22 1.908932865323297241e-22
2.534179687500000000e-01 -3.478152479552665388e-23 -7.647318964353794999e-23
2.539062500000000000e-01 -3.919640600601361188e-24 -2.272327918010716720e-22
2.543945312500000000e-01 3.036369288396019713e-22 8.501256317351277820e-23
2.548828125000000000e-01 2.368271778091479908e-22 1.672514339604729132e-22
2.553710937500000000e-01 6.919696712056907299e-23 -1.651104113305444440e-23
2.558593750000000000e-01 9.271224282976303728e-23 -1.047736055970702303e-22
2.563476562500000000e-01 8.750981664907232929e-24 -2.539677277656935741e-22
2.568359375000000000e-01 -3.045893049495348387e-22 2.847163392347984674e-23
2.573242187500000000e-01 -9.398847561442684245e-23 -5.024328553243088072e-23
2.578125000000000000e-01 -1.548961454704051217e-22 -9.283129601625078887e-23
2.583007812500000000e-01 9.914000851031731951e-23 -5.709064887366815108e-23
2.587890625000000000e-01 1.277996219040948850e-23 -1.963140750861647216e-22
2.592773437500000000e-01 -2.172577684252272437e-22 -1.041564674058399927e-22
2.597656250000000000e-01 3.080632847800723704e-22 -2.324987028371832875e-22
2.602539062500000000e-01 -4.636681119076050549e-23 -7.629136754663011011e-23
2.607421875000000000e-01 1.137453596650267656e-22 -1.183328612004479498e-22
2.612304687500000000e-01 -5.833599851015868147e-23 -9.401559619726428403e-23
2.617187500000000000e-01 2.003961532581427112e-22 -1.693829636532455805e-22
2.622070312500000000e-01 -1.632616981534828007e-22 -3.782724882603124838e-23
2.626953125000000000e-01 -7.033294172004260932e-23 -1.049485975357279837e-22
2.631835937500000000e-01 -7.723257697581742226e-23 -4.569715258299707048e-23
2.636718750000000000e-01 7.735685021194321080e-23 1.729847038957890771e-22
2.641601562500000000e-01 -2.132728054412956276e-22 -3.535284959190572637e-23
2.646484375000000000e-01 -1.489023178678927611e-22 1.520702334686123607e-22
2.651367187500000000e-01 -7.492549619733570519e-23 4.061781599077452915e-24
2.656250000000000000e-01 5.072574319505283446e-23 7.943788927366792880e-23
2.661132812500000000e-01 -1.682949695805530202e-22 1.057293306582972351e-22
2.666015625000000000e-01 -1.589414990481308340e-22 6.502771657781405755e-23
2.670898437500000000e-01 2.594828255342952604e-23 -1.190992164086974482e-22
2.675781250000000000e-01 2.207614669847629360e-22 -4.107430735408766523e-23
2.680664062500000000e-01 -1.461368122296899414e-23 -1.675982177516524346e-22
2.685546875000000000e-01 1.227238290211899651e-22 9.371947742694874897e-23
2.690429687500000000e-01 1.748887397739706345e-22 7.282962862481954683e-23
2.695312500000000000e-01 -1.015151695050543753e-22 1.249583566849788008e-23
2.700195312500000000e-01 3.325683223816011676e-22 7.612937034361137201e-23
2.705078125000000000e-01 -1.207035327293063492e-22 2.765173902360523834e-22
2.709960937500000000e-01 -6.607324475470275618e-23 6.869066174690388604e-23
2.714843750000000000e-01 -1.027607016845802268e-22 3.416036237575516435e-23
2.719726562500000000e-01 3.277085286771777622e-22 2.111664492004563256e-22
2.724609375000000000e-01 -6.418590532743042868e-23 1.539188117760773709e-22
2.729492187500000000e-01 1.064410512571118946e-22 2.064007853755993864e-23
2.734375000000000000e-01 1.277420288946369092e-22 9.813724876878403070e-23
2.739257812500000000e-01 -1.841859928928053084e-23 1.538781461835834082e-22
2.744140625000000000e-01 1.000288264094046598e-22 2.867196407825321591e-22
2.749023437500000000e-01 -2.027822632838325041e-22 -1.616502957557512839e-23
2.753906250000000000e-01 -6.724448789681744672e-23 -2.683125153583658942e-23
2.758789062500000000e-01 -7.145013255327994490e-23 4.594689580067660744e-23
2.763671875000000000e-01 -1.327899880813668740e-22 -6.909770415683437591e-24
2.768554687500000000e-01 -1.207631279829302188e-22 -6.125105462039601509e-23
2.773437500000000000e-01 -4.081899021147844574e-23 4.534168742389653554e-23
2.778320312500000000e-01 8.315622591434054235e-23 -2.696562585270949115e-22
2.783203125000000000e-01 1.091150540044599015e-22 5.938101779224605696e-23
2.788085937500000000e-01 -1.854993885621098512e-23 -7.919228661989626945e-23
2.792968750000000000e-01 4.643876677345172063e-23 -1.355306496982902479e-23
2.797851562500000000e-01 -7.123617965410519735e-23 1.222283435534174025e-22
2.802734375000000000e-01 8.777672995372811411e-23 -5.468807110951718204e-23
2.807617187500000000e-01 6.923073831421934521e-23 7.302985007109164772e-23
2.812500000000000000e-01 -9.189460150789715294e-23 1.480586857548770348e-22
2.817382812500000000e-01 -1.635520978181183986e-22 -2.737685329609419135e-22
2.822265625000000000e-01 2.222838652935740686e-23 -7.360515494941155340e-23
2.827148437500000000e-01 1.592066684292472311e-22 -1.571179371473428170e-22
2.832031250000000000e-01 -3.537568270322209152e-23 -3.546979391685110856e-23
2.836914062500000000e-01 8.102921521160630183e-23 -1.571888521747117863e-22
2.841796875000000000e-01 1.107726597592343910e-22 -1.083226059407533381e-22
2.846679687500000000e-01 1.478210528258534171e-22 -4.136326143505409143e-23
2.851562500000000000e-01 -2.133435063341236057e-22 6.855091075194285437e-23
2.856445312500000000e-01 1.878290364789358369e-23 3.193020250548029975e-23
2.861328125000000000e-01 -1.532501520291331008e-22 -1.838553354151490233e-22
2.866210937500000000e-01 2.410321797672154740e-22 1.444825977031962757e-22
2.871093750000000000e-01 -2.046228269108070801e-22 -1.038761811496365032e-22
2.875976562500000000e-01 2.106802161655969838e-22 -1.240751013927578333e-22
2.880859375000000000e-01 -1.881063105934555520e-22 -1.089366608051607087e-22
2.885742187500000000e-01 -1.664698502832647868e-23 -2.799476248522031392e-23
2.890625000000000000e-01 -1.369266046534403111e-22 1.076072470412206645e-22
2.895507812500000000e-01 -5.943640366424451667e-23 -1.377276734924632562e-22
2.900390625000000000e-01 -3.353404337541274067e-22 -1.210830830963574160e-22
2.905273437500000000e-01 9.940689558174060164e-23 9.757691902276966690e-23
2.910156250000000000e-01 1.639532284285148697e-22 -2.009870297976876345e-22
2.915039062500000000e-01 -1.060252726014346813e-23 -4.424900263422280161e-23
2.919921875000000000e-01 -5.799189126678155507e-23 1.599812298693100658e-22
2.924804687500000000e-01 -5.977397875914208216e-23 7.620409280855811335e-23
2.929687500000000000e-01 7.091537445887412223e-23 2.103732135885887661e-23
2.934570312500000000e-01 9.571208733469889343e-23 -1.785194446133729921e-23
2.939453125000000000e-01 -2.133604622220821392e-22 -7.799988623457394387e-23
2.944335937500000000e-01 1.888177085405882879e-22 -2.274392788221194983e-22
2.949218750000000000e-01 -8.842001803361389715e-23 2.004162648395887109e-22
2.954101562500000000e-01 1.129575055254448314e-22 1.023289479502951614e-22
2.958984375000000000e-01 -4.497609485557191733e-23 1.790063814138801719e-22
2.963867187500000000e-01 4.226335253161914673e-24 -8.128530358148067366e-24
2.968750000000000000e-01 2.154622066710901571e-22 -2.786115432491947392e-23
2.973632812500000000e-01 2.642363172633314651e-22 2.076802722201252157e-22
2.978515625000000000e-01 -1.762211779759873279e-22 2.004219105887457407e-23
2.983398437500000000e-01 4.413042642322650624e-24 2.480755613313546307e-23
2.988281250000000000e-01 -5.016236157469269450e-23 -5.714161924059235258e-23
2.993164062500000000e-01 -6.858080895426821847e-23 5.170146003775960237e-23
2.998046875000000000e-01 3.627010841169137189e-24 5.344887773632642681e-23
3.002929687500000000e-01 -1.467947781391017852e-23 1.521850011496701386e-22
3.007812500000000000e-01 2.445095056035023326e-23 1.299732123505897497e-22
3.012695312500000000e-01 1.128022967787357225e-22 -3.033174430166695740e-22
3.017578125000000000e-01 1.599004453692188843e-22 2.874394252643093276e-22
3.022460937500000000e-01 -9.530524247055866668e-23 1.688114849872352022e-22
3.027343750000000000e-01 9.335503691729449108e-24 6.702331059538526696e-23
3.032226562500000000e-01 -4.611873308800921178e-23 -2.130503918135320933e-22
3.037109375000000000e-01 5.422518648133920663e-23 3.713711053548249540e-23
3.041992187500000000e-01 8.651543536653339212e-23 1.075660525005401099e-22
3.046875000000000000e-01 -1.599137195699807283e-22 -7.610482464019130434e-23
3.051757812500000000e-01 1.565746159064160198e-22 -3.550504230750787977e-23
3.056640625000000000e-01 -1.078357103882219820e-22 2.315556717084838992e-22
3.061523437500000000e-01 -1.602048146854144776e-22 -2.720785723856376196e-22
3.066406250000000000e-01 4.949103050391105607e-23 4.553868371032097677e-23
3.071289062500000000e-01 3.750697150258183903e-23 -9.724029511702424224e-23
3.076171875000000000e-01 7.774125228692266284e-23 2.132588525948388873e-22
3.081054687500000000e-01 5.072733673494670732e-23 -2.337530390441732011e-23
3.085937500000000000e-01 -5.970690614055820219e-23 8.546444447729902590e-23
3.090820312500000000e-01 -6.338136579622472230e-23 -9.652190486010675395e-23
3.095703125000000000e-01 3.738724233299217889e-23 -9.353459776367227697e-24
3.100585937500000000e-01 -2.731415304779717519e-23 1.293283403320373909e-22
3.105468750000000000e-01 1.647960615438489584e-22 -3.124679075504089252e-22
3.110351562500000000e-01 -6.609899574126825140e-23 4.859787853026840779e-23
3.115234375000000000e-01 1.063697163682750074e-23 -1.746077973142637060e-22
3.120117187500000000e-01 -7.853172597656118609e-23 2.676958851901367784e-23
3.125000000000000000e-01 2.933355103697200865e-23 -1.154315464142366549e-22
3.129882812500000000e-01 -1.940428163348700205e-22 2.053714319141839429e-22
3.134765625000000000e-01 1.507949312286459056e-22 -2.267553158699220042e-23
3.139648437500000000e-01 -2.053532655873771582e-24 -6.272199915832616043e-23
3.144531250000000000e-01 -1.080964383859930495e-22 1.157816846006698604e-22
3.149414062500000000e-01 7.889801640237005406e-23 -2.592793877416513057e-22
3.154296875000000000e-01 -1.592836153906786224e-22 -3.202340408567543417e-23
3.159179687500000000e-01 -3.528436362744703725e-23 -6.716895243694857861e-23
3.164062500000000000e-01 -7.201901924724230663e-23 -2.772187185255958968e-22
3.168945312500000000e-01 2.649078069896193542e-23 -1.110457951018411342e-22
3.173828125000000000e-01 -1.201145749630214687e-22 -1.064935110952636009e-23
3.178710937500000000e-01 3.262843977225992607e-23 1.128066775288696321e-22
3.183593750000000000e-01 -5.303934653879503617e-23 -7.828425243447499965e-23
3.188476562500000000e-01 -2.108850655809827058e-22 2.801736606954456741e-23
3.193359375000000000e-01 8.400901247543068139e-23 -1.511891364039727320e-22
3.198242187500000000e-01 -1.355708060958919927e-23 1.140951405308298714e-22
3.203125000000000000e-01 -9.920905249501105101e-23 1.306682749212608439e-22
3.208007812500000000e-01 8.998571434679557417e-23 1.224555107188553230e-22
3.212890625000000000e-01 1.547210099764714308e-22 -2.214607474923213608e-23
3.217773437500000000e-01 1.251492156957432746e-22 1.416716786754281764e-22
3.222656250000000000e-01 -1.302180516059650874e-22 -2.374219783440738979e-23
3.227539062500000000e-01 1.047616187699550078e-22 4.185286838197246960e-23
3.232421875000000000e-01 2.200672097055341446e-22 -6.613530782483382413e-23
3.237304687500000000e-01 9.086699127936344686e-23 -7.775978555796511233e-23
3.242187500000000000e-01 -2.400833252373346650e-23 6.355263914376622783e-23
3.247070312500000000e-01 3.580541317249240535e-23 -6.393916596522562894e-23
3.251953125000000000e-01 3.230768249440924519e-22 3.014395331237348324e-23
3.256835937500000000e-01 -2.440165230245247978e-22 2.114122285363780358e-22
3.261718750000000000e-01 4.821285655878336629e-23 1.218131835189838604e-22
3.266601562500000000e-01 -2.175754002323011391e-22 1.948458729853755664e-23
3.271484375000000000e-01 2.488858264302240729e-22 -1.299460256415334164e-22
3.276367187500000000e-01 -1.192403059491166693e-22 1.899014787429885449e-22
3.281250000000000000e-01 -1.245353800879165699e-22 -3.101462701882188350e-22
3.286132812500000000e-01 7.750294600980391675e-23 -1.670274666823093074e-23
3.291015625000000000e-01 2.525737449259110695e-23 -2.600467606314111376e-24
3.295898437500000000e-01 -1.523451875657587765e-22 1.123605689061086119e-22
3.300781250000000000e-01 2.516054906359215395e-23 7.372015612115811107e-23
3.305664062500000000e-01 1.029741799014513288e-22 -5.825868430889602075e-23
3.310546875000000000e-01 3.705857671562820655e-23 1.032615423075400677e-22
3.315429687500000000e-01 1.083657550182768157e-24 2.416781714130430966e-22
3.320312500000000000e-01 1.107733693236197595e-22 7.642271692308069970e-23
3.325195312500000000e-01 -4.205016390226296084e-22 -2.027473841831096106e-23
3.330078125000000000e-01 -4.804985758544561779e-23 -4.074729024027070840e-23
3.334960937500000000e-01 -2.462985562454620586e-23 -7.966064791825893590e-23
3.339843750000000000e-01 -1.990585596670897602e-22 -7.731619570819657908e-23
3.344726562500000000e-01 3.038767190130661820e-22 -2.773526548455700823e-23
3.349609375000000000e-01 9.920987242092883688e-24 2.685498391314113638e-23
3.354492187500000000e-01 -1.928595559589599682e-23 -2.105799041001172852e-22
3.359375000000000000e-01 3.756227364547113507e-22 8.564073957777182284e-23
3.364257812500000000e-01 8.704680727492853702e-23 1.498946802651690728e-22
3.369140625000000000e-01 -4.867699360450209255e-23 5.701541388746208595e-23
3.374023437500000000e-01 -6.788961001184491256e-23 -1.618904079988967762e-22
3.378906250000000000e-01 -5.181750440028778664e-23 2.986320716868049952e-22
3.383789062500000000e-01 4.153872005088325671e-25 -1.537528547015090704e-22
3.388671875000000000e-01 -4.226551654353885660e-23 -1.891781738054792275e-22
3.393554687500000000e-01 -1.024413080595511175e-22 1.609612770222382222e-22
3.398437500000000000e-01 1.337413463893816289e-22 -3.223669702959422755e-23
3.403320312500000000e-01 6.048529507373152946e-23 -3.288667525098963202e-23
3.408203125000000000e-01 -1.510538747087124601e-22 -1.186444773923685258e-23
3.413085937500000000e-01 -2.346872689655423259e-22 2.730350985587665623e-24
3.417968750000000000e-01 -1.882885995930332117e-22 4.478350666713137342e-23
3.422851562500000000e-01 1.164488102991488062e-22 6.358856683865242362e-23
3.427734375000000000e-01 -2.502483192839155272e-22 5.707991962162302154e-24
3.432617187500000000e-01 1.990646710591898485e-22 1.608359836358126073e-23
3.437500000000000000e-01 -1.061237712720011155e-22 -1.374176959778518944e-22
3.442382812500000000e-01 7.816500691586901284e-23 -3.278064532145105299e-22
3.447265625000000000e-01 -1.842439739204963379e-22 8.949028872296123334e-23
3.452148437500000000e-01 3.570645647286460574e-22 -1.010962927674086981e-22
3.457031250000000000e-01 1.244360982216090825e-22 1.330727089770960505e-23
3.461914062500000000e-01 2.714283530740003541e-22 -2.186636724544429360e-22
3.466796875000000000e-01 1.093360221953292158e-22 -1.036649335456705370e-22
3.471679687500000000e-01 -9.280220665271560501e-23 4.898533938162730659e-23
3.476562500000000000e-01 1.813311109993956644e-22 1.360579954345094883e-22
3.481445312500000000e-01 -1.298835042357892539e-22 2.726437248688056523e-23
3.486328125000000000e-01 5.978921829820339608e-23 2.797395532531402631e-23
3.491210937500000000e-01 -2.224838901771831575e-22 -1.200959521722463936e-22
3.496093750000000000e-01 -9.384678805657536543e-23 -2.055222814704357201e-24
3.500976562500000000e-01 1.063854927648808336e-22 -1.767420291630705637e-22
3.505859375000000000e-01 -1.819322723246156948e-22 1.309744744615110168e-22
3.510742187500000000e-01 2.396788494443699756e-22 1.663151162017298670e-22
3.515625000000000000e-01 1.420495562182035021e-24 1.281060463282379039e-22
3.520507812500000000e-01 3.130505987006903045e-23 -2.223132436709579684e-23
3.525390625000000000e-01 1.970020131371938936e-22 1.672440718947159472e-22
3.530273437500000000e-01 -1.904004033509105232e-22 -2.207471472654238315e-23
3.535156250000000000e-01 -3.841794533698183600e-23 3.004293593931978931e-22
3.540039062500000000e-01 -1.939144700548176684e-23 -1.053379421105534968e-22
3.544921875000000000e-01 -2.963458976579340710e-23 -2.711632057223737946e-22
3.549804687500000000e-01 -2.653170263950627914e-22 -9.998708411778223144e-23
3.554687500000000000e-01 -1.055991546749460204e-22 1.052496588763692941e-22
3.559570312500000000e-01 -2.469635619121154834e-22 2.179021997446842102e-22
3.564453125000000000e-01 -1.840106749206785631e-22 -1.769181573246912008e-22
3.569335937500000000e-01 2.165397020429230339e-22 -1.432589483328908799e-23
3.574218750000000000e-01 -1.404592378898927407e-22 -9.739856202753063596e-23
3.579101562500000000e-01 2.116858131630366779e-22 7.023051967910484412e-23
3.583984375000000000e-01 -1.116225715144925274e-22 2.063400684085113668e-22
3.588867187500000000e-01 7.558781044472459673e-23 5.362000891076620580e-23
3.593750000000000000e-01 1.337481965439121620e-22 1.325402178978082672e-22
3.598632812500000000e-01 -2.940080425774473104e-22 1.814907027887637734e-22
3.603515625000000000e-01 1.779462366859899705e-22 -1.669414444640312941e-22
3.608398437500000000e-01 9.122814771553281670e-23 -1.199608981050532452e-23
3.613281250000000000e-01 2.713284898539523775e-22 6.551391957138250171e-23
3.618164062500000000e-01 3.386180106422618725e-23 -1.173276245896733353e-22
3.623046875000000000e-01 -7.110549251994259666e-23 -2.382218651525910265e-22
3.627929687500000000e-01 -1.780807560001317911e-22 1.544915792844529897e-22
3.632812500000000000e-01 2.870905437872655550e-22 -3.080405526034371314e-22
3.637695312500000000e-01 1.226662157123853893e-22 1.667346843416666499e-22
3.642578125000000000e-01 -2.827420051330948023e-22 1.000099995240649076e-22
3.647460937500000000e-01 -1.508117956655657691e-22 -5.045565845817406661e-23
3.652343750000000000e-01 3.753913504086259544e-23 1.197845974286595765e-22
3.657226562500000000e-01 2.172981373252592328e-22 3.166917272867606877e-23
3.662109375000000000e-01 -7.406160814970864635e-23 -1.686968677280189883e-23
3.666992187500000000e-01 1.335351709629369535e-23 -5.177730329964566503e-23
3.671875000000000000e-01 4.768144753995930828e-23 7.587688671453751599e-23
3.676757812500000000e-01 3.506237619116854602e-22 -2.728546389984377269e-22
3.681640625000000000e-01 -1.780342343623575303e-22 1.119716961674180383e-22
3.686523437500000000e-01 1.593307451278514632e-23 -7.195816268351713596e-23
3.691406250000000000e-01 -5.768454854773990990e-24 1.570494384362465244e-22
3.696289062500000000e-01 -9.017901214784330939e-23 -4.841328741468208751e-22
3.701171875000000000e-01 2.607612970335272554e-22 2.258066959478613958e-23
3.706054687500000000e-01 -4.290924871425791844e-24 5.880080260752698304e-23
3.710937500000000000e-01 -6.515106455021704745e-23 -6.284788682810933457e-23
3.715820312500000000e-01 -2.920458402238906281e-23 1.765053398421039882e-22
3.720703125000000000e-01 4.004441860879425840e-23 1.560736275791158959e-22
3.725585937500000000e-01 -1.454877792144619688e-22 2.897653589356075994e-23
3.730468750000000000e-01 -4.356174256471659697e-23 1.222166183833493836e-22
3.735351562500000000e-01 2.872947600793944318e-23 -1.801587074998973198e-22
3.740234375000000000e-01 2.283810815163530328e-23 1.107515236025610743e-22
3.745117187500000000e-01 1.463260487426482556e-22 -2.596013441087482536e-23
3.750000000000000000e-01 -4.178124014790634463e-23 -6.480991584146558946e-23
3.754882812500000000e-01 9.812886370578255306e-24 -5.467749352525447389e-23
3.759765625000000000e-01 -1.637137160802128367e-22 2.265718372489723207e-22
3.764648437500000000e-01 1.923665136847936648e-22 -2.658541129622433673e-22
3.769531250000000000e-01 -2.056128500660208111e-22 -2.956871302057291698e-23
3.774414062500000000e-01 1.000462610216883061e-22 1.429735497368378789e-22
3.779296875000000000e-01 -1.392676132495038143e-22 -1.143598028836721879e-22
3.784179687500000000e-01 -8.083905884372098600e-24 -9.220712320694018459e-23
3.789062500000000000e-01 -1.101271005649841909e-22 -1.287508825619752980e-22
3.793945312500000000e-01 1.776053667035763660e-24 1.780802028570854935e-23
3.798828125000000000e-01 2.038569013111027991e-22 -5.373925497771628017e-24
3.803710937500000000e-01 -6.790854933461992244e-23 6.562348980298860427e-23
3.808593750000000000e-01 6.462720216106553034e-23 -1.231147442604785009e-22
3.813476562500000000e-01 -2.990861425649348736e-22 5.833236134959420368e-23
3.818359375000000000e-01 -1.288986297076358462e-22 -6.926061391621077609e-23
3.823242187500000000e-01 -4.095745544061323448e-24 -1.582765813635920480e-22
3.828125000000000000e-01 -1.400526015655899968e-22 1.742910448845733044e-22
3.833007812500000000e-01 -1.583062120041802706e-22 2.225676440128655268e-22
3.837890625000000000e-01 1.156015385456338361e-22 2.743620301478669204e-22
3.842773437500000000e-01 1.238924179895953437e-23 -4.086957151583212398e-23
3.847656250000000000e-01 2.210998206684071748e-22 1.628490837332937054e-23
3.852539062500000000e-01 -7.511766339654661533e-23 1.087094993196724767e-23
3.857421875000000000e-01 -6.900847008295385955e-24 -1.267468810992951250e-22
3.862304687500000000e-01 9.903480211021088738e-23 2.494283990110268408e-23
3.867187500000000000e-01 -6.359189395960711901e-23 1.337923865712747662e-22
3.872070312500000000e-01 3.220427847161016997e-22 -5.384265931341843339e-23
3.876953125000000000e-01 5.528144668250900029e-23 1.525908938203594385e-22
3.881835937500000000e-01 -6.469535697581222694e-23 -4.354933096131352883e-23
3.886718750000000000e-01 -4.041210554821999096e-22 -6.200269834511515726e-24
3.891601562500000000e-01 2.517348774453084318e-22 6.742049282829443748e-23
3.896484375000000000e-01 1.439058590198572891e-23 -8.106154831142419602e-23
3.901367187500000000e-01 2.849029895669602772e-23 -2.328123353714752224e-22
3.906250000000000000e-01 -3.688524856321105944e-23 5.097712269326346154e-23
3.911132812500000000e-01 2.785078951533417602e-23 -1.106001055901341320e-23
3.916015625000000000e-01 -1.753911336404885550e-23 6.538139180149643574e-23
3.920898437500000000e-01 -2.547069739614664333e-23 2.474833336350474270e-23
3.925781250000000000e-01 8.396606015506583605e-23 -3.710278870602807193e-23
3.930664062500000000e-01 1.619215873113555058e-22 -9.945754435594172964e-23
3.935546875000000000e-01 -1.236999042175817488e-22 -1.384875890322096695e-22
3.940429687500000000e-01 -5.188592115371923063e-23 1.442980352993954118e-22
3.945312500000000000e-01 9.389797226352714881e-23 7.464523900594629192e-23
3.950195312500000000e-01 1.452699723379358391e-22 -3.729120617913757506e-23
3.955078125000000000e-01 -8.202057495961298719e-23 2.479894537905073267e-22
3.959960937500000000e-01 5.546403479766860742e-23 -1.107062556026168898e-22
3.964843750000000000e-01 -1.694829288989843331e-22 3.062857285212601695e-24
3.969726562500000000e-01 1.925461687360086923e-23 5.464050601149116364e-23
3.974609375000000000e-01 1.652126416453771444e-22 9.886509216440646804e-23
3.979492187500000000e-01 -4.648701084658992779e-23 -2.357869029545795620e-22
3.984375000000000000e-01 -5.121460105178245411e-23 1.215071179079291976e-22
3.989257812500000000e-01 2.383479538015619700e-24 -1.444118872620595874e-22
3.994140625000000000e-01 2.048719309634931323e-22 6.007548997186157620e-23
3.999023437500000000e-01 -8.793736551986868963e-23 5.837508013870306577e-23
4.003906250000000000e-01 -1.399867075623805220e-22 -6.017286632502198173e-23
4.008789062500000000e-01 1.670760468461241454e-22 6.686287187933626131e-26
4.013671875000000000e-01 -1.439715922636683179e-22 -8.443204995082365700e-23
4.018554687500000000e-01 1.559747185404132354e-22 -1.235950473745332045e-23
4.023437500000000000e-01 -1.043089801016791100e-23 3.829875434001808964e-23
4.028320312500000000e-01 4.538883530258037455e-23 -1.778557608434691702e-22
4.033203125000000000e-01 -8.665968233990169594e-24 -8.474419500849392608e-23
4.038085937500000000e-01 -1.006786826283974078e-23 -5.022297279588397068e-23
4.042968750000000000e-01 -6.469298709586772965e-23 1.009981476934521404e-22
4.047851562500000000e-01 1.638415860980142046e-23 -1.676286488974768961e-22
4.052734375000000000e-01 -1.206718557389503710e-22 4.875666662246686729e-23
4.057617187500000000e-01 -5.862276051443126797e-23 -1.480996361587610351e-22
4.062500000000000000e-01 -1.216207881412791935e-22 2.923273121915583903e-23
4.067382812500000000e-01 1.137189923374001635e-22 -5.063005306653531004e-23
4.072265625000000000e-01 -4.165966527079496643e-23 2.265263782712893952e-24
4.077148437500000000e-01 -2.602225356694973075e-23 -2.059701175601655374e-23
4.082031250000000000e-01 -1.075861789300594839e-23 -9.247368586167253178e-23
4.086914062500000000e-01 1.074256478610517153e-22 1.432708424283412985e-22
4.091796875000000000e-01 1.914057346232988660e-23 3.229661414654610281e-22
4.096679687500000000e-01 8.426963480390227452e-24 -1.210803323211509138e-22
4.101562500000000000e-01 -1.628461854499219398e-22 1.358790426885935759e-23
4.106445312500000000e-01 1.656658577826770003e-22 1.257346796049076059e-22
4.111328125000000000e-01 1.692312683642070237e-23 5.065993166060387148e-23
4.116210937500000000e-01 1.143053461035735780e-22 8.918118370538306916e-23
4.121093750000000000e-01 -1.415418416960135095e-22 -1.972391140158765483e-23
4.125976562500000000e-01 -6.531572183833354294e-23 1.982289127379716694e-22
4.130859375000000000e-01 -7.306542576702995847e-23 1.209444404304954811e-22
4.135742187500000000e-01 -9.058227155204125394e-23 -1.454854399356103645e-22
4.140625000000000000e-01 9.211705429446889869e-23 -7.954597101059997826e-23
4.145507812500000000e-01 -4.906856422647024811e-23 9.745600243323279016e-23
4.150390625000000000e-01 -2.350487990661734383e-22 -4.434558440615019597e-23
4.155273437500000000e-01 2.558989221793524493e-22 2.605971496893393453e-22
4.160156250000000000e-01 -1.712014136451941361e-22 -9.261222132871196503e-23
4.165039062500000000e-01 1.003136638611149793e-22 1.457279851612399253e-22
4.169921875000000000e-01 -2.984228335347009966e-22 -1.361294096388533241e-22
4.174804687500000000e-01 -5.770759805323827247e-23 -1.084316377543349224e-22
4.179687500000000000e-01 1.085503927022322636e-22 5.155942754202971547e-23
4.184570312500000000e-01 -1.692887829569921127e-22 -8.656482664381256113e-23
4.189453125000000000e-01 1.556197765534707082e-22 -1.132764922858625981e-22
4.194335937500000000e-01 -1.153489251830665891e-22 -4.796681527094000177e-23
4.199218750000000000e-01 1.492761143138649408e-22 -6.003441165905390811e-23
4.204101562500000000e-01 1.763675576350932404e-22 -1.405198233058103335e-22
4.208984375000000000e-01 9.982516747515592286e-23 2.076837213207073352e-22
4.213867187500000000e-01 8.385853146886887721e-23 -1.831570929820453529e-22
4.218750000000000000e-01 4.289625615966164924e-23 -1.650686229185048515e-23
4.223632812500000000e-01 4.028298048077544474e-23 2.808985412088300487e-23
4.228515625000000000e-01 7.554848672460944602e-23 1.932792290448833067e-22
4.233398437500000000e-01 3.142395179059020685e-23 4.294999752196728665e-23
4.238281250000000000e-01 2.206939910923764499e-22 2.430283784167319755e-22
4.243164062500000000e-01 8.759232962020454080e-23 -1.925841828277293528e-22
4.248046875000000000e-01 -4.952082250699752632e-25 -6.027084346527468904e-23
4.252929687500000000e-01 7.059296456669844502e-23 -1.598760691879036791e-22
4.257812500000000000e-01 5.138506666592249937e-23 6.102539624662531396e-23
4.262695312500000000e-01 -2.218126396702750575e-22 -4.512023752806189134e-23
4.267578125000000000e-01 7.818207410470060269e-23 3.616468209473062745e-22
4.272460937500000000e-01 -2.637809285114452184e-22 -2.303836071708042926e-22
4.277343750000000000e-01 1.214138054628514149e-22 -2.227772149156493111e-22
4.282226562500000000e-01 9.225154590453048355e-23 3.421943837262751078e-23
4.287109375000000000e-01 -1.513220696623613745e-22 3.365639927476208792e-23
4.291992187500000000e-01 -1.694312701346674027e-22 -9.922260193559068363e-23
4.296875000000000000e-01 6.678811241012124143e-24 -1.964781704223174927e-23
4.301757812500000000e-01 2.217313882309151336e-23 -3.026154269368278863e-22
4.306640625000000000e-01 2.614734839422246508e-23 -7.236670865629935853e-23
4.311523437500000000e-01 -1.306627955843563337e-22 1.176510152650735442e-22
4.316406250000000000e-01 1.266003103314184219e-22 -1.070011410093270764e-22
4.321289062500000000e-01 2.796852958034265385e-24 -8.997606109149037876e-23
4.326171875000000000e-01 -1.963643468507602893e-22 6.828725261061146644e-23
4.331054687500000000e-01 -9.863937221283564285e-24 1.864668432386257239e-22
4.335937500000000000e-01 -2.572142254488436419e-23 -2.931151746110290695e-23
4.340820312500000000e-01 -1.825536593510105118e-22 -2.593168139582943061e-23
4.345703125000000000e-01 1.293009774007015002e-22 6.744567681581784354e-24
4.350585937500000000e-01 -1.844070602253412253e-22 4.026254396887074255e-23
4.355468750000000000e-01 1.994673006801247955e-22 2.178720348665671114e-22
4.360351562500000000e-01 -2.713626107225131679e-22 2.972785539240342102e-24
4.365234375000000000e-01 2.086658350086699424e-22 1.795591218367631435e-23
4.370117187500000000e-01 -4.452860760191131542e-23 7.032009971258563372e-23
4.375000000000000000e-01 1.350221385300784443e-22 1.641862955910893285e-22
4.379882812500000000e-01 3.527982009878795978e-23 1.137614366688307478e-22
4.384765625000000000e-01 1.145499970936441581e-22 2.509646303058986870e-23
4.389648437500000000e-01 1.246416934743063657e-23 -1.147340929569241820e-22
4.394531250000000000e-01 4.331427401424754124e-23 -1.497819833721281354e-23
4.399414062500000000e-01 -9.152137446076393518e-23 2.012273347643006559e-22
4.404296875000000000e-01 2.538707199187190008e-23 1.525050211370634591e-22
4.409179687500000000e-01 -6.983785213524992289e-24 2.658810252423880735e-23
4.414062500000000000e-01 -5.755186613074966346e-23 1.084799801129040163e-22
4.418945312500000000e-01 -4.507869657008199610e-23 -3.748950903927130079e-23
4.423828125000000000e-01 -4.807944820009113505e-23 2.060973623478980154e-22
4.428710937500000000e-01 1.411350015384439538e-22 -2.875865914547389927e-22
4.433593750000000000e-01 -7.149156462975250478e-23 -6.657710857682438921e-23
4.438476562500000000e-01 -3.438011357414771540e-23 -2.393848226855495921e-23
4.443359375000000000e-01 2.607744872693439083e-23 -1.907778171017629114e-22
4.448242187500000000e-01 -5.730541681668712004e-23 -1.469080395458665636e-22
4.453125000000000000e-01 1.366625861624971301e-22 -2.456449999029462527e-24
4.458007812500000000e-01 9.021424582888020434e-23 9.773346287751333805e-23
4.462890625000000000e-01 -2.123576911653357500e-22 1.017448233475783306e-22
4.467773437500000000e-01 -5.999912524679822458e-23 -1.087851677526249796e-22
4.472656250000000000e-01 1.106225602548206372e-23 -5.178424503157550324e-23
4.477539062500000000e-01 -8.054729169153197011e-23 -7.249990794423507146e-23
4.482421875000000000e-01 4.785714036205841677e-23 1.712443216735006642e-22
4.487304687500000000e-01 9.955870582746766969e-23 -2.761093218469638165e-22
4.492187500000000000e-01 2.977573931001235013e-22 1.100342365422780658e-22
4.497070312500000000e-01 1.181892739258978576e-23 -4.099227646908026229e-22
4.501953125000000000e-01 2.222811191941013118e-23 1.461544115491578685e-22
4.506835937500000000e-01 5.774975705850234822e-23 -4.058848717210228869e-24
4.511718750000000000e-01 -5.040919138939217537e-23 3.072926407841985781e-23
4.516601562500000000e-01 -8.217862834591278315e-23 -1.781258140589318651e-22
4.521484375000000000e-01 1.593813406099133832e-22 1.838751272209724170e-22
4.526367187500000000e-01 1.271061151306812814e-22 -1.451420808078150342e-22
4.531250000000000000e-01 -1.167497217616668465e-22 1.961862452325408269e-22
4.536132812500000000e-01 8.510927832300867449e-23 -2.213567699013712055e-22
4.541015625000000000e-01 -1.629345930162323906e-22 -2.054805863247745978e-23
4.545898437500000000e-01 1.640415214036722354e-22 3.381031990447788040e-22
4.550781250000000000e-01 -5.701290115151524019e-23 -6.427299594165750533e-23
4.555664062500000000e-01 -4.245962643629598741e-25 -8.977930223070679881e-25
4.560546875000000000e-01 2.687454381219531933e-23 -7.121424720271795866e-23
4.565429687500000000e-01 -1.405349524267440554e-22 1.824383604073901634e-22
4.570312500000000000e-01 -1.457774965686036411e-22 5.482043818559645812e-24
4.575195312500000000e-01 1.932067419318325180e-23 -1.350472537207234467e-22
4.580078125000000000e-01 -1.938932855777669522e-26 1.639396731830487663e-22
4.584960937500000000e-01 -9.732261743731513327e-23 -2.256973815574326888e-22
4.589843750000000000e-01 -1.529574194776341867e-22 6.814296432836909079e-23
4.594726562500000000e-01 7.753590484473552452e-23 -6.492444716950891126e-23
4.599609375000000000e-01 2.517943016734665078e-24 -1.386954348952696047e-22
4.604492187500000000e-01 -1.169358460730898339e-22 1.558240615870767871e-22
4.609375000000000000e-01 -6.012403958395764583e-23 3.645960700100573989e-23
4.614257812500000000e-01 -2.795783465509718805e-22 2.266274921028375171e-23
4.619140625000000000e-01 -3.974010606475214699e-23 3.831716465388332600e-23
4.624023437500000000e-01 1.021938879620766650e-22 -3.748652198584495572e-23
4.628906250000000000e-01 -6.834883121056864994e-23 1.762382847026607805e-22
4.633789062500000000e-01 -1.494077262711152718e-22 8.089435969208576821e-23
4.638671875000000000e-01 3.863310406560843797e-23 1.065619040429629663e-23
4.643554687500000000e-01 -9.278636388832279546e-23 9.731879833588649549e-23
4.648437500000000000e-01 -5.898725921542846018e-23 -5.891022846030157413e-23
4.653320312500000000e-01 8.239294158451327736e-23 -1.079445583600071015e-22
4.658203125000000000e-01 3.472229781525926619e-22 4.536637553530026831e-23
4.663085937500000000e-01 -2.749915611626436563e-24 -6.606258657252789593e-25
4.667968750000000000e-01 3.273844000561559327e-22 4.884349654827745420e-24
4.672851562500000000e-01 -3.215025430994520062e-22 1.061436387931859636e-22
4.677734375000000000e-01 2.906137586378666818e-22 -1.700180822870001102e-23
4.682617187500000000e-01 3.535457263091608516e-23 1.654614599367117405e-22
4.687500000000000000e-01 7.277328535810082619e-23 -3.830650991793771416e-22
4.692382812500000000e-01 7.774421251764456222e-23 1.045647990597070041e-23
4.697265625000000000e-01 2.159280646504398759e-22 7.827863537186529912e-23
4.702148437500000000e-01 1.949493184257403284e-23 -8.772498371447183452e-23
4.707031250000000000e-01 -1.279887234884103681e-22 -6.478594788356049194e-23
4.711914062500000000e-01 1.189764837106842142e-22 3.212662801822774606e-23
4.716796875000000000e-01 -1.569822061923743420e-22 1.273327788323053400e-22
4.721679687500000000e-01 8.122435555184524255e-23 -1.371162078126022030e-22
4.726562500000000000e-01 9.902705084992721588e-23 -1.218320662951904715e-22
4.731445312500000000e-01 1.706237381775024003e-22 3.674329984808117002e-22
4.736328125000000000e-01 -1.035578870865941922e-22 5.574278867577031555e-23
4.741210937500000000e-01 -2.244701534962847465e-22 9.517569145787189263e-23
4.746093750000000000e-01 1.414044392077865740e-22 -1.251706611707893310e-22
4.750976562500000000e-01 2.662781442608525150e-24 -1.324474571064558613e-22
4.755859375000000000e-01 -9.583437544410108378e-24 -7.912761062023560709e-23
4.760742187500000000e-01 -3.995017775013545277e-23 1.876173699729644750e-23
4.765625000000000000e-01 -1.789578497529526664e-22 1.589912781877968739e-22
4.770507812500000000e-01 2.160107985086625004e-22 -1.452248532102408587e-22
4.775390625000000000e-01 1.554495985967326368e-22 -1.974768489390561196e-22
4.780273437500000000e-01 -3.274607680102443377e-22 8.313661439681483254e-23
4.785156250000000000e-01 8.851989947616439163e-24 1.806770369107605865e-22
4.790039062500000000e-01 -1.783603546302284999e-22 -1.242717872232955240e-22
4.794921875000000000e-01 3.279181136210096655e-23 3.199976268716466994e-23
4.799804687500000000e-01 1.504904788333071296e-23 1.299445263141632664e-22
4.804687500000000000e-01 -3.011550148531296017e-23 -2.269136093515438213e-22
4.809570312500000000e-01 1.669437595424911281e-22 1.501175114350820097e-22
4.814453125000000000e-01 1.491227501383264851e-23 -1.286394416839597449e-22
4.819335937500000000e-01 6.450931039253511834e-23 2.096055257276077868e-22
4.824218750000000000e-01 1.047285940542232668e-22 -4.665544988386217954e-23
4.829101562500000000e-01 -1.610259173950586175e-22 -2.426746378597355112e-22
4.833984375000000000e-01 -2.612028939198269011e-22 1.060788359476401660e-22
4.838867187500000000e-01 -4.106485737966625441e-24 3.653099361645809431e-23
4.843750000000000000e-01 -1.806102749003319524e-22 1.090860875538174968e-22
4.848632812500000000e-01 1.404741477696479699e-22 -1.771671272021925759e-22
4.853515625000000000e-01 -1.244188004652727908e-23 2.150569630177350152e-23
4.858398437500000000e-01 2.135261750635487601e-22 3.948409161945234780e-22
4.863281250000000000e-01 -3.408404465227609911e-23 -2.032265990501759475e-22
4.868164062500000000e-01 -1.405615005810353970e-22 9.034248800282029282e-23
4.873046875000000000e-01 -6.328131769751976073e-23 -2.361839899714818580e-22
4.877929687500000000e-01 -1.553863696114838802e-22 -3.248406426103532550e-22
4.882812500000000000e-01 1.397692226556713046e-22 -1.407627281429701515e-22
4.887695312500000000e-01 -9.585386528425360892e-23 -8.180587281650517613e-23
4.892578125000000000e-01 2.221018463069114987e-23 -1.837304757109928935e-22
4.897460937500000000e-01 -2.085442505996964482e-22 2.417168965421761664e-22
4.902343750000000000e-01 -2.030511875701405912e-22 6.311797234256170516e-23
4.907226562500000000e-01 3.415624862123624378e-23 -1.040196286811045007e-22
4.912109375000000000e-01 -3.833765478464943761e-23 1.657422758255439283e-22
4.916992187500000000e-01 -1.056709494467747946e-23 3.252702308783944842e-23
4.921875000000000000e-01 -7.028278184043952158e-23 -1.022045257878467939e-22
4.926757812500000000e-01 -1.738498242411683302e-22 -3.089624690357425883e-22
4.931640625000000000e-01 3.853286742418966924e-23 2.169191739465254019e-22
4.936523437500000000e-01 1.401443677496933276e-22 -4.888798795793629661e-23
4.941406250000000000e-01 7.364170889284106413e-23 3.285703338406335097e-22
4.946289062500000000e-01 7.861772295596794757e-23 1.612667106339423163e-22
4.951171875000000000e-01 2.373637062647393931e-23 1.945911801183911410e-22
4.956054687500000000e-01 2.056937453048229430e-22 1.183702237842581945e-22
4.960937500000000000e-01 2.599671205881968959e-22 1.011268497090307478e-22
4.965820312500000000e-01 1.075790717021433635e-22 -6.668531009017092878e-23
4.970703125000000000e-01 1.838264320645446556e-22 8.078593498029376336e-23
4.975585937500000000e-01 1.888423891610120411e-22 1.132967093813765200e-22
4.980468750000000000e-01 -4.145304961747360773e-23 -5.251647889777947711e-23
4.985351562500000000e-01 1.549858950900803362e-22 -2.714284970566617989e-22
4.990234375000000000e-01 1.832825225114656084e-22 -1.674020970741892924e-23
4.995117187500000000e-01 -1.296748458089328048e-22 -5.346781130009043142e-23
5.000000000000000000e-01 9.647863197784858740e-23 1.120401685687072580e-22
5.004882812500000000e-01 8.957577931476290321e-23 -1.095601158117885053e-22
5.009765625000000000e-01 -4.254665780915413740e-23 1.726086828538907974e-22
5.014648437500000000e-01 -7.739583002179307529e-23 -8.290014210444079994e-23
5.019531250000000000e-01 -7.986601152680574127e-23 3.394764753893266640e-22
5.024414062500000000e-01 1.940939909917085100e-23 -1.389263936683912104e-22
5.029296875000000000e-01 -4.272075667479828205e-24 -1.337879237590045294e-23
5.034179687500000000e-01 -2.544057204926293321e-22 -5.342420432386035355e-23
5.039062500000000000e-01 -8.092016653221143458e-23 3.138123297697023160e-22
5.043945312500000000e-01 -4.158471249020662674e-23 -1.947595930321501986e-22
5.048828125000000000e-01 -8.702824277932567278e-23 5.513264913654079512e-23
5.053710937500000000e-01 1.801118478299450393e-22 -7.755856133511092872e-23
5.058593750000000000e-01 -2.249089453064951990e-22 -8.021885963149958429e-24
5.063476562500000000e-01 -1.069871128516947384e-23 6.752079069827743810e-23
5.068359375000000000e-01 1.291665153057494254e-23 -2.896567128837373368e-22
5.073242187500000000e-01 9.764811435201528959e-23 3.003261920814696878e-22
5.078125000000000000e-01 -2.351115132673408420e-22 -1.377634473586090631e-22
5.083007812500000000e-01 -9.496219509550852824e-23 -9.035805641371456305e-23
5.087890625000000000e-01 -1.369198331846331503e-22 1.173725207404838930e-23
5.092773437500000000e-01 3.402879640536770138e-23 -2.171466216476955021e-23
5.097656250000000000e-01 6.214648231421105750e-23 -1.076035760046060102e-22
5.102539062500000000e-01 2.329715136458830082e-22 -1.625572991963705185e-22
5.107421875000000000e-01 4.494563702532425115e-23 -7.306778314609184321e-23
5.112304687500000000e-01 9.853495056698876376e-23 1.833836472312986847e-22
5.117187500000000000e-01 -2.657595467850704768e-22 -3.910001316267632028e-22
5.122070312500000000e-01 9.875916146083215370e-23 -2.865193952996628816e-22
5.126953125000000000e-01 -1.035414271997252926e-23 1.213566950764999903e-22
5.131835937500000000e-01 -9.587650022722172796e-23 1.098242636962723227e-22
5.136718750000000000e-01 2.158447376634957303e-23 -7.001892273309702121e-23
5.141601562500000000e-01 -3.064623300889026163e-23 -2.873953724659166361e-23
5.146484375000000000e-01 1.669643396638937134e-23 -4.228866820263823746e-23
5.151367187500000000e-01 -5.062061967227556629e-23 1.280675399827589670e-22
5.156250000000000000e-01 1.133453985909862599e-22 -1.170740704448776328e-22
5.161132812500000000e-01 -1.094022491543675841e-22 -6.626743309490912611e-23
5.166015625000000000e-01 -1.197407562156366456e-22 1.089260969371608509e-22
5.170898437500000000e-01 1.082503394498835556e-22 -8.890188814449820692e-23
5.175781250000000000e-01 3.518365755014686385e-23 1.660330246949267108e-22
5.180664062500000000e-01 -2.178555393215711870e-22 -1.141735441761105648e-22
5.185546875000000000e-01 2.184776695956259063e-22 1.069371207751987604e-22
5.190429687500000000e-01 -1.363504288228215904e-22 -2.081116086600628458e-23
5.195312500000000000e-01 -2.253923088997463752e-23 3.165724541712306141e-22
5.200195312500000000e-01 -2.364433375564125354e-23 -6.912798400790989159e-24
5.205078125000000000e-01 1.253059829131002005e-22 9.855877144053528906e-23
5.209960937500000000e-01 -6.454753816622705739e-24 8.731760680685797675e-23
5.214843750000000000e-01 1.145337823265653046e-22 -3.813956729826036973e-22
5.219726562500000000e-01 -1.525229458890659076e-22 5.703406691983444727e-23
5.224609375000000000e-01 2.548003128003788226e-23 -1.229626660902282760e-22
5.229492187500000000e-01 2.335217064771272880e-23 -4.061918965986614154e-24
5.234375000000000000e-01 1.276011972429085481e-22 -1.218816229255196299e-22
5.239257812500000000e-01 2.946531504634824961e-23 8.586040436822721260e-23
5.244140625000000000e-01 -7.694127103191833361e-23 2.133543394637815068e-22
5.249023437500000000e-01 -2.453782376537428885e-22 1.111568059624957407e-22
5.253906250000000000e-01 2.110380142127279304e-22 2.192507625834618641e-22
5.258789062500000000e-01 -3.749400402048863604e-23 -3.772730389808501190e-23
5.263671875000000000e-01 6.347160352165612655e-23 3.527699467953851809e-22
5.268554687500000000e-01 -2.432431849663773261e-22 -3.772682174761861962e-25
5.273437500000000000e-01 6.776293684675605277e-23 1.553991298747336796e-22
5.278320312500000000e-01 1.987540209692925943e-23 2.509627050877278783e-22
5.283203125000000000e-01 1.023959943788756961e-22 -2.508494188932072066e-22
5.288085937500000000e-01 2.781699506965676647e-22 3.926259017109940553e-24
5.292968750000000000e-01 -2.173452973469893994e-22 -5.618602653586875276e-23
5.297851562500000000e-01 1.801000767866392701e-22 -1.598708584463057168e-22
5.302734375000000000e-01 5.367766576122794730e-23 -1.977825639460097955e-23
5.307617187500000000e-01 -4.312211281711700477e-23 1.671326341472584704e-22
5.312500000000000000e-01 6.317484654543982421e-23 6.232498044778546142e-23
5.317382812500000000e-01 -1.138969747940925950e-22 -8.012503542930832033e-23
5.322265625000000000e-01 -1.572066378285476260e-22 -1.718877165859359001e-22
5.327148437500000000e-01 2.808129821198856826e-22 -1.038463014608350957e-22
5.332031250000000000e-01 -9.351911736130019665e-23 6.594718729783708704e-23
5.336914062500000000e-01 2.395919976543088272e-22 -1.813896393848000699e-22
5.341796875000000000e-01 -4.174239160947177031e-23 1.220346168180408252e-22
5.346679687500000000e-01 6.254710086500593168e-23 -5.031409997039938908e-23
5.351562500000000000e-01 7.159352132861010045e-23 -8.559834789498868423e-23
5.356445312500000000e-01 1.007627042220203500e-22 -1.125311310879315593e-22
5.361328125000000000e-01 1.516799057141961353e-22 1.735364468084314287e-22
5.366210937500000000e-01 -1.088879786367392316e-22 7.148474389043705486e-23
5.371093750000000000e-01 1.218265411577517137e-23 -2.668055262570522993e-22
5.375976562500000000e-01 3.127069253920718437e-23 1.358557800353708916e-22
5.380859375000000000e-01 -5.285217375817776084e-23 1.346005501849093647e-23
5.385742187500000000e-01 -5.574929733877570303e-23 -1.006427606850802566e-23
5.390625000000000000e-01 -2.885147321614156811e-22 4.850815348260186855e-23
5.395507812500000000e-01 -4.279443193520348806e-24 -6.226409684684262575e-24
5.400390625000000000e-01 -1.444925541184429910e-22 1.916833487004776715e-22
5.405273437500000000e-01 -7.146728780441931505e-23 -3.340070396777042455e-22
5.410156250000000000e-01 -9.952867250052498247e-23 -4.487002062117819574e-23
5.415039062500000000e-01 9.242282952141462832e-23 -1.089177346838989734e-22
5.419921875000000000e-01 -1.249345865125498212e-22 1.030737720716003330e-22
5.424804687500000000e-01 3.519868125450365703e-23 -1.742819396372065260e-22
5.429687500000000000e-01 -2.090736801939823300e-23 -2.099899731234527175e-22
5.434570312500000000e-01 -1.818241865581689796e-22 -1.791925552940734739e-22
5.439453125000000000e-01 -4.621698580626638791e-23 -1.878273804369119406e-22
5.444335937500000000e-01 2.008817403840097393e-22 -1.318074777309742815e-22
5.449218750000000000e-01 -9.919946089311736744e-25 3.623384176894826644e-24
5.454101562500000000e-01 -2.967859201601511455e-23 -2.118160199346238237e-23
5.458984375000000000e-01 1.152948562488080391e-22 9.438615898490098006e-23
5.463867187500000000e-01 -1.248781247287733379e-22 1.527733548763860814e-22
5.468750000000000000e-01 8.155646795120854344e-23 8.257294747041688500e-23
5.473632812500000000e-01 -1.888201740355029712e-22 -4.624897134556767303e-23
5.478515625000000000e-01 1.302789126689918758e-22 1.064865807045392296e-22
5.483398437500000000e-01 -5.902417646025480387e-23 2.426932419316616444e-22
5.488281250000000000e-01 -8.188464427844022196e-23 2.536487758951826674e-23
5.493164062500000000e-01 -3.199973982964798349e-23 6.344169873046944622e-23
5.498046875000000000e-01 -1.820507111477745450e-22 1.260479613928628206e-22
5.502929687500000000e-01 7.982984339896142218e-23 1.634806374833228499e-22
5.507812500000000000e-01 -2.256708592254574416e-23 2.636167858783171922e-23
5.512695312500000000e-01 3.780000086165948102e-22 8.821278547119945936e-23
5.517578125000000000e-01 4.627955559019772181e-24 8.258207676575640453e-23
5.522460937500000000e-01 -2.959586514106970630e-23 3.512572183850898610e-23
5.527343750000000000e-01 7.417157415050703059e-23 -5.628410282608872193e-23
5.532226562500000000e-01 -2.084548442327327771e-22 -2.267820998149207692e-22
5.537109375000000000e-01 7.516587848621124070e-23 -7.698505573235143506e-23
5.541992187500000000e-01 7.891405320255538924e-23 2.833884423402290654e-22
5.546875000000000000e-01 4.916052738306136454e-23 -1.477380490804045135e-22
5.551757812500000000e-01 1.804025185383103801e-22 3.405236210538740043e-23
5.556640625000000000e-01 -2.485905548544422792e-22 3.701709398209354271e-23
5.561523437500000000e-01 -1.283015376480029854e-22 1.187754342839446874e-22
5.566406250000000000e-01 -9.863483907295071194e-23 5.005937274592848629e-23
5.571289062500000000e-01 2.510036821879265721e-22 -1.112452444262445017e-22
5.576171875000000000e-01 5.892017741382133903e-23 1.196911503090394521e-23
5.581054687500000000e-01 1.435669673848567094e-22 9.865077563230445585e-23
5.585937500000000000e-01 1.435829251804865889e-22 -2.695146821044571048e-22
5.590820312500000000e-01 4.396127785119016224e-23 1.901962686610718011e-22
5.595703125000000000e-01 -1.774751188873441556e-23 7.455268720540627368e-23
5.600585937500000000e-01 1.355233117632695710e-22 -5.927182169253842441e-25
5.605468750000000000e-01 -1.228033540715769556e-22 4.439518700805926773e-23
5.610351562500000000e-01 6.433237597284891489e-23 -7.379854656599629944e-23
5.615234375000000000e-01 -8.455442688449247478e-23 -5.092269452476820955e-24
5.620117187500000000e-01 1.019831287341512317e-22 1.055470312932588202e-22
5.625000000000000000e-01 -2.225577951298566148e-23 2.160302122911668841e-23
5.629882812500000000e-01 -2.058876022180954154e-22 -2.541573041024195267e-23
5.634765625000000000e-01 1.372788173978903181e-22 -1.888777647923273741e-22
5.639648437500000000e-01 4.362275974017125728e-23 -5.263376403602755666e-23
5.644531250000000000e-01 1.467966581047878374e-23 -1.591109518538430654e-23
5.649414062500000000e-01 -2.962035860194071550e-22 -7.073042420049687740e-23
5.654296875000000000e-01 5.570324930660061055e-23 5.229109897696799150e-23
5.659179687500000000e-01 -9.538919716111983110e-23 1.211692054019756820e-22
5.664062500000000000e-01 -4.370720719648697800e-23 -1.245916945290362660e-23
5.668945312500000000e-01 -8.384907481426519139e-23 -2.422141534029105397e-23
5.673828125000000000e-01 1.230281238804964834e-22 1.391138061572988625e-23
5.678710937500000000e-01 1.266186363881376197e-22 -2.351491426061879854e-22
5.683593750000000000e-01 -1.958019893978473887e-22 -5.454729437297134149e-23
5.688476562500000000e-01 -1.546193878588895039e-22 -5.588226636474186111e-23
5.693359375000000000e-01 3.548166282188870157e-23 -5.553666406506844945e-24
5.698242187500000000e-01 -2.901399292804868394e-23 1.592159534691023762e-23
5.703125000000000000e-01 6.916354799060552079e-23 -2.882910805586513150e-22
5.708007812500000000e-01 -1.139310747117485457e-22 8.800482026006708809e-23
5.712890625000000000e-01 1.800024977636396013e-22 -1.801492480078592270e-22
5.717773437500000000e-01 -3.472199426065589880e-23 1.485822409365197706e-22
5.722656250000000000e-01 1.910682443203686454e-22 1.174006836550770039e-22
5.727539062500000000e-01 -1.668551496151833472e-22 1.174003218500011722e-22
5.732421875000000000e-01 1.899072251673275243e-22 -2.407996462034089648e-22
5.737304687500000000e-01 -6.484137797840097596e-23 6.059585316431275811e-23
5.742187500000000000e-01 -6.144552794662407486e-23 -1.262794768009686540e-22
5.747070312500000000e-01 -1.867027836486628440e-23 1.221295468686491111e-22
5.751953125000000000e-01 1.791593833441164941e-22 1.554652839719811054e-22
5.756835937500000000e-01 -3.400230927581532315e-22 -2.375717183378436564e-23
5.761718750000000000e-01 8.833361423853613687e-23 1.361929694177261716e-22
5.766601562500000000e-01 -7.565787821625525516e-23 1.336326161483288376e-22
5.771484375000000000e-01 -5.952527078817996870e-23 1.111483533999260785e-22
5.776367187500000000e-01 2.485810241837852907e-22 -9.744194131314993940e-23
5.781250000000000000e-01 -1.348906639143825902e-23 9.153100583419170222e-23
5.786132812500000000e-01 6.261628155254046247e-23 -3.124362200701868505e-24
5.791015625000000000e-01 4.149455506469487818e-23 -2.140176335108133856e-22
5.795898437500000000e-01 2.590626561877532598e-22 6.497346579744899341e-23
5.800781250000000000e-01 -2.507643298033441540e-23 -8.108479203043860409e-23
5.805664062500000000e-01 1.622724451860810433e-22 -3.770561885606556323e-23
5.810546875000000000e-01 -2.447990903320466859e-23 -1.029664512659627463e-22
5.815429687500000000e-01 -2.410049953753278825e-22 -9.115420324688963789e-23
5.820312500000000000e-01 7.115340406624114454e-23 4.844027359744990389e-23
5.825195312500000000e-01 -4.500238240183658268e-24 -4.458387293871900656e-24
5.830078125000000000e-01 -5.661231401768879941e-23 -1.018940355755761715e-22
5.834960937500000000e-01 1.173835369506816049e-22 1.264202202197529232e-22
5.839843750000000000e-01 -4.358758155931420206e-22 1.644018866185995755e-22
5.844726562500000000e-01 -6.161194693050962348e-23 4.919742911734530852e-23
5.849609375000000000e-01 -1.250857671578498011e-22 -1.283368266745312099e-22
5.854492187500000000e-01 8.560056651174668806e-23 -6.684446366828263542e-23
5.859375000000000000e-01 1.046327849089366090e-23 1.058769198927206592e-22
5.864257812500000000e-01 -2.072734740887309490e-22 -2.671731296508892515e-22
5.869140625000000000e-01 -2.358145225802534708e-23 6.056772654473122765e-23
5.874023437500000000e-01 -9.062510112874870106e-24 1.569423532257684795e-23
5.878906250000000000e-01 4.018371481085819012e-23 -1.301723608991261157e-22
5.883789062500000000e-01 -6.475883477192508474e-24 7.586525681910462253e-23
5.888671875000000000e-01 1.985162373727312375e-22 -1.294005760490983077e-22
5.893554687500000000e-01 -6.058218365985189155e-23 3.559526408476090644e-22
5.898437500000000000e-01 3.496986149432292794e-23 8.871344370401595676e-23
5.903320312500000000e-01 1.772916756051080728e-23 2.922329248757941785e-23
5.908203125000000000e-01 -1.329453876228383548e-22 -7.115981015973484142e-23
5.913085937500000000e-01 1.316021805087671281e-22 2.461200195194641364e-22
5.917968750000000000e-01 1.329212577147219117e-22 2.226432624456408769e-22
5.922851562500000000e-01 7.924547641435161737e-23 -6.833472245004071032e-23
5.927734375000000000e-01 -1.370370759249546709e-22 1.906565804328179315e-22
5.932617187500000000e-01 -1.193005072529715929e-23 -1.412090877873982564e-22
5.937500000000000000e-01 7.809063661935925619e-23 1.712917106090898499e-22
5.942382812500000000e-01 9.494180391114584230e-23 -1.588134497091616250e-22
5.947265625000000000e-01 9.709335322440280808e-24 7.899761086801871370e-24
5.952148437500000000e-01 1.605745963421869647e-22 -3.147805300235713136e-23
5.957031250000000000e-01 4.528584430262643740e-23 2.294115523024964436e-22
5.961914062500000000e-01 9.593887499822861780e-24 -1.870778392113044794e-23
5.966796875000000000e-01 1.254708776115505990e-22 -3.872818449732283005e-23
5.971679687500000000e-01 -1.306080723642511717e-22 1.029669249565305254e-22
5.976562500000000000e-01 -2.546271549251668104e-22 -4.186160028239478080e-23
5.981445312500000000e-01 1.836220896143074159e-23 -3.893957349313521882e-23
5.986328125000000000e-01 -2.196656241681084985e-22 -2.584107475782667950e-22
5.991210937500000000e-01 1.162522591884551521e-22 -2.393511438331755204e-23
5.996093750000000000e-01 -1.282262007383351499e-22 -1.487488566171724119e-22
6.000976562500000000e-01 2.255080987957486284e-22 -1.103210762147850987e-22
6.005859375000000000e-01 -1.525833438151536592e-22 -1.221848174464122715e-22
6.010742187500000000e-01 1.262802477597461123e-22 1.974434939624242887e-22
6.015625000000000000e-01 8.398742667437062645e-23 -1.157112922246558622e-22
6.020507812500000000e-01 2.443853306103694046e-22 3.191869500828715310e-23
6.025390625000000000e-01 -3.943522603344073237e-23 -7.758544655819770002e-23
6.030273437500000000e-01 3.604649997123746255e-23 6.873807911047590119e-23
6.035156250000000000e-01 9.645788131694451364e-23 -1.527113298359575840e-22
6.040039062500000000e-01 3.328613799165740849e-23 2.100571303841084998e-23
6.044921875000000000e-01 -1.304744825924151899e-22 -1.739256468994619780e-22
6.049804687500000000e-01 -1.550485763481352611e-22 -1.669190417585861095e-22
6.054687500000000000e-01 -5.139644819577705055e-23 2.699720676780220777e-23
6.059570312500000000e-01 1.021595039684009115e-22 -3.936397300121821531e-23
6.064453125000000000e-01 -1.152951353704726597e-22 2.790913263039895014e-22
6.069335937500000000e-01 -3.456783181985345100e-23 -1.145018721089615024e-22
6.074218750000000000e-01 -1.750202221482438662e-23 4.051998880620519657e-23
6.079101562500000000e-01 -8.379753557700013860e-23 -2.870770126443475154e-22
6.083984375000000000e-01 1.773653977021710234e-22 -2.167674292088850023e-23
6.088867187500000000e-01 -7.815742034855066629e-23 -1.296628548266444630e-22
6.093750000000000000e-01 -1.748165558888295658e-22 -9.281928910094462701e-23
6.098632812500000000e-01 1.743128346484644282e-22 -5.960754540011732118e-24
6.103515625000000000e-01 -8.256624539700246715e-23 -3.127485548591504340e-23
6.108398437500000000e-01 6.256317726631665556e-24 -3.824951297467794230e-23
6.113281250000000000e-01 1.104321713763391600e-23 1.286230721186023539e-22
6.118164062500000000e-01 1.810077700885611167e-22 7.877791047509305308e-23
6.123046875000000000e-01 -1.861823013953732925e-22 2.673820124729871788e-22
6.127929687500000000e-01 8.352457847492985587e-25 8.108730914434778001e-24
6.132812500000000000e-01 8.497121093681014773e-24 1.052334367522883406e-22
6.137695312500000000e-01 1.481819287726678208e-22 -6.287213689172653412e-24
6.142578125000000000e-01 -1.485509071648435518e-23 9.608733735319610179e-23
6.147460937500000000e-01 -1.846203265508514307e-22 4.815646884893733804e-22
6.152343750000000000e-01 -1.166927273524171834e-22 -3.605439944828008152e-23
6.157226562500000000e-01 3.137115771997489348e-23 -4.396747334357102318e-23
6.162109375000000000e-01 1.851313426294296125e-22 1.452460734911460450e-22
6.166992187500000000e-01 -4.426655669120267401e-23 3.513883147031692420e-22
6.171875000000000000e-01 -8.108983022607809289e-23 -1.851762175049576879e-22
6.176757812500000000e-01 9.295044872728079177e-23 -2.081640772298047280e-22
6.181640625000000000e-01 -1.299810415018200131e-22 -4.835633616444681143e-23
6.186523437500000000e-01 1.811196253430994145e-23 -1.322581393338661116e-22
6.191406250000000000e-01 -1.560239382576570249e-22 6.008530812140739806e-23
6.196289062500000000e-01 -1.772395616502609319e-22 -7.612775686078974945e-23
6.201171875000000000e-01 1.311174046548103137e-22 -5.646040893558869209e-23
6.206054687500000000e-01 -4.120914730612552870e-23 -1.370485758864152105e-23
6.210937500000000000e-01 -1.553394944998282415e-22 6.446616334146555977e-23
6.215820312500000000e-01 1.273884275587150974e-22 2.476855004718779220e-22
6.220703125000000000e-01 -6.052965063348277222e-24 -5.678129710888639903e-23
6.225585937500000000e-01 -2.741837811903639163e-23 8.480239797125767579e-23
6.230468750000000000e-01 1.271910112227961926e-22 1.380138961007436823e-23
6.235351562500000000e-01 2.923383750809555205e-22 -1.867703927086441250e-23
6.240234375000000000e-01 1.001500510294319098e-22 6.164481228561751946e-23
6.245117187500000000e-01 -1.570748212615365777e-22 4.742694716161069644e-23
6.250000000000000000e-01 3.505775120300790572e-23 -2.465539681279418618e-23
6.254882812500000000e-01 -2.036076197218687246e-22 -7.167254205391288260e-23
6.259765625000000000e-01 2.410745397877160398e-22 6.939560932229349252e-23
6.264648437500000000e-01 -9.812040536367707238e-23 -1.601166612969698934e-22
6.269531250000000000e-01 9.344948472235879284e-23 2.898758519628788590e-22
6.274414062500000000e-01 -4.805705235888527953e-23 -2.100848383411824043e-22
6.279296875000000000e-01 -1.052571929385092687e-22 2.886144298536344091e-23
6.284179687500000000e-01 -2.161950226462774978e-24 9.028034546765984742e-23
6.289062500000000000e-01 1.708796406871258156e-22 -3.229939396272136933e-22
6.293945312500000000e-01 7.848042993167601711e-23 3.149879043214217083e-23
6.298828125000000000e-01 -3.528275382893595756e-23 -1.098096304885533787e-22
6.303710937500000000e-01 -1.756760563865249561e-23 -1.634197913026723121e-22
6.308593750000000000e-01 1.187370658150557853e-22 6.748939129588288945e-23
6.313476562500000000e-01 -1.542869310456879237e-23 -1.516878202163827788e-22
6.318359375000000000e-01 1.704897621070291619e-22 -2.793982865790705454e-22
6.323242187500000000e-01 -1.095488941156445638e-22 -2.247985551713463636e-22
6.328125000000000000e-01 -9.155679071261856056e-24 1.142053202583885403e-22
6.333007812500000000e-01 2.187857750790255304e-23 1.060267470526416243e-22
6.337890625000000000e-01 -1.925025970586539358e-22 -1.937471257060862559e-22
6.342773437500000000e-01 1.586992940595198635e-22 -1.193200700838935333e-22
6.347656250000000000e-01 -4.663652503109622288e-23 2.180441912691065676e-22
6.352539062500000000e-01 -6.613249108282886830e-23 -1.647651869265942330e-22
6.357421875000000000e-01 -7.363642163919467693e-23 -1.451321046195386527e-23
6.362304687500000000e-01 6.913227708892973597e-23 -2.314910925976133270e-24
6.367187500000000000e-01 1.055984957569317112e-22 7.282872962342137249e-23
6.372070312500000000e-01 1.463861003025716287e-23 7.897474536824201860e-23
6.376953125000000000e-01 1.554710212955708570e-23 5.638890445220099644e-23
6.381835937500000000e-01 8.408990086498941266e-23 2.009296994361307084e-22
6.386718750000000000e-01 7.828369709417180990e-23 5.216188583351554870e-23
6.391601562500000000e-01 -6.609611507595495366e-23 4.930387376265343780e-23
6.396484375000000000e-01 1.410819797366611656e-23 -9.478265635662875958e-23
6.401367187500000000e-01 -1.911808913807809355e-23 2.814040105635930805e-22
6.406250000000000000e-01 2.692298487883083449e-23 1.350241897244342253e-22
6.411132812500000000e-01 -6.343538862471019339e-23 2.096625040096511604e-22
6.416015625000000000e-01 -1.127482705783894218e-22 -7.319364096312559657e-23
6.420898437500000000e-01 -4.241067778612781705e-23 1.109367732769083029e-22
6.425781250000000000e-01 -1.103321642683414108e-22 -1.363632877865063489e-23
6.430664062500000000e-01 -9.423604434814412368e-23 -1.555340986524384815e-22
6.435546875000000000e-01 1.816508091723039651e-22 1.084980328632247853e-22
6.440429687500000000e-01 -2.264471640209820826e-22 -8.291065523390481117e-23
6.445312500000000000e-01 -1.825879742219304998e-22 -5.959977444024841212e-23
6.450195312500000000e-01 2.950478943909642073e-22 -1.915135799999550312e-22
6.455078125000000000e-01 5.500673120534663699e-23 7.596663016810603797e-23
6.459960937500000000e-01 -3.051247161076106800e-23 -8.387740952169536565e-24
6.464843750000000000e-01 -7.330100511358411379e-23 -3.936393610898378779e-24
6.469726562500000000e-01 1.216445549928887071e-22 1.514322719750004446e-22
6.474609375000000000e-01 -1.935624804167598702e-22 -5.977960096351967337e-23
6.479492187500000000e-01 -1.075292532239589011e-22 -4.533458926132488753e-23
6.484375000000000000e-01 8.890382455385962733e-23 -1.916016699513069110e-22
6.489257812500000000e-01 -1.573958971913518677e-22 -4.066980192371987653e-23
6.494140625000000000e-01 -5.607844587810950574e-23 2.809012281461262514e-23
6.499023437500000000e-01 -1.108606588949316614e-22 -1.721652067330781139e-22
6.503906250000000000e-01 -1.337935769204559864e-22 3.620265097431761198e-23
6.508789062500000000e-01 2.032863836891560292e-22 9.895075454341478322e-23
6.513671875000000000e-01 -4.671195618383615226e-23 1.180806432256863109e-22
6.518554687500000000e-01 3.594571835380687747e-23 1.671757557746816429e-22
6.523437500000000000e-01 2.416590372859919327e-22 2.629579363687911883e-22
6.528320312500000000e-01 -3.548595849176668741e-23 2.881863946734814478e-24
6.533203125000000000e-01 -7.948803212397255352e-23 -6.229241779488693361e-23
6.538085937500000000e-01 -8.293967749573424809e-23 4.911337225111397757e-23
6.542968750000000000e-01 -3.664623112944999393e-24 -7.934597953530555716e-23
6.547851562500000000e-01 1.350299353200664264e-22 -1.346962988862805940e-22
6.552734375000000000e-01 -6.368974169456077881e-23 -2.456635066477918743e-22
6.557617187500000000e-01 7.250254694744105493e-23 -1.894318097424440742e-23
6.562500000000000000e-01 2.035619877558208343e-22 1.221432341801593727e-22
6.567382812500000000e-01 1.147798193705231305e-22 3.738815884125983315e-23
6.572265625000000000e-01 1.599171768056358022e-22 -1.822099083934713647e-22
6.577148437500000000e-01 -2.412899219909993396e-22 2.819878775526440924e-22
6.582031250000000000e-01 -2.919731416007527219e-23 -9.254391166419691636e-23
6.586914062500000000e-01 8.515806950440904810e-23 -9.391740430288159566e-24
6.591796875000000000e-01 -1.275655730963175127e-22 -1.286049194184422919e-22
6.596679687500000000e-01 1.555010750629224638e-22 -1.838542292227772057e-23
6.601562500000000000e-01 -1.129929440811122246e-22 -3.547212086269199009e-23
6.606445312500000000e-01 2.273952508431058902e-23 -1.313540296325140215e-23
6.611328125000000000e-01 2.201026559741890774e-22 1.056519868851194761e-22
6.616210937500000000e-01 -3.141226191118528247e-23 -1.799542405755003190e-22
6.621093750000000000e-01 5.735813021274074395e-23 1.008326464935558179e-22
6.625976562500000000e-01 -1.691770607524667370e-22 -3.754555052493044670e-23
6.630859375000000000e-01 1.061972882038628372e-22 -7.986279870336798138e-23
6.635742187500000000e-01 2.959550372211222452e-23 6.683973764110327926e-23
6.640625000000000000e-01 4.989875560677982556e-23 4.418597311341386939e-23
6.645507812500000000e-01 -2.352853972347924365e-23 1.385603017600845311e-22
6.650390625000000000e-01 4.009136580820236560e-23 2.375531682495883147e-23
6.655273437500000000e-01 1.474420429364258962e-22 -1.606754246586942483e-23
6.660156250000000000e-01 -1.928540030968800150e-22 9.853747599058427926e-23
6.665039062500000000e-01 2.429733726995917722e-23 -1.035353075776148239e-22
6.669921875000000000e-01 -1.213242024542054918e-22 -9.950558385140627740e-24
6.674804687500000000e-01 2.302501940690872593e-23 -1.646595292662325327e-22
6.679687500000000000e-01 -4.759355656116429833e-23 1.628135675462487741e-22
6.684570312500000000e-01 -1.139348425521803183e-22 -1.462463520048152401e-22
6.689453125000000000e-01 1.694925428558706507e-22 -1.599804293673924825e-22
6.694335937500000000e-01 2.049764719614131367e-23 -2.682615270066366634e-23
6.699218750000000000e-01 1.517805680663338190e-22 2.568812958911537428e-23
6.704101562500000000e-01 -1.889442845470947175e-22 2.279824047022285325e-22
6.708984375000000000e-01 1.423682974124391475e-22 5.325617154879557645e-25
6.713867187500000000e-01 1.469463144485673376e-22 2.015725968785319494e-22
6.718750000000000000e-01 -2.129084754973322941e-22 -1.931295168700643614e-22
6.723632812500000000e-01 8.569711290587060429e-23 1.595065302356890428e-22
6.728515625000000000e-01 -2.554584736991992402e-22 2.238496212838914190e-22
6.733398437500000000e-01 1.607619080979456907e-22 -6.433862280522993534e-23
6.738281250000000000e-01 -7.688647391569527541e-23 -1.422748971274472649e-22
6.743164062500000000e-01 -1.183394218276793417e-22 1.688258749502912711e-22
6.748046875000000000e-01 2.018440802333007138e-22 -7.335333048072851514e-24
6.752929687500000000e-01 -3.279677457177922296e-23 -2.345646067499044469e-22
6.757812500000000000e-01 5.815509080313947280e-25 9.897806580730832276e-23
6.762695312500000000e-01 -7.270903830435518361e-23 -2.206614903713294450e-22
6.767578125000000000e-01 -1.535598213933520553e-22 3.778553227427485903e-24
6.772460937500000000e-01 -2.053868193701912786e-23 1.250439632190497366e-22
6.777343750000000000e-01 -1.213468336341080733e-23 -6.167533364631910723e-23
6.782226562500000000e-01 -2.029173005294186683e-22 -2.030171453063859505e-22
6.787109375000000000e-01 -5.104115802956845654e-23 -6.271767902985892911e-23
6.791992187500000000e-01 -4.915183790008242134e-23 -1.341627893895367087e-23
6.796875000000000000e-01 -2.197411345029773809e-22 -2.106871049455757319e-23
6.801757812500000000e-01 -1.415964214145400918e-22 -8.362364072117045526e-23
6.806640625000000000e-01 1.262784924430628157e-22 1.078141175949143371e-22
6.811523437500000000e-01 8.118640523539579688e-23 3.228195108501796291e-23
6.816406250000000000e-01 1.852907545184755217e-22 -6.528496081443472889e-23
6.821289062500000000e-01 4.202534017463389741e-23 3.880122805913304556e-23
6.826171875000000000e-01 -1.507164650022713969e-22 7.057490391302058959e-23
6.831054687500000000e-01 1.855263239935646864e-22 -2.269282778145971294e-24
6.835937500000000000e-01 1.747465537838916556e-22 6.792337202665524587e-23
6.840820312500000000e-01 -3.577910235153845867e-23 -2.635056295977629660e-23
6.845703125000000000e-01 -2.141888806572937645e-22 1.514413271624193681e-22
6.850585937500000000e-01 1.842196044905881738e-22 1.175478365004081465e-22
6.855468750000000000e-01 -1.937463503933280332e-22 -6.219543711898695833e-23
6.860351562500000000e-01 -3.475145884174082912e-23 -3.607693556209659832e-22
6.865234375000000000e-01 2.649876733870107017e-22 1.972478384580780502e-22
6.870117187500000000e-01 3.222691884422135726e-23 -3.085990704469530644e-23
6.875000000000000000e-01 6.999901273047640903e-23 1.066598924583428885e-22
6.879882812500000000e-01 1.894010704893693174e-23 2.264702372817310893e-22
6.884765625000000000e-01 8.869300629373392527e-23 -1.248123180388732092e-23
6.889648437500000000e-01 -3.331627935388139415e-22 -6.199126404535813220e-23
6.894531250000000000e-01 4.540110540204576382e-23 1.894573965534909097e-22
6.899414062500000000e-01 -1.811700455332494563e-22 -1.958885965061298796e-22
6.904296875000000000e-01 7.953994604771449221e-23 3.290889857929654077e-23
6.909179687500000000e-01 1.764450245653929836e-22 3.424308360557339724e-22
6.914062500000000000e-01 6.571218013869713658e-23 -9.292026576591899335e-23
6.918945312500000000e-01 3.346885082432422004e-22 -1.243507507293415337e-22
6.923828125000000000e-01 8.475078525594953119e-24 6.168366435129102438e-23
6.928710937500000000e-01 1.350683609708197667e-22 1.711397205462345020e-23
6.933593750000000000e-01 1.209716043850421462e-22 6.279678817809545378e-23
6.938476562500000000e-01 3.003808743176260246e-23 -2.728612590608189769e-22
6.943359375000000000e-01 -1.675970955006984417e-22 -3.607187749692441178e-23
6.948242187500000000e-01 -1.281403274962797328e-23 5.163192980661960573e-23
6.953125000000000000e-01 -1.273967993306577966e-22 -2.174627101837449015e-22
6.958007812500000000e-01 1.744513391968455625e-22 1.033243017826279610e-22
6.962890625000000000e-01 -2.018388049648025343e-22 -3.542786789133173530e-24
6.967773437500000000e-01 9.057997229176905246e-23 2.393532219348553006e-22
6.972656250000000000e-01 8.414322035843468871e-23 -3.426712236530810351e-22
6.977539062500000000e-01 -8.972482850765815558e-23 1.676114031029579122e-22
6.982421875000000000e-01 6.636735296592686773e-24 1.142742808270607223e-22
6.987304687500000000e-01 9.861618503026019892e-24 -6.523458699272541114e-23
6.992187500000000000e-01 -1.122291220419604253e-22 8.138901701811889872e-23
6.997070312500000000e-01 -8.613991768184357977e-23 -2.701823867763990094e-22
7.001953125000000000e-01 3.167018659736857659e-22 4.605246494156181369e-23
7.006835937500000000e-01 -1.145357370660736569e-22 -8.344186573358275163e-23
7.011718750000000000e-01 -1.926678598195471264e-22 -1.344729055058052847e-22
7.016601562500000000e-01 -5.163867451316143264e-23 -2.880947622271604058e-23
7.021484375000000000e-01 4.597532884143792893e-23 2.732441833944237992e-23
7.026367187500000000e-01 -2.528624027176485524e-22 -7.687564002940718413e-24
7.031250000000000000e-01 -1.619187644639773130e-23 -2.424561180685706739e-22
7.036132812500000000e-01 4.993986355114135064e-23 9.451492581810877453e-24
7.041015625000000000e-01 -2.676985984389359279e-23 1.342984624154305674e-22
7.045898437500000000e-01 5.087107137101925434e-23 6.911333841385161968e-23
7.050781250000000000e-01 -2.433097082375912572e-22 7.251834751935162124e-23
7.055664062500000000e-01 2.781503545029219643e-24 6.116278198251738246e-23
7.060546875000000000e-01 9.660221502479460404e-23 -1.040288744766799940e-22
7.065429687500000000e-01 -1.058141778246188098e-22 -7.590381475855982930e-25
7.070312500000000000e-01 2.214598489903761482e-23 1.145622701407968903e-23
7.075195312500000000e-01 2.262091276402256636e-22 1.781264214584719536e-23
7.080078125000000000e-01 7.452010367625482604e-23 9.727734297669409419e-23
7.084960937500000000e-01 -1.009451844568714940e-22 -5.972250847642908657e-24
7.089843750000000000e-01 -4.392963824586240726e-22 -4.051220508850302309e-23
7.094726562500000000e-01 2.067062633980350642e-22 4.583678952364113245e-23
7.099609375000000000e-01 -1.696954518101302121e-23 2.300749577692810620e-22
7.104492187500000000e-01 9.013549416796436786e-23 -5.946164812377808946e-23
7.109375000000000000e-01 1.260261417403639854e-22 -2.665831214560590241e-23
7.114257812500000000e-01 -2.047545990662509445e-22 -3.960893757447589832e-23
7.119140625000000000e-01 2.561030147184515202e-22 -1.016955958630550435e-22
7.124023437500000000e-01 -1.797225226965716352e-22 2.492794428894879287e-22
7.128906250000000000e-01 -3.177016135039943981e-23 -1.528805475610861347e-22
7.133789062500000000e-01 1.463038190076467075e-22 6.960706877382701940e-23
7.138671875000000000e-01 1.048505874412485574e-22 1.135743661539269236e-22
7.143554687500000000e-01 4.317784797433058588e-24 -1.207657933737711222e-22
7.148437500000000000e-01 1.549054367098627295e-23 8.089385336293663534e-23
7.153320312500000000e-01 1.258401870806613689e-22 -2.019716579278573362e-23
7.158203125000000000e-01 1.896496679391861705e-22 3.797574946633575963e-23
7.163085937500000000e-01 -2.289480887573859262e-22 -1.536311796834211428e-23
7.167968750000000000e-01 6.831240983933413184e-23 -7.215470224252565408e-23
7.172851562500000000e-01 -9.672386782243505909e-23 -2.307273533878461445e-22
7.177734375000000000e-01 -2.949007730274031750e-23 2.167148638327278655e-22
7.182617187500000000e-01 -1.938958097205847303e-22 1.424704578747571640e-22
7.187500000000000000e-01 1.232224087565211305e-22 -4.647961460636409687e-22
7.192382812500000000e-01 -7.114334368028393921e-23 5.530135387730901734e-24
7.197265625000000000e-01 1.728002640013559045e-22 1.472816879253916691e-23
7.202148437500000000e-01 -8.299638253271277359e-23 5.219538867373351035e-23
7.207031250000000000e-01 1.802466506030315028e-22 1.052963506497217567e-22
7.211914062500000000e-01 -3.907349557862220524e-23 1.549423138757128059e-23
7.216796875000000000e-01 -1.536624037193510228e-22 6.206158484474207345e-23
7.221679687500000000e-01 2.946322460821645163e-23 -1.109373342129982189e-22
7.226562500000000000e-01 -1.222226426680039578e-22 5.634726356951324850e-23
7.231445312500000000e-01 7.178912712989804346e-23 -8.827242707249219798e-23
7.236328125000000000e-01 -1.690095962531843396e-23 3.498484110171214864e-22
7.241210937500000000e-01 -1.736202590889642085e-23 -3.145119528764809558e-24
7.246093750000000000e-01 -4.183947455145221541e-23 6.689165886075296206e-23
7.250976562500000000e-01 -1.331349926741618589e-23 -2.061237085687383652e-22
7.255859375000000000e-01 1.152393433820562308e-23 8.301248762250888781e-23
7.260742187500000000e-01 6.136692366857832301e-23 -2.332247977646108441e-22
7.265625000000000000e-01 5.396139456368812307e-23 -2.525012874162646804e-23
7.270507812500000000e-01 -1.160179113946804136e-22 9.043538185507549454e-23
7.275390625000000000e-01 1.152501347434095777e-22 2.131168363547929727e-23
7.280273437500000000e-01 -1.394071230363660347e-22 1.703177735557024760e-23
7.285156250000000000e-01 1.295225294897891497e-22 1.756675829051452820e-22
7.290039062500000000e-01 1.849310075471383612e-22 1.030627620622380011e-22
7.294921875000000000e-01 -2.646218849579369854e-23 -9.892405063673990326e-23
7.299804687500000000e-01 9.915936413184681912e-23 1.531529923442800517e-22
7.304687500000000000e-01 9.294158679471552124e-23 3.834247808116509085e-23
7.309570312500000000e-01 -1.612424196390125659e-22 -8.656007991704526059e-23
7.314453125000000000e-01 2.670613772158171770e-22 -8.767822251820439169e-23
7.319335937500000000e-01 -1.264085957411220953e-22 -6.868971419736664271e-23
7.324218750000000000e-01 -1.576793959303175275e-23 -1.739621531633653739e-22
7.329101562500000000e-01 -9.316994042542684749e-23 1.350612409711813402e-22
7.333984375000000000e-01 -1.777680733367580490e-24 2.119960508678155325e-23
7.338867187500000000e-01 -1.457769837146719751e-22 -2.412939840083898121e-23
7.343750000000000000e-01 5.607505240174200329e-23 2.648701913965700265e-23
7.348632812500000000e-01 2.209995583347671396e-22 1.340528279426601689e-23
7.353515625000000000e-01 2.362769713760465890e-23 1.245518555810757161e-22
7.358398437500000000e-01 -1.957685886461219233e-22 -3.039647449210546246e-22
7.363281250000000000e-01 2.652165592692879343e-23 3.317275711878927053e-23
7.368164062500000000e-01 -3.315371314316555081e-23 -2.137023015627076919e-23
7.373046875000000000e-01 -1.910502692138598643e-22 -1.237108886522211741e-22
7.377929687500000000e-01 2.638224266063693345e-22 -1.131455300459855196e-22
7.382812500000000000e-01 -5.491015109648765584e-23 9.937681900112907116e-23
7.387695312500000000e-01 -1.371199325969029731e-22 2.175569532945561150e-22
7.392578125000000000e-01 -1.109646067784778525e-22 -4.851932861878615260e-23
7.397460937500000000e-01 -1.819802897551673647e-22 -1.131333515112456491e-24
7.402343750000000000e-01 7.822171665113619334e-23 -1.539181612063610875e-22
7.407226562500000000e-01 1.380225592501426194e-24 -1.009958167037775086e-22
7.412109375000000000e-01 1.420195312066958155e-22 7.312326895825397265e-23
7.416992187500000000e-01 -1.258449746261421329e-22 -1.890363810381317429e-22
7.421875000000000000e-01 -1.252834221126990922e-22 -3.853875023722673473e-23
7.426757812500000000e-01 6.147621068420204000e-23 1.207417295236028103e-22
7.431640625000000000e-01 -2.316744929141566168e-23 -2.164147270158401386e-22
7.436523437500000000e-01 -4.732754041945544027e-23 -1.352306908181203118e-23
7.441406250000000000e-01 1.498839852004552977e-22 -1.468819529691206388e-22
7.446289062500000000e-01 9.501666483384831844e-23 2.741775775051013106e-22
7.451171875000000000e-01 6.844389609181862659e-23 1.252615032060077533e-22
7.456054687500000000e-01 5.239199693175932263e-23 7.235339927158610284e-23
7.460937500000000000e-01 -1.435677818644789003e-22 3.540792534122917096e-24
7.465820312500000000e-01 3.713934487301493842e-23 8.770895403923567005e-24
7.470703125000000000e-01 8.136765739940992011e-23 -1.836103759021409136e-22
7.475585937500000000e-01 7.540065442100816113e-24 1.731059325045906390e-22
7.480468750000000000e-01 -2.704044213949283979e-22 1.340268239961574931e-22
7.485351562500000000e-01 -5.956031829193171882e-23 8.360061899629908650e-23
7.490234375000000000e-01 2.825033009930992312e-22 -1.278862661744112198e-22
7.495117187500000000e-01 3.792452157699856058e-23 2.093032929856372368e-22
7.500000000000000000e-01 1.660405347257868692e-22 -3.939208868856583762e-23
7.504882812500000000e-01 -2.476510862804932922e-22 3.529706261730215955e-23
7.509765625000000000e-01 5.949682681651673872e-23 4.690814512740919082e-23
7.514648437500000000e-01 -8.916260668389388712e-23 7.561953796154127746e-23
7.519531250000000000e-01 1.298957374809088612e-22 2.260266531674731606e-23
7.524414062500000000e-01 -9.965918701800028462e-23 -6.257231579529808382e-23
7.529296875000000000e-01 -2.541858079487840184e-23 -1.608240755372420650e-22
7.534179687500000000e-01 -1.060186453342883118e-22 -1.650106321163128918e-22
7.539062500000000000e-01 -1.193042669625298647e-22 7.043359953062372051e-23
7.543945312500000000e-01 3.012609380997000314e-22 7.151706984669414102e-23
7.548828125000000000e-01 1.004703970000455532e-22 1.411042400797246542e-22
7.553710937500000000e-01 -4.449449939051092674e-23 1.132832349616441296e-22
7.558593750000000000e-01 -4.625825303373029776e-23 -3.687529304594395668e-23
7.563476562500000000e-01 7.030816064242937164e-23 1.492022832581112314e-24
7.568359375000000000e-01 -1.834867777089231150e-22 2.073205880034458684e-22
7.573242187500000000e-01 -4.134214291630045980e-23 -5.379646512137177885e-23
7.578125000000000000e-01 3.033740927902091439e-23 5.823389887978079547e-23
7.583007812500000000e-01 1.740314914086575550e-23 7.547869276272398042e-23
7.587890625000000000e-01 3.222819083631809898e-23 -5.145762014448795260e-23
7.592773437500000000e-01 -1.477973467921621379e-22 1.906083729322161170e-23
7.597656250000000000e-01 8.315582700289296934e-23 -1.451826955199441615e-22
7.602539062500000000e-01 -7.736551044783931496e-23 -3.083467459190350334e-22
7.607421875000000000e-01 -5.123204070324580133e-23 1.585076944734529071e-22
7.612304687500000000e-01 3.339523017500503695e-23 6.085409368797429974e-23
7.617187500000000000e-01 1.139673228213670668e-22 -2.393702547866366527e-23
7.622070312500000000e-01 1.336686800557895121e-22 -7.394333670503582049e-23
7.626953125000000000e-01 1.558321694727487621e-22 7.418351339294758860e-23
7.631835937500000000e-01 -8.271755682776164873e-23 -9.825135554367089240e-24
7.636718750000000000e-01 1.235775932297940152e-22 7.956835221736880708e-23
7.641601562500000000e-01 -7.226579673777113737e-23 2.074180649289110268e-23
7.646484375000000000e-01 -3.224490855383850088e-23 -1.074525013224211170e-22
7.651367187500000000e-01 1.199654335760060218e-22 -4.687497014391960887e-23
7.656250000000000000e-01 1.939913607326796074e-22 -1.207591142630826508e-22
7.661132812500000000e-01 -6.736193794376027224e-23 -2.923652202465372046e-23
7.666015625000000000e-01 1.128943174989009942e-22 -1.026201440895299940e-22
7.670898437500000000e-01 -1.308440765882439678e-22 -7.914316610403896808e-23
7.675781250000000000e-01 5.387070023218724212e-23 3.360786242320758055e-23
7.680664062500000000e-01 4.417590009818525372e-23 -1.535238987466777417e-22
7.685546875000000000e-01 -1.539148159691191693e-22 6.156922613876348645e-23
7.690429687500000000e-01 -7.446148338244241521e-23 -1.215143642718777031e-22
7.695312500000000000e-01 1.894260242752297316e-23 -1.487337128368754173e-22
7.700195312500000000e-01 -3.710194403960626236e-23 -1.953139348687349051e-22
7.705078125000000000e-01 1.324354992854371031e-22 1.671576034839351901e-22
7.709960937500000000e-01 -6.595047450709158212e-23 1.518339406690259935e-22
7.714843750000000000e-01 -5.456797156837876256e-23 3.560107431654565762e-23
7.719726562500000000e-01 4.239660017205516956e-23 1.724338423929830150e-23
7.724609375000000000e-01 -3.665953712659243179e-23 -9.021688534254500932e-23
7.729492187500000000e-01 -2.041701018148040858e-22 -1.177727376205773178e-22
7.734375000000000000e-01 1.215031042570160508e-22 -6.240740406119827319e-23
7.739257812500000000e-01 4.229779463896726872e-23 4.597983053357549982e-23
7.744140625000000000e-01 -1.192492883139885058e-22 1.045931710185849295e-22
7.749023437500000000e-01 -3.540439511366521874e-22 3.335314608823845691e-23
7.753906250000000000e-01 -2.441603633302710437e-23 1.192082861137629922e-22
7.758789062500000000e-01 -1.227198702805949787e-22 -1.742092536994938773e-22
7.763671875000000000e-01 1.105868513203322298e-22 1.480059814114095554e-22
7.768554687500000000e-01 1.881222315680073328e-22 6.443684118427925380e-23
7.773437500000000000e-01 -1.108713127372468534e-22 1.091133294189175412e-22
7.778320312500000000e-01 -1.727807756488166711e-22 -2.870229870337338942e-23
7.783203125000000000e-01 9.671860555294989342e-23 -5.395100653538775189e-23
7.788085937500000000e-01 -1.691535973419126220e-22 1.239926369515027160e-22
7.792968750000000000e-01 1.001908095155676619e-22 1.337158771148889026e-22
7.797851562500000000e-01 -8.145677680832073775e-23 9.747543775061355995e-23
7.802734375000000000e-01 4.450966934666420388e-23 2.482153656825801033e-22
7.807617187500000000e-01 -4.118979086656621310e-23 9.754660640145480293e-23
7.812500000000000000e-01 1.721530690894044656e-22 2.860975528640104708e-23
7.817382812500000000e-01 1.445523917990077405e-22 -1.240444366798603107e-22
7.822265625000000000e-01 -5.694476262449906031e-23 1.361653377977479533e-23
7.827148437500000000e-01 1.917711062414591654e-22 -2.252040090361740519e-23
7.832031250000000000e-01 8.227129164818762040e-24 4.741409918572087379e-24
7.836914062500000000e-01 1.585062886544308031e-22 -5.560742220773474355e-23
7.841796875000000000e-01 -1.091169075224312354e-22 4.847226653069040122e-23
7.846679687500000000e-01 -8.628101101043585166e-23 -1.119182406423221691e-22
7.851562500000000000e-01 4.996732605144981131e-23 -3.582260924154965258e-25
7.856445312500000000e-01 -5.784661292965803926e-24 1.546367910699302685e-22
7.861328125000000000e-01 -9.941450131347944699e-23 -1.956910384367521758e-22
7.866210937500000000e-01 6.781053109899551387e-23 -9.875579336488472459e-23
7.871093750000000000e-01 1.804506930820323965e-22 9.004506630584282170e-23
7.875976562500000000e-01 -2.795710484088320588e-23 2.078416367956246736e-23
7.880859375000000000e-01 -1.691792936881139977e-22 -4.264042856801218207e-23
7.885742187500000000e-01 -1.694442339492476890e-22 1.001186375186185575e-22
7.890625000000000000e-01 -4.279598566582244441e-23 -7.627246797839031875e-23
7.895507812500000000e-01 -7.982383260018017583e-24 1.616867784921812218e-22
7.900390625000000000e-01 -8.667620728722319640e-23 -2.212295380250114670e-23
7.905273437500000000e-01 2.627378424005662378e-22 -1.774918197839947199e-22
7.910156250000000000e-01 6.790991767780351204e-23 -1.598100899157640550e-22
7.915039062500000000e-01 2.445377406871837632e-22 1.994961400472617006e-22
7.919921875000000000e-01 7.137266623426660441e-23 -5.283686771984561265e-23
7.924804687500000000e-01 1.220951131297048820e-22 1.020641439125608999e-22
7.929687500000000000e-01 3.062034759359121224e-23 -1.086787048174386814e-22
7.934570312500000000e-01 2.436807436675899166e-22 6.568583664700618229e-23
7.939453125000000000e-01 2.784256542840074932e-23 1.140695442072244943e-22
7.944335937500000000e-01 6.179755289337695681e-25 -2.956584936921302619e-23
7.949218750000000000e-01 -1.074942575824139520e-22 -1.256823181619607730e-22
7.954101562500000000e-01 8.856557025144048698e-23 -1.427408135837279751e-23
7.958984375000000000e-01 -1.823380023753356184e-22 2.335606803210875345e-23
7.963867187500000000e-01 -1.278656512884158904e-22 -1.815595416090251668e-22
7.968750000000000000e-01 -6.547074841607826822e-23 -1.652144371607758661e-22
7.973632812500000000e-01 -1.701839454889657924e-22 -2.544051308578444811e-22
7.978515625000000000e-01 -3.562614711075639700e-24 6.061071728789656750e-23
7.983398437500000000e-01 -7.340055277610119741e-23 2.659155759545185867e-24
7.988281250000000000e-01 -1.686093881609528751e-22 -1.454363880456245689e-22
7.993164062500000000e-01 8.167659834108147415e-24 2.994137765196811189e-23
7.998046875000000000e-01 -8.400315449433336776e-23 -1.123158846696322717e-22
8.002929687500000000e-01 2.652848081519737535e-23 9.827849478537472618e-24
8.007812500000000000e-01 -2.255704200438550494e-22 -9.541941375934040528e-23
8.012695312500000000e-01 1.176723610046876560e-22 -1.412381935472512703e-23
8.017578125000000000e-01 4.708664534492454183e-23 -2.099754353179392471e-22
8.022460937500000000e-01 5.076784183372260832e-23 1.785576587027348933e-22
8.027343750000000000e-01 -1.208480947644627970e-22 6.118459480994724619e-23
8.032226562500000000e-01 2.101528800544080899e-22 8.676953345148919997e-23
8.037109375000000000e-01 -9.387879884545409338e-23 1.585760513282325507e-23
8.041992187500000000e-01 3.803231559952232644e-23 5.049324651389668879e-23
8.046875000000000000e-01 -3.734915732250008642e-23 -1.126560738296892189e-23
8.051757812500000000e-01 1.091810784790576698e-22 3.364098083335936486e-22
8.056640625000000000e-01 -8.821306822175895090e-23 6.355489655539617125e-23
8.061523437500000000e-01 -5.138605355463212218e-23 4.096075758412798519e-23
8.066406250000000000e-01 1.141519942640617404e-22 -3.320307013445702799e-24
8.071289062500000000e-01 -3.002469246206215064e-23 2.961230631435731384e-22
8.076171875000000000e-01 1.242338454351475894e-22 -1.498082479696502766e-23
8.081054687500000000e-01 -2.210352143189194393e-22 9.908398404098468030e-23
8.085937500000000000e-01 7.637881094764127508e-23 3.198254224405658649e-23
8.090820312500000000e-01 -2.905247985487884448e-23 -4.767975153386973595e-23
8.095703125000000000e-01 -2.165545329683099745e-23 1.702301567161967277e-22
8.100585937500000000e-01 1.099309352021551580e-22 1.143483763354080534e-22
8.105468750000000000e-01 -3.087364852251658427e-23 2.624648764155073496e-23
8.110351562500000000e-01 1.324852924016258144e-22 5.458050327935567244e-23
8.115234375000000000e-01 1.228471198073640121e-22 7.368320712609639151e-24
8.120117187500000000e-01 1.229656787128782829e-22 -1.047359377568532317e-22
8.125000000000000000e-01 -6.194479128893997137e-23 -2.580448493467804233e-22
8.129882812500000000e-01 2.389349966133477847e-22 -1.376273558181240882e-22
8.134765625000000000e-01 -1.214799844846372608e-22 1.507825249167421540e-22
8.139648437500000000e-01 -1.769121161233907596e-22 4.224066982208385855e-23
8.144531250000000000e-01 9.743057853095433312e-23 -1.227222377216633875e-22
8.149414062500000000e-01 -2.345639097440662364e-22 -8.064823372754537492e-23
8.154296875000000000e-01 9.854404791217242192e-23 -6.572640587960510643e-23
8.159179687500000000e-01 -4.044523685587271283e-23 -3.923514820961778223e-24
8.164062500000000000e-01 7.328962554815192763e-24 -1.720161863831577967e-23
8.168945312500000000e-01 -1.713494454512692350e-22 5.022894240621422904e-23
8.173828125000000000e-01 -1.984606903375361061e-22 -4.467271202857090522e-23
8.178710937500000000e-01 9.334125237503063988e-24 -1.006889093792123995e-22
8.183593750000000000e-01 7.995223812557034081e-23 -1.457734441670375488e-22
8.188476562500000000e-01 -1.529362012112128133e-22 1.799518172381995779e-22
8.193359375000000000e-01 -7.486528819006764672e-25 -1.321837660066916710e-22
8.198242187500000000e-01 6.371784317307713622e-23 6.965175981547028311e-23
8.203125000000000000e-01 2.015320705562115335e-22 -2.889238582127822456e-22
8.208007812500000000e-01 -5.543141173542608096e-23 9.569926117555401463e-23
8.212890625000000000e-01 1.756232441426523506e-22 6.975636211051842475e-23
8.217773437500000000e-01 1.289741226747691581e-22 1.463485001417232098e-22
8.222656250000000000e-01 -9.834163383817875193e-24 1.750509826048264195e-23
8.227539062500000000e-01 -2.100586009504204835e-22 -3.343403579367183091e-23
8.232421875000000000e-01 -5.297818888349694892e-23 2.683997776393977030e-22
8.237304687500000000e-01 -1.657529923609735154e-24 -2.262591472278092736e-22
8.242187500000000000e-01 -9.578432075801067757e-23 1.269600108527523953e-23
8.247070312500000000e-01 -3.384451314560316084e-23 -1.028170781697343729e-22
8.251953125000000000e-01 1.695197219231008161e-22 -1.768721528818189518e-23
8.256835937500000000e-01 2.923740997733544318e-22 9.224274732489453189e-23
8.261718750000000000e-01 -1.043547214271342030e-22 -6.330293468702394234e-23
8.266601562500000000e-01 7.152896509491386572e-23 1.038337938078023046e-22
8.271484375000000000e-01 2.524085532378462856e-23 -5.123580027773623984e-23
8.276367187500000000e-01 -3.271744705044188680e-23 9.656653943432265765e-23
8.281250000000000000e-01 2.538908156240134476e-22 -2.244882976870683098e-23
8.286132812500000000e-01 -3.937314932527784869e-22 -3.214709230275657073e-23
8.291015625000000000e-01 9.902801317657667193e-23 2.506308027209836776e-23
8.295898437500000000e-01 -2.217050011679589441e-22 7.750605263074696907e-23
8.300781250000000000e-01 -4.417293138172011078e-24 -1.356069310256711960e-22
8.305664062500000000e-01 1.522209074363070327e-22 8.786635518949037125e-23
8.310546875000000000e-01 2.605721836759342785e-23 -1.578794383941970610e-22
8.315429687500000000e-01 -7.321298468039123245e-23 5.296372576149157191e-23
8.320312500000000000e-01 -1.273127607308553031e-24 -6.633926613878687494e-23
8.325195312500000000e-01 -1.468083150522992893e-22 -9.954870265503162376e-23
8.330078125000000000e-01 8.098540193227991245e-23 1.253718148627808749e-22
8.334960937500000000e-01 4.444998454823300344e-23 -2.507557694845902386e-22
8.339843750000000000e-01 1.827062895409308587e-22 -3.852226251296229894e-23
8.344726562500000000e-01 -1.214644307234128665e-22 7.103359762708955582e-23
8.349609375000000000e-01 4.440348549584305610e-23 -8.376380837265920216e-23
8.354492187500000000e-01 9.333395059810018762e-23 -4.412264321934731331e-25
8.359375000000000000e-01 -7.459978595074067327e-23 2.006965629503139863e-22
8.364257812500000000e-01 6.608710227761652972e-23 -1.672338459469253216e-23
8.369140625000000000e-01 4.369747849025491172e-23 -1.669661090541949038e-22
8.374023437500000000e-01 -5.489099009915998974e-23 8.605089125341016475e-23
8.378906250000000000e-01 2.389333645201189956e-22 2.186672629145402230e-22
8.383789062500000000e-01 -1.593285321378886687e-22 -4.842822611886870403e-23
8.388671875000000000e-01 -1.427542192804086141e-22 1.112647619358275213e-22
8.393554687500000000e-01 -7.665075203639187755e-23 2.927672199158304851e-22
8.398437500000000000e-01 -2.882291088152655768e-24 -1.631964683449048288e-22
8.403320312500000000e-01 8.891728826337851774e-23 1.344112818990204640e-22
8.408203125000000000e-01 -6.730440182177060742e-24 -1.389017590878164031e-23
8.413085937500000000e-01 -6.962174875908353615e-23 -2.330677951073601707e-23
8.417968750000000000e-01 -7.227517537119376632e-23 -5.167226609740355648e-23
8.422851562500000000e-01 1.376798296336558247e-22 1.175516366966400143e-22
8.427734375000000000e-01 -1.503086644040245375e-22 8.477275491660242348e-23
8.432617187500000000e-01 -1.167176579209440064e-22 -2.002552556498711560e-22
8.437500000000000000e-01 1.684641597269573340e-22 -6.932972927057674700e-23
8.442382812500000000e-01 -1.054272412574708336e-22 -7.468608020408978835e-23
8.447265625000000000e-01 1.269480105456798141e-22 5.058050993765407431e-23
8.452148437500000000e-01 -7.412598315930141078e-23 1.410942921032604535e-22
8.457031250000000000e-01 2.804887452860397412e-22 -1.221269465885693514e-23
8.461914062500000000e-01 -6.482540229872059140e-23 -1.404566266555542231e-22
8.466796875000000000e-01 -1.345079170216991308e-22 -2.539581643147526439e-23
8.471679687500000000e-01 -7.253424791051901050e-23 -3.806394341835901786e-23
8.476562500000000000e-01 -1.463142774306977816e-22 1.692362584864378548e-22
8.481445312500000000e-01 2.332984156458776814e-22 -3.911214748757849823e-23
8.486328125000000000e-01 -1.050950385580328681e-22 1.056000065810359982e-22
8.491210937500000000e-01 -1.152308282058907576e-22 -2.328998505543541727e-23
8.496093750000000000e-01 -3.149008492293098014e-23 1.859567032578574155e-23
8.500976562500000000e-01 -1.032982075764561465e-22 -1.266751940304044478e-22
8.505859375000000000e-01 9.366273506039226461e-23 -2.463131252216510124e-22
8.510742187500000000e-01 -1.360409191631144969e-22 -2.118180901721327678e-22
8.515625000000000000e-01 -1.011153098414676884e-22 1.409419817125209125e-23
8.520507812500000000e-01 -1.249627023549949600e-22 9.472693460620737072e-23
8.525390625000000000e-01 -6.851034494908584299e-23 1.570680765546281376e-22
8.530273437500000000e-01 -2.055609391535476057e-22 8.773527592103855832e-23
8.535156250000000000e-01 1.034549167876160938e-22 -3.404807579380874469e-22
8.540039062500000000e-01 1.166012613894807511e-22 1.279853549405368948e-22
8.544921875000000000e-01 1.637319355032157820e-22 1.602234142867503015e-23
8.549804687500000000e-01 2.019216199442272527e-22 8.101136682008892673e-24
8.554687500000000000e-01 -2.694169273843222568e-23 1.275772860786031627e-22
8.559570312500000000e-01 3.157995508202818094e-22 -4.782138347205805130e-24
8.564453125000000000e-01 -6.187716471336638997e-23 -8.496698153025706476e-23
8.569335937500000000e-01 1.024499639612292563e-22 -2.757170451234665746e-23
8.574218750000000000e-01 -6.060041608258643038e-23 1.250633920335481149e-22
8.579101562500000000e-01 2.306357649122204030e-22 4.868199328367019732e-23
8.583984375000000000e-01 -6.353573408665687565e-23 1.005584877097942855e-22
8.588867187500000000e-01 -2.281499153748575014e-23 -3.314852266313409985e-23
8.593750000000000000e-01 1.071091529375245653e-22 1.401592529510622744e-24
8.598632812500000000e-01 -1.160112951388523498e-22 -1.285039919882397522e-22
8.603515625000000000e-01 1.563772993260637733e-22 2.021631557468056337e-22
8.608398437500000000e-01 9.384266767773344394e-23 1.948533535400935704e-22
8.613281250000000000e-01 5.337285826680601462e-23 -2.539560456536336929e-23
8.618164062500000000e-01 3.101173322914943542e-23 -1.243158064568286216e-22
8.623046875000000000e-01 1.822315551246473220e-22 2.018503105438035104e-23
8.627929687500000000e-01 2.598208973145434226e-23 -7.978610721317571013e-23
8.632812500000000000e-01 1.200556857450220422e-22 -1.621108543062409967e-22
8.637695312500000000e-01 -1.759634169511898632e-22 -8.921839525661882861e-23
8.642578125000000000e-01 1.359935593021340767e-22 1.662255720833439281e-22
8.647460937500000000e-01 -2.360131620559374187e-22 -4.650800460473342806e-23
8.652343750000000000e-01 -2.973658409169749084e-22 2.140074131786473053e-22
8.657226562500000000e-01 7.943082884063291877e-23 -3.039628984258464788e-23
8.662109375000000000e-01 -6.938381330664014950e-23 -5.015307970972946578e-23
8.666992187500000000e-01 -7.451535670755759906e-23 9.672933855397685691e-23
8.671875000000000000e-01 2.433005162356396582e-22 -1.800644489608737323e-22
8.676757812500000000e-01 -9.772156903996855471e-24 -1.855089855069213899e-23
8.681640625000000000e-01 -1.012454596037152804e-22 -4.536818577015825941e-23
8.686523437500000000e-01 5.629711857522213808e-23 -1.627648118356292617e-22
8.691406250000000000e-01 -1.887876879388996747e-22 -8.818714315966531125e-24
8.696289062500000000e-01 -3.043807431421696007e-23 -5.066398339516367704e-23
8.701171875000000000e-01 -1.909523813238048526e-23 -1.087396984198675673e-22
8.706054687500000000e-01 -1.722918827272259011e-22 1.023374655984777644e-22
8.710937500000000000e-01 -2.650031983273380488e-22 9.385842703609808691e-24
8.715820312500000000e-01 -3.086100991278633272e-23 -3.392303828436148010e-23
8.720703125000000000e-01 -1.128700951651800963e-22 -2.667211291597963708e-22
8.725585937500000000e-01 4.187448364775212410e-23 1.974839310057925600e-22
8.730468750000000000e-01 -1.237783750979396606e-22 2.942308594647177938e-23
8.735351562500000000e-01 -2.351529070922346739e-22 1.363079882929704406e-22
8.740234375000000000e-01 2.124648393302137006e-22 1.163061638960474024e-22
8.745117187500000000e-01 -4.413860745069472884e-23 8.928480220343489515e-23
8.750000000000000000e-01 1.172620157102045641e-22 5.574357268701078628e-23
8.754882812500000000e-01 -5.402522230103022966e-23 -1.414950757482856762e-22
8.759765625000000000e-01 1.845303031125772124e-22 -8.923025761307912047e-23
8.764648437500000000e-01 1.875436697424918603e-22 -2.073395821889889756e-22
8.769531250000000000e-01 1.451148680387711669e-22 2.192533778374466666e-22
8.774414062500000000e-01 -2.681344976384140568e-22 -1.420963210306900019e-23
8.779296875000000000e-01 9.315218041968876546e-23 4.227313752021205144e-23
8.784179687500000000e-01 -1.112803539951597779e-22 1.740529840106079207e-22
8.789062500000000000e-01 8.539119915466171485e-23 -1.426414492280654559e-22
8.793945312500000000e-01 1.723313049529562070e-22 6.181156576154184729e-24
8.798828125000000000e-01 8.707582637444496390e-23 1.542610722956191186e-22
8.803710937500000000e-01 -1.177218820082763585e-22 -5.050185090733218019e-23
8.808593750000000000e-01 2.348895111996077236e-22 5.580869063945884929e-24
8.813476562500000000e-01 -1.543032887148196871e-22 1.748112576793834711e-22
8.818359375000000000e-01 1.065072415629025473e-22 -3.124168740462790953e-23
8.823242187500000000e-01 -2.475741014368198892e-22 1.078986360787227272e-22
8.828125000000000000e-01 2.627380452852075334e-22 -5.733247231484652672e-23
8.833007812500000000e-01 -2.248808898076711118e-22 3.443009035111297979e-23
8.837890625000000000e-01 6.628848085657038218e-23 -7.930109626613638349e-23
8.842773437500000000e-01 -3.669725278698836955e-23 -1.197310125660404784e-23
8.847656250000000000e-01 4.595992932444920554e-23 5.810800219715921965e-23
8.852539062500000000e-01 6.303385489747765103e-23 -6.203544433285741647e-23
8.857421875000000000e-01 7.319966179986337563e-23 3.699079438234239461e-22
8.862304687500000000e-01 -6.629827858029607445e-23 -3.295885168753824807e-23
8.867187500000000000e-01 9.060046118413322214e-23 -1.781785436476756300e-22
8.872070312500000000e-01 -1.160127761838616467e-23 -2.956219157225313261e-22
8.876953125000000000e-01 3.205590153602636963e-23 1.706215803441581806e-22
8.881835937500000000e-01 1.190300855842099319e-22 8.759577519793780141e-23
8.886718750000000000e-01 -4.074886892886048659e-22 -2.230457342566129807e-22
8.891601562500000000e-01 1.991766723748921312e-22 -1.877501453335141076e-23
8.896484375000000000e-01 1.188142535192751773e-23 1.919597024585111959e-23
8.901367187500000000e-01 1.915980484362536132e-22 -2.613986914602544251e-23
8.906250000000000000e-01 -2.378056636164035651e-22 -2.473549739626711375e-23
8.911132812500000000e-01 -2.433827495200652408e-23 1.243721438846237625e-22
8.916015625000000000e-01 4.296374277877466839e-23 -2.711075598130497906e-22
8.920898437500000000e-01 1.717392438868923717e-22 8.580014094387585760e-23
8.925781250000000000e-01 1.623577001924726627e-22 1.956631196050842178e-22
8.930664062500000000e-01 7.541693976140197455e-23 -2.361760472048009505e-22
8.935546875000000000e-01 -1.711574884674300095e-22 6.074006538925756003e-23
8.940429687500000000e-01 9.348492103595833251e-23 3.676374849376995913e-23
8.945312500000000000e-01 3.379071152690849119e-23 -3.021579118023559204e-23
8.950195312500000000e-01 7.541741426293320880e-23 -1.510980335573009186e-22
8.955078125000000000e-01 -1.390046275642403987e-22 6.472572150701968932e-23
8.959960937500000000e-01 -1.862141665768662122e-22 -5.725096364334128766e-23
8.964843750000000000e-01 -2.128056162960667868e-22 -6.809681919451293566e-23
8.969726562500000000e-01 4.846710309005443013e-23 -7.444757511702087014e-23
8.974609375000000000e-01 -1.278155800956496349e-22 2.415632677764016468e-22
8.979492187500000000e-01 6.752464839697749739e-23 3.896204997010583136e-23
8.984375000000000000e-01 1.411398278165717228e-22 -1.200220366062076400e-22
8.989257812500000000e-01 3.439284373044783208e-22 -2.138752864045781272e-22
8.994140625000000000e-01 -1.464065269253979445e-22 -2.368673902509288112e-23
8.999023437500000000e-01 -2.071607471174928996e-22 -5.309853358367873247e-23
9.003906250000000000e-01 -3.666573560021647961e-23 4.777664556249375980e-23
9.008789062500000000e-01 -1.672673760012467991e-23 -1.672079722251629900e-23
9.013671875000000000e-01 -8.496710022683608963e-23 -6.126466395627409770e-23
9.018554687500000000e-01 4.636028089372481367e-24 -3.783905809239326255e-23
9.023437500000000000e-01 -5.244574288040543405e-23 1.269092787178534543e-22
9.028320312500000000e-01 -1.208300405516438431e-22 -9.759449870367242104e-23
9.033203125000000000e-01 1.158810807052441842e-22 2.134481976244755065e-23
9.038085937500000000e-01 2.699745339119187021e-22 2.101773199265223809e-22
9.042968750000000000e-01 -1.742105249213332050e-22 -3.652353396828120311e-22
9.047851562500000000e-01 -2.539237652548815820e-23 2.293645078236197599e-22
9.052734375000000000e-01 -1.024884618505947541e-22 -1.394655968248783587e-22
9.057617187500000000e-01 9.383372841307972548e-23 2.776674050780638060e-23
9.062500000000000000e-01 -1.305522998498667944e-22 -5.775687788870305910e-23
9.067382812500000000e-01 1.699901492764157315e-22 2.463254374613262860e-22
9.072265625000000000e-01 -2.714969954540298399e-22 2.578980747250641584e-22
9.077148437500000000e-01 -6.152712424037880570e-23 3.389459643663605665e-23
9.082031250000000000e-01 -1.380429929083598596e-22 1.724789166135629478e-22
9.086914062500000000e-01 -4.500085991736593019e-23 8.508122976758427437e-23
9.091796875000000000e-01 -2.641351620705378829e-23 2.129392513095231185e-22
9.096679687500000000e-01 3.966411313363155173e-23 6.918387915737291139e-23
9.101562500000000000e-01 4.353760981740113007e-23 1.334373066440310452e-22
9.106445312500000000e-01 1.523602658201274729e-22 -8.387060343286041847e-24
9.111328125000000000e-01 -1.233992011891833656e-24 1.993052503456687056e-22
9.116210937500000000e-01 2.438446478808229418e-22 -1.131858689488475338e-22
9.121093750000000000e-01 6.425598696143709692e-23 -1.243205033249278709e-22
9.125976562500000000e-01 2.566069127848658018e-22 -1.409835270559240887e-22
9.130859375000000000e-01 5.915821135867176770e-23 3.126879477101982825e-22
9.135742187500000000e-01 1.393760012521949597e-22 -2.242500568544643809e-22
9.140625000000000000e-01 2.219088419553134648e-23 -6.221228031997186170e-23
9.145507812500000000e-01 -2.345761749139256482e-22 1.659112383240537804e-22
9.150390625000000000e-01 9.646138901444813810e-23 -4.911087824607726881e-24
9.155273437500000000e-01 -8.681732210158178100e-23 -8.714189125578668559e-23
9.160156250000000000e-01 -1.671410857571145761e-22 -4.584472591040435096e-23
9.165039062500000000e-01 1.492053518133349894e-22 -1.658503672324239853e-22
9.169921875000000000e-01 9.710066044782424889e-23 8.934426802436935885e-23
9.174804687500000000e-01 -2.039590590869398666e-23 -2.485757255665130213e-22
9.179687500000000000e-01 -1.680556351383676391e-22 -5.416238889348835900e-23
9.184570312500000000e-01 -2.695144226979798820e-22 -9.437388230811214542e-23
9.189453125000000000e-01 5.077856257406172087e-23 1.408361570605702851e-22
9.194335937500000000e-01 -8.443389639311658363e-23 -1.540579945323226630e-22
9.199218750000000000e-01 -9.879856771038464233e-24 -2.473229285346972174e-22
9.204101562500000000e-01 6.038611932104075019e-23 7.610396725259393940e-23
9.208984375000000000e-01 1.906743385836213317e-22 -4.987679337990900928e-23
9.213867187500000000e-01 -2.223617585863840847e-22 -2.444348445352131995e-22
9.218750000000000000e-01 2.590716465016700746e-22 2.332401409717805211e-22
9.223632812500000000e-01 -1.590128440039956575e-22 -7.760001583630148102e-23
9.228515625000000000e-01 2.283919563246850784e-22 -3.000960893650502024e-22
9.233398437500000000e-01 3.605209600741186247e-23 1.266169580169498799e-22
9.238281250000000000e-01 -2.168420993046003749e-24 -1.731950552661479376e-22
9.243164062500000000e-01 5.297164028079521168e-23 2.836608657175924249e-23
9.248046875000000000e-01 -5.118944533249699713e-23 -1.255897878074625759e-22
9.252929687500000000e-01 -8.278130899681862588e-23 6.823145774324644888e-23
9.257812500000000000e-01 1.835543187286484770e-22 -1.048443673233733348e-22
9.262695312500000000e-01 1.727614087145907693e-22 -2.021484801651499311e-22
9.267578125000000000e-01 -9.832593330075408629e-23 4.900294338902876504e-23
9.272460937500000000e-01 -1.653955839684170911e-22 -2.360306977695586255e-23
9.277343750000000000e-01 -2.543831517899955917e-22 6.934234386091394578e-23
9.282226562500000000e-01 -7.708271101800198061e-23 1.945866528156242423e-22
9.287109375000000000e-01 -2.094801739280421616e-23 1.557833950917660526e-23
9.291992187500000000e-01 -1.830567507584228482e-22 -1.043286440325130273e-23
9.296875000000000000e-01 4.227915649959393599e-23 1.499316152674317793e-22
9.301757812500000000e-01 9.690880401743278972e-23 -4.972654266439689739e-23
9.306640625000000000e-01 -9.245078854024977849e-23 2.961530467539952281e-22
9.311523437500000000e-01 5.796711794216162077e-23 2.362625926929792739e-22
9.316406250000000000e-01 1.546049742038186857e-22 -5.883976960375185880e-23
9.321289062500000000e-01 1.602260511007812691e-22 2.377966605760198717e-22
9.326171875000000000e-01 -1.248191096796171240e-22 -1.491809400261604926e-23
9.331054687500000000e-01 1.124563859221287910e-22 2.337983298589179474e-23
9.335937500000000000e-01 -8.568186700823473483e-23 -8.406939342287893342e-24
9.340820312500000000e-01 1.022969058326611398e-22 8.278465532268488673e-24
9.345703125000000000e-01 -1.661374886161218607e-22 5.897880299484976484e-23
9.350585937500000000e-01 1.634161531186110392e-22 2.732660286820611663e-22
9.355468750000000000e-01 -3.168493978839661717e-23 1.035072531949639415e-22
9.360351562500000000e-01 -7.781542393348950398e-23 -1.343691105693559383e-22
9.365234375000000000e-01 1.572173283837802490e-22 1.808300020562073315e-22
9.370117187500000000e-01 -8.737653820505609498e-23 -3.775014569916993237e-23
9.375000000000000000e-01 -7.759367325734689930e-23 3.652158532416214400e-23
9.379882812500000000e-01 1.807264441949277095e-23 -4.202642242067781764e-23
9.384765625000000000e-01 5.169988688159013686e-23 -1.558375350232428205e-22
9.389648437500000000e-01 -1.574480909035396712e-23 4.479039868084116666e-23
9.394531250000000000e-01 2.004969919501786005e-22 7.982016107304675173e-23
9.399414062500000000e-01 -1.409522950192357661e-22 4.221415349883648787e-23
9.404296875000000000e-01 5.744243580144368526e-23 1.067748436544532653e-22
9.409179687500000000e-01 1.038373746708430014e-22 1.572887467389136211e-22
9.414062500000000000e-01 -1.773481031379203658e-22 -3.755592587166801859e-22
9.418945312500000000e-01 -9.293245175255872847e-23 2.052480751877299249e-23
9.423828125000000000e-01 -2.204488642470433090e-22 -1.939382639921634527e-22
9.428710937500000000e-01 3.024656639062342015e-23 -1.061071297807000170e-22
9.433593750000000000e-01 -1.002184368339099499e-22 -1.021793699112562891e-22
9.438476562500000000e-01 1.039667761157861379e-23 3.332648471670697850e-23
9.443359375000000000e-01 1.682051902597531444e-22 -1.605999903006556493e-22
9.448242187500000000e-01 -2.856540509478985380e-23 -2.196637271091024937e-22
9.453125000000000000e-01 2.683077611603042125e-23 1.685392503373581273e-23
9.458007812500000000e-01 -1.101946660364010446e-22 8.868544547929716143e-23
9.462890625000000000e-01 3.054523629270827928e-22 -1.255575591592225804e-22
9.467773437500000000e-01 4.954871964368621519e-23 9.794388601360627694e-23
9.472656250000000000e-01 1.281339398577746527e-22 8.651093428551663799e-23
9.477539062500000000e-01 -1.062536653793954832e-23 -4.345387263656271069e-23
9.482421875000000000e-01 8.398095222818190613e-23 1.233883587166915447e-22
9.487304687500000000e-01 -2.057172195142065045e-23 1.762801512515262938e-23
9.492187500000000000e-01 -2.105838762270480528e-22 -7.298049486305991889e-23
9.497070312500000000e-01 -2.873128200946412043e-23 -1.700721661167083829e-23
9.501953125000000000e-01 -1.155600852799908198e-22 -3.883682745729674101e-22
9.506835937500000000e-01 7.813362417641086992e-23 1.074362869858967154e-22
9.511718750000000000e-01 1.468254008553290503e-22 2.589823474279240050e-22
9.516601562500000000e-01 -1.963119525732286111e-22 -1.417613066816004214e-22
9.521484375000000000e-01 1.071775855346783590e-22 -2.254371800665014237e-22
9.526367187500000000e-01 8.629534346972429062e-23 -3.422122374111050700e-23
9.531250000000000000e-01 -2.564906738839563402e-22 1.010174997947933481e-22
9.536132812500000000e-01 -3.912120356198761973e-23 -1.690603729254878871e-22
9.541015625000000000e-01 -1.786289345470300142e-22 8.361938913983009114e-23
9.545898437500000000e-01 1.734739692798552050e-22 -9.260150494097238152e-23
9.550781250000000000e-01 -7.402717557108614519e-23 -1.952711777916761210e-22
9.555664062500000000e-01 5.316572582617678798e-23 1.485285649551252374e-22
9.560546875000000000e-01 -2.035767291798877872e-22 -1.265093861225150654e-22
9.565429687500000000e-01 2.808459184517263859e-23 2.686382953373387238e-22
9.570312500000000000e-01 1.811639399791028592e-22 -2.475369037492256775e-23
9.575195312500000000e-01 -1.039993849155385097e-22 1.174543462196218504e-22
9.580078125000000000e-01 1.455526466583107549e-22 4.975771917246142740e-23
9.584960937500000000e-01 1.341825843076901640e-22 -4.272514586942963660e-23
9.589843750000000000e-01 8.401584245721309914e-23 -1.220820804433557642e-22
9.594726562500000000e-01 -1.318480078827699059e-22 1.416137599493151094e-22
9.599609375000000000e-01 2.981572358043617617e-23 -1.229112918971157492e-22
9.604492187500000000e-01 -3.028695696918633270e-23 1.819667604053672628e-22
9.609375000000000000e-01 6.677094146699858012e-23 -2.185742800475325788e-23
9.614257812500000000e-01 6.826542186423628923e-23 2.290863746344283798e-22
9.619140625000000000e-01 -3.936609054154977594e-23 -4.939883633715028761e-23
9.624023437500000000e-01 2.460294128471070598e-22 2.004185272719040323e-22
9.628906250000000000e-01 -1.749203360476492234e-22 -7.254055366807724020e-23
9.633789062500000000e-01 -1.325453662406725422e-22 3.255880113311587034e-22
9.638671875000000000e-01 6.616140468601101013e-23 -2.910199486432092566e-23
9.643554687500000000e-01 -9.488657039445244617e-23 -5.975330820542929972e-23
9.648437500000000000e-01 1.089759958961229974e-23 1.388849977739146893e-23
9.653320312500000000e-01 -3.618733229460925930e-23 1.181600850139305334e-22
9.658203125000000000e-01 1.695523424796858449e-22 -4.710060860803854256e-23
9.663085937500000000e-01 7.490613429677310924e-23 1.114972154624971830e-22
9.667968750000000000e-01 -1.074448108585402894e-22 -1.189037163642332796e-22
9.672851562500000000e-01 1.325667368166158134e-22 -3.603783260303955279e-23
9.677734375000000000e-01 6.127534051485275631e-23 1.200808390768998255e-22
9.682617187500000000e-01 1.293722787785711833e-23 1.169505525433474676e-22
9.687500000000000000e-01 -6.819320654743846804e-23 2.392518770831921156e-22
9.692382812500000000e-01 6.728409112358320826e-23 1.206044148787966858e-22
9.697265625000000000e-01 1.160968331241056696e-22 8.617386048811983790e-23
9.702148437500000000e-01 1.122152088331084955e-22 -2.025143136726726155e-22
9.707031250000000000e-01 -2.029345047343381673e-22 5.182926760675633696e-23
9.711914062500000000e-01 8.414957980850547886e-23 -1.035189848151659824e-22
9.716796875000000000e-01 -1.725664258883800429e-22 1.058933847628921122e-22
9.721679687500000000e-01 -3.219078932477698813e-23 -6.684006568524375609e-23
9.726562500000000000e-01 -8.912299541786287433e-23 -2.744337886247426186e-22
9.731445312500000000e-01 7.930435830908536152e-23 -1.762276772821383100e-23
9.736328125000000000e-01 6.129668621298255574e-23 -4.305269733448531115e-24
9.741210937500000000e-01 -2.434607544793680048e-22 -7.957626078818287240e-23
9.746093750000000000e-01 -1.896296684626451213e-23 -1.706738838140075695e-22
9.750976562500000000e-01 -1.553697357317069387e-22 -1.490797093914202110e-22
9.755859375000000000e-01 2.460397430904614583e-22 8.199193930584458614e-23
9.760742187500000000e-01 -2.110220844685314718e-22 -1.224555680238611640e-22
9.765625000000000000e-01 -1.353273021651646394e-22 1.325735336193825737e-22
9.770507812500000000e-01 1.510308201546925548e-23 -2.454258240815559825e-22
9.775390625000000000e-01 -5.062866675402562421e-23 -7.903325940052519655e-23
9.780273437500000000e-01 3.093496463483462790e-23 -1.494142288722848766e-22
9.785156250000000000e-01 -2.912831998654185256e-23 -1.389411132307795717e-22
9.790039062500000000e-01 -2.494688456247399979e-23 -1.537238400983424539e-23
9.794921875000000000e-01 6.094219664488168941e-23 -2.495836843444998065e-22
9.799804687500000000e-01 -1.377496197169073077e-22 -2.086073185089042217e-22
9.804687500000000000e-01 -5.650292193552020234e-23 2.133678645703627870e-22
9.809570312500000000e-01 2.370103169162321004e-22 -8.338958257378328548e-23
9.814453125000000000e-01 -4.748124044252868920e-23 -2.314050697488932195e-23
9.819335937500000000e-01 1.389957103534583278e-22 1.585457743776023767e-22
9.824218750000000000e-01 -6.596839828422430990e-23 -1.626501878403153748e-22
9.829101562500000000e-01 -7.958092858163543482e-23 -2.263070398169360045e-22
9.833984375000000000e-01 -1.573185522836987862e-22 -1.054994103126045714e-22
9.838867187500000000e-01 6.458565215161786181e-23 2.315021475011366295e-22
9.843750000000000000e-01 3.580864665677658997e-22 6.250564983562531972e-23
9.848632812500000000e-01 -1.090524654168795513e-22 2.208702388617839738e-22
9.853515625000000000e-01 -5.647720003778750667e-23 -5.823214512770632887e-23
9.858398437500000000e-01 -2.218583732339620874e-23 -7.227929970306970533e-23
9.863281250000000000e-01 3.958717436975155646e-23 5.010439898117675539e-23
9.868164062500000000e-01 2.341055329565686463e-22 1.319520731561909867e-22
9.873046875000000000e-01 -3.110709196081303175e-22 -8.436274814504075815e-24
9.877929687500000000e-01 8.076708848262593083e-23 2.080964474030727572e-22
9.882812500000000000e-01 7.333683479347435844e-23 1.531044327392732862e-22
9.887695312500000000e-01 -1.802931028641489899e-22 1.138399211764248457e-22
9.892578125000000000e-01 2.093364433249268331e-22 5.023802538350256474e-23
9.897460937500000000e-01 -9.454747377763736007e-23 2.626453895093974001e-22
9.902343750000000000e-01 1.785928479754674358e-22 6.525842013233958422e-23
9.907226562500000000e-01 1.152286606845364837e-23 -9.704146808923072871e-23
9.912109375000000000e-01 3.755031906288557680e-23 8.087816295704164958e-23
9.916992187500000000e-01 -5.740500347356916022e-23 1.255507299626302929e-22
9.921875000000000000e-01 8.936725685981962340e-23 2.451231329524454246e-22
9.926757812500000000e-01 1.197283159629511353e-22 1.010013055856682648e-22
9.931640625000000000e-01 7.760717359395334872e-23 1.228193563769646137e-22
9.936523437500000000e-01 2.408942877787502417e-22 2.190497047203965354e-23
9.941406250000000000e-01 -1.194125460673876745e-22 -1.000631906600763407e-23
9.946289062500000000e-01 9.629306065617021329e-23 2.723331260387294161e-22
9.951171875000000000e-01 -2.744077402836240926e-23 3.579510842540586969e-23
9.956054687500000000e-01 -1.290200650199927068e-22 -1.051002219984593561e-23
9.960937500000000000e-01 1.911731102333899771e-22 -1.392113128383782880e-22
9.965820312500000000e-01 -1.244441978258362282e-22 -2.253711190753561349e-23
9.970703125000000000e-01 8.151279449510599760e-23 -7.749956254176902001e-23
9.975585937500000000e-01 -1.213284791052967372e-23 -1.752531780832002780e-22
9.980468750000000000e-01 1.871166260442055993e-23 -3.230505795678645294e-22
9.985351562500000000e-01 -2.037875159715950082e-23 8.885506777129725969e-23
9.990234375000000000e-01 1.040133907416763634e-22 -1.669601437766562130e-23
9.995117187500000000e-01 -4.019635192930330518e-23 -1.040360829130919046e-22
1.000000000000000000e+00 9.310213597519032752e-24 -2.829903067671497197e-22
1.000488281250000000e+00 -5.083676672917000395e-23 -2.177179063886011825e-23
1.000976562500000000e+00 -1.168472657714642862e-22 -2.156578063245607479e-22
1.001464843750000000e+00 -8.559929331779585175e-23 -5.672091277530018626e-23
1.001953125000000000e+00 -1.564208428709181284e-22 8.640545919401322481e-23
1.002441406250000000e+00 -1.797176356771607399e-22 9.842247835466335630e-23
1.002929687500000000e+00 -8.357461280239401092e-23 1.887593815636592675e-23
1.003417968750000000e+00 -3.648162612612015220e-24 4.386890753832440350e-23
1.003906250000000000e+00 -2.491624340238769671e-22 -1.547666538591720136e-22
1.004394531250000000e+00 1.820090796762427761e-22 -1.518796360358298477e-23
1.004882812500000000e+00 -2.375491815294996678e-22 -5.450467355833874060e-23
1.005371093750000000e+00 -5.469523691397516484e-24 -2.197322508658145351e-23
1.005859375000000000e+00 6.892657264700752696e-23 -6.496487010346201821e-23
1.006347656250000000e+00 -7.309812677931145995e-23 -2.018578547642843220e-22
1.006835937500000000e+00 -1.112182514592458029e-22 3.948446153203139144e-23
1.007324218750000000e+00 -3.187844505470874090e-22 -9.024364966896199357e-23
1.007812500000000000e+00 -8.140054643047552410e-23 -1.821469926918191830e-22
1.008300781250000000e+00 1.928366556495289757e-22 4.303235404618260467e-23
1.008789062500000000e+00 -1.523603237326920125e-22 -8.353050748887763047e-23
1.009277343750000000e+00 1.745887852443602216e-22 5.321821038645305263e-23
1.009765625000000000e+00 1.661680270954369773e-23 8.762885460713403316e-23
1.010253906250000000e+00 7.821985212418799737e-23 1.618870857902087702e-22
1.010742187500000000e+00 6.489730584475987472e-23 8.447051807865863632e-23
1.011230468750000000e+00 7.244313726084614235e-23 1.144149745468795322e-22
1.011718750000000000e+00 8.244652937275736446e-23 -7.087267583562432035e-23
1.012207031250000000e+00 2.487476618019468883e-22 1.756152748892806587e-22
1.012695312500000000e+00 2.195401503174713770e-23 -2.345319705100438365e-22
1.013183593750000000e+00 2.218570413364062399e-22 3.970030600300290257e-22
1.013671875000000000e+00 -1.015195891487688009e-22 -1.260681023326331390e-22
1.014160156250000000e+00 -1.401408427150183963e-22 5.086479361378055401e-23
1.014648437500000000e+00 2.236502134462813864e-22 -1.305744249476918875e-22
1.015136718750000000e+00 4.280176165748010400e-23 -3.924530630380777920e-23
1.015625000000000000e+00 1.542767713892110272e-22 1.493174548223158546e-22
1.016113281250000000e+00 1.095321025866160480e-23 -2.148518219469534699e-22
1.016601562500000000e+00 -8.062596919657046176e-23 -1.323436569648102773e-22
1.017089843750000000e+00 1.383963124756350867e-22 -3.911319977557330696e-23
1.017578125000000000e+00 -2.964871306141392513e-23 -1.856092405181077624e-22
1.018066406250000000e+00 -3.915078595769052528e-24 9.586295415758443473e-25
1.018554687500000000e+00 -2.897955647042027970e-23 3.632180419630556893e-23
1.019042968750000000e+00 7.796756412355597438e-23 5.540632270390592706e-23
1.019531250000000000e+00 1.082765153678584459e-22 2.282301439003585686e-22
1.020019531250000000e+00 -1.586591786783068264e-23 3.800907624378881780e-22
1.020507812500000000e+00 -5.450117539413673665e-23 1.018349684301286322e-22
1.020996093750000000e+00 5.244759017522952950e-23 2.479406773278848766e-23
1.021484375000000000e+00 4.655001430486013886e-23 -3.949072248645329071e-23
1.021972656250000000e+00 1.572344624995815848e-23 8.012290580052456272e-23
1.022460937500000000e+00 -1.003051900867739363e-22 8.882858040430757923e-23
1.022949218750000000e+00 -3.807913867139159759e-22 -9.846474187818890359e-23
1.023437500000000000e+00 4.847093000952009425e-23 5.454385619981663370e-23
1.023925781250000000e+00 3.305166123277118007e-23 1.069788910508673742e-22
1.024414062500000000e+00 -7.340480768723437522e-23 1.935635897135967284e-22
1.024902343750000000e+00 1.964123396727280123e-22 1.173320041254872091e-22
1.025390625000000000e+00 -3.183894877206503683e-23 2.239186823549169302e-22
1.025878906250000000e+00 -1.053704740119586496e-22 5.415572780816376258e-23
1.026367187500000000e+00 -1.551438139874235338e-22 8.576115281271399090e-23
1.026855468750000000e+00 9.869219659394450112e-23 -3.381163856887416120e-23
1.027343750000000000e+00 1.128988777980478511e-22 8.720845572591519122e-24
1.027832031250000000e+00 8.544622027867120563e-23 -9.603071260254858781e-23
1.028320312500000000e+00 1.019042487688192979e-22 1.561831429900764011e-22
1.028808593750000000e+00 -1.799111561221318425e-22 -1.653082313387307629e-22
1.029296875000000000e+00 4.579351727384608747e-23 -1.123700595616504501e-22
1.029785156250000000e+00 -8.174072102717262162e-23 -2.097509732666248035e-22
1.030273437500000000e+00 -1.874813094654169030e-22 3.857597853364720522e-23
1.030761718750000000e+00 -5.884857679357703217e-23 -9.327733548754220776e-23
1.031250000000000000e+00 -1.257086975087177138e-22 -2.743010836153415412e-22
1.031738281250000000e+00 -9.149925018219903035e-23 -2.623582649304231258e-22
1.032226562500000000e+00 -2.413467072828567150e-23 -2.850807055658252625e-22
1.032714843750000000e+00 -2.381142235514045439e-22 4.977024469676422587e-23
1.033203125000000000e+00 3.611026277895458762e-23 -6.701105874014063523e-23
1.033691406250000000e+00 -2.561315197112600063e-23 -2.587714956928797197e-22
1.034179687500000000e+00 -1.956332302966050362e-23 -1.220645059389866986e-22
1.034667968750000000e+00 3.805655614638593191e-22 1.512213376555952760e-22
1.035156250000000000e+00 -1.507598777811400483e-22 1.023860513429233509e-22
1.035644531250000000e+00 2.364254846856722908e-22 -1.439776808856713539e-22
1.036132812500000000e+00 9.733752206968630278e-23 -2.474961806768121027e-22
1.036621093750000000e+00 1.178089440159431715e-22 -8.616590405803514577e-23
1.037109375000000000e+00 -2.044856112041314284e-22 -3.139822099134133388e-23
1.037597656250000000e+00 1.317800913857132788e-22 1.915851818171932807e-22
1.038085937500000000e+00 2.543045629750738789e-22 4.092712655195039686e-23
1.038574218750000000e+00 1.172301772145862790e-22 -6.526083248138034050e-23
1.039062500000000000e+00 -1.214920183049089512e-22 -2.971670813430270575e-23
1.039550781250000000e+00 -1.018637035051046677e-22 1.003028830837552510e-22
1.040039062500000000e+00 2.312707645416881387e-22 1.178353129123947845e-22
1.040527343750000000e+00 -1.178008395466402389e-22 1.865579723952844843e-22
1.041015625000000000e+00 -1.265673984463437478e-22 -3.123732657447922077e-23
1.041503906250000000e+00 -3.847829112811753428e-23 -3.332449614411768762e-23
1.041992187500000000e+00 7.863160020414722263e-24 -4.556450615670600960e-23
1.042480468750000000e+00 -1.874839991654054677e-22 1.625652774699225147e-22
1.042968750000000000e+00 3.615897795751708862e-23 -3.331201973689161350e-23
1.043457031250000000e+00 1.181688575354043527e-22 1.578076537120589489e-22
1.043945312500000000e+00 -1.780358225902786250e-22 1.665584191413012845e-22
1.044433593750000000e+00 1.475654189498811402e-23 9.407112380958290322e-23
1.044921875000000000e+00 -1.374266592054077808e-22 1.725609857780342955e-23
1.045410156250000000e+00 3.695567957099871946e-23 1.949923473060388245e-23
1.045898437500000000e+00 -4.319651498295302162e-23 1.683383692876573711e-22
1.046386718750000000e+00 9.736157261829929181e-24 1.159248410589744724e-22
1.046875000000000000e+00 9.815935417474985816e-23 1.483415801817758405e-23
1.047363281250000000e+00 4.500653258643151974e-23 -3.353720334370725365e-23
1.047851562500000000e+00 -5.006304082478375064e-23 4.481960688650700196e-23
1.048339843750000000e+00 1.933575289811074558e-23 2.362583017003444212e-23
1.048828125000000000e+00 2.311346713375573712e-22 -4.880766963492699390e-23
1.049316406250000000e+00 -2.187033110533706726e-22 -7.885328225579322380e-23
1.049804687500000000e+00 -3.119302189738554464e-23 1.776870413717172319e-22
1.050292968750000000e+00 3.554096938934083896e-22 -3.477544513296641117e-23
1.050781250000000000e+00 -1.516319624829259282e-22 -1.991915023619476887e-22
1.051269531250000000e+00 -1.004759362137679555e-22 -4.267585292680473363e-23
1.051757812500000000e+00 6.369359137886811867e-23 -1.966334612134831646e-23
1.052246093750000000e+00 -1.079473519909739505e-23 -5.477613334489573851e-23
1.052734375000000000e+00 -3.346384161597677712e-23 3.014392772211061775e-23
1.053222656250000000e+00 1.056667716917859024e-22 -2.269655289896013785e-22
1.053710937500000000e+00 1.554276765841560722e-22 2.865429045432453522e-23
1.054199218750000000e+00 4.382301017076159729e-23 1.172894457276375646e-22
1.054687500000000000e+00 -3.017362212719560908e-23 9.153765197793023291e-23
1.055175781250000000e+00 -1.267018561550491255e-22 5.164079264190827265e-24
1.055664062500000000e+00 -4.266406702595178755e-23 5.480709336091071981e-23
1.056152343750000000e+00 -2.916928741354399560e-24 -1.914280188303055777e-22
1.056640625000000000e+00 -2.209555972181465431e-22 1.546330997025854427e-22
1.057128906250000000e+00 2.095694851749906557e-22 1.560057577104630606e-22
1.057617187500000000e+00 -1.164097828637958437e-22 -9.066949496134298839e-23
1.058105468750000000e+00 6.801285193170039451e-23 9.821667223389449686e-23
1.058593750000000000e+00 -1.875305627014982220e-24 -2.049865822344798553e-22
1.059082031250000000e+00 -2.247903344299086918e-22 -1.442622638039029546e-24
1.059570312500000000e+00 1.761383833174596062e-22 1.077511960916609209e-22
1.060058593750000000e+00 -4.972984943057058936e-23 -8.499861063383470810e-23
1.060546875000000000e+00 1.072027302031999459e-22 -9.859182559407102403e-23
1.061035156250000000e+00 3.449184626828700285e-23 -6.372648220789832933e-23
1.061523437500000000e+00 3.383087372916874314e-23 -9.590933284200188728e-23
1.062011718750000000e+00 3.279645866709042968e-23 7.249873767063766074e-23
1.062500000000000000e+00 -1.046028418263558435e-22 -8.621251042939996225e-23
1.062988281250000000e+00 -9.577495092530207650e-23 1.624301938926847206e-23
1.063476562500000000e+00 -8.371167294852347577e-23 1.480830971153478934e-22
1.063964843750000000e+00 2.463214665372427294e-22 5.361098370904356248e-23
1.064453125000000000e+00 -1.411639080951584526e-22 -1.011522288605734033e-22
1.064941406250000000e+00 -2.824976466163673947e-23 -4.944924943968916156e-23
1.065429687500000000e+00 1.325195364472795917e-22 -8.111409973586059298e-23
1.065917968750000000e+00 -2.736406511911059745e-23 -7.846240242864749467e-23
1.066406250000000000e+00 1.689610173965633831e-22 -1.461282455666282103e-23
1.066894531250000000e+00 -1.660284788125716977e-23 8.130562809224713041e-23
1.067382812500000000e+00 -5.227279313503283391e-23 -1.890492010204944305e-23
1.067871093750000000e+00 1.839766321672277989e-23 -1.154245859343678690e-22
1.068359375000000000e+00 1.627946739470368768e-22 -5.079577036630682557e-23
1.068847656250000000e+00 -1.437490972495136326e-22 1.323869848714023270e-22
1.069335937500000000e+00 8.995181404980116596e-23 -1.227895523081399357e-22
1.069824218750000000e+00 3.050729033951040798e-23 -4.110471592304061409e-23
1.070312500000000000e+00 -9.947804419991016175e-23 -4.169776708122277031e-23
1.070800781250000000e+00 -2.269161894767870549e-22 4.832768266143623848e-23
1.071289062500000000e+00 3.978985472751521401e-23 -8.773763644838971145e-23
1.071777343750000000e+00 6.146715909352764096e-23 2.525220333651366542e-22
1.072265625000000000e+00 -1.768213289376982556e-22 6.546677755178629055e-23
1.072753906250000000e+00 -1.749166551811782934e-22 -8.424625723962693179e-23
1.073242187500000000e+00 1.430573644031702620e-22 3.509879040494861228e-23
1.073730468750000000e+00 -2.068196705586969922e-22 -1.203131183403934533e-22
1.074218750000000000e+00 -4.085129571244959692e-23 1.308375043667087050e-23
1.074707031250000000e+00 -1.923657510454181714e-22 -2.661905858164207396e-23
1.075195312500000000e+00 -4.637670388085189107e-23 6.705530236646725582e-23
1.075683593750000000e+00 7.583199771875340887e-23 -7.529160555684399017e-23
1.076171875000000000e+00 2.214788867869448584e-22 -7.802958180948379448e-24
1.076660156250000000e+00 1.575125966699268785e-22 7.743269964298788427e-23
1.077148437500000000e+00 -4.744217426956490283e-24 1.284692608941872124e-22
1.077636718750000000e+00 1.661525766028055107e-22 -7.994707022456035230e-23
1.078125000000000000e+00 1.126141453962480735e-22 3.108106504820933011e-22
1.078613281250000000e+00 7.574404491582990715e-23 -5.225708038663542936e-23
1.079101562500000000e+00 4.020503197073771267e-23 8.058836016465772257e-23
1.079589843750000000e+00 1.127587923359268609e-22 6.212677329097351129e-23
1.080078125000000000e+00 1.839421081116083153e-22 1.533969653910236489e-22
1.080566406250000000e+00 -7.971920638578018046e-23 1.234914493694298263e-23
1.081054687500000000e+00 -2.558391922544800673e-22 3.848866817405408857e-23
1.081542968750000000e+00 4.551467108179721763e-23 -3.341291174440995981e-23
1.082031250000000000e+00 -1.679650260809929450e-22 6.636037118423102103e-23
1.082519531250000000e+00 3.179713856839896330e-23 -4.738804686882873305e-23
1.083007812500000000e+00 6.817562508425280136e-23 -1.072288655124082843e-22
1.083496093750000000e+00 -3.791853415469056019e-22 1.626163619060354645e-22
1.083984375000000000e+00 1.241718737293577693e-22 -2.604608609779043763e-22
1.084472656250000000e+00 4.708237732560679259e-23 2.185622566617245490e-22
1.084960937500000000e+00 -8.522649287404395386e-23 -3.555665236784977804e-22
1.085449218750000000e+00 4.643704061915469097e-23 2.381119517197751971e-22
1.085937500000000000e+00 8.557209082362360841e-23 -2.366793475748443730e-22
1.086425781250000000e+00 -4.734401787544518520e-23 1.734155934255260170e-22
1.086914062500000000e+00 -1.637871608456904868e-22 1.347721273467736148e-22
1.087402343750000000e+00 1.545276845742398288e-22 -1.887208959219286376e-22
1.087890625000000000e+00 -1.937121109044266203e-22 -5.606161441164737571e-23
1.088378906250000000e+00 3.520084499161447555e-23 -8.868257363159153214e-23
1.088867187500000000e+00 -2.217132110813967247e-23 -1.574440330053517206e-22
1.089355468750000000e+00 1.387924315242884827e-22 4.156162601582221865e-23
1.089843750000000000e+00 9.701697853058219556e-24 -1.075777753725889188e-22
1.090332031250000000e+00 1.209559102631933911e-22 1.398673106841577498e-22
1.090820312500000000e+00 -1.041810811859178714e-22 -5.607677875296093815e-23
1.091308593750000000e+00 -1.865520687724188459e-22 4.260091691943824979e-23
1.091796875000000000e+00 7.984564879306329640e-23 1.143543547713280571e-22
1.092285156250000000e+00 1.660378260153807548e-22 1.333316513981759073e-22
1.092773437500000000e+00 -1.820864776544781373e-22 -6.834831097711051976e-23
1.093261718750000000e+00 2.691964432786657219e-22 5.674822143286770302e-23
1.093750000000000000e+00 -5.510719043680596929e-23 -2.830665025741891605e-22
1.094238281250000000e+00 4.918581826535169943e-23 1.451520507999915381e-23
1.094726562500000000e+00 2.016378919935047988e-23 -2.352825388841764318e-22
1.095214843750000000e+00 1.914487804151296583e-22 3.092291017142628138e-23
1.095703125000000000e+00 2.765751271967842357e-22 -4.125808951599788288e-23
1.096191406250000000e+00 -2.075869156382535582e-22 -1.313873949109859146e-22
1.096679687500000000e+00 -3.316895331938571949e-22 1.574090977468428305e-22
1.097167968750000000e+00 1.073494877923438902e-22 6.072773042943980602e-23
1.097656250000000000e+00 1.415976390283102236e-22 -9.665530436501696509e-23
1.098144531250000000e+00 -3.620125009220004179e-23 7.994296581982062477e-23
1.098632812500000000e+00 -2.447956310714875882e-22 -8.268067665690722475e-23
1.099121093750000000e+00 1.242855422400643344e-22 6.070561321737518964e-23
1.099609375000000000e+00 -1.134503558528471370e-22 1.152214267420278731e-22
1.100097656250000000e+00 1.572677386252480519e-22 -1.009547875658472060e-23
1.100585937500000000e+00 -1.189442881654726887e-22 -4.108915177099739486e-23
1.101074218750000000e+00 6.411743477456774277e-23 2.255278743248388074e-22
1.101562500000000000e+00 -7.011186340506454644e-23 -2.705466726002417740e-23
1.102050781250000000e+00 -5.693585002044761193e-23 -4.997837711517138732e-23
1.102539062500000000e+00 -1.561783902117501243e-23 -1.769734465668554980e-23
1.103027343750000000e+00 1.626083146806430649e-22 6.789918480610005243e-23
1.103515625000000000e+00 2.895645508027913133e-22 9.245345280836839846e-23
1.104003906250000000e+00 1.266071731357922923e-22 -1.720448208729962428e-23
1.104492187500000000e+00 -2.356855936924068569e-23 -1.331049177964648380e-22
1.104980468750000000e+00 4.431058023175638295e-23 4.695127485872282043e-23
1.105468750000000000e+00 -2.989775714901836397e-23 -1.459410761277850102e-22
1.105957031250000000e+00 6.497613589294296034e-23 7.153908499798653976e-23
1.106445312500000000e+00 -2.067978640550091768e-22 8.545035708380585153e-23
1.106933593750000000e+00 -1.393096629031330207e-22 2.363605522807499351e-22
1.107421875000000000e+00 -1.250721963429954395e-22 4.249517670091807010e-23
1.107910156250000000e+00 -2.966879903089512022e-22 2.832910177667967120e-22
1.108398437500000000e+00 9.487210198604140472e-23 6.081399805219936104e-23
1.108886718750000000e+00 -6.209737272292168375e-23 -2.654166704837714785e-22
1.109375000000000000e+00 -3.534492077919837012e-23 1.701577760435068304e-22
1.109863281250000000e+00 -1.511324672645171916e-23 -4.192331276055871541e-22
1.110351562500000000e+00 8.294547708776803256e-23 -8.644014534704311231e-23
1.110839843750000000e+00 -1.492780104272118598e-22 -5.973278624436821865e-23
1.111328125000000000e+00 -7.369022371258027106e-23 1.008660871588513073e-22
1.111816406250000000e+00 -1.119182675921341472e-22 -2.273312903758403007e-22
1.112304687500000000e+00 4.082205468738537477e-23 2.920835117149297461e-22
1.112792968750000000e+00 -1.739203970296653715e-22 5.398700907423332896e-24
1.113281250000000000e+00 -3.261839999845888231e-23 -2.895384683254764247e-22
1.113769531250000000e+00 -6.547134530790358925e-23 5.705281878969734426e-23
1.114257812500000000e+00 4.154674245536291716e-23 5.326523691373952231e-23
1.114746093750000000e+00 -2.464356704064233301e-23 -1.831648529776632673e-22
1.115234375000000000e+00 -4.137884665421797538e-23 1.101701925915102286e-23
1.115722656250000000e+00 1.379557533806740972e-22 4.751503420438330151e-23
1.116210937500000000e+00 6.938734164457831530e-23 6.761178444723674902e-23
1.116699218750000000e+00 -2.955782026437184354e-23 1.714973987857357060e-22
1.117187500000000000e+00 1.444708987920932478e-22 -1.769024235328596777e-22
1.117675781250000000e+00 -1.361791592620965328e-22 2.141708629995864273e-22
1.118164062500000000e+00 1.075262220364849300e-22 -9.048704354603569776e-23
1.118652343750000000e+00 1.449152031360075811e-22 1.558580540725285634e-22
1.119140625000000000e+00 -3.061666609589840036e-23 1.610978545588466414e-22
1.119628906250000000e+00 1.355332209347221588e-22 9.008764433598675298e-23
1.120117187500000000e+00 6.931362109061033241e-23 3.591247548949639078e-24
1.120605468750000000e+00 -3.074021120769334584e-23 -2.276391722990555509e-22
1.121093750000000000e+00 1.897032097225082816e-22 3.344338675928987982e-23
1.121582031250000000e+00 1.310894935312044799e-22 7.784051362534196376e-23
1.122070312500000000e+00 1.118495104117417467e-22 1.369536847904664974e-23
1.122558593750000000e+00 5.586799460735316178e-23 -1.279669601856094074e-22
1.123046875000000000e+00 2.438556568195324059e-22 -7.482546360893143818e-23
1.123535156250000000e+00 3.129990734315025723e-23 -1.075095471541226172e-22
1.124023437500000000e+00 -5.389421837441376360e-23 -2.188427374035003203e-22
1.124511718750000000e+00 1.487650446440066317e-22 3.290073025693170369e-23
1.125000000000000000e+00 -9.992069754893238967e-23 -7.414873235987623394e-23
1.125488281250000000e+00 -7.601165626497892069e-23 4.292047443560066296e-23
1.125976562500000000e+00 -4.169927142792385264e-24 3.511584654016136189e-23
1.126464843750000000e+00 -1.314662341716423481e-23 -2.778457608226908589e-23
1.126953125000000000e+00 1.653895615416017159e-22 3.912528935249297091e-24
1.127441406250000000e+00 -1.170307043129642016e-23 4.528488147746353343e-23
1.127929687500000000e+00 -1.005957968903200861e-23 5.563895497606858151e-23
1.128417968750000000e+00 -2.788161901109773237e-23 1.507368155483606479e-22
1.128906250000000000e+00 2.251479309045872523e-23 -1.528479301241375232e-22
1.129394531250000000e+00 -3.322505888967598079e-22 -1.048765591075360244e-22
1.129882812500000000e+00 2.991571427843341156e-23 -6.285011619454953056e-23
1.130371093750000000e+00 -1.033095057815930976e-22 -2.890373546944162916e-24
1.130859375000000000e+00 -3.516371152663369437e-26 -2.337984149075116253e-23
1.131347656250000000e+00 -1.945472196485638826e-22 2.165478790329396764e-22
1.131835937500000000e+00 -7.354323585601528753e-23 -7.534607501592841707e-23
1.132324218750000000e+00 -1.181076347923828186e-22 -6.184572773390132867e-23
1.132812500000000000e+00 1.047713331878971871e-22 -7.701222594250010291e-23
1.133300781250000000e+00 -1.559553080100399569e-23 -5.525857385698113401e-23
1.133789062500000000e+00 1.655821702246370844e-22 1.715642325733302186e-22
1.134277343750000000e+00 -1.975232565992121836e-22 -2.997891775919608347e-23
1.134765625000000000e+00 1.630374536801598056e-22 9.306295809867209623e-23
1.135253906250000000e+00 -1.229170559104334293e-22 2.111217590293688849e-22
1.135742187500000000e+00 -4.601613500317953983e-23 9.765155354300196774e-23
1.136230468750000000e+00 -1.823815627847267637e-22 1.395656574467508489e-22
1.136718750000000000e+00 9.757958690903246267e-23 9.240434003796249926e-23
1.137207031250000000e+00 -2.129558492065502079e-23 -3.012090029909105652e-23
1.137695312500000000e+00 -8.952225444680732161e-23 7.277662884960968930e-24
1.138183593750000000e+00 -1.143784139122474282e-22 -1.251508933067157780e-22
1.138671875000000000e+00 -1.082811136642401903e-22 1.098449043233541011e-22
1.139160156250000000e+00 1.930564120623239246e-22 -1.160489988279907908e-22
1.139648437500000000e+00 -5.310057148828246153e-23 -1.013116502783981126e-22
1.140136718750000000e+00 -2.224303577046078496e-22 1.602161099342549825e-22
1.140625000000000000e+00 1.165180376771406409e-22 -1.972068885511213328e-22
1.141113281250000000e+00 -6.371530852560242768e-23 1.833196601211578795e-22
1.141601562500000000e+00 -1.131204293083446047e-22 -2.660884157230727121e-22
1.142089843750000000e+00 1.642948201537684758e-22 -5.362139761563322523e-23
1.142578125000000000e+00 -5.579603034032213574e-23 -2.120082296769090783e-23
1.143066406250000000e+00 -1.661008097844631757e-22 1.275923698373563765e-22
1.143554687500000000e+00 -4.395384235506481684e-23 -7.618521843859407629e-23
1.144042968750000000e+00 1.425422305328618329e-22 -7.989949960559036903e-23
1.144531250000000000e+00 -6.207754968153918614e-23 -7.720411026618223678e-23
1.145019531250000000e+00 2.404786168302187723e-22 -1.158413032433866884e-22
1.145507812500000000e+00 -1.723413344052226800e-23 -4.029117864049226651e-23
1.145996093750000000e+00 2.030971093775497851e-22 1.880145004755202825e-22
1.146484375000000000e+00 7.189262941995869491e-23 4.754341653106914459e-23
1.146972656250000000e+00 7.789838679935896342e-23 -1.126534913692666835e-23
1.147460937500000000e+00 6.197554967557362202e-23 -1.721863212797000296e-23
1.147949218750000000e+00 1.871214192205924879e-22 9.083186792743632539e-24
1.148437500000000000e+00 -1.833156604506858205e-22 -3.973272472472476444e-23
1.148925781250000000e+00 2.220060198829642473e-22 2.020474007282558016e-23
1.149414062500000000e+00 -5.522853233250110966e-23 1.169165907439105985e-22
1.149902343750000000e+00 5.204137626032109143e-23 -1.352153193306077447e-22
1.150390625000000000e+00 -1.078070489256520040e-22 7.493687610542029810e-23
1.150878906250000000e+00 1.212353910104237411e-22 -2.823945107859207525e-23
1.151367187500000000e+00 1.003906441658561479e-22 8.603731449386379249e-23
1.151855468750000000e+00 1.904826242059904825e-22 1.111696272610541984e-22
1.152343750000000000e+00 -2.433383463286863041e-22 -1.371280985836529290e-22
1.152832031250000000e+00 -3.020126573085854688e-22 6.010238644451715308e-23
1.153320312500000000e+00 2.499421273171594008e-22 9.787035488766378729e-23
1.153808593750000000e+00 3.323992650161159148e-23 6.445017558984799795e-23
1.154296875000000000e+00 -7.673868322927037300e-23 1.008035995396373021e-22
1.154785156250000000e+00 9.325366454196651925e-23 -2.271531027219530342e-22
1.155273437500000000e+00 -7.943244570250353645e-24 -4.049066046893492966e-23
1.155761718750000000e+00 1.929178803583029503e-22 -2.143192843309218897e-23
1.156250000000000000e+00 4.897455979009711058e-23 -3.041053177267400214e-23
1.156738281250000000e+00 5.600036448128601052e-23 -1.933140633856145325e-22
1.157226562500000000e+00 -7.950511834452937380e-23 3.144587750627663699e-23
1.157714843750000000e+00 1.712718713166201330e-22 -8.457815554260978482e-23
1.158203125000000000e+00 -6.985522170071512745e-23 8.673819899358387644e-23
1.158691406250000000e+00 -2.441648483127006815e-22 -9.155891548667838126e-23
1.159179687500000000e+00 1.050953526604177879e-22 8.561264555730781461e-24
1.159667968750000000e+00 -1.695878814633005491e-22 2.553877805149244373e-22
1.160156250000000000e+00 1.521288338942904184e-22 -1.223819316556396928e-23
1.160644531250000000e+00 -6.118761612144875831e-23 2.713909442686346691e-22
1.161132812500000000e+00 -1.632469994198515923e-22 3.929066683238523638e-23
1.161621093750000000e+00 -5.955478599589130309e-23 -2.011447813019881676e-23
1.162109375000000000e+00 -1.996143610678424548e-23 -4.960231598728581583e-23
1.162597656250000000e+00 7.117903347213099571e-24 5.666936486334839401e-23
1.163085937500000000e+00 5.270547008779853541e-23 6.988621019012464775e-23
1.163574218750000000e+00 8.224201649415084794e-23 -1.918563521618449363e-22
1.164062500000000000e+00 -1.245522638306310281e-22 5.532937203170537828e-24
1.164550781250000000e+00 -2.137626157138467561e-22 -1.662052258399113597e-22
1.165039062500000000e+00 -1.312951200235781419e-22 1.327955283044886029e-23
1.165527343750000000e+00 -1.923150191432092422e-22 -1.860843170829752693e-22
1.166015625000000000e+00 2.178389096028738712e-22 7.939911613783601112e-23
1.166503906250000000e+00 -1.269344778652088630e-22 -2.109906613929845559e-22
1.166992187500000000e+00 -3.265540867178362723e-23 -1.626113524751995374e-22
1.167480468750000000e+00 3.474975152125402475e-22 -1.770294440684507754e-22
1.167968750000000000e+00 -1.073076463388662023e-22 1.316175324265141612e-22
1.168457031250000000e+00 -3.748396586809275820e-22 -1.637281106384691864e-23
1.168945312500000000e+00 5.111723416262468010e-23 4.020048663060300813e-23
1.169433593750000000e+00 -1.412009273445935865e-22 1.031075032168138810e-22
1.169921875000000000e+00 -1.230046060067933087e-22 2.775998689953953453e-22
1.170410156250000000e+00 5.665246222964852808e-23 1.064488618403599461e-22
1.170898437500000000e+00 -4.154767124921553378e-23 1.334839280690910336e-22
1.171386718750000000e+00 4.855965121814878124e-24 -5.331676977125167858e-23
1.171875000000000000e+00 -9.101120971681327843e-23 -2.159471713590586937e-22
1.172363281250000000e+00 2.265231321657853253e-22 1.514466562480963739e-22
1.172851562500000000e+00 3.059682403060359081e-22 1.139220663763014015e-24
1.173339843750000000e+00 1.078030981815917326e-22 1.439760003480613023e-22
1.173828125000000000e+00 -1.180994089206811728e-22 1.211546013637536174e-23
1.174316406250000000e+00 8.499161843002945829e-24 -4.849963180664493089e-23
1.174804687500000000e+00 -4.439131218606176367e-23 -2.125901689770778379e-23
1.175292968750000000e+00 1.785567139842969065e-22 -4.216313267885390034e-23
1.175781250000000000e+00 1.534734432947450558e-23 9.295854566398941693e-23
1.176269531250000000e+00 2.369268408325121827e-22 5.763038261647915950e-24
1.176757812500000000e+00 -2.683700851489579749e-22 -7.464774800782963184e-23
1.177246093750000000e+00 2.501059556487510184e-22 1.361261638158030788e-23
1.177734375000000000e+00 1.925587837310291935e-22 -3.686061977695250144e-23
1.178222656250000000e+00 -8.959017029131320378e-24 -9.014812578120452342e-24
1.178710937500000000e+00 1.509900650902270071e-22 2.217444014954586380e-22
1.179199218750000000e+00 1.615088337021074517e-23 4.512517271248484495e-23
1.179687500000000000e+00 -2.175104226019787273e-22 6.204964948138820437e-23
1.180175781250000000e+00 -2.017883329967295298e-22 -2.929709457040478772e-23
1.180664062500000000e+00 1.109765024038803774e-22 9.911154484706461156e-23
1.181152343750000000e+00 6.097729648727229746e-23 7.335583706132905556e-24
1.181640625000000000e+00 -2.013059416681908677e-22 -1.643232055380361367e-22
1.182128906250000000e+00 -6.586397539719717272e-23 -3.550102545810546105e-23
1.182617187500000000e+00 -2.621869696136619406e-22 -7.167005447012251631e-23
1.183105468750000000e+00 -5.901597136132561749e-23 -7.523793065529638920e-24
1.183593750000000000e+00 -5.370001381350625671e-24 7.483233041866844374e-24
1.184082031250000000e+00 1.579215375992262785e-22 -1.006458472372542281e-22
1.184570312500000000e+00 6.846993894967994795e-23 -3.345854354474090003e-24
1.185058593750000000e+00 6.222217019824571863e-23 -5.369538224750383092e-23
1.185546875000000000e+00 6.223084644661091810e-23 -1.789624967228878186e-22
1.186035156250000000e+00 7.675204047684080631e-23 6.571549966833783185e-23
1.186523437500000000e+00 4.797879580142860390e-23 -5.677307894072162386e-24
1.187011718750000000e+00 7.014765111979575798e-24 2.041995638702444176e-23
1.187500000000000000e+00 1.422792388196735896e-23 -1.481378805410652632e-22
1.187988281250000000e+00 2.147033716088292593e-22 6.843974449483230602e-24
1.188476562500000000e+00 -1.219240185995209921e-22 -2.223112485841682561e-22
1.188964843750000000e+00 1.166373743417183707e-22 -2.664243014431319465e-23
1.189453125000000000e+00 -3.854835354366431823e-23 1.282066455314161794e-22
1.189941406250000000e+00 8.007124441756911729e-23 -1.059242655840837477e-22
1.190429687500000000e+00 -7.798138367993840837e-23 5.329628093503654823e-23
1.190917968750000000e+00 -1.089883340899459805e-22 2.988127880904042793e-23
1.191406250000000000e+00 1.965235871235877255e-22 -2.456470336780068299e-22
1.191894531250000000e+00 -2.035859226496903493e-22 -3.891283389938492005e-23
1.192382812500000000e+00 6.071166567920079613e-23 1.694916545001567085e-22
1.192871093750000000e+00 1.013819620176121253e-22 3.025791563758717272e-22
1.193359375000000000e+00 -1.090028690059935263e-23 9.377708480452756583e-23
1.193847656250000000e+00 -5.395523062323292067e-23 -1.125053968894498126e-23
1.194335937500000000e+00 -4.186494605126049027e-23 -1.005694560762112123e-22
1.194824218750000000e+00 1.008796581780550292e-22 -9.304473081229042757e-24
1.195312500000000000e+00 1.487745133417703410e-23 4.346808959792399103e-24
1.195800781250000000e+00 -5.221738603752619593e-23 -3.302115689575930745e-23
1.196289062500000000e+00 -5.083752020345080784e-24 2.247643549398576955e-22
1.196777343750000000e+00 -2.128501630306372617e-22 -6.412026079935533757e-23
1.197265625000000000e+00 -2.974675488902307462e-23 3.687185188690428166e-23
1.197753906250000000e+00 -1.354217896463674087e-23 1.966461743722026146e-22
1.198242187500000000e+00 -4.852745543553165419e-23 2.196211153622194089e-23
1.198730468750000000e+00 6.167909951875893816e-23 1.388704889643640519e-22
1.199218750000000000e+00 -1.846445023615845662e-22 -7.152477854279313536e-23
1.199707031250000000e+00 7.524077447688288603e-23 -6.485938237072824855e-24
1.200195312500000000e+00 -6.189210719567867910e-23 -1.314055750464542839e-22
1.200683593750000000e+00 -1.344504635269011522e-22 4.141809866690545420e-23
1.201171875000000000e+00 -2.311405243419525908e-23 2.417681400017720008e-23
1.201660156250000000e+00 -2.064714296454613661e-22 -1.718020284907226014e-22
1.202148437500000000e+00 -1.176613338581758656e-22 1.064807980320275588e-22
1.202636718750000000e+00 -1.906975259420944824e-22 -1.314018862743316554e-22
1.203125000000000000e+00 7.274121693784797371e-23 3.161214909892850569e-23
1.203613281250000000e+00 8.275341176529383871e-23 4.749156785635276931e-24
1.204101562500000000e+00 -9.218607153886726215e-23 1.881404140511017141e-22
1.204589843750000000e+00 -2.819566121959034774e-23 1.581118318030537632e-22
1.205078125000000000e+00 2.010610539202599465e-22 8.040258926754442216e-24
1.205566406250000000e+00 -8.395195809884551203e-23 3.970876733253441886e-23
1.206054687500000000e+00 5.037692712081463000e-23 -9.567776244553568334e-23
1.206542968750000000e+00 1.962960239882519251e-23 -4.040473940222309192e-23
1.207031250000000000e+00 3.406272542634471392e-23 -9.104533244132040458e-23
1.207519531250000000e+00 1.690551835419109406e-22 -2.187327567921043286e-23
1.208007812500000000e+00 8.617418516369507765e-23 -6.429939465000922878e-23
1.208496093750000000e+00 7.261785841043768062e-23 3.904087915513793841e-23
1.208984375000000000e+00 -3.359755124249290891e-23 2.607692577464497248e-23
1.209472656250000000e+00 1.392583890588113613e-23 -8.447914534875439501e-24
1.209960937500000000e+00 -1.098308143720372820e-22 1.595489156616791502e-23
1.210449218750000000e+00 3.236182250763862887e-22 -4.207094811165904051e-22
1.210937500000000000e+00 -8.561220940752801576e-23 -2.646246025517310678e-23
1.211425781250000000e+00 1.862598032735630355e-22 -1.829640182868261770e-23
1.211914062500000000e+00 -1.479862936893337637e-22 1.174646954966756162e-22
1.212402343750000000e+00 -3.363414674930896823e-23 1.960621592627125918e-22
1.212890625000000000e+00 9.186627064303205729e-23 9.969520530703965662e-24
1.213378906250000000e+00 2.805848269634057987e-22 -4.687132253563162378e-23
1.213867187500000000e+00 1.494523251887272856e-22 4.134582364401215755e-23
1.214355468750000000e+00 1.239532314973303713e-22 -1.299479901292214056e-22
1.214843750000000000e+00 1.027046249006167794e-22 1.001362099346848102e-23
1.215332031250000000e+00 -4.321408195965350071e-23 1.062655369517307155e-22
1.215820312500000000e+00 2.084368762658656236e-22 -5.629294168702166829e-24
1.216308593750000000e+00 -3.769978670949073263e-22 2.055956107132500782e-23
1.216796875000000000e+00 5.507240902889674938e-23 -1.715591169815810274e-23
1.217285156250000000e+00 1.272877130300163281e-22 -2.979641925625598076e-23
1.217773437500000000e+00 -9.300503669783451667e-23 -3.321052415145576752e-23
1.218261718750000000e+00 1.541080845594031205e-22 -2.241457461423237223e-22
1.218750000000000000e+00 -1.359092139688484984e-22 -8.226577780579991909e-23
1.219238281250000000e+00 -1.491658484504933786e-22 -1.107296587129588203e-22
1.219726562500000000e+00 3.142952322584476556e-23 2.505750880230132274e-23
1.220214843750000000e+00 -8.674766334391087492e-23 1.254846867345445147e-22
1.220703125000000000e+00 -1.407818649998999877e-22 2.688288031928339039e-23
1.221191406250000000e+00 4.451365383475551605e-23 -1.994374223711995311e-23
1.221679687500000000e+00 -1.657598149412078871e-22 -3.223790863029640496e-23
1.222167968750000000e+00 2.129681743185543290e-22 1.121840593373547919e-22
1.222656250000000000e+00 -1.595326777580282279e-23 5.567499572612065646e-24
1.223144531250000000e+00 -2.281191640699457919e-22 6.310155935719904711e-23
1.223632812500000000e+00 1.502044535906985357e-22 1.882804355328126377e-23
1.224121093750000000e+00 -2.297102353069165649e-22 1.994135821914234898e-22
1.224609375000000000e+00 -1.222410024017544126e-23 -7.413487223915992365e-23
1.225097656250000000e+00 -2.393038978596433881e-22 4.934447600723864159e-23
1.225585937500000000e+00 9.800048689515725943e-23 4.179581499928740461e-24
1.226074218750000000e+00 2.644312110986066400e-24 2.259194162773137645e-22
1.226562500000000000e+00 -7.101687965942266890e-23 -2.399223093241822267e-22
1.227050781250000000e+00 -1.037921769341868278e-22 2.936834894590190385e-23
1.227539062500000000e+00 -1.295271135500059003e-22 2.212195500295366099e-22
1.228027343750000000e+00 -1.180203419584045317e-22 -2.513952653166938854e-22
1.228515625000000000e+00 -9.876322269657134523e-23 2.508149081450357139e-23
1.229003906250000000e+00 -5.466167178788621675e-23 -7.670983911011853208e-24
1.229492187500000000e+00 1.257014539979371605e-22 -1.133216940642365382e-22
1.229980468750000000e+00 7.330672860127356115e-23 -5.608730354786428413e-23
1.230468750000000000e+00 1.360870459850876110e-22 -3.370669231014121071e-22
1.230957031250000000e+00 1.615970881265787424e-22 2.137701154152103855e-22
1.231445312500000000e+00 2.877640239617716833e-23 -5.247026519157337291e-23
1.231933593750000000e+00 -1.467999015922301780e-22 2.607360085694418761e-22
1.232421875000000000e+00 1.289935167095943988e-22 3.924266073795579615e-24
1.232910156250000000e+00 1.239033129788259475e-22 1.269180736880251509e-22
1.233398437500000000e+00 2.435445239560550732e-23 -6.506101267189349141e-23
1.233886718750000000e+00 1.709545225057216533e-22 9.781848353424628556e-23
1.234375000000000000e+00 -3.092314009362935626e-23 3.149467653268023235e-22
1.234863281250000000e+00 7.925677124280490889e-23 -2.557917031274429482e-22
1.235351562500000000e+00 -1.688716904844616863e-22 1.303526673669531697e-22
1.235839843750000000e+00 -4.166322201461086683e-23 -1.008990863571527842e-23
1.236328125000000000e+00 -1.176612444364938568e-22 4.524586216703649938e-23
1.236816406250000000e+00 -9.553056187427357647e-23 9.052857239405365966e-23
1.237304687500000000e+00 2.674868203336696521e-23 1.922322924130890991e-23
1.237792968750000000e+00 2.864380619658075709e-22 -2.219566449006036901e-23
1.238281250000000000e+00 -1.261671461562993784e-22 9.258234040275067820e-23
1.238769531250000000e+00 2.779165517840892109e-23 -1.653224780784953019e-22
1.239257812500000000e+00 4.591671517267726674e-23 -3.142538780598092950e-23
1.239746093750000000e+00 -2.748076637369631796e-23 -3.035614231328497622e-23
1.240234375000000000e+00 -1.351329619929405852e-23 1.983671873958427433e-23
1.240722656250000000e+00 -4.624117482850460580e-23 -7.454103131957299589e-23
1.241210937500000000e+00 1.906831159413508022e-22 -1.293982865882221965e-22
1.241699218750000000e+00 -1.269154206552388774e-22 -5.651715109093011806e-26
1.242187500000000000e+00 1.950791792714062426e-22 -1.109880692683871430e-22
1.242675781250000000e+00 -1.403936889725892755e-22 -2.999652123028431579e-22
1.243164062500000000e+00 -2.149341276764813452e-23 1.129866332956774126e-22
1.243652343750000000e+00 -3.349223578890239594e-23 -3.289221184315125211e-23
1.244140625000000000e+00 1.675065394485287461e-22 -7.498672798324982245e-23
1.244628906250000000e+00 1.198911497516067840e-22 -2.051925281597263973e-22
1.245117187500000000e+00 3.973371041062637312e-23 -9.778259118772526320e-23
1.245605468750000000e+00 1.047486295739933054e-22 2.068025423825503329e-23
1.246093750000000000e+00 -1.613500445601651244e-23 2.027332486721565627e-22
1.246582031250000000e+00 8.097283832373415051e-23 8.412328331400843946e-24
1.247070312500000000e+00 -2.233393194105176474e-23 -6.220608746307277467e-23
1.247558593750000000e+00 -1.881662644712985260e-22 -8.406091257452809746e-24
1.248046875000000000e+00 6.173841673300460523e-23 2.753110822306284157e-22
1.248535156250000000e+00 1.524253010005934234e-23 1.389009910957127372e-22
1.249023437500000000e+00 1.565529581527852409e-22 -1.703357372847328910e-22
1.249511718750000000e+00 -1.000794653644966690e-22 6.259844862379764019e-23
1.250000000000000000e+00 2.808119333693940801e-23 -2.246545071279858604e-23
1.250488281250000000e+00 1.259047353195052797e-22 -1.495659545280638834e-22
1.250976562500000000e+00 -8.476498493959220036e-23 1.874758899039663372e-22
1.251464843750000000e+00 -3.398841724106219025e-22 2.209573957679238055e-22
1.251953125000000000e+00 -7.564984564065371344e-23 2.590323268399339769e-23
1.252441406250000000e+00 -1.367617415333210299e-22 4.220810190072686720e-23
1.252929687500000000e+00 4.570973246597941316e-23 -2.631528153209848629e-22
1.253417968750000000e+00 -1.184195572758791588e-24 5.431772131416506371e-23
1.253906250000000000e+00 -2.187524438961426889e-22 1.964869426900196906e-22
1.254394531250000000e+00 8.273793617280171430e-23 -7.923597757153707038e-23
1.254882812500000000e+00 -1.718716916856602447e-22 -1.120522854860716831e-22
1.255371093750000000e+00 2.568920700974131692e-22 6.398586197623463858e-25
1.255859375000000000e+00 -3.070461026406388453e-23 1.911310493032716751e-22
1.256347656250000000e+00 7.426688307418508667e-23 -8.873512663190982052e-23
1.256835937500000000e+00 1.088337955594380096e-22 -2.064083290833171372e-22
1.257324218750000000e+00 -8.644279833643053405e-23 5.862429116346890386e-23
1.257812500000000000e+00 -1.704319229048965964e-22 1.087321772872391622e-22
1.258300781250000000e+00 3.972611524383231915e-23 -7.905897135071510700e-23
1.258789062500000000e+00 -5.430384078696752774e-23 3.162667069977951923e-23
1.259277343750000000e+00 -3.691795631978188970e-25 6.171218843718043269e-23
1.259765625000000000e+00 -7.728420139841729652e-23 -1.571399846743246165e-22
1.260253906250000000e+00 -1.683972185397863500e-23 1.287445103308287814e-22
1.260742187500000000e+00 5.520444332542425307e-23 1.723830410268500927e-22
1.261230468750000000e+00 -1.474595116556224718e-22 -1.791844536619849897e-22
1.261718750000000000e+00 1.046033545939078705e-22 1.979326098155131743e-22
1.262207031250000000e+00 -2.418393564084068779e-23 -1.714559727493805833e-23
1.262695312500000000e+00 -1.257180692339457711e-22 2.147142005492833680e-23
1.263183593750000000e+00 9.940049218053684117e-23 -2.200170994798868845e-22
1.263671875000000000e+00 -3.733424147529972511e-23 -2.177798250509084051e-24
1.264160156250000000e+00 1.505113736193656501e-22 1.252232513090319918e-22
1.264648437500000000e+00 -5.458678011388197118e-23 -2.101554703566521459e-22
1.265136718750000000e+00 -2.480468067458254211e-23 6.782856247650338688e-23
1.265625000000000000e+00 6.916819622431764698e-23 3.280106839814865537e-23
1.266113281250000000e+00 1.995938714181783453e-22 -6.107792209511082415e-23
1.266601562500000000e+00 3.440088024808263559e-24 1.925295146132787047e-22
1.267089843750000000e+00 1.882704336994212509e-22 8.569628405483896229e-24
1.267578125000000000e+00 -1.147350028658057078e-22 -2.107909819442884119e-22
1.268066406250000000e+00 1.635083579146838543e-22 1.227507513995634779e-22
1.268554687500000000e+00 1.568430730073111968e-22 -7.982396252289882869e-24
1.269042968750000000e+00 1.020190879396895751e-22 -7.807338000450972937e-23
1.269531250000000000e+00 -5.950564888400459502e-23 -7.633383930216378983e-23
1.270019531250000000e+00 3.662454072983027200e-24 4.352173654095793146e-23
1.270507812500000000e+00 2.302846468150097769e-23 -2.107472372910883167e-22
1.270996093750000000e+00 -9.203184822550670494e-23 6.755116177785070669e-23
1.271484375000000000e+00 9.553416810385113526e-23 6.013883077674357533e-23
1.271972656250000000e+00 1.826112552913274828e-22 -5.432575442682078680e-23
1.272460937500000000e+00 -8.892504348873752420e-23 -5.382922092787412907e-23
1.272949218750000000e+00 -1.282761672915327725e-22 1.635324218712447494e-22
1.273437500000000000e+00 -2.344649274938045480e-22 6.398625995065278251e-23
1.273925781250000000e+00 -9.651139549428483675e-24 -4.943617670563182632e-24
1.274414062500000000e+00 -7.860727255378808315e-23 -7.774220471708006004e-24
1.274902343750000000e+00 9.944423996979276452e-23 -4.539720109020349701e-23
1.275390625000000000e+00 -3.072870162037401828e-23 1.953600633647839025e-22
1.275878906250000000e+00 -9.597853803545157158e-23 1.135309072940258699e-22
1.276367187500000000e+00 3.116630786517704630e-23 -6.038589682954632142e-23
1.276855468750000000e+00 7.923436123751081803e-23 7.541938411683517058e-23
1.277343750000000000e+00 2.400334690820717574e-22 -1.360685259220067278e-23
1.277832031250000000e+00 -2.806200617494816864e-22 -1.500049962028261826e-23
1.278320312500000000e+00 1.717412903263414125e-22 -9.022355236291991786e-24
1.278808593750000000e+00 -1.850634513380684719e-22 -1.102565306320607636e-22
1.279296875000000000e+00 -1.537131285636749439e-22 5.058253767068182275e-23
1.279785156250000000e+00 5.725976739620920526e-24 3.185800451839314609e-23
1.280273437500000000e+00 -1.086232219691526679e-22 2.271071454716124503e-22
1.280761718750000000e+00 -1.416217782940645743e-22 -1.128892843029847394e-22
1.281250000000000000e+00 -3.217846500191155331e-23 -1.603512093629915916e-22
1.281738281250000000e+00 9.445478247749153936e-24 3.561439412873732221e-24
1.282226562500000000e+00 4.460006818974754552e-23 -2.097282597132888478e-22
1.282714843750000000e+00 9.823320005251779542e-23 -6.919019201984408994e-24
1.283203125000000000e+00 -1.706389100525466558e-22 -2.545361719182634605e-24
1.283691406250000000e+00 -3.115035058828005796e-23 -6.556619480349541622e-23
1.284179687500000000e+00 4.886085623123553261e-23 -1.403649538155269178e-22
1.284667968750000000e+00 -1.539080612261562169e-22 -6.923029434451811441e-23
1.285156250000000000e+00 3.833342710591394601e-22 -1.286106216027964016e-23
1.285644531250000000e+00 -1.173878403876997806e-22 1.011681293990470090e-22
1.286132812500000000e+00 1.953428518422747953e-22 -1.515806380674068314e-22
1.286621093750000000e+00 6.328572832376170383e-23 7.467049408863352592e-23
1.287109375000000000e+00 2.419701918075982561e-22 4.181751770824500349e-23
1.287597656250000000e+00 -2.152931153840379290e-22 5.428307848005395940e-23
1.288085937500000000e+00 -3.128936806789196784e-23 4.829186499370780811e-23
1.288574218750000000e+00 -1.047966303354765797e-22 -4.761383054432261135e-23
1.289062500000000000e+00 6.745773450691494732e-23 1.788299562000343647e-22
1.289550781250000000e+00 4.227579409135675032e-24 -4.974072582012590212e-23
1.290039062500000000e+00 1.039271977638986505e-22 2.540197445055810115e-23
1.290527343750000000e+00 -3.510980889909357495e-22 -3.362811468873730509e-23
1.291015625000000000e+00 -9.835385720438007614e-23 1.792871679452886578e-22
1.291503906250000000e+00 1.909313385334039039e-22 -5.998782847376827461e-23
1.291992187500000000e+00 1.281809363377504124e-22 -2.019816159680315875e-22
1.292480468750000000e+00 2.445976725137664621e-22 9.994664868513974930e-23
1.292968750000000000e+00 7.826451879345565124e-23 -4.931915648304833936e-23
1.293457031250000000e+00 -3.806482356847322459e-23 5.320328290354850299e-23
1.293945312500000000e+00 -1.719237372113049949e-22 1.710004328983908736e-22
1.294433593750000000e+00 2.990359147563977622e-23 5.471525477143821594e-23
1.294921875000000000e+00 9.196203359689304054e-23 -5.461069386857031404e-23
1.295410156250000000e+00 -3.317611722143907505e-22 -1.255912634237364825e-22
1.295898437500000000e+00 -1.485847082362816858e-22 1.231542360696185798e-22
1.296386718750000000e+00 -6.393707828329416684e-23 -1.429947788848792478e-22
1.296875000000000000e+00 1.659911379516188754e-22 1.028313180596331341e-22
1.297363281250000000e+00 -5.543404214474302322e-23 -2.784192981546198000e-23
1.297851562500000000e+00 1.161339639358696997e-22 5.795239349136720116e-23
1.298339843750000000e+00 1.824124217413142843e-22 -8.340448286321995218e-23
1.298828125000000000e+00 6.334277564915857415e-23 6.585152642159230914e-23
1.299316406250000000e+00 2.161236868385104620e-22 2.469964561982559365e-22
1.299804687500000000e+00 1.413863486514926058e-23 -1.027832121017020981e-22
1.300292968750000000e+00 -6.413221461571795000e-23 -1.022333818042678193e-22
1.300781250000000000e+00 2.519392689301951685e-22 4.904973097532657958e-25
1.301269531250000000e+00 -1.002014296714876883e-22 6.690570127550935822e-23
1.301757812500000000e+00 2.123032487337891741e-22 1.327851788021116012e-22
1.302246093750000000e+00 -1.531214082989297116e-22 -1.272403066392755583e-22
1.302734375000000000e+00 -7.801288421284392469e-23 1.310978623609524805e-22
1.303222656250000000e+00 6.650350476557212050e-23 -2.221517332631620062e-22
1.303710937500000000e+00 -1.138785668845634146e-22 -1.494160708630383841e-23
1.304199218750000000e+00 -1.294192138889521769e-22 -8.933319640875055913e-24
1.304687500000000000e+00 -1.590041303595178967e-23 -1.413619626989669846e-24
1.305175781250000000e+00 -2.756180099407785751e-22 -6.706022924175129170e-24
1.305664062500000000e+00 1.022625349852518721e-22 -3.577138572976846232e-23
1.306152343750000000e+00 8.781190521590902226e-23 1.123948107852754252e-22
1.306640625000000000e+00 -2.113033823666519931e-22 -3.663091583648291858e-23
1.307128906250000000e+00 1.091437835809359679e-22 3.064442315386231453e-22
1.307617187500000000e+00 -1.672901975960467328e-22 -1.371080926885379297e-22
1.308105468750000000e+00 5.946144511596150151e-23 -1.744836127819137996e-23
1.308593750000000000e+00 -8.436303853759826307e-23 6.370432227158152336e-23
1.309082031250000000e+00 -3.300232951764511759e-23 -2.225097109943501235e-22
1.309570312500000000e+00 -1.663316070087504018e-22 1.495538463855589581e-22
1.310058593750000000e+00 1.839126597450361378e-22 3.578894183069916971e-23
1.310546875000000000e+00 -3.388832351063700261e-23 -7.492052461889804532e-23
1.311035156250000000e+00 -3.527731648304636733e-22 -1.986951602130153299e-22
1.311523437500000000e+00 5.403292937065721193e-24 -1.652248822897544646e-22
1.312011718750000000e+00 -1.445667016002375979e-22 1.048040659562055371e-22
1.312500000000000000e+00 2.251976970646451274e-22 -1.521632310753423049e-22
1.312988281250000000e+00 -1.448938345976680984e-22 1.166787997156595692e-23
1.313476562500000000e+00 1.225006904025948685e-22 -3.479066000967107719e-23
1.313964843750000000e+00 1.791667359992293619e-22 4.032780679142125037e-23
1.314453125000000000e+00 -1.118958736348455332e-22 -7.970747169369382924e-24
1.314941406250000000e+00 7.435260696532091348e-23 1.886509996379596064e-22
1.315429687500000000e+00 -3.008639439470422095e-23 -2.251938907710107442e-22
1.315917968750000000e+00 2.089992068598022842e-22 1.136547920771172563e-22
1.316406250000000000e+00 4.310957029782425625e-23 8.405815619233498216e-23
1.316894531250000000e+00 1.709923775423261356e-23 -1.732229277921044167e-22
1.317382812500000000e+00 3.067690404426471140e-22 1.712625744600938264e-22
1.317871093750000000e+00 -1.809943643693647063e-22 1.140688138433972269e-22
1.318359375000000000e+00 1.149139570632211161e-22 -1.663925010119120948e-22
1.318847656250000000e+00 1.344587276531010189e-22 1.041079093463967919e-22
1.319335937500000000e+00 -1.892452078810234881e-23 3.990782568007383121e-23
1.319824218750000000e+00 -3.390201514239036491e-23 -2.694415691076857487e-23
1.320312500000000000e+00 -1.221020068154355711e-22 -3.780187579417739969e-22
1.320800781250000000e+00 3.735543637126834197e-23 6.866460668395408602e-23
1.321289062500000000e+00 -1.249694105509935213e-22 -1.362085523189616035e-22
1.321777343750000000e+00 3.240903865885071381e-23 1.309533181996076880e-22
1.322265625000000000e+00 8.019942989516982570e-24 3.267989903979717830e-23
1.322753906250000000e+00 4.464506735824019828e-23 1.946548534638192164e-23
1.323242187500000000e+00 -1.600778094224513184e-22 7.573475926413269141e-23
1.323730468750000000e+00 2.288463863196193264e-22 -1.721891797161505378e-22
1.324218750000000000e+00 -7.902183267713637219e-23 3.382602540534594184e-23
1.324707031250000000e+00 2.153529843086662490e-22 8.259020119054543960e-23
1.325195312500000000e+00 1.293521171213028065e-22 9.693683945561067369e-23
1.325683593750000000e+00 -4.268761515459462066e-23 -7.742090935286321214e-23
1.326171875000000000e+00 1.248504217468771580e-22 4.585936451609409377e-23
1.326660156250000000e+00 3.975270403601011704e-23 1.634308323225166843e-22
1.327148437500000000e+00 -1.162407200544129809e-22 6.819546054811173303e-24
1.327636718750000000e+00 2.298390235280332829e-23 -3.346557168464679076e-23
1.328125000000000000e+00 -1.172834901111865515e-22 1.452150064247542087e-22
1.328613281250000000e+00 1.618120961493598196e-22 9.227906847702756500e-23
1.329101562500000000e+00 -4.557173208281886426e-23 1.090934878033976376e-22
1.329589843750000000e+00 -1.126386342182538759e-23 -1.476591547257673791e-23
1.330078125000000000e+00 -1.704215988387420188e-22 3.266591060640483051e-23
1.330566406250000000e+00 -2.914586210499505736e-23 1.823388935288422309e-22
1.331054687500000000e+00 -1.403475811641585749e-22 -4.659183284585590618e-23
1.331542968750000000e+00 1.741700924820971259e-23 -1.104095673201471472e-22
1.332031250000000000e+00 5.405285129327632036e-23 1.486060775867813827e-22
1.332519531250000000e+00 -6.838163387047152239e-23 -7.021205479065505894e-23
1.333007812500000000e+00 -9.793877874321514383e-23 -1.110582463515121005e-22
1.333496093750000000e+00 -6.044597424226613423e-23 -5.167511280586202640e-23
1.333984375000000000e+00 -2.387415528521358675e-22 -7.008262240890155737e-23
1.334472656250000000e+00 -2.249488823100458046e-23 2.804190213152364686e-23
1.334960937500000000e+00 -1.650830442856393060e-22 -2.059347688798718602e-22
1.335449218750000000e+00 -2.893239436606232245e-23 -7.763018578778485389e-23
1.335937500000000000e+00 -4.313493164427512629e-23 -1.054273318850149143e-24
1.336425781250000000e+00 5.334660806762420576e-23 -2.145012337233896728e-22
1.336914062500000000e+00 1.486860572179281101e-22 3.398186352547828123e-22
1.337402343750000000e+00 3.902685305197041541e-23 1.386069800587555006e-23
1.337890625000000000e+00 -8.499984278092396770e-23 7.823008047555607360e-23
1.338378906250000000e+00 7.580445847578071233e-23 1.037931335151489898e-22
1.338867187500000000e+00 -7.091699548474801408e-24 -8.185934107072328342e-23
1.339355468750000000e+00 -2.555279944519872106e-22 5.960595184431906264e-23
1.339843750000000000e+00 2.150297620848192801e-22 -2.424849459091492461e-23
1.340332031250000000e+00 3.886613695440811515e-23 -4.439308500557146857e-23
1.340820312500000000e+00 1.274313137678892996e-22 8.909631478510977781e-24
1.341308593750000000e+00 4.474093923149796181e-23 -2.974812434411558569e-22
1.341796875000000000e+00 -1.238180720362696402e-22 3.448587329859956608e-23
1.342285156250000000e+00 6.342392587360837605e-23 5.391382401753457230e-23
1.342773437500000000e+00 -5.877246866988206203e-23 -1.569161917218746137e-22
1.343261718750000000e+00 2.446155969223710759e-23 7.232553795235964184e-23
1.343750000000000000e+00 5.107222787040846230e-23 9.168931278615449960e-23
1.344238281250000000e+00 1.034887397468606617e-22 7.546511176396683432e-23
1.344726562500000000e+00 2.148896542917813730e-22 -1.535573477961267146e-22
1.345214843750000000e+00 -5.821050751622642900e-23 1.246105673266842620e-23
1.345703125000000000e+00 2.949740135054926862e-23 -6.376251972552641490e-23
1.346191406250000000e+00 1.685503137714718635e-22 -9.479408454804185013e-23
1.346679687500000000e+00 8.764722952088205217e-23 8.909014081553935889e-24
1.347167968750000000e+00 4.445526148683361333e-23 4.750294671239855916e-23
1.347656250000000000e+00 -6.833158698247211928e-24 1.695405647378534708e-22
1.348144531250000000e+00 -2.238004387869393378e-22 -3.101222641542557294e-24
1.348632812500000000e+00 6.338354271652093063e-23 -5.893197205645221182e-23
1.349121093750000000e+00 -2.307685553084184834e-23 -2.525756362004221097e-22
1.349609375000000000e+00 1.981308785964047902e-22 -8.127657229618512290e-23
1.350097656250000000e+00 4.738348481475732510e-23 -6.175188825651506994e-23
1.350585937500000000e+00 -2.102953300496744221e-22 7.938091532582604005e-23
1.351074218750000000e+00 5.123787366775936709e-23 1.269942305595020591e-22
1.351562500000000000e+00 -1.552410421293813891e-22 3.814065661991465728e-24
1.352050781250000000e+00 2.573744220769122876e-22 8.945786607383109083e-23
1.352539062500000000e+00 -1.158887266077373583e-22 -1.367786170062405603e-22
1.353027343750000000e+00 -3.956019444874891963e-22 1.600791629809338448e-23
1.353515625000000000e+00 1.560751564072409949e-22 7.086671715665799265e-23
1.354003906250000000e+00 5.614875505052967628e-23 4.861863768696475595e-23
1.354492187500000000e+00 -8.921652117364660053e-23 -1.857412720694938341e-23
1.354980468750000000e+00 3.551238109498226517e-22 1.374774866191756957e-22
1.355468750000000000e+00 -7.075726076975214457e-23 -1.805088912809395096e-22
1.355957031250000000e+00 -4.432628696570226443e-24 2.294053340027188485e-22
1.356445312500000000e+00 -3.179820184689806950e-23 1.812094324462880446e-22
1.356933593750000000e+00 -3.653553633022570235e-24 -7.616463171964250740e-23
1.357421875000000000e+00 -3.303323881543305069e-22 4.858480408149253665e-23
1.357910156250000000e+00 2.077535324689323837e-22 -1.617143268228941383e-22
1.358398437500000000e+00 -3.307246796137005869e-23 1.242877970406643616e-22
1.358886718750000000e+00 -1.135572008560359367e-22 2.421154378401052986e-23
1.359375000000000000e+00 -4.994273780101657042e-23 1.305694308839162266e-22
1.359863281250000000e+00 -3.353103585445765168e-23 2.667639533059389117e-23
1.360351562500000000e+00 1.097921664462693284e-22 -1.373103389122947249e-22
1.360839843750000000e+00 -1.693309357339555475e-22 6.833650211961836053e-23
1.361328125000000000e+00 2.090011085042377432e-23 -1.126727007299045291e-22
1.361816406250000000e+00 1.244321423330313333e-22 1.570413185506955638e-22
1.362304687500000000e+00 -4.137505775435886644e-23 -1.533927224604224771e-22
1.362792968750000000e+00 2.860848115247536902e-23 -7.525711943690880550e-23
1.363281250000000000e+00 -3.573662835707793448e-22 1.603796359289147311e-22
1.363769531250000000e+00 2.479824701729550715e-22 -1.269899458725165746e-22
1.364257812500000000e+00 -2.182664915481651278e-22 9.391936925346899813e-23
1.364746093750000000e+00 -1.615017007566934804e-22 7.763005713354224904e-23
1.365234375000000000e+00 1.656537185645723380e-22 -2.072532315190251364e-22
1.365722656250000000e+00 1.758852656456564479e-23 -8.172896613496442983e-23
1.366210937500000000e+00 2.030554663806048028e-22 -1.450478922271012333e-24
1.366699218750000000e+00 8.164120973998817719e-23 1.680622423383708598e-22
1.367187500000000000e+00 -3.727404919915565182e-23 2.782313487103994135e-22
1.367675781250000000e+00 -1.570224341523254624e-22 -1.412664977765795146e-22
1.368164062500000000e+00 2.984749134842117907e-23 8.771375853055971168e-23
1.368652343750000000e+00 1.654946531461725890e-22 -2.278696262612125382e-23
1.369140625000000000e+00 -4.534295669823063100e-23 -8.759277324044295026e-23
1.369628906250000000e+00 -2.211966614760892501e-22 5.346241015823193770e-23
1.370117187500000000e+00 2.425599412211445727e-22 -4.414352191226358394e-23
1.370605468750000000e+00 1.395462880831229670e-22 -2.334113616680139671e-23
1.371093750000000000e+00 1.347160171663799180e-22 1.074678984661044431e-22
1.371582031250000000e+00 -1.924349073788837006e-22 -1.567040201605442007e-22
1.372070312500000000e+00 -1.508220198735630067e-22 1.107636307443512959e-22
1.372558593750000000e+00 1.030781439807886385e-22 -6.346523395181346823e-23
1.373046875000000000e+00 1.181298596250405423e-22 1.540907913472365341e-22
1.373535156250000000e+00 -1.396606847770584490e-22 -3.137909020348151242e-22
1.374023437500000000e+00 1.084954755342322484e-22 6.287220826434487977e-23
1.374511718750000000e+00 -1.290992725083953670e-22 -1.309977335665010761e-22
1.375000000000000000e+00 1.781871645772198094e-22 3.157011645180548516e-23
1.375488281250000000e+00 -1.185014998247107840e-23 -1.241391146252248949e-22
1.375976562500000000e+00 6.480175445112452235e-23 -1.456915668267660520e-22
1.376464843750000000e+00 -4.769147199269271880e-23 -8.091624598578213939e-23
1.376953125000000000e+00 -7.934503388748479082e-23 -2.707953553585977756e-22
1.377441406250000000e+00 1.130177818491563493e-22 -1.507565428945060204e-22
1.377929687500000000e+00 2.375986851649378797e-23 1.012527215274568716e-22
1.378417968750000000e+00 2.483011485751727545e-22 -1.082670418652059943e-22
1.378906250000000000e+00 1.265921517835994894e-22 2.643719295040499908e-22
1.379394531250000000e+00 -1.557706356857788220e-23 1.377201156995849508e-22
1.379882812500000000e+00 -1.557666317786608944e-22 -1.063415092222385861e-22
1.380371093750000000e+00 -1.938614914324052630e-22 1.340262561459080063e-22
1.380859375000000000e+00 -1.924126831198806677e-22 -1.751559608653276924e-22
1.381347656250000000e+00 5.988163605495120515e-23 2.022300119307877492e-22
1.381835937500000000e+00 9.251796525770686346e-23 -4.743273266618805501e-25
1.382324218750000000e+00 -1.323479917631563777e-23 2.473334679212074131e-22
1.382812500000000000e+00 -1.856451004325665658e-22 1.672002331054317232e-22
1.383300781250000000e+00 7.707047178935180594e-23 -1.860410101837075564e-22
1.383789062500000000e+00 1.837480636717170956e-22 1.781788497683961086e-22
1.384277343750000000e+00 1.227686081124292485e-22 -3.734268557574813184e-23
1.384765625000000000e+00 4.983792810733014319e-23 -8.833690814112235116e-23
1.385253906250000000e+00 -9.010203835152045242e-23 4.237395982583364472e-23
1.385742187500000000e+00 -6.520124639797792027e-23 -1.303614484999645028e-22
1.386230468750000000e+00 7.677381508340174378e-23 1.370726385452145554e-22
1.386718750000000000e+00 -1.073199092814709994e-22 2.032599712890733173e-22
1.387207031250000000e+00 -9.578486882619464942e-23 -7.817841428590719647e-24
1.387695312500000000e+00 -3.286459870695660252e-22 -2.728382387231990142e-22
1.388183593750000000e+00 8.182609034897747855e-23 1.676740364800487207e-23
1.388671875000000000e+00 -6.819512258234109197e-23 -8.897069262031388087e-23
1.389160156250000000e+00 5.684260305755752410e-23 -2.150731808025428368e-23
1.389648437500000000e+00 2.051705706952266632e-22 5.753440887670319623e-23
1.390136718750000000e+00 -8.322453504760287393e-23 7.642377849329803609e-23
1.390625000000000000e+00 -1.027076695639431536e-22 -7.423678771827898595e-23
1.391113281250000000e+00 -2.911500341767959110e-23 2.837214551627433760e-22
1.391601562500000000e+00 1.364749333717213679e-22 -2.793524293270482402e-23
1.392089843750000000e+00 -7.497328323217488073e-23 9.743994308687159103e-24
1.392578125000000000e+00 -5.832042398222111324e-23 -1.199408684161795235e-24
1.393066406250000000e+00 6.757386073243601617e-23 3.239025614772307088e-22
1.393554687500000000e+00 -3.166308480038855535e-22 -3.848710735309019360e-23
1.394042968750000000e+00 -8.421817234049608603e-24 -8.575910225979253987e-23
1.394531250000000000e+00 -1.158648866703322537e-22 -9.255260568274003812e-24
1.395019531250000000e+00 -1.987536299916808718e-23 -1.539123556041877049e-23
1.395507812500000000e+00 5.967727837705126027e-23 1.957498539479580622e-23
1.395996093750000000e+00 5.996733022894321547e-24 -1.416182783218896285e-22
1.396484375000000000e+00 -6.270281782763394591e-23 9.792923514688236491e-23
1.396972656250000000e+00 2.841427904344619232e-22 -9.323600493614615597e-23
1.397460937500000000e+00 1.231017298930198517e-23 -4.328567981499050274e-23
1.397949218750000000e+00 1.027860962694486685e-22 -1.200559096773736874e-22
1.398437500000000000e+00 2.290047069864612056e-22 1.496224214185992498e-22
1.398925781250000000e+00 1.046578659044725985e-22 -8.205593912796456077e-23
1.399414062500000000e+00 -4.068526696924193466e-23 -8.596252124228044121e-23
1.399902343750000000e+00 -2.163222058475906745e-23 -1.981995969562883776e-23
1.400390625000000000e+00 1.412953592374395239e-22 1.786118920607064269e-23
1.400878906250000000e+00 6.602711105612110913e-23 -8.450515726880350394e-23
1.401367187500000000e+00 -4.692231272302026200e-23 1.460461909901161004e-22
1.401855468750000000e+00 -8.587513641497281649e-23 -1.584037985553590195e-23
1.402343750000000000e+00 -9.084131862129339847e-24 -1.378324189236499898e-22
1.402832031250000000e+00 -2.071788805677800244e-23 -7.292874613606458993e-23
1.403320312500000000e+00 -9.364177871900914251e-23 9.646598938281802108e-23
1.403808593750000000e+00 1.221963492157178956e-22 7.537554232333577894e-23
1.404296875000000000e+00 1.475961656726077644e-24 -1.786720079361580892e-22
1.404785156250000000e+00 5.706903223536492379e-23 -8.398807205621058827e-24
1.405273437500000000e+00 -1.877053614132317479e-23 -1.355172888227558059e-22
1.405761718750000000e+00 1.816849289806372178e-23 -6.548240298983201618e-23
1.406250000000000000e+00 -1.861282893876101683e-23 -1.964043515758517979e-23
1.406738281250000000e+00 6.388000779916491991e-23 8.585244605725387558e-23
1.407226562500000000e+00 -4.132030546107415210e-23 4.298825704550073750e-23
1.407714843750000000e+00 1.340561647032578634e-22 1.023847621389470839e-23
1.408203125000000000e+00 9.669830343098191876e-23 -1.291396034283635257e-22
1.408691406250000000e+00 4.626222316914255639e-23 -1.267924469880782911e-22
1.409179687500000000e+00 -6.822903813514379542e-23 2.301312662053577508e-22
1.409667968750000000e+00 7.126416673068737212e-23 -1.137251489669733167e-22
1.410156250000000000e+00 4.630192938053584681e-24 4.105057586847715681e-23
1.410644531250000000e+00 1.199394530601829670e-22 -2.689427046887217520e-24
1.411132812500000000e+00 -2.083721225964877463e-22 4.258609400680459598e-23
1.411621093750000000e+00 -8.127486413053430900e-23 -2.030676391013908739e-24
1.412109375000000000e+00 1.506112491070366769e-22 7.840403811495016350e-23
1.412597656250000000e+00 -1.900940290747513403e-22 7.904339052514937957e-23
1.413085937500000000e+00 -5.149845319907848425e-23 1.676236145803145084e-22
1.413574218750000000e+00 -5.071501560162104156e-23 9.622648935738143053e-23
1.414062500000000000e+00 -2.127477076826819671e-22 1.127101617954515950e-22
1.414550781250000000e+00 -1.614649293322112850e-22 -2.347505696548640639e-22
1.415039062500000000e+00 -9.583567105067266506e-23 3.719731189694334245e-23
1.415527343750000000e+00 -9.555834733491228409e-23 9.091768392297862378e-23
1.416015625000000000e+00 2.605262426518504706e-23 -7.834837111189996690e-23
1.416503906250000000e+00 -1.394408522830545376e-22 -2.597487804373815752e-23
1.416992187500000000e+00 -9.854433350952808679e-23 6.068070009852921174e-23
1.417480468750000000e+00 1.673598296721962713e-22 5.599871740902441954e-23
1.417968750000000000e+00 -9.124837137853823747e-23 -1.469268015884328755e-22
1.418457031250000000e+00 -1.318977214869271805e-22 1.031282062768241719e-22
1.418945312500000000e+00 -3.110382190167439370e-23 -1.542471268680272900e-22
1.419433593750000000e+00 -5.825610602160766460e-23 1.364659014771809785e-22
1.419921875000000000e+00 9.969209372111016881e-23 -1.365002563553946832e-22
1.420410156250000000e+00 -1.284081653314703164e-22 3.203678867436196757e-22
1.420898437500000000e+00 4.373461556051270769e-23 -1.073906016726482039e-22
1.421386718750000000e+00 -2.192678133832140478e-22 -3.755929525498024878e-23
1.421875000000000000e+00 3.708672849734555931e-22 -4.561109591860642408e-24
1.422363281250000000e+00 -4.197337148265286177e-23 -1.037351123714363530e-22
1.422851562500000000e+00 4.249370915527062247e-22 4.529614154288253952e-23
1.423339843750000000e+00 -1.134857652482873171e-22 3.243876166468197378e-23
1.423828125000000000e+00 3.010645247106544546e-22 4.237811738933395593e-23
1.424316406250000000e+00 2.282298935915699566e-23 1.512835295696521715e-22
1.424804687500000000e+00 -2.290643031478361374e-22 -2.680265358914085071e-22
1.425292968750000000e+00 7.337750431391715998e-23 1.575231284706948115e-23
1.425781250000000000e+00 5.375179663132324348e-23 -1.162675431835397883e-22
1.426269531250000000e+00 -1.876944072613797477e-23 -9.352309722543119541e-23
1.426757812500000000e+00 2.773930917769032800e-23 3.736714762791566014e-23
1.427246093750000000e+00 2.639231266073332560e-22 -5.720604543102075533e-24
1.427734375000000000e+00 2.864447032009920113e-23 9.479339504059114372e-23
1.428222656250000000e+00 -1.436249829620551918e-22 -1.020150538820751030e-22
1.428710937500000000e+00 2.405193638454297647e-22 -3.190051048044579805e-23
1.429199218750000000e+00 3.930547979262358201e-23 1.330936374931603420e-22
1.429687500000000000e+00 3.116262725119159522e-22 8.021024486529618270e-23
1.430175781250000000e+00 1.415927289010261843e-22 6.165330270947189234e-23
1.430664062500000000e+00 8.783330599370216597e-23 4.283945136318330256e-23
1.431152343750000000e+00 -1.776932642132831952e-22 -1.264220136948693984e-22
1.431640625000000000e+00 -3.610788592886463301e-23 4.132143809358835331e-23
1.432128906250000000e+00 -1.559769366187933454e-22 -5.663535097682779981e-23
1.432617187500000000e+00 1.097550156587143294e-22 -7.826536499342318262e-23
1.433105468750000000e+00 -2.035526741472242880e-25 1.328747670370811640e-22
1.433593750000000000e+00 9.695776863128690464e-23 -1.895666502997242600e-23
1.434082031250000000e+00 -6.940837928571361182e-23 -1.141980789410555487e-22
1.434570312500000000e+00 1.716377700804563459e-23 -8.023854191592578881e-24
1.435058593750000000e+00 -1.951179543223720590e-22 2.354577471731325158e-23
1.435546875000000000e+00 3.706140929475080313e-23 1.143416803490710318e-22
1.436035156250000000e+00 -4.229255217084165328e-22 1.451272669681471468e-22
1.436523437500000000e+00 -9.757459624630228785e-23 -2.081156122869427086e-22
1.437011718750000000e+00 -1.750669648604270560e-22 7.929341987917135775e-23
1.437500000000000000e+00 -8.808936243795546522e-23 -1.701011407671048014e-22
1.437988281250000000e+00 2.852359105686682536e-23 1.407627862538690586e-22
1.438476562500000000e+00 -3.066261247033135501e-24 -6.994391926354862146e-23
1.438964843750000000e+00 1.924732947240740053e-22 4.755211799892888224e-23
1.439453125000000000e+00 -5.181747566758777497e-23 -5.689326490771155633e-23
1.439941406250000000e+00 -1.721798668973583249e-22 1.427367267133891805e-22
1.440429687500000000e+00 1.612775611045154267e-22 1.293362907016088256e-22
1.440917968750000000e+00 -3.132594571935066563e-22 -3.331171768748285093e-22
1.441406250000000000e+00 5.143270377723428904e-23 -6.956967444206265721e-24
1.441894531250000000e+00 7.135777271842240111e-23 -2.487493488130205516e-22
1.442382812500000000e+00 5.041742033688653259e-23 7.640926505324717546e-23
1.442871093750000000e+00 -1.777494057364928731e-22 1.342893674654660543e-22
1.443359375000000000e+00 -1.563455826622828035e-22 -8.785776529574472462e-24
1.443847656250000000e+00 -8.980361623634330687e-24 4.190980722996908551e-23
1.444335937500000000e+00 2.423904627887922339e-23 8.282423927099474896e-23
1.444824218750000000e+00 -1.950667448731542548e-22 4.743494425964347303e-23
1.445312500000000000e+00 3.657324507335125523e-22 -1.443287146431093209e-23
1.445800781250000000e+00 -1.771814291308970824e-22 -1.766358477272439495e-23
1.446289062500000000e+00 1.829744333369870554e-22 1.208472777510949060e-23
1.446777343750000000e+00 1.430888734372060195e-22 7.992908473981954009e-23
1.447265625000000000e+00 1.347348666839957228e-22 1.027293910546257941e-22
1.447753906250000000e+00 3.083789538627219022e-22 -2.211621225196877546e-22
1.448242187500000000e+00 -6.211150929845272694e-23 -2.118447773557882346e-22
1.448730468750000000e+00 1.853775996867731847e-23 1.133596429274521990e-22
1.449218750000000000e+00 4.052707477893943533e-23 -1.887743334233635117e-22
1.449707031250000000e+00 -2.431474271130340679e-22 -5.554880865283415101e-23
1.450195312500000000e+00 -5.118791700651228681e-23 2.187622559550553029e-22
1.450683593750000000e+00 -1.262682665513727638e-22 9.484305629263522127e-23
1.451171875000000000e+00 -6.290851111902113797e-23 -2.388063676556437682e-22
1.451660156250000000e+00 -6.984616888353879775e-23 1.313967724560523429e-22
1.452148437500000000e+00 2.697424304049664466e-23 3.201375345539114737e-23
1.452636718750000000e+00 4.314669644226210557e-23 -7.806167181837199257e-24
1.453125000000000000e+00 6.871872799259111838e-23 7.360743799379817159e-23
1.453613281250000000e+00 4.343470254413507216e-23 -8.093035189620497137e-23
1.454101562500000000e+00 5.877061295089248913e-23 -1.889993084806055076e-23
1.454589843750000000e+00 2.229580893291235426e-22 2.041226048566497916e-22
1.455078125000000000e+00 -7.709680885633928887e-23 1.697688322319082279e-22
1.455566406250000000e+00 -7.272144099950359422e-23 -1.262263382452549363e-22
1.456054687500000000e+00 1.811890903087986569e-22 7.318078665896458114e-23
1.456542968750000000e+00 7.828105414343994034e-23 -1.236446285924884445e-22
1.457031250000000000e+00 -2.970428017127080238e-23 2.880449882628827469e-22
1.457519531250000000e+00 -2.995460851364577870e-23 -1.246355003040369064e-22
1.458007812500000000e+00 1.820368119626540333e-22 -6.493706215136784890e-23
1.458496093750000000e+00 8.270083012564578376e-24 -1.254385781033863054e-22
1.458984375000000000e+00 -9.500300567724329837e-23 2.567853893491651404e-22
1.459472656250000000e+00 -8.881987876061938904e-23 1.344111621572082018e-22
1.459960937500000000e+00 1.933871389751751561e-22 -1.322115869341503529e-22
1.460449218750000000e+00 1.176995540912191774e-22 -1.364616336703189867e-22
1.460937500000000000e+00 8.754161277930194490e-23 7.363922251091523082e-23
1.461425781250000000e+00 -1.348732166299236179e-22 -1.297842119271837886e-22
1.461914062500000000e+00 1.181999825401478774e-22 1.477474171330645112e-22
1.462402343750000000e+00 -1.894642728683358210e-22 -1.152310159706878881e-22
1.462890625000000000e+00 1.348246803240667195e-22 -3.535363779899639915e-23
1.463378906250000000e+00 -2.006082248180253739e-22 -1.423028054260118816e-22
1.463867187500000000e+00 4.655659845255419952e-23 1.655598695749587097e-22
1.464355468750000000e+00 3.806640966144991238e-23 -2.452293210091552200e-23
1.464843750000000000e+00 -1.988706569174320446e-22 2.354779408309360438e-22
1.465332031250000000e+00 -8.512763201848082063e-23 1.020829791467324699e-22
1.465820312500000000e+00 -2.798024656015621663e-23 -6.696742763372434084e-23
1.466308593750000000e+00 1.139535698121207213e-22 -2.567442135454184378e-22
1.466796875000000000e+00 3.416390065093906696e-23 3.666953577841057466e-23
1.467285156250000000e+00 -1.789697879855349026e-22 -3.473947745270677063e-23
1.467773437500000000e+00 -1.856310864160502296e-23 -8.641618502281558530e-23
1.468261718750000000e+00 -1.501616952556617615e-22 6.781611915267594980e-24
1.468750000000000000e+00 -2.018135427049302287e-22 -1.692667076919778626e-22
1.469238281250000000e+00 1.097158164970753158e-22 -1.026874681100374414e-22
1.469726562500000000e+00 -6.824462989429043586e-23 8.155816376311302003e-23
1.470214843750000000e+00 -1.425647112979570203e-22 2.329598912280107625e-22
1.470703125000000000e+00 -5.385999638642611791e-23 -1.627487932579892794e-22
1.471191406250000000e+00 5.996656116361883796e-23 2.838715563415045289e-23
1.471679687500000000e+00 7.476161845764182200e-23 -1.325868948437269441e-22
1.472167968750000000e+00 -1.843995518501577600e-24 -1.175856163563635359e-24
1.472656250000000000e+00 -2.238167528725905224e-22 2.484975891353921998e-23
1.473144531250000000e+00 1.067878077570046060e-22 -1.423635682576652655e-22
1.473632812500000000e+00 -1.240753145044043290e-22 -8.205281706443450769e-23
1.474121093750000000e+00 3.090945186357508074e-22 1.601408673328499065e-22
1.474609375000000000e+00 2.948562103813741987e-24 -1.163444643255476477e-22
1.475097656250000000e+00 7.144222021256397251e-23 -6.577048087152884791e-23
1.475585937500000000e+00 -1.214282748925300793e-23 2.857623068216633366e-22
1.476074218750000000e+00 1.576678396469682182e-22 8.490836008894058684e-23
1.476562500000000000e+00 -3.062432146781243564e-23 1.860911057984622775e-23
1.477050781250000000e+00 -1.488235211603974068e-24 1.190389995699725405e-22
1.477539062500000000e+00 2.553536704186409916e-22 -1.711759945003395523e-22
1.478027343750000000e+00 1.072213863845900647e-22 4.597249759274194862e-23
1.478515625000000000e+00 -1.128061935164459432e-22 6.262923457147606922e-23
1.479003906250000000e+00 7.782187944463815654e-24 -1.120545755194358540e-22
1.479492187500000000e+00 -2.415392957080287967e-22 -2.225307050794674749e-22
1.479980468750000000e+00 -9.160244195934993544e-23 -1.176037869789467407e-23
1.480468750000000000e+00 1.251266541124877785e-22 -4.826760002777672762e-24
1.480957031250000000e+00 -4.482637247696172833e-23 -5.786401928878285449e-23
1.481445312500000000e+00 -1.039118785397475526e-22 1.751914393240193265e-22
1.481933593750000000e+00 6.827801003405768711e-23 2.862260933855000801e-22
1.482421875000000000e+00 1.577553804172603007e-22 5.546729213860964281e-23
1.482910156250000000e+00 2.010502312609574748e-22 1.285259892434494621e-23
1.483398437500000000e+00 1.135122424505536260e-22 9.080478580206698130e-23
1.483886718750000000e+00 -1.684337493950862256e-22 -2.718535610853328767e-24
1.484375000000000000e+00 4.751049475142122988e-23 2.834587381302249005e-23
1.484863281250000000e+00 -2.121513004831724819e-22 6.033357148639897896e-23
1.485351562500000000e+00 7.510935464826353752e-23 -8.232213555173515802e-23
1.485839843750000000e+00 4.714651777232383051e-23 1.481453554173448177e-22
1.486328125000000000e+00 -9.815935562317911548e-23 1.673372869949890264e-23
1.486816406250000000e+00 -9.784562392788402513e-23 -1.800526272898946344e-22
1.487304687500000000e+00 -1.038555068671173548e-22 5.965000973064494236e-23
1.487792968750000000e+00 1.617431582749235038e-22 -1.402312038820403481e-22
1.488281250000000000e+00 1.122455645216247212e-22 2.381191946597940216e-22
1.488769531250000000e+00 1.525433757050907832e-22 -3.400747101379450235e-23
1.489257812500000000e+00 9.799323823947332536e-24 -8.418279745460229891e-23
1.489746093750000000e+00 5.959251663030635946e-23 -5.326443406113080200e-23
1.490234375000000000e+00 -5.575092059912735192e-23 -9.405527818180805946e-23
1.490722656250000000e+00 -6.499517236494899013e-23 -2.529280578760223591e-24
1.491210937500000000e+00 -1.291626266806173819e-23 -8.425959958413798565e-23
1.491699218750000000e+00 -2.621256969026342184e-23 1.386708301068914361e-22
1.492187500000000000e+00 1.491500719639122349e-23 1.314506767100335483e-22
1.492675781250000000e+00 -1.899985400871286890e-22 -9.025936760867086683e-23
1.493164062500000000e+00 4.438747343016945057e-23 3.969712417630884657e-23
1.493652343750000000e+00 -1.562080021376120164e-22 -1.279683052671448557e-22
1.494140625000000000e+00 2.083905738598528291e-22 2.346883065312927546e-22
1.494628906250000000e+00 -1.541430373679353223e-22 -1.956473346819128565e-23
1.495117187500000000e+00 1.930712383350477539e-22 -6.028995640185194959e-23
1.495605468750000000e+00 -2.893499221224110077e-22 -1.320234505891708014e-22
1.496093750000000000e+00 3.158997861651616009e-22 -2.436382963078692410e-22
1.496582031250000000e+00 -2.913362521209932566e-22 -1.624616470247869512e-22
1.497070312500000000e+00 1.397838036546540253e-24 -1.662441738008545116e-22
1.497558593750000000e+00 -7.600871200976264974e-23 9.002488130035561156e-23
1.498046875000000000e+00 7.346076613481229560e-23 2.904845518504986625e-23
1.498535156250000000e+00 2.503919468204094750e-22 2.307821002029501795e-23
1.499023437500000000e+00 -4.893472331538480927e-23 -7.388765145961352519e-23
1.499511718750000000e+00 -7.886606231067581608e-23 2.038533405209543471e-23
1.500000000000000000e+00 -1.276875188399699460e-22 1.466362502680051454e-22
1.500488281250000000e+00 3.738507095792019442e-24 -3.594671921732812225e-23
1.500976562500000000e+00 2.722377999205086603e-23 -1.300171145665701592e-23
1.501464843750000000e+00 2.578712042015841909e-23 5.735196696556242843e-23
1.501953125000000000e+00 -5.629409312383426997e-23 7.632893001182653255e-23
1.502441406250000000e+00 -2.225097460481131143e-22 1.240781442023368103e-22
1.502929687500000000e+00 4.652528476730491446e-23 7.690100405979529213e-23
1.503417968750000000e+00 -3.345421293706224713e-23 5.065593789940939339e-24
1.503906250000000000e+00 9.535083350554905305e-23 -1.918746513711949369e-22
1.504394531250000000e+00 1.917215323302038949e-22 3.640740616779335931e-23
1.504882812500000000e+00 1.175731833712666179e-22 -2.339314219649353787e-22
1.505371093750000000e+00 -5.034081997958050697e-23 -1.895898072690910060e-22
1.505859375000000000e+00 8.094107752134935031e-23 2.231933599899045547e-22
1.506347656250000000e+00 -8.005314694894799766e-23 7.675631667300703928e-23
1.506835937500000000e+00 1.307151127295038525e-22 5.311554826023444482e-23
1.507324218750000000e+00 -4.359762212187502797e-23 2.155481459058666052e-22
1.507812500000000000e+00 -4.345470157186517830e-23 9.822128646400538829e-23
1.508300781250000000e+00 7.096946883834561799e-23 1.330621624707945535e-23
1.508789062500000000e+00 -1.675447474907013127e-22 -1.607501340655962717e-22
1.509277343750000000e+00 1.442524749788576565e-22 -5.526647755199495434e-23
1.509765625000000000e+00 1.253752056262988567e-22 -9.714318210423075269e-23
1.510253906250000000e+00 -1.239619491300808019e-22 -2.181156672727042592e-23
1.510742187500000000e+00 1.066228542685439786e-22 6.107349450135268489e-23
1.511230468750000000e+00 7.787344779462502810e-23 -1.785676839860935711e-22
1.511718750000000000e+00 -1.592976932233589653e-22 2.139250000504621834e-22
1.512207031250000000e+00 -3.736651200972029754e-23 -1.701823568782673203e-22
1.512695312500000000e+00 -1.991662098978395862e-22 1.264932929513690203e-22
1.513183593750000000e+00 -1.271443210893221082e-23 1.894350636427070675e-22
1.513671875000000000e+00 -1.292375905881501362e-22 -1.137970558790244929e-23
1.514160156250000000e+00 1.416495960315064304e-23 1.324571349920122091e-22
1.514648437500000000e+00 4.875743509972641555e-23 2.488654846710346752e-22
1.515136718750000000e+00 2.866494876883466046e-22 -5.128932712911507698e-23
1.515625000000000000e+00 5.156044237739655725e-24 4.671263663306752779e-23
1.516113281250000000e+00 -2.639706858381597893e-22 -8.282071543014540339e-23
1.516601562500000000e+00 1.121981974742334677e-22 1.895108920893953412e-24
1.517089843750000000e+00 -1.335344921938072981e-22 7.372368271989953460e-23
1.517578125000000000e+00 2.056799658012796124e-22 -8.926584950018763453e-23
1.518066406250000000e+00 -5.385495357768614375e-23 -1.802222784868420357e-22
1.518554687500000000e+00 4.455720704598650348e-23 1.346929606253767490e-22
1.519042968750000000e+00 1.637912537214895657e-23 -1.145676813029528060e-22
1.519531250000000000e+00 1.618984793632169090e-23 -1.876784689491323485e-23
1.520019531250000000e+00 -1.359459190266896352e-22 9.111185756668552695e-23
1.520507812500000000e+00 1.712944041460303078e-22 6.662498059095132995e-23
1.520996093750000000e+00 1.157039719170962209e-22 -3.694312506399639871e-22
1.521484375000000000e+00 -5.567003296201027761e-23 2.558388168779203125e-22
1.521972656250000000e+00 1.243201946657571287e-22 -1.929068548186531462e-22
1.522460937500000000e+00 -8.856427947242169036e-23 1.829822954966355381e-22
1.522949218750000000e+00 -2.170621562641639542e-22 -7.547248586130379979e-23
1.523437500000000000e+00 1.295990275434405282e-22 -1.029070973621950186e-22
1.523925781250000000e+00 2.354896689254176225e-23 2.891597852603202826e-23
1.524414062500000000e+00 5.591668119720458725e-23 -1.089879065971570115e-22
1.524902343750000000e+00 3.156661425638998516e-23 -1.198293337664474494e-22
1.525390625000000000e+00 -1.427450598145939068e-22 1.340778395532317900e-22
1.525878906250000000e+00 -8.192263134697619260e-23 -6.219435677625380280e-23
1.526367187500000000e+00 5.592623620658520389e-23 -4.536344910909277879e-23
1.526855468750000000e+00 -1.633328752412481840e-22 4.318412153043144608e-23
1.527343750000000000e+00 -5.222628554625338663e-23 -4.002917009411944902e-22
1.527832031250000000e+00 -9.985304805295632438e-23 1.444907152521535915e-22
1.528320312500000000e+00 7.259537723506674112e-23 -4.745384678684879973e-23
1.528808593750000000e+00 2.663869023210040672e-23 1.578236346711161882e-22
1.529296875000000000e+00 -1.134041731398280187e-22 -7.400641716840606394e-23
1.529785156250000000e+00 -8.151452903204478978e-23 6.709315318043403578e-23
1.530273437500000000e+00 -2.435824241771887073e-24 -5.566395308060694682e-23
1.530761718750000000e+00 3.893615095824234678e-23 7.259204001118141459e-23
1.531250000000000000e+00 1.191819129088026626e-22 -4.194232401379079564e-23
1.531738281250000000e+00 7.255999375945131062e-23 1.650342747319414037e-22
1.532226562500000000e+00 2.337497021504412969e-22 -1.883712737456397743e-22
1.532714843750000000e+00 -2.995433454796384355e-23 -1.250737442575755517e-22
1.533203125000000000e+00 7.420346044876292870e-23 6.880497509368263873e-23
1.533691406250000000e+00 -1.332078568751058025e-22 2.455772345621728484e-22
1.534179687500000000e+00 3.225449446782230313e-24 -1.009143242426497331e-22
1.534667968750000000e+00 -7.329481354892258810e-23 -7.048364138633700344e-23
1.535156250000000000e+00 -1.177878561096608126e-22 3.516863387940769976e-22
1.535644531250000000e+00 -1.244623497202949532e-23 -1.585550254365208290e-22
1.536132812500000000e+00 2.446474646148559689e-22 9.504781761805787164e-23
1.536621093750000000e+00 2.070673722847638491e-22 -4.553366066982724725e-23
1.537109375000000000e+00 -5.617683092563519922e-23 2.348192828404929642e-22
1.537597656250000000e+00 1.453820609405071204e-22 -6.994492233056993233e-23
1.538085937500000000e+00 7.886448664442576742e-23 1.499117614116721781e-22
1.538574218750000000e+00 2.446806233856778011e-23 8.353749838289281378e-23
1.539062500000000000e+00 -4.907335539199016704e-23 -1.602975115761812941e-22
1.539550781250000000e+00 -1.457830822942217117e-22 3.513854443241957146e-23
1.540039062500000000e+00 9.333193509136041186e-23 -8.527988261416333264e-23
1.540527343750000000e+00 -2.585733719317851345e-22 5.374445104553950302e-23
1.541015625000000000e+00 1.905751392567902625e-22 -8.052893896525915976e-23
1.541503906250000000e+00 1.838052960257867053e-22 -7.406367135705814477e-23
1.541992187500000000e+00 -2.411511964383429369e-22 -4.098803582615266424e-23
1.542480468750000000e+00 4.408478958922510141e-23 -4.177609679124620760e-23
1.542968750000000000e+00 -1.336667485904660424e-22 -2.605302598212951265e-23
1.543457031250000000e+00 1.148477944646652910e-23 2.150595927735757811e-23
1.543945312500000000e+00 5.376165811015955257e-24 -8.296277183286080826e-24
1.544433593750000000e+00 -2.855869348873861039e-23 5.515770536343863195e-24
1.544921875000000000e+00 5.605685151185084126e-23 1.602740938155424437e-22
1.545410156250000000e+00 -1.088825450814685714e-22 -4.673662248235247284e-23
1.545898437500000000e+00 6.768583184343893984e-24 1.203307127962331208e-22
1.546386718750000000e+00 -1.474478924370020764e-22 -4.711561631541373115e-23
1.546875000000000000e+00 -1.321304824492493288e-22 5.418735356388894354e-23
1.547363281250000000e+00 -1.370079880696161199e-22 -1.445574343476613846e-22
1.547851562500000000e+00 4.706498934110816966e-23 2.589839627645869938e-22
1.548339843750000000e+00 -1.577220782403825405e-22 3.623247833627204494e-23
1.548828125000000000e+00 1.650461917885022985e-22 -6.039822140403632548e-23
1.549316406250000000e+00 3.560872909419537697e-23 1.129597746248158822e-22
1.549804687500000000e+00 -4.756720788892313231e-23 -3.788151236999362525e-23
1.550292968750000000e+00 1.918806955855702938e-22 -8.548878216164091298e-23
1.550781250000000000e+00 -9.200962026639767072e-23 -1.067016317790015695e-22
1.551269531250000000e+00 1.891887468265803412e-22 9.134592183754075314e-23
1.551757812500000000e+00 -1.242135679139598660e-22 -5.478156633819328878e-23
1.552246093750000000e+00 -3.189236950631736888e-23 -1.649123542707153442e-22
1.552734375000000000e+00 5.026170797032919388e-23 -9.354585071519888274e-23
1.553222656250000000e+00 6.220283195082327457e-23 -4.251880196248181680e-23
1.553710937500000000e+00 -1.424805994204390353e-22 9.361937512397157989e-23
1.554199218750000000e+00 1.608918321381074308e-22 -4.014926402970034150e-23
1.554687500000000000e+00 4.190241521946923959e-23 -2.077583125086955664e-22
1.555175781250000000e+00 -7.926519598268367573e-23 -4.605642649903650120e-23
1.555664062500000000e+00 -2.070239146412288498e-22 1.212976463619584329e-22
1.556152343750000000e+00 4.742404598563966714e-23 -1.603616202121486833e-22
1.556640625000000000e+00 -5.063820661909368469e-23 -1.883068062472505648e-22
1.557128906250000000e+00 -5.155318944837154718e-24 -1.114476935929638984e-22
1.557617187500000000e+00 -1.389549758222197917e-22 1.028295471498971852e-22
1.558105468750000000e+00 3.306669972422123209e-23 1.942934533959334630e-22
1.558593750000000000e+00 1.761553586795926611e-22 8.032585056670272653e-24
1.559082031250000000e+00 1.797079658715774359e-23 6.204776571928305558e-23
1.559570312500000000e+00 -6.141968006727139723e-23 -7.310096474728613427e-23
1.560058593750000000e+00 1.431943139294374618e-22 2.130494383866363077e-22
1.560546875000000000e+00 2.166330728048160297e-22 -3.097369276585606842e-23
1.561035156250000000e+00 8.016206968394995442e-23 1.998508282466075169e-22
1.561523437500000000e+00 -1.357885205871777690e-22 2.642871908445642363e-22
1.562011718750000000e+00 -3.974614982856366953e-23 -5.546694974594505002e-23
1.562500000000000000e+00 1.959854891152602624e-22 -1.551661587836030861e-22
1.562988281250000000e+00 -5.446437302293256065e-23 -9.919306890430755832e-23
1.563476562500000000e+00 -1.184933817679493126e-22 -1.288571611742600966e-23
1.563964843750000000e+00 -1.293198204221848019e-23 6.125795159791582083e-24
1.564453125000000000e+00 -2.840304602652997433e-23 -7.512421693686270856e-23
1.564941406250000000e+00 1.026776452165016896e-23 -1.023591956555766972e-23
1.565429687500000000e+00 1.279801578693023372e-22 2.259381348824736020e-22
1.565917968750000000e+00 3.128873302759204831e-22 -6.034859402028528434e-24
1.566406250000000000e+00 2.426644883800654746e-22 -7.587748224111286476e-23
1.566894531250000000e+00 2.642369088723157260e-22 2.135423501337013631e-22
1.567382812500000000e+00 -2.686465392781415799e-22 -5.311212884493434982e-24
1.567871093750000000e+00 -5.830632995994341381e-23 -2.221684481347980364e-22
1.568359375000000000e+00 4.993376253623121174e-23 -1.540792438082289870e-22
1.568847656250000000e+00 -3.011925674237776393e-23 1.451996301522984112e-22
1.569335937500000000e+00 -2.132708891593722345e-23 2.383103205530781444e-23
1.569824218750000000e+00 -8.812290047932513622e-23 -1.650739459262558374e-22
1.570312500000000000e+00 -9.864564955511272974e-23 1.679857085116099249e-22
1.570800781250000000e+00 1.127144281279404404e-22 4.188076689536459520e-23
1.571289062500000000e+00 -1.926105220651349349e-23 -1.147423834318203069e-22
1.571777343750000000e+00 5.543798505886208403e-23 2.938237827921852905e-23
1.572265625000000000e+00 -1.403010577088578945e-22 9.113721334607106492e-23
1.572753906250000000e+00 -2.455828928667644329e-22 -1.558700880752786366e-22
1.573242187500000000e+00 -1.566381347449764143e-22 1.319278707096448408e-22
1.573730468750000000e+00 6.157766812912156879e-23 -4.333265120901722770e-23
1.574218750000000000e+00 -2.571729585825772784e-22 -4.602363852741864694e-23
1.574707031250000000e+00 7.932709184030313792e-23 -3.827569633274214107e-23
1.575195312500000000e+00 4.761910206081198259e-24 -2.160965449020490588e-22
1.575683593750000000e+00 -3.735228405279241804e-23 1.199310062609591100e-22
1.576171875000000000e+00 -3.877663056523014486e-22 1.567607389091202392e-22
1.576660156250000000e+00 -2.555683440830837584e-23 -8.435655998393633852e-23
1.577148437500000000e+00 5.340509045742717697e-23 1.658900525382151889e-23
1.577636718750000000e+00 -3.352385016714204032e-23 2.441363249233945554e-24
1.578125000000000000e+00 9.411862194772373518e-23 1.088990152905125039e-22
1.578613281250000000e+00 -2.606091709204615986e-22 -6.253265761353108254e-23
1.579101562500000000e+00 3.405590423111295131e-23 3.073906566972334527e-22
1.579589843750000000e+00 1.756880842378403048e-23 4.082568624536246477e-22
1.580078125000000000e+00 -1.169531509226710176e-22 -5.295674640134648922e-22
1.580566406250000000e+00 -2.786967610489390835e-24 4.781197735806354137e-23
1.581054687500000000e+00 5.557487211888280647e-23 7.197288944863066392e-23
1.581542968750000000e+00 -7.803983436691273873e-23 -7.271579529154169339e-23
1.582031250000000000e+00 5.707364536859120325e-23 -2.093767434249368527e-22
1.582519531250000000e+00 1.232215958984555926e-22 -1.451304143900283072e-23
1.583007812500000000e+00 -4.093578608439956028e-23 -5.338497235947200856e-23
1.583496093750000000e+00 -3.657209197857063744e-23 -7.057438257882188508e-23
1.583984375000000000e+00 2.141723843906679707e-22 3.415968558514295050e-23
1.584472656250000000e+00 1.205504064492110588e-22 -3.669763403990200684e-23
1.584960937500000000e+00 1.665849380559761687e-22 7.158252084416979528e-23
1.585449218750000000e+00 2.154485817787641283e-22 -9.085052716967366773e-23
1.585937500000000000e+00 1.610846950000207431e-22 -1.725403434624505967e-23
1.586425781250000000e+00 -1.547221907963419984e-22 4.355021458315941149e-23
1.586914062500000000e+00 6.477532460044874054e-24 -4.646986697021729335e-24
1.587402343750000000e+00 5.754419171596327886e-23 8.930982418071489413e-23
1.587890625000000000e+00 1.747984465127834078e-22 7.213956363772673753e-23
1.588378906250000000e+00 1.832367134040771032e-22 -6.960922244152638119e-23
1.588867187500000000e+00 3.934223127474941202e-24 8.537617482559939865e-23
1.589355468750000000e+00 -5.150305292117909389e-23 -3.015405312614345889e-23
1.589843750000000000e+00 1.705162566222919369e-22 -5.717927974589236860e-23
1.590332031250000000e+00 -2.921165086605247812e-22 -1.849617582136780681e-22
1.590820312500000000e+00 8.290446529708025221e-23 -3.255893613222122532e-23
1.591308593750000000e+00 3.151965739446910731e-22 -9.650433669848919660e-23
1.591796875000000000e+00 -2.023315766371449665e-22 2.356642015621626785e-22
1.592285156250000000e+00 1.583140383437492403e-24 1.813935659949735980e-22
1.592773437500000000e+00 -1.132594678673429927e-22 3.986984758498568752e-23
1.593261718750000000e+00 -9.845990014517913293e-23 -1.540461454409984310e-23
1.593750000000000000e+00 2.277903697207944737e-22 1.659579639490072186e-22
1.594238281250000000e+00 -1.211425183829352922e-22 -2.830801876282979617e-22
1.594726562500000000e+00 1.922296399692425870e-22 6.034268956204686843e-23
1.595214843750000000e+00 3.869634299590584526e-23 -4.700510136043746733e-23
1.595703125000000000e+00 -6.735558612923111627e-23 3.290557137970843207e-23
1.596191406250000000e+00 -1.635530111998826679e-22 -2.901783910361301956e-22
1.596679687500000000e+00 7.231632893530932822e-23 3.937714729837791263e-22
1.597167968750000000e+00 8.707173854296961981e-23 6.868830030992564056e-23
1.597656250000000000e+00 -2.114442957122502645e-22 2.041122222675694093e-23
1.598144531250000000e+00 -1.468579984715534878e-22 -3.103484303247935964e-23
1.598632812500000000e+00 -1.899248336113657431e-22 1.943914736966143432e-23
1.599121093750000000e+00 -7.870608382841686276e-23 -5.317760899285969607e-23
1.599609375000000000e+00 1.723788864076770091e-23 1.170979642564989122e-23
1.600097656250000000e+00 -2.111607350418354536e-23 -1.593518180846727905e-22
1.600585937500000000e+00 -7.533272253030528847e-23 -4.116107370157536177e-23
1.601074218750000000e+00 5.670090392109978354e-24 1.345104375749410779e-22
1.601562500000000000e+00 -1.285810139664837483e-22 -2.221057367008851588e-22
1.602050781250000000e+00 8.350586995050467128e-24 2.039580639874868330e-22
1.602539062500000000e+00 -1.796804911917568733e-22 -5.690570556773402402e-23
1.603027343750000000e+00 -1.243595739768987178e-23 -3.183509506389400757e-22
1.603515625000000000e+00 -1.903333354265448082e-22 -3.454190233909162820e-26
1.604003906250000000e+00 1.008392703579652796e-23 -6.967402630619310220e-23
1.604492187500000000e+00 1.863909383223140034e-22 -1.292297411826962574e-23
1.604980468750000000e+00 -9.179598389682294509e-23 -2.538633806696393085e-23
1.605468750000000000e+00 -2.377597312054105045e-24 1.202896486413822449e-22
1.605957031250000000e+00 -1.441800897369620432e-22 5.031395318557737212e-24
1.606445312500000000e+00 2.103070688950343642e-22 -1.337090025908146783e-22
1.606933593750000000e+00 -4.849575360387653233e-23 -2.029543659553680136e-23
1.607421875000000000e+00 1.841230510823047711e-22 1.274859550431964742e-22
1.607910156250000000e+00 -6.056502816905453167e-23 5.893765243304945437e-23
1.608398437500000000e+00 1.530224352649772324e-22 1.985661031054259159e-22
1.608886718750000000e+00 2.223253251735969670e-22 -9.968528628882455112e-23
1.609375000000000000e+00 -6.409128140752718811e-23 3.072549994176713258e-22
1.609863281250000000e+00 2.966337241277531786e-22 -1.587633456862664002e-22
1.610351562500000000e+00 -9.399354935618732909e-23 -2.744547428293867889e-22
1.610839843750000000e+00 5.745068279427528273e-23 2.807234230789569451e-22
1.611328125000000000e+00 4.439906125696898659e-23 1.071643254138711226e-22
1.611816406250000000e+00 6.110551220602153530e-23 1.510878768101685848e-22
1.612304687500000000e+00 1.547971968396806886e-23 -1.960833627240454336e-22
1.612792968750000000e+00 -4.959546602847713161e-23 8.135100174655830814e-23
1.613281250000000000e+00 -1.033185633865209724e-22 -9.942109126731193286e-24
1.613769531250000000e+00 1.409968774260888275e-22 2.248741401763776936e-22
1.614257812500000000e+00 1.522147376102042309e-22 -1.848294795523259031e-22
1.614746093750000000e+00 -7.320800055901723821e-23 2.819555479261922933e-22
1.615234375000000000e+00 -7.654822002374073028e-23 -1.701230355917020073e-22
1.615722656250000000e+00 1.020669836305756406e-23 1.515858044964707755e-22
1.616210937500000000e+00 -1.641866037722658641e-22 1.468875816416914659e-22
1.616699218750000000e+00 -4.991546744045578345e-23 -5.107789605179099082e-23
1.617187500000000000e+00 -4.583316546910836695e-23 2.106106127633794162e-22
1.617675781250000000e+00 -1.223249212311791290e-22 -2.714771916751230895e-22
1.618164062500000000e+00 -3.898922710643268860e-23 -1.570577130940534222e-22
1.618652343750000000e+00 -8.189587022200219189e-23 1.324225711170732627e-22
1.619140625000000000e+00 5.913499679161656857e-23 1.121980791104232343e-22
1.619628906250000000e+00 3.110141006354554854e-22 -3.078786708542508780e-23
1.620117187500000000e+00 -3.405942646242240166e-22 -2.447402733934270713e-22
1.620605468750000000e+00 -7.194650152647001236e-23 -8.042831829951178877e-23
1.621093750000000000e+00 1.600161571878166560e-22 -1.310050373986089134e-22
1.621582031250000000e+00 2.413223908095781378e-22 -3.559452071624268883e-24
1.622070312500000000e+00 -4.331549671681636012e-23 -1.705127653279539848e-22
1.622558593750000000e+00 -3.503000432096860889e-24 2.348209527241397417e-22
1.623046875000000000e+00 3.521992821891121864e-23 -1.968859767748459909e-22
1.623535156250000000e+00 -4.206821001312723713e-23 -8.477529099814216576e-23
1.624023437500000000e+00 -5.267738438191935155e-23 -1.456598204630679121e-22
1.624511718750000000e+00 5.092162911469319314e-23 8.213258490900393426e-24
1.625000000000000000e+00 -3.046629748787881299e-23 -1.827699679922347387e-22
1.625488281250000000e+00 3.656583557583549766e-23 -4.027636612405734027e-23
1.625976562500000000e+00 -1.492503890355347066e-22 -1.362178105104886067e-22
1.626464843750000000e+00 -1.325294247156164514e-22 6.906831426893323289e-23
1.626953125000000000e+00 -1.319175192995278118e-22 3.508660226363075900e-23
1.627441406250000000e+00 -1.540988494408180363e-22 -5.211169595561908958e-23
1.627929687500000000e+00 2.532474142058251337e-22 9.241420365127847174e-23
1.628417968750000000e+00 -2.392666613680664502e-23 2.291396520389052688e-22
1.628906250000000000e+00 6.945447296229169980e-23 -1.105680699917203100e-22
1.629394531250000000e+00 -2.975384887797953107e-23 -2.525780096748644797e-23
1.629882812500000000e+00 1.695019799386057021e-22 -1.813098625894676827e-22
1.630371093750000000e+00 6.338105168860651347e-23 1.871076819748288539e-22
1.630859375000000000e+00 -6.520368356354133216e-23 -1.265986656900100293e-22
1.631347656250000000e+00 1.410867438837052840e-22 7.819320428339996494e-23
1.631835937500000000e+00 8.678124152158215796e-24 1.205884405972415826e-22
1.632324218750000000e+00 1.562613123112301480e-22 2.103025923484607008e-23
1.632812500000000000e+00 1.125044650843497861e-22 -3.667583086336610425e-23
1.633300781250000000e+00 -1.275821656025511602e-22 -3.625199241605022168e-23
1.633789062500000000e+00 1.681916742686204842e-23 -4.748773176170345917e-24
1.634277343750000000e+00 -1.468228567140285839e-22 1.298453768848792538e-22
1.634765625000000000e+00 -1.393533990532407160e-22 1.283132412112163837e-22
1.635253906250000000e+00 9.497367208932013937e-23 -1.525252863145983215e-23
1.635742187500000000e+00 1.116533624698665811e-23 1.251056626042132060e-22
1.636230468750000000e+00 5.720943146084737784e-23 2.662416791448110394e-23
1.636718750000000000e+00 1.114160501862664783e-22 7.359199422724043806e-23
1.637207031250000000e+00 -6.192222093291444024e-23 3.845364305351070543e-22
1.637695312500000000e+00 4.624209485422530011e-23 -3.904086949396874605e-23
1.638183593750000000e+00 9.144345127497706563e-23 6.327755430546447525e-23
1.638671875000000000e+00 -1.047537531376888673e-22 8.138784835306130437e-23
1.639160156250000000e+00 2.915914045436085276e-23 -2.668686989662298000e-23
1.639648437500000000e+00 -6.138209613949460636e-23 6.014854958038394258e-23
1.640136718750000000e+00 4.917725507023017548e-23 7.543471058722804502e-24
1.640625000000000000e+00 -1.436155220088851205e-22 6.787750154761524734e-23
1.641113281250000000e+00 4.505562097086169212e-23 -2.525581336062377693e-24
1.641601562500000000e+00 -4.467796832922833414e-23 -1.624970055731393891e-23
1.642089843750000000e+00 -2.703835634163043775e-23 3.106941886065947694e-23
1.642578125000000000e+00 -6.349930962826000616e-23 -1.833839411614258583e-22
1.643066406250000000e+00 -1.120697957413601577e-22 -4.031559513140409329e-22
1.643554687500000000e+00 -1.115393861376433274e-22 -7.744936279844509729e-23
1.644042968750000000e+00 1.028534471648301646e-22 1.591155963075979530e-22
1.644531250000000000e+00 -1.462832806670098570e-22 -1.029207846783723453e-23
1.645019531250000000e+00 1.235440137480092101e-22 -2.424587406513872069e-22
1.645507812500000000e+00 3.429755419167366181e-23 -1.261438734447053863e-22
1.645996093750000000e+00 1.015170320744594695e-22 -1.042225449408224157e-22
1.646484375000000000e+00 -2.980111721067950053e-23 2.152266446134547936e-22
1.646972656250000000e+00 -2.496652091672301523e-23 1.174891540754837909e-22
1.647460937500000000e+00 -2.160452131842491460e-22 2.680121274350881972e-22
1.647949218750000000e+00 -1.802580495616298284e-22 3.934252560421965246e-23
1.648437500000000000e+00 -3.831781116600202510e-23 8.197466432576576887e-23
1.648925781250000000e+00 8.969875320486428923e-24 -1.894803593645697673e-22
1.649414062500000000e+00 -1.415293837678073121e-22 -9.878861753613803884e-24
1.649902343750000000e+00 2.357300181413003026e-23 -2.372401121825320552e-22
1.650390625000000000e+00 -2.159997580911645909e-22 1.948162789826250690e-22
1.650878906250000000e+00 1.941162704955911236e-22 -2.738839687893064392e-22
1.651367187500000000e+00 -6.953049446157159160e-23 1.171922663442809561e-22
1.651855468750000000e+00 6.655269042184004194e-23 -1.114206501333897204e-22
1.652343750000000000e+00 1.877276021923073807e-22 -1.221510212520780527e-22
1.652832031250000000e+00 1.768269136949264006e-22 -6.152121320509534849e-23
1.653320312500000000e+00 -2.033018045048489187e-24 -1.102287475348691640e-23
1.653808593750000000e+00 1.747986104703705165e-22 -1.039247300168818234e-22
1.654296875000000000e+00 2.743124943169722553e-24 -1.360627168150705131e-22
1.654785156250000000e+00 1.224992165607291673e-22 -4.711948382676144601e-23
1.655273437500000000e+00 1.796908780672343123e-23 -1.600106910248513085e-22
1.655761718750000000e+00 4.200345684585066331e-24 1.623010916226176059e-22
1.656250000000000000e+00 1.188356391765161556e-22 1.533924964860884680e-22
1.656738281250000000e+00 1.333188648943671016e-22 -1.279541378651233455e-22
1.657226562500000000e+00 2.476840553057245954e-22 5.337476150164626854e-23
1.657714843750000000e+00 8.192881478985532619e-23 -1.176268898756962821e-22
1.658203125000000000e+00 -2.382775712264537260e-22 1.257391800546829650e-22
1.658691406250000000e+00 5.049721328433146603e-23 8.320557707901727618e-23
1.659179687500000000e+00 3.795969647124853792e-23 -9.313452191175392408e-23
1.659667968750000000e+00 -7.691111444358211745e-23 2.365616288854806452e-22
1.660156250000000000e+00 7.354992742514043425e-23 1.993911940018718812e-22
1.660644531250000000e+00 -1.277831370272987761e-22 2.652568268953566210e-24
1.661132812500000000e+00 2.018952281750625620e-22 -1.429686581969015685e-22
1.661621093750000000e+00 -1.845634776409547666e-22 -2.279619046405624904e-23
1.662109375000000000e+00 2.846937452895922196e-22 4.785643424832330270e-23
1.662597656250000000e+00 3.460570134746890344e-23 3.674943308256888740e-22
1.663085937500000000e+00 -1.058767555937687332e-22 4.044983313633732294e-23
1.663574218750000000e+00 -2.282611372891064092e-22 5.036404892191158143e-23
1.664062500000000000e+00 -1.873201408516799995e-22 1.697239754283593492e-23
1.664550781250000000e+00 -5.855927443741139315e-23 -7.788924054461746188e-23
1.665039062500000000e+00 -1.247466372956866285e-22 1.968041464046150773e-23
1.665527343750000000e+00 -5.214531023293657867e-23 -6.087757331730388042e-23
1.666015625000000000e+00 2.283195337227678717e-23 7.599456881343832717e-23
1.666503906250000000e+00 -6.224079333175313417e-23 8.331584994848930011e-23
1.666992187500000000e+00 6.103433643758048862e-23 -3.644763262060528055e-23
1.667480468750000000e+00 -5.705342712500577972e-24 -3.088084963443629338e-22
1.667968750000000000e+00 2.362790814157884920e-22 1.863067765795888096e-22
1.668457031250000000e+00 -1.480450861284583929e-22 1.614254523985927085e-23
1.668945312500000000e+00 -1.395066408428831030e-22 -7.248143765035605806e-23
1.669433593750000000e+00 -1.608509325264767595e-22 2.727620326719553629e-23
1.669921875000000000e+00 2.207801412462141513e-22 7.601193549982800142e-23
1.670410156250000000e+00 -8.966479743689374495e-23 1.772084859434759227e-23
1.670898437500000000e+00 1.332899939678978891e-22 -3.471546374182771541e-23
1.671386718750000000e+00 -2.415687493027319529e-22 3.532080255718695210e-23
1.671875000000000000e+00 -7.079678608926808920e-23 3.804034912704540007e-23
1.672363281250000000e+00 -1.335133400559809842e-22 -1.770104625086483871e-22
1.672851562500000000e+00 2.133547316882249644e-22 -6.378694008291465039e-24
1.673339843750000000e+00 1.167246256333173451e-22 -2.078181013581867391e-23
1.673828125000000000e+00 -2.498786856911083578e-23 -7.936682189389779015e-23
1.674316406250000000e+00 -2.325172372854161146e-22 6.879072103819626982e-23
1.674804687500000000e+00 4.581083676045674487e-23 -1.576427075022052456e-22
1.675292968750000000e+00 -1.309912331860367839e-23 1.227571939928903468e-22
1.675781250000000000e+00 -1.953034624725935324e-22 -2.741326286281174447e-23
1.676269531250000000e+00 3.767574033650227877e-23 -1.115240956999242525e-23
1.676757812500000000e+00 7.601290366901467146e-23 -2.458509029521574656e-23
1.677246093750000000e+00 -1.349796783871909436e-22 1.144987375649633885e-22
1.677734375000000000e+00 3.989383185785618931e-23 -6.951576705271761365e-24
1.678222656250000000e+00 1.060229401653136630e-22 -1.168698910380142065e-22
1.678710937500000000e+00 1.082003974323795205e-22 -2.213790350290789610e-22
1.679199218750000000e+00 -5.403082891452846969e-23 5.835878972944228869e-23
1.679687500000000000e+00 2.475828244751861577e-22 -4.532122207669559162e-23
1.680175781250000000e+00 4.169080437770106687e-23 1.535816541268946609e-22
1.680664062500000000e+00 9.773958534511628632e-23 3.332140396326063348e-23
1.681152343750000000e+00 -1.208858489421615577e-23 -8.902250358717000437e-23
1.681640625000000000e+00 -1.484572941831410670e-22 -6.690780342958994918e-23
1.682128906250000000e+00 1.354351388665237014e-22 7.790649903931222954e-23
1.682617187500000000e+00 2.623086922011590693e-23 -7.342604285302036755e-23
1.683105468750000000e+00 5.057542409586756736e-24 1.084606693384037357e-22
1.683593750000000000e+00 2.209602613934518029e-23 -7.436759776741202858e-23
1.684082031250000000e+00 1.257114225116037771e-22 1.865151209947199999e-22
1.684570312500000000e+00 5.249820778897867774e-23 -4.787524697198893820e-23
1.685058593750000000e+00 -1.948284297592801775e-22 1.973644733814347439e-23
1.685546875000000000e+00 -6.292077648207103622e-23 -2.084723279552081891e-23
1.686035156250000000e+00 6.666698999191361175e-23 -1.241081921705238649e-22
1.686523437500000000e+00 -5.266377040194859291e-24 1.357056281317899011e-22
1.687011718750000000e+00 5.920568101217920620e-23 1.298909316232154240e-23
1.687500000000000000e+00 1.561179516598975260e-22 1.811270983949133124e-22
1.687988281250000000e+00 5.537839406962808897e-23 -1.430485849642252927e-22
1.688476562500000000e+00 -1.311630135055996404e-22 8.195219678091435340e-24
1.688964843750000000e+00 8.544036243990353557e-23 -1.223354710852495461e-22
1.689453125000000000e+00 8.175181302615273025e-24 -5.222362238842323508e-23
1.689941406250000000e+00 1.050856657366905709e-22 1.508571758069676062e-22
1.690429687500000000e+00 -1.271697910073237003e-22 -1.439463582998335622e-22
1.690917968750000000e+00 -1.308646967709043355e-23 7.624146978893981818e-23
1.691406250000000000e+00 -2.801589372216847077e-23 6.976719409986415654e-23
1.691894531250000000e+00 2.001357024548618476e-22 2.511918879915704143e-23
1.692382812500000000e+00 -1.568335245229703349e-22 -1.564791108611212609e-22
1.692871093750000000e+00 5.896009584274491594e-23 3.748045179825494634e-24
1.693359375000000000e+00 -7.054603022789704982e-24 -1.969399396814280836e-24
1.693847656250000000e+00 -2.395596130551279817e-24 1.814680186910832567e-22
1.694335937500000000e+00 5.060541966963195080e-23 -6.506152519037040832e-23
1.694824218750000000e+00 -7.919488563011744109e-23 1.204520113323949962e-22
1.695312500000000000e+00 -3.202719513515050652e-23 -9.769807932920042333e-23
1.695800781250000000e+00 5.438916377690960066e-23 -1.292255916661605620e-22
1.696289062500000000e+00 4.069951230858229565e-23 -7.415910403323964393e-23
1.696777343750000000e+00 -3.021725821795399132e-22 -2.083828455981154850e-24
1.697265625000000000e+00 1.299640314987284546e-23 -4.716700871244773075e-24
1.697753906250000000e+00 -8.512924402103562668e-23 -3.249094470715009459e-23
1.698242187500000000e+00 -1.230677638331226681e-22 1.283627551666937495e-22
1.698730468750000000e+00 2.315830740028849560e-22 -3.525517840322162969e-23
1.699218750000000000e+00 -1.279918916370165358e-22 -5.871234378585753788e-23
1.699707031250000000e+00 2.850719853971319918e-23 8.689018415563940011e-24
1.700195312500000000e+00 -1.423537640562170514e-22 -7.732669285570418979e-23
1.700683593750000000e+00 -6.023372908335798420e-23 2.524193734068350345e-22
1.701171875000000000e+00 -1.806595627103891593e-22 2.974874764368386593e-22
1.701660156250000000e+00 5.594432101077833392e-24 -1.095255283526822081e-22
1.702148437500000000e+00 -2.832433347653311147e-22 -7.808863542087000794e-23
1.702636718750000000e+00 8.431926117664153414e-23 3.806869172068096982e-23
1.703125000000000000e+00 -1.995036407833222942e-23 -1.557499920089464574e-22
1.703613281250000000e+00 -1.010370808407478923e-22 2.914654612398194209e-23
1.704101562500000000e+00 -6.815468667935828203e-23 -2.287146044334162871e-23
1.704589843750000000e+00 4.137171738364229595e-23 1.702646437339504470e-22
1.705078125000000000e+00 1.176930646204779060e-22 1.443655527284244218e-22
1.705566406250000000e+00 -6.842656074647646092e-23 -2.236858900117152828e-22
1.706054687500000000e+00 1.182791702971750074e-22 -3.028225717760650755e-23
1.706542968750000000e+00 2.335271053017101523e-22 -2.461589420793714656e-22
1.707031250000000000e+00 3.662995249177098949e-24 1.917531546542672164e-22
1.707519531250000000e+00 1.101955894040633866e-22 -1.053909926347522257e-23
1.708007812500000000e+00 9.986552035314148819e-23 -2.334978898149417362e-22
1.708496093750000000e+00 2.675232688766681369e-22 1.583589051934092441e-22
1.708984375000000000e+00 6.826545507484879982e-23 -4.642150400655890417e-23
1.709472656250000000e+00 -4.266884421386905536e-23 7.464449174593602204e-23
1.709960937500000000e+00 8.235230868686069785e-23 -1.456530668015979425e-22
1.710449218750000000e+00 1.621266938761991200e-22 3.074997490191167697e-23
1.710937500000000000e+00 8.917664090324979505e-23 2.103653381373482419e-22
1.711425781250000000e+00 -1.881920291989081614e-22 -1.611187330370064535e-22
1.711914062500000000e+00 1.666365200989481754e-23 2.598074550415676185e-22
1.712402343750000000e+00 1.981447668580390171e-22 1.391999342611118039e-22
1.712890625000000000e+00 1.313993305299938535e-22 1.085231856957411426e-22
1.713378906250000000e+00 -1.993297659094918356e-22 2.391154748857287597e-25
1.713867187500000000e+00 -1.487353896829900224e-22 6.304119790376416998e-23
1.714355468750000000e+00 -2.647282224349633727e-23 -1.207811180823524858e-22
1.714843750000000000e+00 1.883191108898764368e-22 3.896165523128748640e-23
1.715332031250000000e+00 1.955492984428784052e-23 5.289763964962130603e-24
1.715820312500000000e+00 -1.096011998135565786e-22 -1.791264035705602362e-23
1.716308593750000000e+00 1.944274678831042173e-22 3.328399134547833769e-24
1.716796875000000000e+00 -1.688174967946024976e-22 -2.253966351701140374e-22
1.717285156250000000e+00 1.046070661188724345e-23 3.168512562784071829e-23
1.717773437500000000e+00 -2.196267737994138915e-22 -1.253831672960324796e-22
1.718261718750000000e+00 -1.427777728775274862e-22 -2.151777842570379859e-22
1.718750000000000000e+00 -2.709676480132049352e-22 -3.227182438512319395e-23
1.719238281250000000e+00 -4.498011469491555812e-23 2.344073487198631869e-23
1.719726562500000000e+00 -2.053426846301461990e-23 -2.481798909910353936e-22
1.720214843750000000e+00 4.175543135238480506e-23 -1.853528806335045082e-23
1.720703125000000000e+00 -1.010064863376551745e-22 1.230471225188828829e-23
1.721191406250000000e+00 -1.059468737979867015e-22 1.707858723619959347e-22
1.721679687500000000e+00 4.410344308440990590e-22 -2.535027672117130838e-23
1.722167968750000000e+00 -1.953907947146977041e-22 -9.913106320191100051e-23
1.722656250000000000e+00 -7.659239592615349507e-23 8.200513273864571360e-23
1.723144531250000000e+00 -1.140901740484053482e-22 -6.854658555211688174e-23
1.723632812500000000e+00 1.326861226301917687e-22 1.722105457108418855e-22
1.724121093750000000e+00 1.325263599538447364e-22 -1.179159358610616902e-22
1.724609375000000000e+00 2.685041304618677145e-23 8.485730583132958219e-23
1.725097656250000000e+00 -1.263146197464007999e-22 2.359264755801566693e-23
1.725585937500000000e+00 3.419423269574812431e-23 -6.170812965587580842e-23
1.726074218750000000e+00 1.034703655698691613e-22 2.023490215143304224e-22
1.726562500000000000e+00 8.459560658157396278e-23 1.979711341373762516e-22
1.727050781250000000e+00 -1.785834206470442462e-22 1.290654685599566499e-22
1.727539062500000000e+00 1.039468787406293902e-22 -3.282175135268190401e-22
1.728027343750000000e+00 -7.075974359917759140e-23 1.976598988363065175e-22
1.728515625000000000e+00 -5.860994672609339303e-23 -1.755348393679654583e-22
1.729003906250000000e+00 1.499247384122125852e-22 1.487353448797088358e-22
1.729492187500000000e+00 -1.948992737639234655e-22 -2.774518030395570801e-22
1.729980468750000000e+00 3.026839157839155840e-22 1.379947031383811941e-22
1.730468750000000000e+00 4.554824617564618718e-23 9.663691540114050934e-23
1.730957031250000000e+00 8.861313855649385115e-25 1.346684601635062430e-22
1.731445312500000000e+00 -6.439652685668671266e-23 -2.135517617700698856e-22
1.731933593750000000e+00 -1.517599016609223334e-22 5.273783293615062959e-23
1.732421875000000000e+00 -1.335637945026636271e-22 8.095633134175052905e-23
1.732910156250000000e+00 2.747643970227672932e-22 -2.599310472893560717e-23
1.733398437500000000e+00 -2.210556921663091014e-22 -1.693058045536485205e-22
1.733886718750000000e+00 4.828376968319122166e-23 3.473851435640361677e-23
1.734375000000000000e+00 2.340795486864121549e-23 -1.622579341366743566e-23
1.734863281250000000e+00 7.128175515567798166e-23 -2.457776208181792163e-22
1.735351562500000000e+00 -5.019743310297069020e-24 9.840076520150611181e-23
1.735839843750000000e+00 -1.248662774603981985e-22 1.441418977546176288e-22
1.736328125000000000e+00 2.352376786581064670e-22 -1.088552436531877740e-23
1.736816406250000000e+00 1.713860169866553263e-22 7.783955717401228431e-23
1.737304687500000000e+00 1.001814315590664088e-22 5.997429991920044539e-23
1.737792968750000000e+00 1.119625780924258748e-22 -1.894047354650290458e-23
1.738281250000000000e+00 -4.229114122703529509e-23 -5.895428059705559768e-23
1.738769531250000000e+00 1.534998644040594649e-22 1.883497295856630826e-22
1.739257812500000000e+00 -1.107780918096120748e-22 7.771806304808995725e-23
1.739746093750000000e+00 -8.659676166401069214e-23 -2.048977014930549343e-22
1.740234375000000000e+00 -9.370610403352653465e-23 -1.238580227893140687e-22
1.740722656250000000e+00 8.381496211818651094e-23 1.675643013545345038e-22
1.741210937500000000e+00 -1.807109578141495119e-22 6.751452376839046141e-23
1.741699218750000000e+00 4.438317324805502447e-24 8.050507248320148992e-23
1.742187500000000000e+00 -1.118415831091424123e-22 -9.597102089300304054e-23
1.742675781250000000e+00 -5.330168086497456622e-23 1.241718360377068147e-22
1.743164062500000000e+00 2.163279371495052140e-22 -2.077478914664784012e-22
1.743652343750000000e+00 -2.381357690425117438e-22 7.530375932411825183e-23
1.744140625000000000e+00 -2.988880795799784443e-23 1.638770074111388088e-22
1.744628906250000000e+00 1.143305914310486039e-22 -1.193076413955990715e-23
1.745117187500000000e+00 -1.854735603962339214e-22 1.222162938169129345e-23
1.745605468750000000e+00 -1.459743632529595912e-22 -1.003132901406504171e-22
1.746093750000000000e+00 -2.122005942167050020e-22 -4.912300783494246847e-23
1.746582031250000000e+00 2.634724764039832449e-22 2.621151534843517965e-23
1.747070312500000000e+00 -2.280650515607569328e-23 -1.861347220408846431e-24
1.747558593750000000e+00 2.578584836991470908e-22 1.904104745056326256e-23
1.748046875000000000e+00 3.301688572804996892e-23 -5.674699927153830147e-23
1.748535156250000000e+00 3.607570618475340147e-23 -5.575393926767704689e-23
1.749023437500000000e+00 -4.145371898535571994e-23 -2.073891370057412109e-22
1.749511718750000000e+00 -6.144184381678433129e-25 -1.180334338362692318e-22
1.750000000000000000e+00 1.115385157532747691e-22 -1.682638660808249280e-22
1.750488281250000000e+00 -5.384239490011780267e-23 1.889372843558909181e-22
1.750976562500000000e+00 -6.922022201626150412e-24 -2.319026875612039186e-22
1.751464843750000000e+00 -1.487512781479302705e-22 1.338956571537199998e-22
1.751953125000000000e+00 -8.208853047158913571e-23 1.600553120997100238e-22
1.752441406250000000e+00 -7.359086309689451147e-23 -1.698641733711574028e-22
1.752929687500000000e+00 3.002736568790570823e-23 8.727662774700154914e-24
1.753417968750000000e+00 5.788464999525734864e-24 8.312760633414868742e-23
1.753906250000000000e+00 2.620708207226942493e-22 -7.687655089424712459e-24
1.754394531250000000e+00 -1.798062500819508594e-22 1.655052771615203133e-22
1.754882812500000000e+00 2.617123560616476228e-23 7.044258632742191755e-23
1.755371093750000000e+00 -1.486395791834359067e-22 6.818892852439555725e-23
1.755859375000000000e+00 -1.677616905817862523e-22 -3.749125453078935527e-24
1.756347656250000000e+00 -2.010045346604320034e-22 -2.623795577538495581e-24
1.756835937500000000e+00 -1.999286331393546494e-22 1.239697783981474455e-22
1.757324218750000000e+00 1.945643429270571281e-22 -1.656309953712414637e-22
1.757812500000000000e+00 6.970119799732962305e-23 -5.747505864045342805e-23
1.758300781250000000e+00 1.628809094689770480e-22 1.924951207017278566e-22
1.758789062500000000e+00 -4.255745484500327274e-23 4.507150822543243533e-23
1.759277343750000000e+00 9.049796443849764370e-23 -3.487808539364764858e-22
1.759765625000000000e+00 6.118633410160400580e-23 8.000398497618813725e-23
1.760253906250000000e+00 2.660487862963463688e-22 1.269093409949057028e-22
1.760742187500000000e+00 1.330172191728123066e-22 -1.113502803410384537e-22
1.761230468750000000e+00 1.043957927784364648e-23 -4.465257711199577190e-23
1.761718750000000000e+00 8.212098909629539394e-23 6.817929619522983957e-23
1.762207031250000000e+00 1.774851693324761674e-23 1.825567629370364706e-22
1.762695312500000000e+00 2.717595494276515584e-22 -3.866588101051766801e-24
1.763183593750000000e+00 -1.811588929926795661e-22 -4.345939809185257251e-23
1.763671875000000000e+00 2.012816933728951285e-22 -3.115945489492305777e-23
1.764160156250000000e+00 -2.434334792725827751e-22 8.429436220924070920e-23
1.764648437500000000e+00 -1.367229962392398962e-23 -1.022233589434796186e-22
1.765136718750000000e+00 -1.520173039402286561e-22 6.730773904546513652e-23
1.765625000000000000e+00 2.090520930737142771e-23 4.164659209205396048e-23
1.766113281250000000e+00 2.101336931061473093e-22 -3.764143243877784442e-23
1.766601562500000000e+00 2.013025628701887628e-22 -1.943111589265854930e-22
1.767089843750000000e+00 -1.509505914131567143e-22 2.884693755675467371e-23
1.767578125000000000e+00 8.683743612993563410e-23 3.875806537887971786e-23
1.768066406250000000e+00 4.748428108828470746e-23 -1.942502126653202465e-22
1.768554687500000000e+00 -1.537332685186238064e-22 -5.535746506247954437e-23
1.769042968750000000e+00 -2.461022473462763641e-22 -1.078096450319475890e-22
1.769531250000000000e+00 4.639789379146362519e-23 5.060733037202411167e-23
1.770019531250000000e+00 -1.766018347081222119e-22 -9.091874213506852517e-23
1.770507812500000000e+00 -1.535673483789866036e-22 3.420198371374172728e-22
1.770996093750000000e+00 -1.327380958001221315e-22 -2.316832939474237206e-22
1.771484375000000000e+00 1.430401060421909272e-22 -1.531767291673842082e-23
1.771972656250000000e+00 -1.947171791585079910e-22 1.434220039440557788e-22
1.772460937500000000e+00 -1.942665761440769983e-22 -1.368843057923097718e-22
1.772949218750000000e+00 5.031350762090556876e-22 4.823070750756454519e-23
1.773437500000000000e+00 -5.337168687523016898e-23 9.351640590784050454e-23
1.773925781250000000e+00 5.122714646531789557e-23 6.828994638086989706e-23
1.774414062500000000e+00 -3.351193794615890663e-23 7.310116534006458952e-23
1.774902343750000000e+00 1.124030773297832620e-22 3.656072302572531753e-23
1.775390625000000000e+00 -1.194948226973045955e-22 1.803226863297791997e-23
1.775878906250000000e+00 3.320245514041613893e-23 3.368170742920846657e-22
1.776367187500000000e+00 9.176155289969207651e-23 -1.743192106772730209e-22
1.776855468750000000e+00 7.280487925227115168e-23 -1.131590028507931139e-22
1.777343750000000000e+00 -1.087609927877495786e-22 -1.337805971351070200e-22
1.777832031250000000e+00 -6.288403658453619654e-23 2.206728968370350213e-22
1.778320312500000000e+00 -2.623055916368017362e-22 -7.435315284008756913e-23
1.778808593750000000e+00 9.387747282348206202e-23 6.847377250578958641e-23
1.779296875000000000e+00 -2.411950186671199122e-23 -7.073613719835381213e-23
1.779785156250000000e+00 -1.988073379530074023e-23 2.799479014073747737e-22
1.780273437500000000e+00 4.036391272578766610e-23 -1.713678344555071592e-22
1.780761718750000000e+00 1.841227490321220537e-22 3.082882135020922429e-22
1.781250000000000000e+00 -6.214053747456031530e-23 -4.632435332973179463e-23
1.781738281250000000e+00 1.098936416021494530e-22 1.254508839852234002e-22
1.782226562500000000e+00 -1.926512784521790108e-22 -9.068113156055405479e-23
1.782714843750000000e+00 -1.516344595729990951e-22 -1.220160587299516965e-22
1.783203125000000000e+00 -9.392279843165198378e-23 -8.784245303378362626e-23
1.783691406250000000e+00 1.140855390477590572e-22 8.316457891568257310e-23
1.784179687500000000e+00 1.359420576323457276e-22 -2.248562645936905740e-22
1.784667968750000000e+00 3.055763584011227253e-23 1.456536236756810361e-22
1.785156250000000000e+00 1.656644368572141175e-22 1.726492561600313879e-22
1.785644531250000000e+00 -1.909260708776388067e-22 -1.704072871619909884e-22
1.786132812500000000e+00 -1.701709077142409011e-22 2.280290495717543514e-23
1.786621093750000000e+00 -1.001162652355816302e-22 -1.519633150114819002e-22
1.787109375000000000e+00 1.250811113859702782e-22 -1.885321354278775906e-22
1.787597656250000000e+00 4.120976880298237388e-22 -7.548696729978057201e-23
1.788085937500000000e+00 4.723766666968234798e-23 -1.373278284559862754e-22
1.788574218750000000e+00 -1.002560751794486117e-22 2.220076141009268314e-22
1.789062500000000000e+00 1.224155128667473932e-22 -1.094778560267750562e-22
1.789550781250000000e+00 -7.760409383680126717e-23 -8.460415265479276011e-23
1.790039062500000000e+00 1.928615338914611735e-22 -4.562421126039893876e-23
1.790527343750000000e+00 -2.241694899411441332e-22 2.485069044391080591e-23
1.791015625000000000e+00 -1.847934712954788156e-22 -2.009025596896408125e-22
1.791503906250000000e+00 -1.096500441934436085e-22 -2.146806847755241011e-23
1.791992187500000000e+00 2.802197676861527574e-22 -8.221021918640450226e-23
1.792480468750000000e+00 -1.252315131925497270e-22 2.272119795797876069e-22
1.792968750000000000e+00 -2.293578137722615911e-22 -9.907905247103765482e-24
1.793457031250000000e+00 -6.535242241597497449e-24 -6.549617113792232416e-23
1.793945312500000000e+00 1.489565957808515460e-22 -2.575678897852235556e-23
1.794433593750000000e+00 9.268523743990396448e-23 -4.270655226406302047e-23
1.794921875000000000e+00 -1.352596994458125880e-22 -7.667447932483717015e-23
1.795410156250000000e+00 1.838981752716459278e-22 -7.007492476571169268e-23
1.795898437500000000e+00 7.398486663726415550e-23 1.746323962715017601e-22
1.796386718750000000e+00 -3.032611833296008991e-23 1.490190808517616239e-22
1.796875000000000000e+00 -3.437625269556680661e-23 -1.520623001979146075e-22
1.797363281250000000e+00 -2.905789618549969685e-23 3.482846794499564002e-24
1.797851562500000000e+00 6.103609111929454502e-23 -2.101236432134260371e-23
1.798339843750000000e+00 8.335961887456031347e-23 2.230932061165792810e-22
1.798828125000000000e+00 1.966236888095538226e-22 1.602534555095429568e-22
1.799316406250000000e+00 1.159127838423171507e-22 1.924359528064881778e-22
1.799804687500000000e+00 -8.730516025619257585e-23 -1.292731241670256626e-22
1.800292968750000000e+00 4.384306418870328365e-23 -5.242628496703448829e-23
1.800781250000000000e+00 -1.151249721644996468e-22 -5.941031161520789152e-23
1.801269531250000000e+00 9.519166881169704454e-23 -9.011325159271556417e-23
1.801757812500000000e+00 -5.921427728882846212e-24 1.075973930629650264e-22
1.802246093750000000e+00 1.264475965176679204e-22 -1.348512303093774162e-22
1.802734375000000000e+00 6.736171729659388690e-23 7.776375354443703468e-23
1.803222656250000000e+00 -2.656208670471043652e-23 1.409904925096925900e-22
1.803710937500000000e+00 -1.666716625226434661e-22 1.640176472232984062e-22
1.804199218750000000e+00 -1.772197587425732302e-22 3.919177705802576751e-22
1.804687500000000000e+00 -8.393130815404527319e-23 -1.120087479316225390e-22
1.805175781250000000e+00 -1.582351005206078815e-22 -1.989078864900581908e-23
1.805664062500000000e+00 -1.013085322685406624e-22 1.152607023713972468e-22
1.806152343750000000e+00 -6.953138654555112536e-23 -3.636556142541727754e-22
1.806640625000000000e+00 -1.597302987920419951e-22 3.158539320163902504e-23
1.807128906250000000e+00 2.753261658049229619e-22 1.221610079989636283e-22
1.807617187500000000e+00 7.256985874129917680e-24 -4.845758866973450733e-23
1.808105468750000000e+00 -1.340041318176310810e-22 -1.863883601434401864e-22
1.808593750000000000e+00 -5.740471040679158262e-23 3.908603954005721825e-22
1.809082031250000000e+00 -2.153137339246862669e-22 -1.118808667955712241e-22
1.809570312500000000e+00 1.427633952934214231e-22 -5.589714627510092015e-24
1.810058593750000000e+00 5.019526742525691015e-23 1.384410587325929199e-22
1.810546875000000000e+00 2.404816402365827789e-23 1.121910809826338820e-22
1.811035156250000000e+00 -3.650232746935193999e-23 3.036591725647669565e-24
1.811523437500000000e+00 1.210599410921028211e-22 -1.593367634243481366e-22
1.812011718750000000e+00 1.762227905963643088e-22 4.817687349169889148e-23
1.812500000000000000e+00 -1.326913674516069162e-22 2.561614391634884272e-24
1.812988281250000000e+00 5.045303047114642914e-23 -2.645663591234714988e-22
1.813476562500000000e+00 1.775314852574372271e-22 -1.161973198447345779e-22
1.813964843750000000e+00 -1.236047855963988409e-22 -9.956103819419383743e-23
1.814453125000000000e+00 2.912627040605933863e-22 -4.642553192244909913e-23
1.814941406250000000e+00 1.196626658233892978e-22 1.296514484161438395e-22
1.815429687500000000e+00 -9.531158117200213333e-23 -2.312339565708703087e-23
1.815917968750000000e+00 -7.809637535062829580e-23 -6.248885715736649106e-23
1.816406250000000000e+00 -6.967422722210190651e-23 2.369855660756420652e-23
1.816894531250000000e+00 -2.581441285471633370e-23 -9.939014938108690753e-24
1.817382812500000000e+00 9.952276975163647870e-23 -1.215439529863424386e-22
1.817871093750000000e+00 3.283053340158822398e-23 1.346874528616511151e-22
1.818359375000000000e+00 -1.159438412062121404e-22 -2.836445082452872754e-22
1.818847656250000000e+00 -2.783945028844659270e-22 -3.950269660000623509e-23
1.819335937500000000e+00 5.407533372534611226e-23 -1.108573244761743132e-23
1.819824218750000000e+00 1.122530685158329702e-22 -7.920510700989853365e-23
1.820312500000000000e+00 -3.017643123212975129e-22 -2.824462312896930479e-23
1.820800781250000000e+00 -1.566889002352635017e-22 5.136580802112409106e-23
1.821289062500000000e+00 -1.451290687880662567e-23 -2.131370379441695541e-22
1.821777343750000000e+00 3.139498592881072744e-23 1.032914104266452502e-22
1.822265625000000000e+00 -2.050048907530409933e-24 3.958190748339376758e-23
1.822753906250000000e+00 5.272809929201969066e-24 -1.301246721143160043e-22
1.823242187500000000e+00 -4.717652000409603992e-23 -1.673123434027529347e-22
1.823730468750000000e+00 7.781089914369474586e-23 2.237805285787944705e-22
1.824218750000000000e+00 2.197460133485075983e-22 -1.276760891204761714e-22
1.824707031250000000e+00 1.014841805035784039e-22 2.361287962597576308e-22
1.825195312500000000e+00 -1.501941808611947463e-22 -2.133177701135070295e-24
1.825683593750000000e+00 -9.480252270592466260e-23 1.567304713340805693e-22
1.826171875000000000e+00 1.712459462360193340e-22 -2.380320846244496776e-23
1.826660156250000000e+00 4.405937766575054445e-23 4.152665591418330302e-23
1.827148437500000000e+00 1.380085613967105881e-22 4.223283004990569269e-22
1.827636718750000000e+00 -1.473646227834920682e-22 -6.005947461149490108e-23
1.828125000000000000e+00 1.066784828776280987e-22 -1.730915120900500169e-22
1.828613281250000000e+00 -2.516428677349293500e-22 -3.669885284420491790e-23
1.829101562500000000e+00 3.477523921977423839e-22 2.146517843844042965e-22
1.829589843750000000e+00 8.701839452020506246e-23 -1.667753913620443069e-22
1.830078125000000000e+00 9.548808326129870427e-23 1.127103374396846501e-22
1.830566406250000000e+00 1.531449577350371836e-22 -1.766459924484158522e-22
1.831054687500000000e+00 8.308852008890847426e-23 -1.075706671042253277e-22
1.831542968750000000e+00 -1.123649795547713348e-22 1.072569237009956299e-22
1.832031250000000000e+00 1.676150079136935240e-22 3.984146905377632971e-23
1.832519531250000000e+00 1.233628898794948421e-23 -9.948767698312155155e-23
1.833007812500000000e+00 -3.014055899134751495e-23 7.449042085695127168e-23
1.833496093750000000e+00 -5.593265151655995555e-23 7.758388931398803130e-23
1.833984375000000000e+00 7.526686339787902636e-23 2.273916518277131574e-22
1.834472656250000000e+00 -2.350462316679470383e-23 -1.838816586085208184e-22
1.834960937500000000e+00 2.173889949560192109e-23 1.466672641520774988e-22
1.835449218750000000e+00 -3.266124220455107859e-22 -1.818105800591640760e-22
1.835937500000000000e+00 1.126970157484637669e-22 1.710009066732197570e-22
1.836425781250000000e+00 3.959975112108087919e-23 4.789750988340442197e-23
1.836914062500000000e+00 3.365335873425508484e-23 1.600337662521009367e-23
1.837402343750000000e+00 -2.266885110073158213e-22 -9.689531986531147196e-23
1.837890625000000000e+00 -7.944207817746356739e-23 1.363471385618854305e-22
1.838378906250000000e+00 -1.039072077364297678e-23 -2.261134943497643658e-22
1.838867187500000000e+00 -3.220709047171788969e-23 5.349138981118347361e-23
1.839355468750000000e+00 4.208941399790467469e-23 1.655922305436457017e-22
1.839843750000000000e+00 -8.939779367209211558e-24 -6.509825851709095565e-23
1.840332031250000000e+00 8.650113785447173897e-23 -2.004243425785917390e-22
1.840820312500000000e+00 6.361766786397845461e-23 1.081629953138045869e-22
1.841308593750000000e+00 -8.425694631080468427e-23 8.872647986393890292e-23
1.841796875000000000e+00 3.646371566853972598e-23 2.447756636055279469e-22
1.842285156250000000e+00 5.521492014307094680e-23 -3.036759878562419963e-22
1.842773437500000000e+00 -1.857505469962190655e-22 -2.619328824497893426e-23
1.843261718750000000e+00 -1.843125267077679860e-22 -2.154433821866335520e-22
1.843750000000000000e+00 8.405841836929102975e-23 1.901829926633812313e-22
1.844238281250000000e+00 -2.056378014842365328e-22 7.682289386405427240e-23
1.844726562500000000e+00 -4.542743633301558325e-23 1.467877754528065190e-22
1.845214843750000000e+00 -1.928345292911004412e-22 -3.011007094440768503e-22
1.845703125000000000e+00 -9.098675684685092366e-23 1.041895846130412001e-23
1.846191406250000000e+00 -9.273763226242247134e-23 -2.614826367751980785e-23
1.846679687500000000e+00 1.971833823813333860e-22 -1.257717903882975253e-23
1.847167968750000000e+00 -2.515264937515005092e-22 6.931112495368881702e-23
1.847656250000000000e+00 6.954230745481134402e-23 3.560019162256611390e-23
1.848144531250000000e+00 2.085635727408353091e-22 3.526823201772113162e-23
1.848632812500000000e+00 -4.243024452894103775e-23 -7.271453837539029206e-23
1.849121093750000000e+00 5.914765486378748646e-23 1.104550307610458830e-22
1.849609375000000000e+00 7.920442933938065584e-23 -2.163015816684780948e-22
1.850097656250000000e+00 -2.009866861320700647e-22 8.912420375151078131e-23
1.850585937500000000e+00 8.519231872933502787e-23 -5.107779892470224667e-23
1.851074218750000000e+00 6.664064486831554154e-23 8.919664711024273548e-23
1.851562500000000000e+00 7.766171057451413334e-24 -3.575312461754551557e-22
1.852050781250000000e+00 -5.475359005720800973e-23 -1.577643765884418396e-23
1.852539062500000000e+00 5.308310403655923720e-23 -1.161645296820512425e-22
1.853027343750000000e+00 1.313147240492015969e-22 9.781866758077125448e-23
1.853515625000000000e+00 -1.716863495763830942e-23 9.002782475771621207e-23
1.854003906250000000e+00 2.274334690805726749e-22 -1.453705910438374207e-22
1.854492187500000000e+00 1.928005971644428330e-22 1.524404430011333254e-22
1.854980468750000000e+00 -2.173326950677443736e-22 -5.450915797871459436e-23
1.855468750000000000e+00 -1.635496755805186598e-24 1.064713640168543368e-22
1.855957031250000000e+00 -5.537460421126617264e-23 -9.134383260992355728e-23
1.856445312500000000e+00 7.437042610997678925e-23 1.198510504491016668e-22
1.856933593750000000e+00 -2.511785890572119042e-24 3.633174014019463783e-23
1.857421875000000000e+00 3.242058967150622893e-22 1.294513587662411650e-22
1.857910156250000000e+00 8.824909811433819401e-23 9.547459982346155645e-23
1.858398437500000000e+00 4.018418847617177791e-23 -2.768044679571308453e-22
1.858886718750000000e+00 1.786011508536136444e-22 -7.671657110513559461e-23
1.859375000000000000e+00 5.357260178615895255e-23 3.453156124059385272e-22
1.859863281250000000e+00 -1.620597922968521028e-22 -3.965727161630474502e-22
1.860351562500000000e+00 9.809740322187423667e-24 3.170123153052159436e-22
1.860839843750000000e+00 -1.048105262323438030e-22 -2.742331557741450842e-22
1.861328125000000000e+00 -2.419861134348007340e-23 1.369335234684255701e-22
1.861816406250000000e+00 -3.186665484703175436e-22 -4.107210953408619756e-22
1.862304687500000000e+00 1.619106501167863123e-22 -2.259808354132944011e-23
1.862792968750000000e+00 -1.888747169583324467e-23 -8.491546236040478386e-25
1.863281250000000000e+00 5.614943847799715370e-23 9.563725667616375921e-23
1.863769531250000000e+00 4.101974513709807384e-23 -3.710165689370770717e-23
1.864257812500000000e+00 1.749710395160509955e-22 1.624475592674363924e-22
1.864746093750000000e+00 -2.513978215709012570e-23 -1.104706159053224895e-22
1.865234375000000000e+00 -2.261214933956172719e-24 1.108483730931546115e-22
1.865722656250000000e+00 4.736403227944728376e-23 9.506238144447976625e-23
1.866210937500000000e+00 -1.581483670300978390e-22 -1.016029063835418951e-22
1.866699218750000000e+00 -1.292968693514851011e-22 2.234929138516245339e-23
1.867187500000000000e+00 3.195713930620622648e-23 9.236615900887497487e-23
1.867675781250000000e+00 8.062848108083517476e-24 1.182870062530299270e-22
1.868164062500000000e+00 8.184568949436124608e-23 6.095235576142158110e-23
1.868652343750000000e+00 -1.811098047203230940e-22 1.009166879260774050e-22
1.869140625000000000e+00 2.347282142236106559e-22 2.093276299832496348e-22
1.869628906250000000e+00 5.627500833380904697e-24 -8.860227916395555204e-23
1.870117187500000000e+00 -1.779344999949373662e-22 -2.476722172603151548e-23
1.870605468750000000e+00 -1.068890852448964636e-22 1.010603985327597606e-22
1.871093750000000000e+00 -1.083719454271437007e-22 8.043793550957226878e-23
1.871582031250000000e+00 -1.090624391005601210e-23 2.180992997211947681e-23
1.872070312500000000e+00 -8.394605302237425643e-23 9.222039323366293026e-23
1.872558593750000000e+00 -3.129312479478735532e-23 1.087993760544402403e-22
1.873046875000000000e+00 1.038072446509559993e-22 -4.866118351071989557e-23
1.873535156250000000e+00 1.604503663127043915e-23 2.781743169075136265e-22
1.874023437500000000e+00 -2.078158718468242351e-23 -3.033483464004097584e-22
1.874511718750000000e+00 -1.396683165022421503e-22 1.787614322116932068e-22
1.875000000000000000e+00 -1.039085782515211194e-22 -1.580517177832444420e-22
1.875488281250000000e+00 -1.999019923776241708e-22 -7.433627858791008235e-24
1.875976562500000000e+00 2.731130453905908002e-23 -8.389163102252523491e-23
1.876464843750000000e+00 -1.201747069557189867e-22 -8.833156884902528481e-23
1.876953125000000000e+00 -1.606314986437404354e-22 -2.492065444477125443e-22
1.877441406250000000e+00 2.235303766008237360e-23 3.603771035281379347e-23
1.877929687500000000e+00 3.042922208143644144e-23 -1.188902404696708986e-22
1.878417968750000000e+00 2.767562522305421913e-22 1.152782602244442375e-22
1.878906250000000000e+00 1.086109617963953728e-22 -1.532811659190447223e-22
1.879394531250000000e+00 2.514890077242850358e-22 8.919899921199764646e-23
1.879882812500000000e+00 -1.527243454578787429e-22 2.476331426795766845e-23
1.880371093750000000e+00 8.004709983463635278e-23 -1.794039240286257145e-22
1.880859375000000000e+00 -3.583974731049006571e-23 3.735634285266844833e-23
1.881347656250000000e+00 1.211797547311535000e-22 3.164924074106496268e-23
1.881835937500000000e+00 2.199282427637825641e-22 5.907820010019509849e-23
1.882324218750000000e+00 -1.240769052296966736e-22 -7.986489591787125833e-23
1.882812500000000000e+00 -2.149678363894228391e-23 5.311340465943260405e-23
1.883300781250000000e+00 2.078696478003193323e-22 -1.551690797897414469e-22
1.883789062500000000e+00 -8.174354527962196846e-24 -2.172454567926323600e-22
1.884277343750000000e+00 -1.301730293950721688e-22 8.624978850126780976e-23
1.884765625000000000e+00 -6.759124371006398808e-23 -1.626188955256304178e-22
1.885253906250000000e+00 -1.013986488089765080e-22 1.199795308722768525e-22
1.885742187500000000e+00 2.494356913253663862e-22 -1.019061184046576892e-22
1.886230468750000000e+00 -3.123739738878437576e-23 8.454662593012327951e-23
1.886718750000000000e+00 -1.115694070403106393e-22 -3.140259687001794471e-22
1.887207031250000000e+00 5.198858429417351901e-23 8.513519776999406951e-23
1.887695312500000000e+00 6.033176064170342890e-23 1.232710013515450443e-22
1.888183593750000000e+00 -1.751876985655726811e-22 1.656455960628620270e-22
1.888671875000000000e+00 1.669499597178166106e-22 4.016226091901042307e-23
1.889160156250000000e+00 -2.592225858211592725e-23 -8.838435314129201048e-23
1.889648437500000000e+00 -3.404856100118134758e-22 1.237423169556552359e-23
1.890136718750000000e+00 1.425469768986098037e-22 9.442304295054470119e-23
1.890625000000000000e+00 -5.589529692451367032e-23 -1.172476703848331376e-22
1.891113281250000000e+00 -5.740962387922648098e-23 1.136496310162149144e-22
1.891601562500000000e+00 -1.624642493049066018e-24 -7.986230716007906374e-24
1.892089843750000000e+00 1.188004273349768498e-22 4.485825858573198079e-23
1.892578125000000000e+00 -1.240945547529031799e-22 -1.090497856174688112e-22
1.893066406250000000e+00 3.864276364886216473e-23 -6.765768726825059588e-23
1.893554687500000000e+00 -7.300545059582679787e-23 -8.013199700808416796e-23
1.894042968750000000e+00 1.049973374623843228e-23 8.442179367337731233e-23
1.894531250000000000e+00 -9.727141916768899124e-23 -1.752415886349391629e-22
1.895019531250000000e+00 1.905067700166489966e-22 1.868928130619929330e-22
1.895507812500000000e+00 -1.959795934723266098e-23 1.558267020192774740e-23
1.895996093750000000e+00 2.480231575253114774e-22 3.713286082603346013e-24
1.896484375000000000e+00 8.233405263666720853e-23 1.106674710347535237e-22
1.896972656250000000e+00 -1.525737912212568110e-23 1.301727459528978806e-22
1.897460937500000000e+00 2.157541618426957737e-22 1.488958697995693919e-22
1.897949218750000000e+00 -7.796716326372066680e-24 -1.698098760073794294e-22
1.898437500000000000e+00 2.315720745752238053e-22 3.028161013850411422e-22
1.898925781250000000e+00 -2.294458060275602643e-22 4.021619463391599760e-23
1.899414062500000000e+00 1.169837714432362483e-22 8.858067856547205855e-23
1.899902343750000000e+00 -1.450137696328672577e-23 9.419636262452363030e-23
1.900390625000000000e+00 1.603643352538860727e-22 4.403363570178281644e-23
1.900878906250000000e+00 -1.055279013396321356e-22 2.232151497739731331e-22
1.901367187500000000e+00 3.997128079258158233e-23 -2.130167385620295002e-22
1.901855468750000000e+00 1.588308700467124840e-22 7.347799558965842986e-23
1.902343750000000000e+00 -1.381545520404824713e-22 -6.135021837931990914e-23
1.902832031250000000e+00 -2.283867532972308484e-22 -1.002687420927962830e-22
1.903320312500000000e+00 1.091639978896816402e-22 -2.140709179906064768e-22
1.903808593750000000e+00 -2.906953126522771663e-22 4.202506256908862404e-23
1.904296875000000000e+00 3.348423653428879901e-23 -1.695236214724759511e-22
1.904785156250000000e+00 1.389679514407276348e-22 -9.002311073360007649e-24
1.905273437500000000e+00 -1.076958836992868162e-22 5.766854961345087899e-23
1.905761718750000000e+00 3.149111949239119491e-23 -1.524456343484104955e-23
1.906250000000000000e+00 -4.140183776084839244e-23 8.519762436310927357e-23
1.906738281250000000e+00 -2.874795084399104690e-23 2.507973090971302096e-22
1.907226562500000000e+00 -8.616091574460532182e-23 1.300971256419605623e-22
1.907714843750000000e+00 -1.880712910411103060e-22 -2.161232907250741542e-23
1.908203125000000000e+00 -3.082606131093199952e-23 4.866847219481071787e-23
1.908691406250000000e+00 -1.726276402031526438e-22 8.394837981670752836e-23
1.909179687500000000e+00 -8.240511265908238738e-23 -1.029652957595994108e-22
1.909667968750000000e+00 9.464338760746894548e-23 -8.230493001723002071e-23
1.910156250000000000e+00 -7.706379010800019990e-23 -3.382578866662171192e-22
1.910644531250000000e+00 1.002664957996883783e-22 -1.216693295620638613e-22
1.911132812500000000e+00 -2.602795073680860395e-22 4.624665024112354087e-23
1.911621093750000000e+00 -1.004898731694625240e-22 7.063727965121106574e-23
1.912109375000000000e+00 -1.640059475238661491e-24 -3.436025353452314748e-22
1.912597656250000000e+00 7.604815603280742451e-23 -6.583694462941827956e-23
1.913085937500000000e+00 1.664565507095776334e-22 -9.052384757526783773e-23
1.913574218750000000e+00 3.205298302133501554e-24 -1.207423203834174851e-22
1.914062500000000000e+00 -1.883204057449415727e-22 -9.912544321043664849e-23
1.914550781250000000e+00 5.508272230129611348e-23 -8.841602044334173340e-23
1.915039062500000000e+00 -6.696875301550967674e-23 2.239518361072271496e-22
1.915527343750000000e+00 2.308944016054414308e-22 -1.554001160887268307e-22
1.916015625000000000e+00 8.917181147883718709e-23 1.057338535722565399e-22
1.916503906250000000e+00 -1.726757143790583286e-22 -1.382475389470478876e-23
1.916992187500000000e+00 -1.070182236666854095e-23 -5.900399341969251784e-23
1.917480468750000000e+00 2.265682262094432948e-23 -1.955317305886622361e-23
1.917968750000000000e+00 3.386328363536397299e-22 9.390351182818945753e-24
1.918457031250000000e+00 -2.807084612655321698e-23 -8.824140623412766246e-23
1.918945312500000000e+00 -2.569902598945470625e-22 2.568585539162071244e-22
1.919433593750000000e+00 3.338660268642097493e-23 5.263564084487495834e-23
1.919921875000000000e+00 -1.578201839912986683e-22 4.112688978235053566e-25
1.920410156250000000e+00 1.848643008667286709e-22 -9.520447715668605376e-23
1.920898437500000000e+00 1.949712045178349280e-23 -4.672532975813198210e-23
1.921386718750000000e+00 1.040777334783782950e-22 1.513734530628570883e-22
1.921875000000000000e+00 1.110318730598010637e-22 2.723972754063002129e-22
1.922363281250000000e+00 -4.859618507784257614e-23 -5.194736761265703404e-23
1.922851562500000000e+00 3.995367016964575938e-23 2.932564672447800003e-23
1.923339843750000000e+00 3.661831154039378119e-23 2.161447579428690664e-22
1.923828125000000000e+00 1.616485516366621691e-22 2.480642766989613155e-23
1.924316406250000000e+00 -6.010313682232832931e-23 -6.956870225985304873e-23
1.924804687500000000e+00 1.384311256206576978e-22 3.691865981898816982e-23
1.925292968750000000e+00 -1.752385458371424949e-22 8.427735172091938846e-23
1.925781250000000000e+00 -2.027582067716015252e-23 1.020242507363025661e-22
1.926269531250000000e+00 9.954492027716277862e-23 3.898066818155856874e-23
1.926757812500000000e+00 1.465085100313927107e-22 1.239084027506038131e-24
1.927246093750000000e+00 9.324551296091733584e-23 6.123147040710589078e-23
1.927734375000000000e+00 1.689758561814072336e-22 -9.038508154291451554e-23
1.928222656250000000e+00 1.321980645866315316e-22 9.269582738286903518e-23
1.928710937500000000e+00 9.854906894527270293e-23 8.731426887996162393e-23
1.929199218750000000e+00 -1.376864073240231191e-22 1.127603967907514709e-22
1.929687500000000000e+00 2.443022983350902196e-22 -5.457824303147745459e-23
1.930175781250000000e+00 -7.664011641758562636e-23 1.631137143948586583e-22
1.930664062500000000e+00 -1.540161063773211558e-22 -1.937592664747065702e-22
1.931152343750000000e+00 4.852654912976489768e-23 -8.791443646313363757e-23
1.931640625000000000e+00 -1.545347601892889254e-22 -8.600985928420866907e-24
1.932128906250000000e+00 -2.126876251698321660e-22 -1.307305803443913171e-22
1.932617187500000000e+00 3.246820936873154677e-23 -1.637072818693163118e-23
1.933105468750000000e+00 1.358666687436898063e-22 -2.307300791062555721e-22
1.933593750000000000e+00 1.155721577498966215e-22 -1.669377656732909121e-22
1.934082031250000000e+00 -1.845597492638901779e-22 -2.016659451431177904e-22
1.934570312500000000e+00 -4.713246381356961411e-23 1.283325584171581810e-23
1.935058593750000000e+00 -2.418239434351810905e-22 -1.616651050205428353e-22
1.935546875000000000e+00 1.471815950215620401e-22 5.680330065909572161e-23
1.936035156250000000e+00 -6.846662270663872628e-23 2.723491476553809857e-23
1.936523437500000000e+00 6.043286701006155668e-23 5.147402280688179571e-23
1.937011718750000000e+00 -1.426699488614734638e-22 -1.081622902994767427e-22
1.937500000000000000e+00 -1.448223615419988848e-22 2.125783950594994379e-23
1.937988281250000000e+00 1.451855999991551153e-22 2.049284176293654839e-23
1.938476562500000000e+00 -4.284868005076357801e-23 -1.469431175171541364e-22
1.938964843750000000e+00 3.481259708742332046e-23 -2.293421984677335532e-23
1.939453125000000000e+00 -3.166004493594441877e-22 2.594247973287140415e-22
1.939941406250000000e+00 -4.966332833120650371e-25 1.956814851788683099e-22
1.940429687500000000e+00 1.005727303208532653e-22 8.598617419686521416e-23
1.940917968750000000e+00 -3.295692210391883427e-23 -1.750374825927941553e-23
1.941406250000000000e+00 -3.549896131759801244e-22 -2.045598906805831031e-22
1.941894531250000000e+00 1.150745593767070143e-22 -3.497495057013802697e-23
1.942382812500000000e+00 1.278078160115760401e-22 5.288926370681694610e-23
1.942871093750000000e+00 5.158194546189029497e-23 -1.102051716082400655e-22
1.943359375000000000e+00 -1.967846374343242058e-22 6.238055902454272879e-23
1.943847656250000000e+00 -5.620832984217667947e-23 7.843002638729172351e-23
1.944335937500000000e+00 -9.473666434348203017e-23 1.104901538695680030e-22
1.944824218750000000e+00 1.960856214918501214e-23 4.063862579256391325e-22
1.945312500000000000e+00 2.065602939517624909e-23 1.350279591245974550e-22
1.945800781250000000e+00 2.860002510114614881e-23 1.439389150851106422e-22
1.946289062500000000e+00 -2.456703437676307361e-23 -1.321380957080207917e-23
1.946777343750000000e+00 3.348606551645910877e-22 -1.800572829930887058e-22
1.947265625000000000e+00 -3.320595153064548405e-22 1.619150244767636127e-22
1.947753906250000000e+00 5.589590893030808278e-23 -2.367705615631014945e-22
1.948242187500000000e+00 -1.504341327799448911e-22 -1.163846041231671156e-22
1.948730468750000000e+00 -2.341591787966375421e-24 9.610988069710819557e-23
1.949218750000000000e+00 -2.164871260287561266e-22 2.227194028191493631e-22
1.949707031250000000e+00 -6.486261218292434701e-23 -1.083295079246991642e-22
1.950195312500000000e+00 2.064432353070795214e-22 -1.583642942342083227e-22
1.950683593750000000e+00 -1.601183405978528004e-22 7.283678923795608978e-23
1.951171875000000000e+00 9.795186378919530925e-23 2.436346780948711986e-23
1.951660156250000000e+00 7.266929221095999341e-23 -3.373854148190624562e-23
1.952148437500000000e+00 2.406980511271248497e-22 -3.106324676034589832e-23
1.952636718750000000e+00 -4.664616809739427880e-23 9.746678328897908674e-24
1.953125000000000000e+00 1.765558176233838359e-22 -3.074399463862168402e-22
1.953613281250000000e+00 -1.223763177886954681e-22 5.124073998430542725e-23
1.954101562500000000e+00 1.964344014167000948e-22 9.110481513647389984e-23
1.954589843750000000e+00 1.768061212631757778e-22 6.038721837019602685e-23
1.955078125000000000e+00 3.316325748670781652e-25 -1.717414670806910200e-22
1.955566406250000000e+00 -1.461445326505706401e-23 -5.410504509450052109e-23
1.956054687500000000e+00 2.937871397618889100e-22 -2.929577011186576764e-22
1.956542968750000000e+00 6.326687891810465941e-23 -9.637790286360884838e-23
1.957031250000000000e+00 1.511344690762409424e-22 2.303534716137378327e-23
1.957519531250000000e+00 1.256205571508152794e-23 6.270269978696047977e-23
1.958007812500000000e+00 3.156877326474216903e-22 -2.458909638214922768e-22
1.958496093750000000e+00 1.040274054239206421e-22 4.565798484114112336e-23
1.958984375000000000e+00 1.627655767034813961e-23 -1.128023658974460418e-23
1.959472656250000000e+00 2.756163316471744499e-23 -1.899392335002315523e-22
1.959960937500000000e+00 -3.901348884639732853e-23 7.197802695950064732e-23
1.960449218750000000e+00 -3.625766988258964677e-23 -3.297558272636472003e-23
1.960937500000000000e+00 9.947647225635792861e-23 1.635051468397328274e-22
1.961425781250000000e+00 8.849421874912884013e-23 -2.277887017219440841e-22
1.961914062500000000e+00 -4.784526550937620640e-23 2.237708229651578540e-22
1.962402343750000000e+00 -1.123501621979365638e-22 1.275146130112652156e-22
1.962890625000000000e+00 1.721968310918847466e-23 -1.810939648276346541e-24
1.963378906250000000e+00 -9.188359605716166388e-23 -1.715093854694982169e-22
1.963867187500000000e+00 -1.650921381707532854e-23 8.114054493467959260e-23
1.964355468750000000e+00 -8.801694359920660480e-23 2.893120505245085451e-22
1.964843750000000000e+00 -1.510547397647219840e-23 5.973907458057852004e-23
1.965332031250000000e+00 -6.308239049709810771e-23 4.510587030485189793e-23
1.965820312500000000e+00 -1.251431509822539638e-22 7.855143306442518367e-23
1.966308593750000000e+00 -1.354059795033809812e-23 1.101822143571592094e-22
1.966796875000000000e+00 -2.682159977613093802e-22 1.030921796994132174e-22
1.967285156250000000e+00 -7.127124809851128838e-23 1.615551747226921586e-22
1.967773437500000000e+00 -7.462214050374003978e-23 -4.338756925563721582e-23
1.968261718750000000e+00 -1.211742959479249715e-22 3.063602948165176823e-22
1.968750000000000000e+00 4.426039774672783164e-23 -9.212834162378707166e-23
1.969238281250000000e+00 -1.497573945292405519e-22 1.840765809058392771e-22
1.969726562500000000e+00 1.599994201753714262e-22 -1.238123338378867259e-22
1.970214843750000000e+00 -8.744442694303360937e-23 1.171294505626144370e-22
1.970703125000000000e+00 -9.782971873223654837e-23 -2.949284394472858936e-22
1.971191406250000000e+00 -1.065023112784283541e-22 7.429756669760047774e-23
1.971679687500000000e+00 2.760556680151915873e-23 -3.151111698970980570e-23
1.972167968750000000e+00 -1.168811188153149083e-22 7.936336918501426468e-24
1.972656250000000000e+00 -1.765276970097333988e-22 -1.346681282351419553e-22
1.973144531250000000e+00 7.386090922178345190e-23 -1.502842523535683996e-22
1.973632812500000000e+00 -2.719486790246759757e-22 5.341433845694926552e-23
1.974121093750000000e+00 2.297024560063491892e-23 -4.967210285484511390e-23
1.974609375000000000e+00 -7.969739946715845802e-23 7.152730024931394186e-23
1.975097656250000000e+00 -1.108698946678974060e-22 -9.502978592781326484e-23
1.975585937500000000e+00 -6.908315702021009082e-23 1.775380966523590751e-24
1.976074218750000000e+00 2.003225739849329851e-22 -2.570175483408926748e-23
1.976562500000000000e+00 8.726216919597409871e-23 -1.708830291648191423e-22
1.977050781250000000e+00 -2.735314837400167120e-23 3.848452191284703693e-23
1.977539062500000000e+00 -8.857875159405940128e-23 1.991261872969674986e-23
1.978027343750000000e+00 -1.292003906715946566e-22 -1.641891834602626269e-22
1.978515625000000000e+00 -6.563779984677493827e-23 8.329531103300291571e-23
1.979003906250000000e+00 6.756343285067705202e-23 2.944914904607278394e-22
1.979492187500000000e+00 1.047358176669618225e-22 5.768534378473947760e-23
1.979980468750000000e+00 -1.405640211277702071e-22 1.183659802269888298e-22
1.980468750000000000e+00 1.295984738979375399e-22 -3.150044793959089457e-22
1.980957031250000000e+00 2.682812578074142069e-22 -1.329755984823529076e-23
1.981445312500000000e+00 8.649354261697492065e-23 -1.828647754944633324e-22
1.981933593750000000e+00 1.903308763304607539e-22 -2.369090025240686237e-22
1.982421875000000000e+00 1.851215669120846439e-22 -5.744218082532230381e-23
1.982910156250000000e+00 3.059725782642899101e-23 5.273874233021742794e-23
1.983398437500000000e+00 3.511198923734643535e-23 4.628808407107378282e-23
1.983886718750000000e+00 1.497381247026098834e-22 -1.239400150196412617e-22
1.984375000000000000e+00 1.147389823690710140e-22 -6.129994665102869692e-23
1.984863281250000000e+00 -5.740708201282332126e-23 -2.430329933217733315e-23
1.985351562500000000e+00 -1.612346426727694609e-23 2.445255864359835859e-23
1.985839843750000000e+00 2.855700578242074105e-22 1.471680495353054721e-22
1.986328125000000000e+00 -6.767326812973676230e-23 4.529836054585770525e-23
1.986816406250000000e+00 1.933599731052802527e-22 -2.028674328717291512e-22
1.987304687500000000e+00 1.017995773588869358e-22 6.609204470335588857e-23
1.987792968750000000e+00 3.670077987507272526e-22 1.395243015312087966e-22
1.988281250000000000e+00 -2.124223802249938145e-22 7.476046196954880414e-23
1.988769531250000000e+00 -1.231064672910209845e-22 5.385921753733599865e-23
1.989257812500000000e+00 -1.035105248977370877e-22 3.000141033792945139e-23
1.989746093750000000e+00 -7.366054066701623575e-23 -1.769846340660730287e-24
1.990234375000000000e+00 1.389415381821662816e-22 1.366299402243329200e-22
1.990722656250000000e+00 -8.849401012597472738e-23 -9.664515413181070997e-23
1.991210937500000000e+00 1.136543237841132258e-22 2.890370177035291127e-23
1.991699218750000000e+00 8.374643248204537625e-23 -2.875751187280763530e-23
1.992187500000000000e+00 -6.102701992105585055e-23 1.882756263392561399e-22
1.992675781250000000e+00 1.618236899984186767e-22 1.086098475830768082e-22
1.993164062500000000e+00 -1.186704120135370315e-22 2.945845134419216740e-23
1.993652343750000000e+00 -1.295868697768986221e-22 -1.652233307317471504e-22
1.994140625000000000e+00 -1.812120455023221722e-23 1.871946585549505401e-22
1.994628906250000000e+00 -3.481536209952047272e-24 7.082676119872264956e-23
1.995117187500000000e+00 9.331359847298510321e-23 -2.324273756445459469e-23
1.995605468750000000e+00 -2.156041818323978389e-22 -3.215870623319721744e-22
1.996093750000000000e+00 7.071976259616843765e-23 7.244660256995068956e-23
1.996582031250000000e+00 -9.136279606687024732e-24 -1.169415582456428731e-23
1.997070312500000000e+00 2.896843884604390120e-23 3.695162312440370471e-23
1.997558593750000000e+00 -1.961355197191432007e-22 -9.895265051441254182e-25
1.998046875000000000e+00 2.756763351893605896e-23 6.628492762130363407e-23
1.998535156250000000e+00 -2.175822329777249776e-22 2.402878769163528499e-22
1.999023437500000000e+00 7.759723275966701047e-23 -1.103743990369544173e-22
1.999511718750000000e+00 9.641464041804980631e-23 1.083130342865430930e-23
