# time, h1, l1
0.000000000000000000e+00 -2.003323134564016375e-22 -5.727541709450434874e-23
4.882812500000000000e-04 1.847182786220886695e-22 2.000479249182688574e-22
9.765625000000000000e-04 -1.519637892059252153e-22 -2.248382819665537652e-23
1.464843750000000000e-03 -1.144583372381090908e-22 6.089022647003814589e-23
1.953125000000000000e-03 -7.952407655624773435e-23 1.299274814846936172e-22
2.441406250000000000e-03 -3.065124794399050233e-22 7.949550506406039187e-23
2.929687500000000000e-03 -1.567472562920441626e-22 3.399455460388419045e-23
3.417968750000000000e-03 -3.776613915641451674e-23 2.051580255547257926e-22
3.906250000000000000e-03 9.919433262054283392e-23 2.121637721262789553e-22
4.394531250000000000e-03 1.466664141576821701e-22 -5.348892100687233166e-23
4.882812500000000000e-03 -2.090939147834450034e-22 1.477487280121650778e-22
5.371093750000000000e-03 1.637923523397601588e-23 1.523142045064647004e-22
5.859375000000000000e-03 1.697219946129540461e-23 -5.406420135517126819e-23
6.347656250000000000e-03 3.531981409232298767e-23 6.367552014493392913e-23
6.835937500000000000e-03 -1.854219395115446092e-23 -2.383160788582359525e-22
7.324218750000000000e-03 -3.649682960688336174e-22 -8.756376581702328957e-23
7.812500000000000000e-03 2.511202289812473038e-22 -8.501801947566947321e-23
8.300781250000000000e-03 1.316405446566679129e-22 1.199477657136366595e-22
8.789062500000000000e-03 6.043563422423133110e-23 -2.532195936012785821e-22
9.277343750000000000e-03 1.648798195664527862e-22 1.035153381526773666e-22
9.765625000000000000e-03 -9.843761697822708883e-23 -1.397247806614832201e-22
1.025390625000000000e-02 2.075967046795108089e-22 -1.355371341191830668e-23
1.074218750000000000e-02 -1.816028668517107667e-22 2.020078511453914834e-22
1.123046875000000000e-02 2.474818816646135468e-24 -5.706786217535435467e-23
1.171875000000000000e-02 -6.400091893680265540e-23 -1.258940350467406025e-22
1.220703125000000000e-02 5.563531068809702134e-23 -1.878415607372802671e-22
1.269531250000000000e-02 1.909488040724997832e-22 -4.897007573166667032e-23
1.318359375000000000e-02 -1.588127819438048947e-22 1.326195917503775113e-22
1.367187500000000000e-02 1.793726469505541469e-23 -1.247967505628080425e-22
1.416015625000000000e-02 1.096339662513033296e-22 1.716756432431485589e-22
1.464843750000000000e-02 1.492420114909987997e-22 -1.194284115348108464e-22
1.513671875000000000e-02 1.322275965925583354e-22 7.433839351414790651e-24
1.562500000000000000e-02 1.461615301958272647e-22 -1.858485935501041209e-22
1.611328125000000000e-02 2.695469596467424972e-22 1.109379804128877921e-22
1.660156250000000000e-02 2.395987088141016783e-23 7.664637746140525810e-23
1.708984375000000000e-02 8.048138037992587960e-23 -2.794060269306366903e-22
1.757812500000000000e-02 -2.410099881941955576e-23 2.988906061146217153e-23
1.806640625000000000e-02 2.972893382149470939e-23 -8.422213630014223895e-23
1.855468750000000000e-02 -1.768796190208754439e-22 -4.217797325429113808e-23
1.904296875000000000e-02 1.681442965525129853e-22 -1.562471414991020416e-22
1.953125000000000000e-02 -4.087244496536441543e-23 9.591097890698799965e-23
2.001953125000000000e-02 6.547022820747442620e-23 2.151372419416531240e-22
2.050781250000000000e-02 -2.231194491715697936e-22 6.520494511290200250e-24
2.099609375000000000e-02 9.618703715295526598e-23 -5.624657369080327498e-23
2.148437500000000000e-02 -3.242014521363330147e-23 1.069308778311820768e-22
2.197265625000000000e-02 -1.326058184745324631e-22 7.471087992434055498e-23
2.246093750000000000e-02 -1.713763167580829568e-22 6.499345894249522112e-23
2.294921875000000000e-02 -2.100382708990237993e-22 -1.158793497228283047e-23
2.343750000000000000e-02 -2.112864060285383988e-22 1.573016445721965185e-22
2.392578125000000000e-02 -1.246566258185696833e-23 -3.552866833061306144e-23
2.441406250000000000e-02 -1.329416659099716806e-22 -1.003322456597864605e-22
2.490234375000000000e-02 1.217292138506271607e-22 1.615379862788740076e-22
2.539062500000000000e-02 -1.065965838747435588e-22 1.472717777876387143e-22
2.587890625000000000e-02 -8.845975037642664507e-23 -6.844895977215743281e-23
2.636718750000000000e-02 -3.204447797600958755e-23 -2.804822536632483162e-23
2.685546875000000000e-02 1.027012348640858415e-22 9.323600600391338495e-23
2.734375000000000000e-02 -1.605248439092110254e-22 7.191017357761558305e-23
2.783203125000000000e-02 2.125718952747399652e-23 3.794466228673364819e-22
2.832031250000000000e-02 -1.748921125221376374e-22 -1.914472243061048406e-22
2.880859375000000000e-02 -4.750104207305517060e-24 -5.294679091046200065e-23
2.929687500000000000e-02 1.474913249930131195e-22 1.301839287821950570e-23
2.978515625000000000e-02 9.382226420964280047e-23 -1.404345588558521224e-22
3.027343750000000000e-02 2.017263509201807899e-22 -1.958175912450620741e-22
3.076171875000000000e-02 -2.111921353273003850e-23 1.314112693826586697e-22
3.125000000000000000e-02 1.102626490042769405e-22 -1.166344033411227774e-22
3.173828125000000000e-02 -7.817379988605389223e-23 -2.334120563512133199e-22
3.222656250000000000e-02 1.092601491552183639e-22 3.700829269205951681e-23
3.271484375000000000e-02 2.735818193150096872e-22 -1.586368428747825671e-22
3.320312500000000000e-02 3.145723619161862839e-24 -1.364256245296893315e-22
3.369140625000000000e-02 1.582541989973268645e-22 -1.322648426719031659e-22
3.417968750000000000e-02 2.018767143971465651e-22 2.305506247689242583e-22
3.466796875000000000e-02 -4.268127673869462452e-25 -7.085564279277565679e-24
3.515625000000000000e-02 -3.373699079764270692e-23 -9.712444006116875126e-23
3.564453125000000000e-02 1.195257944461430320e-22 -3.835115354364259235e-23
3.613281250000000000e-02 3.986223619505216867e-23 -1.362673712939602414e-22
3.662109375000000000e-02 -2.043225593579119764e-22 1.425862782454102838e-22
3.710937500000000000e-02 -1.215263082972517135e-22 -7.829914432156543292e-23
3.759765625000000000e-02 1.583270961216628880e-22 1.987001412287012876e-22
3.808593750000000000e-02 1.170732925435716462e-22 -4.030041063246996395e-23
3.857421875000000000e-02 -1.370271848607291831e-22 8.476861558650479529e-23
3.906250000000000000e-02 -2.280101208944217274e-22 7.900149421677275309e-23
3.955078125000000000e-02 -6.449215652550999503e-23 1.092174721990850944e-23
4.003906250000000000e-02 6.674018933818449052e-23 2.573368154998296578e-22
4.052734375000000000e-02 6.647284497762159172e-23 1.472437747463927071e-22
4.101562500000000000e-02 -3.481936869672382639e-22 -4.488156600351761856e-23
4.150390625000000000e-02 -7.713771564841928563e-23 -2.693423690078183027e-22
4.199218750000000000e-02 -2.880483188203336045e-22 1.403473123014806881e-22
4.248046875000000000e-02 1.999060587374761742e-22 -1.391692068548893670e-22
4.296875000000000000e-02 3.936480565918399769e-23 -3.698889416208289984e-23
4.345703125000000000e-02 -5.189305110909845163e-23 1.644874881317478832e-22
4.394531250000000000e-02 8.921236033299319999e-23 1.364045553322939996e-22
4.443359375000000000e-02 -2.906984082457493980e-23 -1.377698768181424874e-22
4.492187500000000000e-02 1.237382138978819943e-22 -6.132429784946465714e-25
4.541015625000000000e-02 -7.427082327087128028e-23 8.699330028841834167e-23
4.589843750000000000e-02 -9.954144467197581109e-23 2.510241016643229450e-23
4.638671875000000000e-02 -7.730060963234375577e-23 4.028322085696651257e-23
4.687500000000000000e-02 -1.849814169935070278e-22 5.089921359707412649e-23
4.736328125000000000e-02 1.821446101164441728e-22 -2.892155134237726249e-23
4.785156250000000000e-02 -1.866058285627387549e-22 -1.393328535104756148e-22
4.833984375000000000e-02 -2.310198539668658665e-22 -4.147740357394631988e-23
4.882812500000000000e-02 8.209963497769717609e-23 -7.753414158674504097e-24
4.931640625000000000e-02 3.581926714180974384e-23 -1.803630486919561476e-22
4.980468750000000000e-02 6.125109599389422892e-23 4.913173736082541899e-23
5.029296875000000000e-02 1.322315705574640697e-22 -1.090900317933919671e-22
5.078125000000000000e-02 4.446040071150291368e-23 1.364835288950874069e-22
5.126953125000000000e-02 6.758840629697414575e-23 1.075879166381102845e-22
5.175781250000000000e-02 -3.043889866325216933e-23 4.625185400599463517e-23
5.224609375000000000e-02 -6.677717661991561905e-23 1.106186569069582409e-22
5.273437500000000000e-02 1.491988474557888864e-22 1.891963455121900977e-22
5.322265625000000000e-02 5.672747490757959060e-23 -1.398155594341857654e-22
5.371093750000000000e-02 -7.184311610899220984e-23 8.784214905800307683e-23
5.419921875000000000e-02 2.101059615199608981e-22 -7.035405060069380363e-23
5.468750000000000000e-02 6.259372810410889237e-23 -9.717904923944501935e-23
5.517578125000000000e-02 2.346800677741996980e-22 -1.348477226114413979e-22
5.566406250000000000e-02 -6.770673913835771229e-23 -4.986317057298972204e-24
5.615234375000000000e-02 7.702456048993631252e-23 -1.009058043943162296e-22
5.664062500000000000e-02 5.296148677510350256e-23 3.910719436270309850e-23
5.712890625000000000e-02 3.030552709620712829e-22 -1.853821853091444389e-22
5.761718750000000000e-02 3.499822405400628758e-23 6.336033914831766105e-23
5.810546875000000000e-02 2.856331026038654303e-23 4.012086691090450592e-23
5.859375000000000000e-02 -8.204391184194351667e-23 6.959948783105114127e-23
5.908203125000000000e-02 -1.083004015097150777e-22 -8.278512122567664779e-23
5.957031250000000000e-02 6.613603715282320438e-23 -6.505787361846604133e-23
6.005859375000000000e-02 1.597858692183633375e-22 -8.593651011054163889e-23
6.054687500000000000e-02 1.391497184591869920e-22 2.077018107737275740e-22
6.103515625000000000e-02 -2.157061938327011083e-22 7.310744608716509551e-23
6.152343750000000000e-02 -2.887303013959368082e-23 -2.929729371736460578e-22
6.201171875000000000e-02 -1.467470309769201463e-22 4.217263768630400274e-23
6.250000000000000000e-02 1.123646670254644938e-22 1.695534059547756725e-22
6.298828125000000000e-02 -1.137190006788039738e-22 4.820277612952201413e-23
6.347656250000000000e-02 -2.867580174492078147e-22 -8.910066263660360425e-23
6.396484375000000000e-02 -1.756771234008255953e-22 2.671322122676235033e-23
6.445312500000000000e-02 1.442322451949695734e-23 -1.380036125253685027e-22
6.494140625000000000e-02 -1.547260912293603110e-22 9.530280022179896798e-23
6.542968750000000000e-02 -1.888929153418004646e-22 -3.165672780668059577e-23
6.591796875000000000e-02 -8.896761470668286588e-23 -3.241055126826701774e-22
6.640625000000000000e-02 9.244423391981443216e-23 1.512375901516142335e-22
6.689453125000000000e-02 9.785211900117783911e-23 -2.479601070064796130e-23
6.738281250000000000e-02 -2.075368104603755361e-22 3.821355023986835027e-23
6.787109375000000000e-02 -6.773170301954323867e-23 2.196787073341135662e-22
6.835937500000000000e-02 -4.730308766180759755e-23 -2.443322163108051039e-22
6.884765625000000000e-02 5.103400712877554722e-23 -1.188590145303519660e-22
6.933593750000000000e-02 -1.362559137611299498e-23 4.297127302834658745e-23
6.982421875000000000e-02 2.220940166717516874e-22 -2.832254118765576714e-23
7.031250000000000000e-02 -4.807856967898727939e-23 5.437581834631729757e-23
7.080078125000000000e-02 2.796163331284363405e-22 2.307109261736131520e-22
7.128906250000000000e-02 5.266495431795758083e-23 -1.261056384098694645e-22
7.177734375000000000e-02 1.464073203521166165e-22 8.920118316219780675e-23
7.226562500000000000e-02 -3.732351678720542868e-23 -7.731959499492601679e-23
7.275390625000000000e-02 9.942312897046404213e-23 2.917567284204551194e-22
7.324218750000000000e-02 -1.582813491267319375e-22 1.996056995868658787e-23
7.373046875000000000e-02 -1.435209851575673024e-22 -1.264830366821836767e-23
7.421875000000000000e-02 -2.111776088785287727e-23 1.424800187147036073e-22
7.470703125000000000e-02 -1.720467464090339719e-23 -1.177109203488102639e-22
7.519531250000000000e-02 -8.229590116897657644e-23 9.922578217107378591e-23
7.568359375000000000e-02 1.125012778217204181e-22 -1.517540023221209596e-22
7.617187500000000000e-02 2.563036396236002425e-22 8.932265834038132989e-23
7.666015625000000000e-02 -2.945529050260484560e-22 1.391278526131047331e-22
7.714843750000000000e-02 -1.424469585970942874e-22 2.073386428126664338e-23
7.763671875000000000e-02 8.309559343378970118e-23 1.967352085460729732e-22
7.812500000000000000e-02 6.099158858345150958e-23 -1.674693574143290496e-22
7.861328125000000000e-02 1.389843407501446454e-23 2.314028776696474639e-22
7.910156250000000000e-02 -5.239621934984036834e-23 1.177533552909376383e-22
7.958984375000000000e-02 -1.476159094919231904e-23 -1.593656475265669613e-22
8.007812500000000000e-02 -9.430627182189968943e-24 6.093980698714597450e-23
8.056640625000000000e-02 -4.772718497346766304e-23 -1.676306591736339999e-22
8.105468750000000000e-02 1.262312205844596886e-22 -9.708113646965675367e-23
8.154296875000000000e-02 3.202509035488727763e-23 -1.216520795403646417e-22
8.203125000000000000e-02 -6.037812078846922739e-23 2.383198580319739640e-22
8.251953125000000000e-02 -7.803137253841096095e-25 9.067696125426581356e-23
8.300781250000000000e-02 1.223495994372700579e-22 6.064685734388655445e-23
8.349609375000000000e-02 -5.726682523969259681e-23 -6.549804837659653503e-23
8.398437500000000000e-02 1.543346521053196704e-22 4.492515610384558619e-23
8.447265625000000000e-02 6.308053579448727675e-23 -3.340117065359722819e-23
8.496093750000000000e-02 -2.084517457368000127e-22 6.439571583472788127e-23
8.544921875000000000e-02 1.841417923945195933e-22 8.145217240095972679e-24
8.593750000000000000e-02 5.128270268951637824e-23 -2.249129020073437764e-22
8.642578125000000000e-02 -1.381327226242212465e-22 -3.457647405632000076e-22
8.691406250000000000e-02 1.532641777178127522e-22 -7.307802800454712125e-23
8.740234375000000000e-02 9.581031686296885277e-24 -8.609699829210532374e-23
8.789062500000000000e-02 -1.078048961229714637e-22 1.299170465101124717e-23
8.837890625000000000e-02 1.658880227728726889e-23 -3.178000606309805324e-22
8.886718750000000000e-02 -1.510651845395668874e-23 -5.704232458454779066e-24
8.935546875000000000e-02 1.653215838422961318e-22 -2.082360851252200466e-22
8.984375000000000000e-02 -1.056624584001516609e-22 -3.819490772803766847e-23
9.033203125000000000e-02 1.595223509124460221e-23 -9.020645537527350328e-24
9.082031250000000000e-02 -4.636874105188551223e-23 1.532406445117027907e-22
9.130859375000000000e-02 2.622751273456398949e-22 2.522202644690485583e-23
9.179687500000000000e-02 -2.241318321171992054e-22 1.195577010099607293e-22
9.228515625000000000e-02 1.366427659837763237e-22 -2.350547703850739093e-23
9.277343750000000000e-02 -1.367694265334590699e-22 -1.054411909606442187e-22
9.326171875000000000e-02 1.879063496792358116e-22 -7.128193837897282105e-24
9.375000000000000000e-02 -8.334130806594824196e-23 4.792494655670985124e-23
9.423828125000000000e-02 -1.344069566660862580e-22 -4.180317758013127213e-23
9.472656250000000000e-02 1.830805802063672608e-22 2.003787677042371733e-22
9.521484375000000000e-02 6.703876025181953490e-23 2.468085598924987023e-23
9.570312500000000000e-02 7.191628690456648947e-23 -6.376305484402200920e-23
9.619140625000000000e-02 -5.229651422302237239e-23 -4.855523760606450023e-23
9.667968750000000000e-02 -1.674701565519981466e-22 7.766397490261166894e-24
9.716796875000000000e-02 5.576900503009242095e-23 9.709428434764924305e-23
9.765625000000000000e-02 -2.225655374604795240e-22 2.033894493668572676e-22
9.814453125000000000e-02 6.248825782827726621e-24 5.854181641793538470e-23
9.863281250000000000e-02 2.103643839193956865e-23 3.349209615610245412e-23
9.912109375000000000e-02 -2.554311699858781715e-22 -1.581483444411616988e-22
9.960937500000000000e-02 -9.733258408292744611e-23 1.631250468124978243e-22
1.000976562500000000e-01 3.629030043940301765e-23 -5.338036650575928842e-23
1.005859375000000000e-01 1.527485759625441689e-22 1.398848357304145062e-22
1.010742187500000000e-01 5.351997722219434201e-23 -7.082752987970504314e-23
1.015625000000000000e-01 -1.534806304134931754e-22 4.881621750065934261e-23
1.020507812500000000e-01 1.739080030151617992e-22 4.236707166569236244e-23
1.025390625000000000e-01 -1.201354857489518759e-22 1.220341192998463567e-22
1.030273437500000000e-01 1.755363054553431916e-22 -7.165851036395671932e-23
1.035156250000000000e-01 7.844033991744128722e-23 2.591171905045831635e-22
1.040039062500000000e-01 4.091529911425503401e-23 1.464326654046824928e-23
1.044921875000000000e-01 1.120080376573055622e-22 -8.142955163252782202e-23
1.049804687500000000e-01 -2.734862906573013886e-22 1.407315565960344372e-22
1.054687500000000000e-01 -1.506729859484681138e-22 -2.138587346784477968e-23
1.059570312500000000e-01 1.578402450109183362e-23 -1.379570843032862854e-22
1.064453125000000000e-01 -4.001465137402390827e-23 1.744969734008753937e-22
1.069335937500000000e-01 -8.336500332013946892e-23 -2.252463299592356278e-22
1.074218750000000000e-01 -1.686724418529353136e-22 -9.926019079385283928e-24
1.079101562500000000e-01 -7.984066196542853310e-23 1.787188627085470694e-22
1.083984375000000000e-01 -7.698909499400682183e-23 -5.183301679543109547e-23
1.088867187500000000e-01 9.979161250433277437e-23 2.397499618396716053e-22
1.093750000000000000e-01 -6.010131020097124789e-23 -1.432615480503484511e-22
1.098632812500000000e-01 -8.649822796220790015e-23 -2.808992606613524795e-23
1.103515625000000000e-01 6.476010774533595984e-23 -3.254935224732179732e-22
1.108398437500000000e-01 6.618309283820489298e-23 1.249584771881018014e-22
1.113281250000000000e-01 1.929351621933859605e-22 5.776322148062970611e-23
1.118164062500000000e-01 -2.450091271757225318e-23 -7.651703655819045858e-23
1.123046875000000000e-01 -1.735737523687341036e-23 3.205623990098093323e-23
1.127929687500000000e-01 -3.879731020360029104e-23 6.927813035707994659e-23
1.132812500000000000e-01 1.406470517360083546e-23 -1.939601295596084586e-22
1.137695312500000000e-01 -3.870304843304702438e-24 3.929983722447986121e-23
1.142578125000000000e-01 3.566777677717424963e-23 1.530875310394004619e-22
1.147460937500000000e-01 1.255207919197021298e-22 -2.873609835639073267e-22
1.152343750000000000e-01 1.022664002031077524e-22 2.561029551694902050e-23
1.157226562500000000e-01 1.179651876326417730e-22 8.974090709873198339e-23
1.162109375000000000e-01 2.878924027062238923e-22 -1.076826853469615091e-23
1.166992187500000000e-01 1.411756035083767480e-22 6.340843875304247133e-23
1.171875000000000000e-01 -1.825541174447874022e-22 -6.039249456606917106e-23
1.176757812500000000e-01 2.526246997733449319e-22 1.203180116764707437e-22
1.181640625000000000e-01 1.560176565043600148e-22 -2.544145219494023416e-22
1.186523437500000000e-01 -1.802453692114849426e-22 -5.715795250290421175e-23
1.191406250000000000e-01 3.744871386204172272e-23 -3.361935612411298277e-22
1.196289062500000000e-01 9.984511997190666245e-23 3.707975336487208071e-23
1.201171875000000000e-01 -7.540256188038702106e-23 6.116497128777179516e-23
1.206054687500000000e-01 1.242599738765818843e-23 -9.389431602370906541e-23
1.210937500000000000e-01 1.206529449815970959e-22 -5.115217570857898614e-23
1.215820312500000000e-01 -7.207526140610401042e-23 2.004996647589250946e-22
1.220703125000000000e-01 1.805675445886563130e-22 -1.280035534211471781e-22
1.225585937500000000e-01 -1.406763778218753797e-22 8.078603214230052606e-23
1.230468750000000000e-01 -1.135338095500319281e-22 4.048557882448211626e-23
1.235351562500000000e-01 -1.776651173369845907e-22 -1.531905247669349328e-22
1.240234375000000000e-01 -1.817418239817250944e-22 1.903090685256906285e-22
1.245117187500000000e-01 -2.044688635412948286e-22 -3.011100008451235304e-22
1.250000000000000000e-01 1.248045497366023420e-22 7.418617459838666561e-23
1.254882812500000000e-01 -2.613935686863773614e-22 -1.848152824842665921e-22
1.259765625000000000e-01 5.431504534417721075e-23 4.590370121429778685e-23
1.264648437500000000e-01 6.596040549697985088e-23 -1.725780808276798669e-22
1.269531250000000000e-01 -1.103074180872228444e-22 1.036026660305154806e-22
1.274414062500000000e-01 1.677775724154333529e-22 -7.234870908255322000e-23
1.279296875000000000e-01 -1.928386365594295719e-22 -1.727823220811998991e-22
1.284179687500000000e-01 1.025657787664451272e-22 3.815009928409872342e-22
1.289062500000000000e-01 2.181262223738999274e-22 -2.274673505771099043e-22
1.293945312500000000e-01 1.428772502679464286e-24 1.408456445092538135e-22
1.298828125000000000e-01 -1.113675990594596208e-22 1.827812852379713500e-22
1.303710937500000000e-01 -1.645700202561577299e-23 6.849391346194723349e-24
1.308593750000000000e-01 -1.456135038068706374e-22 2.156170478496090369e-22
1.313476562500000000e-01 7.851904139821689926e-23 5.041077406372448695e-23
1.318359375000000000e-01 -1.022746975464819390e-22 2.595411046290086448e-22
1.323242187500000000e-01 3.474721399141194445e-23 1.061112654709128954e-23
1.328125000000000000e-01 -1.229267107312389614e-22 9.316737025044436536e-23
1.333007812500000000e-01 1.646129580641593027e-22 1.375806696669869913e-22
1.337890625000000000e-01 -8.506101467258481401e-23 -3.129813417408810542e-23
1.342773437500000000e-01 4.461509989166757603e-23 1.791836257265563360e-22
1.347656250000000000e-01 -3.584329305255115327e-22 2.173929269006094895e-22
1.352539062500000000e-01 7.149305111567210438e-23 3.083442102539795929e-23
1.357421875000000000e-01 1.795806505259106363e-22 1.150371713988583356e-22
1.362304687500000000e-01 2.730739808755758082e-23 1.475506687240835567e-22
1.367187500000000000e-01 -2.474066652800409464e-23 -1.014718383064798167e-22
1.372070312500000000e-01 -3.484207299446574564e-23 3.433619979833586474e-23
1.376953125000000000e-01 -1.375878774135252591e-22 -5.520600811964992540e-23
1.381835937500000000e-01 5.593309775162337651e-23 7.842759377769191923e-23
1.386718750000000000e-01 -7.806683258401170031e-23 9.676414862562852771e-24
1.391601562500000000e-01 5.018834716605343186e-23 -2.374299529880555019e-22
1.396484375000000000e-01 1.726665779731151246e-22 6.206303499269456683e-23
1.401367187500000000e-01 -5.572825603172549211e-23 -2.182536301323712238e-22
1.406250000000000000e-01 -2.847677173579632861e-23 -2.328768353376845543e-22
1.411132812500000000e-01 -1.778057700442462638e-22 4.171734671347818481e-23
1.416015625000000000e-01 2.209048404154495966e-22 -7.962375728453058690e-23
1.420898437500000000e-01 2.380937518101623698e-22 -5.193043104825222305e-23
1.425781250000000000e-01 -1.387398506664277252e-22 -2.022651903705298275e-23
1.430664062500000000e-01 1.897465400279009491e-22 -2.309603562005949272e-22
1.435546875000000000e-01 2.332193863348200673e-22 5.152359643711251927e-23
1.440429687500000000e-01 6.015189030375813999e-23 -4.001090049123313895e-22
1.445312500000000000e-01 -1.589015454584144477e-22 8.401945804609141987e-23
1.450195312500000000e-01 8.113245591716115172e-23 -1.375238977259592022e-22
1.455078125000000000e-01 -2.368197519114754408e-22 1.805592863097604544e-22
1.459960937500000000e-01 2.314694359420811519e-23 -3.649672685494539805e-22
1.464843750000000000e-01 -4.964234921841670511e-23 6.446974524573883994e-23
1.469726562500000000e-01 1.238387395421710847e-22 5.123665472798010909e-23
1.474609375000000000e-01 2.307746445106223150e-22 -1.997092305999807232e-22
1.479492187500000000e-01 -1.863813461707190594e-22 4.811672546978337625e-23
1.484375000000000000e-01 3.300152842933823117e-23 -2.735553030266191330e-23
1.489257812500000000e-01 -1.258831271109511985e-22 -7.513110977262522974e-23
1.494140625000000000e-01 4.807483721888721463e-23 -6.087381204469868142e-23
1.499023437500000000e-01 -2.279445693081097437e-22 2.962476341073251825e-22
1.503906250000000000e-01 -8.893763412135714340e-23 -2.720598183705432003e-22
1.508789062500000000e-01 1.944200055268007007e-22 2.088422518749844870e-22
1.513671875000000000e-01 2.771394058803740109e-22 1.291976592991566603e-22
1.518554687500000000e-01 1.034215076024366061e-22 2.648946938650781559e-22
1.523437500000000000e-01 1.436789943946471551e-22 -2.645643731087446146e-23
1.528320312500000000e-01 -5.968230406172233621e-23 1.028350867303909520e-22
1.533203125000000000e-01 -3.535876447974794489e-23 -1.171972354819938158e-22
1.538085937500000000e-01 -3.051342226724210735e-22 -1.644566260669657607e-22
1.542968750000000000e-01 9.208411419542880857e-23 6.953113261090740615e-23
1.547851562500000000e-01 -1.351220630679811332e-22 1.650842719167296500e-22
1.552734375000000000e-01 1.366371536942363614e-24 9.820047507048767075e-23
1.557617187500000000e-01 4.208343653645967837e-24 -1.023870665938581026e-22
1.562500000000000000e-01 1.165488744490903024e-22 -6.216057980972550938e-24
1.567382812500000000e-01 1.573863640137893709e-23 -3.476342947241761766e-23
1.572265625000000000e-01 4.952296436480349761e-23 1.828163451991155720e-22
1.577148437500000000e-01 -1.110378771153797257e-22 -7.911440427372826628e-23
1.582031250000000000e-01 -2.139036459742466965e-22 3.152316541613909102e-22
1.586914062500000000e-01 1.061997347310001938e-23 1.906422352105553211e-22
1.591796875000000000e-01 1.205927252332326175e-22 1.100068215057021639e-22
1.596679687500000000e-01 -1.263603262873994336e-22 -2.889970136812909496e-23
1.601562500000000000e-01 -3.322852696154432944e-23 -5.573922449559529699e-23
1.606445312500000000e-01 7.665227673937719723e-23 5.816715816386390924e-23
1.611328125000000000e-01 -2.681092960273736808e-22 -2.019785499323135439e-22
1.616210937500000000e-01 9.541034286090315196e-23 4.143840233911724777e-23
1.621093750000000000e-01 7.207463962014855667e-23 -1.466346924961350704e-22
1.625976562500000000e-01 1.515953108008441889e-22 -7.574473321353350934e-23
1.630859375000000000e-01 1.034037762202387332e-22 -1.040467622273773031e-22
1.635742187500000000e-01 5.823605132747999164e-23 2.209840373469162966e-23
1.640625000000000000e-01 -2.785642942825678685e-23 -4.491890583183393606e-23
1.645507812500000000e-01 6.861580896295524927e-25 -2.442414335553635755e-23
1.650390625000000000e-01 -2.689004206702180382e-23 -1.437537386930595539e-22
1.655273437500000000e-01 -2.355451633121751811e-22 -1.173222811555022944e-22
1.660156250000000000e-01 5.863741566519070376e-23 -8.799509869121992945e-23
1.665039062500000000e-01 -6.447968296403084210e-23 8.378156748305121393e-23
1.669921875000000000e-01 -1.285304923770718517e-22 -1.813086720321040150e-22
1.674804687500000000e-01 -1.648103363318518071e-22 1.310776480353147193e-22
1.679687500000000000e-01 -1.233374052946218773e-23 -1.028594605191500181e-23
1.684570312500000000e-01 -5.841584631308122577e-23 1.285087604656295636e-23
1.689453125000000000e-01 3.399784562084541370e-23 1.936997111712316871e-22
1.694335937500000000e-01 -1.804686033408665430e-23 2.924198401743610825e-23
1.699218750000000000e-01 5.304779198811669235e-23 2.373029176516516629e-22
1.704101562500000000e-01 3.217802936532615116e-23 -3.858333776312476388e-23
1.708984375000000000e-01 1.624499116639947542e-22 -1.219207712714233339e-22
1.713867187500000000e-01 1.010381674713876690e-22 1.950976223466638511e-22
1.718750000000000000e-01 5.399603036785501474e-23 4.557058399749560456e-23
1.723632812500000000e-01 3.102883008116636553e-23 -2.074585549019581497e-23
1.728515625000000000e-01 -6.580404516604348447e-23 5.739681615293481392e-23
1.733398437500000000e-01 4.215434113706863624e-23 7.677285555119819630e-23
1.738281250000000000e-01 -3.941244231538720385e-23 -2.048200682622456935e-22
1.743164062500000000e-01 -1.353809344478301007e-23 3.685642215568082659e-22
1.748046875000000000e-01 -1.944586602190002060e-22 -2.053399846534202306e-22
1.752929687500000000e-01 3.034151522749658672e-22 1.645367873725887984e-22
1.757812500000000000e-01 1.495543019374694808e-22 -2.052067014168557641e-22
1.762695312500000000e-01 -2.070026013809536706e-22 3.482407128870137013e-23
1.767578125000000000e-01 -1.290155897013262834e-22 2.733229430482965103e-23
1.772460937500000000e-01 1.911638965359560091e-23 -3.213159882748462125e-23
1.777343750000000000e-01 -2.462951559847099967e-23 -1.639269928702973667e-22
1.782226562500000000e-01 -1.690407647053170245e-22 -9.160871002300352923e-24
1.787109375000000000e-01 1.631149648149874770e-22 1.725035483986217470e-22
1.791992187500000000e-01 1.859128797124851724e-22 5.676411052721176645e-23
1.796875000000000000e-01 8.373156900201484287e-23 7.235696289370632204e-23
1.801757812500000000e-01 -7.163134097956235235e-23 -1.834443683698791293e-22
1.806640625000000000e-01 1.303443104374772304e-22 -1.086212135721047457e-22
1.811523437500000000e-01 7.039893628681686017e-23 -4.149752407786364674e-23
1.816406250000000000e-01 -1.619419342706427047e-23 -1.908738078577780216e-22
1.821289062500000000e-01 1.422916574890998483e-22 1.417353275444524129e-22
1.826171875000000000e-01 -5.507204079180791100e-24 5.781761100149589933e-23
1.831054687500000000e-01 -7.142409738915263536e-23 -5.872865478199109179e-23
1.835937500000000000e-01 1.182736908174329813e-22 7.966367706462098494e-23
1.840820312500000000e-01 -1.731286230028650499e-22 -5.037068686023550524e-22
1.845703125000000000e-01 6.355148927091998978e-23 1.782837822598615278e-23
1.850585937500000000e-01 -5.075281047584104521e-23 -1.683587487963800527e-22
1.855468750000000000e-01 -1.748359617061392070e-22 -1.860167711741587002e-22
1.860351562500000000e-01 -8.827766699038598140e-24 -6.087902153899578636e-24
1.865234375000000000e-01 -4.487358414819695466e-23 1.704510188752216581e-22
1.870117187500000000e-01 1.358182401268806701e-22 2.847830421205190597e-23
1.875000000000000000e-01 -6.000011743934807376e-23 -4.696805211488300940e-23
1.879882812500000000e-01 1.371312843311793762e-22 5.191980654686385699e-23
1.884765625000000000e-01 -2.347320325936934463e-23 -2.571863598073605112e-23
1.889648437500000000e-01 -4.968551345837793305e-23 1.758544974252284038e-22
1.894531250000000000e-01 1.114884431715969509e-23 -1.396548176079718302e-22
1.899414062500000000e-01 5.178870006296537311e-23 -8.294166250097362606e-24
1.904296875000000000e-01 -6.565797898774813890e-24 1.362880030778438394e-22
1.909179687500000000e-01 1.652023721176078729e-22 1.276767447945672707e-22
1.914062500000000000e-01 -1.411118874429081030e-22 1.440780652079395734e-22
1.918945312500000000e-01 2.662149470836038435e-23 1.530925204496327307e-23
1.923828125000000000e-01 8.710671528070260177e-23 9.400921699304979016e-23
1.928710937500000000e-01 1.028817158966475702e-22 1.197025869579652432e-22
1.933593750000000000e-01 -1.964030341468169864e-22 -7.789636135082151353e-23
1.938476562500000000e-01 -1.062705124811043941e-22 -1.201111203727997864e-22
1.943359375000000000e-01 -2.207572796131765762e-23 -2.291316222545125358e-22
1.948242187500000000e-01 -1.495920333203467343e-22 8.720512833209410301e-23
1.953125000000000000e-01 -3.136742040374925585e-23 -7.113360455030711619e-23
1.958007812500000000e-01 -4.037579939711683250e-23 2.013301509452704350e-22
1.962890625000000000e-01 -2.068932976286045583e-22 -1.752594101936447922e-24
1.967773437500000000e-01 -1.152321785057097628e-22 1.063763816823511639e-22
1.972656250000000000e-01 1.627929044253627081e-23 1.500453774552637989e-22
1.977539062500000000e-01 2.079315969239507246e-22 3.259649382913766698e-23
1.982421875000000000e-01 -1.715793954067559153e-23 1.683477581808464863e-22
1.987304687500000000e-01 -9.770456059267796467e-23 -1.105044482188403593e-22
1.992187500000000000e-01 5.770390865879385306e-23 9.048758347411089740e-23
1.997070312500000000e-01 -3.297374135451710978e-22 -5.472764214913090539e-24
2.001953125000000000e-01 1.522949381846332691e-23 -1.075763950526293450e-22
2.006835937500000000e-01 2.700483972231064950e-22 8.020033000972600300e-23
2.011718750000000000e-01 -8.745765228018679079e-23 7.409647582671488009e-23
2.016601562500000000e-01 -1.351128066908515248e-22 1.881020388799973765e-23
2.021484375000000000e-01 -2.987761585523164713e-23 2.812733916541300141e-23
2.026367187500000000e-01 8.459040406149851227e-23 2.357987752881364126e-22
2.031250000000000000e-01 3.335924503827275532e-22 1.019511958181545922e-22
2.036132812500000000e-01 -9.328988885073048159e-23 1.002666184303484433e-23
2.041015625000000000e-01 -1.598904403599996349e-22 -2.563365846999612950e-23
2.045898437500000000e-01 2.175376639274894839e-22 -1.744685301686589422e-22
2.050781250000000000e-01 1.382369996110248451e-22 1.557453170990751457e-22
2.055664062500000000e-01 -2.208446076090076510e-23 -7.088875339580943307e-23
2.060546875000000000e-01 1.611420608239113222e-22 -1.048839090288693419e-22
2.065429687500000000e-01 3.225495957641476664e-24 9.635428986307585608e-24
2.070312500000000000e-01 1.357347872805882558e-22 1.050036911047948516e-22
2.075195312500000000e-01 3.490233758510140620e-23 6.739876869810143943e-23
2.080078125000000000e-01 -1.324468933010275401e-22 -1.788726668145333898e-22
2.084960937500000000e-01 -9.647494892906911541e-23 -3.023167628566319800e-22
2.089843750000000000e-01 1.498886950514620305e-22 -7.245703523055506587e-23
2.094726562500000000e-01 -1.338099735612144667e-22 -1.160641862997068106e-22
2.099609375000000000e-01 6.458679032301769513e-24 -2.530432020445338396e-23
2.104492187500000000e-01 -9.234757613300122972e-23 -2.607491553156622684e-22
2.109375000000000000e-01 1.851328531566312745e-22 -5.150773737358185492e-23
2.114257812500000000e-01 -1.123715779024370946e-22 2.849629109330845979e-24
2.119140625000000000e-01 1.247491590848303115e-22 -3.013854009596697348e-22
2.124023437500000000e-01 1.033983514324270130e-22 -1.097387646349110865e-22
2.128906250000000000e-01 -1.332316277686038348e-22 -1.858981305320593348e-22
2.133789062500000000e-01 -3.851630413920797191e-23 -1.412514429916934136e-22
2.138671875000000000e-01 2.635771888217539334e-22 3.182272531371019751e-23
2.143554687500000000e-01 6.027418630731348411e-23 -1.297599392192162933e-22
2.148437500000000000e-01 -1.069012125341891433e-22 1.260885696373628318e-22
2.153320312500000000e-01 1.369248304859356626e-23 -1.155853555980984105e-22
2.158203125000000000e-01 -7.259116385747201809e-23 3.182000215887024632e-22
2.163085937500000000e-01 -1.006775640485958854e-22 1.112861290439838640e-22
2.167968750000000000e-01 1.132214253504793560e-23 1.276678181191489768e-22
2.172851562500000000e-01 8.288055484839731356e-24 1.282278079688736135e-22
2.177734375000000000e-01 -4.688343827730322761e-23 1.417860356627044088e-22
2.182617187500000000e-01 -1.851075837062693348e-22 -2.225476252754456631e-23
2.187500000000000000e-01 4.035920868294516434e-23 1.283422705581890087e-23
2.192382812500000000e-01 -1.574421092011758078e-22 -8.819488256723372014e-23
2.197265625000000000e-01 -1.554379052975587643e-22 1.526735642738259858e-22
2.202148437500000000e-01 8.929308867649633104e-24 -2.507842716980513711e-22
2.207031250000000000e-01 4.512828655919121920e-23 2.528378443253424426e-22
2.211914062500000000e-01 1.163763492721363020e-23 -4.464959185391151737e-23
2.216796875000000000e-01 6.491421219112974302e-23 1.260107846799056451e-22
2.221679687500000000e-01 1.519358841838330238e-23 1.687388435492340637e-22
2.226562500000000000e-01 1.100820255051111187e-22 -2.806109891128951621e-23
2.231445312500000000e-01 1.987928378033887698e-22 -1.515850337654858140e-23
2.236328125000000000e-01 1.755841617576800787e-22 2.764299197602336362e-23
2.241210937500000000e-01 -4.911373018876181431e-23 -6.780201489351925038e-23
2.246093750000000000e-01 4.613556218438485364e-23 3.169758306520367781e-22
2.250976562500000000e-01 -6.130260349008365169e-23 1.391334037237504366e-22
2.255859375000000000e-01 -1.215905546930912235e-22 8.696588602139419283e-23
2.260742187500000000e-01 3.137563919357005250e-22 1.041590508900419945e-22
2.265625000000000000e-01 2.710521623256143638e-23 -1.537180042269584354e-22
2.270507812500000000e-01 -9.316048724502609113e-23 1.326285294853511094e-22
2.275390625000000000e-01 -2.724620615069947636e-22 1.806959435007205029e-23
2.280273437500000000e-01 8.434895922215321349e-23 -2.738448803107245960e-22
2.285156250000000000e-01 -1.292445732386133383e-22 -3.662945816713621028e-24
2.290039062500000000e-01 8.013036821210457265e-23 4.996840778346783128e-23
2.294921875000000000e-01 1.624560489498640547e-23 3.992651710721526100e-23
2.299804687500000000e-01 -1.307430818446486854e-22 -6.075574106917347922e-24
2.304687500000000000e-01 -8.105804738540520901e-23 -7.418829732019067794e-23
2.309570312500000000e-01 -1.353506216627155768e-22 1.672761352475658437e-22
2.314453125000000000e-01 1.841875387890280833e-22 -8.612601202862251998e-23
2.319335937500000000e-01 -1.388198891722123754e-22 2.334313340947829952e-22
2.324218750000000000e-01 -1.815747993782234583e-22 -3.843510550597113514e-23
2.329101562500000000e-01 1.486025111867285173e-22 -1.982725058634538914e-23
2.333984375000000000e-01 -6.533227850505941239e-23 -2.253386631229294727e-22
2.338867187500000000e-01 -2.204366554198254907e-22 -1.024063747826233657e-22
2.343750000000000000e-01 2.139951431366570717e-22 8.919849052977339175e-23
2.348632812500000000e-01 -4.348597347495846554e-23 -1.712124901293576183e-22
2.353515625000000000e-01 3.391987287576847398e-23 -2.504089187905654890e-22
2.358398437500000000e-01 -2.101215010239627807e-23 -6.128908313960809226e-23
2.363281250000000000e-01 6.049080270594659349e-23 1.457409848384906591e-22
2.368164062500000000e-01 -9.293060907871192969e-23 -1.222486991826688510e-22
2.373046875000000000e-01 1.591329353766664153e-23 5.769530921016118298e-23
2.377929687500000000e-01 -1.577633310724329932e-22 5.617483350286653158e-23
2.382812500000000000e-01 -2.651791011570863182e-22 5.894825514395925084e-23
2.387695312500000000e-01 3.804497493738988884e-23 1.550181565948485766e-23
2.392578125000000000e-01 -3.796973190188101444e-23 7.349770871312674213e-24
2.397460937500000000e-01 2.602380543356644173e-22 -9.229137563427352663e-23
2.402343750000000000e-01 -3.403001821530578906e-23 3.770087701576836412e-23
2.407226562500000000e-01 8.255635371270589573e-23 -1.725685883297610239e-22
2.412109375000000000e-01 8.734763418929072564e-23 -2.320419296964132188e-23
2.416992187500000000e-01 1.396446612115422704e-23 -1.070560865921214974e-22
2.421875000000000000e-01 2.973535163361443818e-22 -2.035339773790926669e-24
2.426757812500000000e-01 7.056026947132402933e-23 -6.961308064711845947e-23
2.431640625000000000e-01 1.461961750665387556e-22 -1.324010090988543383e-22
2.436523437500000000e-01 7.695663180905405409e-23 1.094505283867611011e-22
2.441406250000000000e-01 8.670690408562184789e-23 -1.095039654153671788e-23
2.446289062500000000e-01 -9.706341526168869853e-23 -6.629105054371670194e-23
2.451171875000000000e-01 -7.452724093937498143e-23 -2.078134823199779647e-24
2.456054687500000000e-01 1.947829248176961850e-22 5.987128764872727007e-23
2.460937500000000000e-01 -1.811530564037414227e-24 -1.000288691062951848e-22
2.465820312500000000e-01 2.058977765095360659e-22 -8.460089923503926104e-23
2.470703125000000000e-01 -4.646742018338720924e-23 -1.251865467366575381e-22
2.475585937500000000e-01 2.219307102796965526e-22 2.854859734266975982e-22
2.480468750000000000e-01 -7.293681078952171604e-23 -1.529561868671842616e-22
2.485351562500000000e-01 -7.051795244734152703e-23 1.272632834207557241e-22
2.490234375000000000e-01 -1.308170020138442765e-22 -5.891616328735701546e-23
2.495117187500000000e-01 -1.766264827865040715e-25 6.078468143201367326e-23
2.500000000000000000e-01 -1.210123643462719873e-22 2.143022033642172869e-23
2.504882812500000000e-01 1.196946588021671180e-22 7.758363982424978775e-23
2.509765625000000000e-01 -6.608521701414960123e-25 -1.467288548431171596e-22
2.514648437500000000e-01 6.313025312301636486e-23 2.261182764577034060e-22
2.519531250000000000e-01 -2.581499946003681796e-22 -1.157154828603926570e-24
2.524414062500000000e-01 1.650397304747352445e-22 1.709537476029678198e-22
2.529296875000000000e-01 4.119030092021658143e-23 1.667612425372223888e-22
2.534179687500000000e-01 -1.379944611486029957e-22 -1.119497285787090977e-22
2.539062500000000000e-01 -1.713325358077305650e-22 1.258753330617734455e-22
2.543945312500000000e-01 1.298305035446850500e-22 2.312356592654177891e-24
2.548828125000000000e-01 -1.460226180885167892e-22 1.851613510966788265e-22
2.553710937500000000e-01 -1.923300941302536807e-22 8.201017825351337909e-23
2.558593750000000000e-01 -5.752479576027315791e-23 7.505917292131071118e-24
2.563476562500000000e-01 8.771916813006579391e-23 1.874961688539267249e-22
2.568359375000000000e-01 -1.231749938166692612e-22 6.546355611952036684e-23
2.573242187500000000e-01 -4.557372365359015096e-23 -1.697542625677813533e-22
2.578125000000000000e-01 -6.209255710366847475e-23 3.071919462274240360e-22
2.583007812500000000e-01 -3.194482303751832664e-22 -1.248784233149978060e-22
2.587890625000000000e-01 8.076770211195344904e-25 -3.359245431199074460e-23
2.592773437500000000e-01 -6.581340320728472182e-23 6.970793559100131832e-23
2.597656250000000000e-01 -9.887920354406392666e-23 -2.486442243353421202e-22
2.602539062500000000e-01 -4.857634215243272435e-23 -2.516107420902598220e-22
2.607421875000000000e-01 4.497045341818359088e-23 -4.448089846630899972e-23
2.612304687500000000e-01 2.791416987820618387e-22 3.067411805641694888e-22
2.617187500000000000e-01 1.739994848427906981e-24 -1.663557055931999488e-22
2.622070312500000000e-01 2.544599013959254104e-22 1.249174914516316410e-22
2.626953125000000000e-01 -1.016527014394212168e-22 -7.871314614677207262e-23
2.631835937500000000e-01 3.997593186141268553e-23 -4.213211867735764880e-24
2.636718750000000000e-01 3.370510159068183842e-23 -1.572719444530598601e-22
2.641601562500000000e-01 -1.505533993186138825e-22 8.864808643553483312e-23
2.646484375000000000e-01 2.293048023644778456e-22 3.080705129652040069e-23
2.651367187500000000e-01 -3.354205231215011442e-22 -3.334776719077614067e-23
2.656250000000000000e-01 2.347050600092253346e-22 2.210384963790706004e-23
2.661132812500000000e-01 5.930434464653434308e-23 9.095827948578908685e-23
2.666015625000000000e-01 1.022469566659886832e-22 2.052576028562815935e-23
2.670898437500000000e-01 -2.080487820380095581e-22 -7.999957257501077959e-23
2.675781250000000000e-01 -5.106978639549777724e-23 -4.739288964338629006e-23
2.680664062500000000e-01 -1.033453564765023004e-22 4.683283605721866857e-24
2.685546875000000000e-01 7.493566796886615359e-23 -2.019042399634766248e-22
2.690429687500000000e-01 6.332000280786738713e-23 -3.092854835220781968e-23
2.695312500000000000e-01 1.326927274382199502e-22 -2.046055276963887682e-22
2.700195312500000000e-01 1.603998110317544591e-22 5.843769465632851299e-23
2.705078125000000000e-01 -5.186299757346567499e-23 -4.271636638730486074e-22
2.709960937500000000e-01 3.465709074758651496e-22 3.038670137500249991e-23
2.714843750000000000e-01 -3.352114066877719376e-22 -9.234480499591896331e-23
2.719726562500000000e-01 1.248272561271576046e-22 -7.173385075729751363e-23
2.724609375000000000e-01 -4.790818171779665110e-23 1.136991381617912766e-22
2.729492187500000000e-01 3.617975210063086811e-22 5.927425822938770710e-23
2.734375000000000000e-01 -9.738107059958779783e-23 -1.975208880826886775e-23
2.739257812500000000e-01 1.580452944850184371e-22 9.331405401897167505e-23
2.744140625000000000e-01 3.852088656369392329e-23 -1.286976087373226444e-24
2.749023437500000000e-01 -3.145377976827669169e-22 -8.652270530023577162e-23
2.753906250000000000e-01 1.976448461281618663e-22 5.544683550286450197e-23
2.758789062500000000e-01 -1.301560841071134667e-22 -9.100585328874178954e-23
2.763671875000000000e-01 3.180256586371620520e-23 -1.085396188127663078e-23
2.768554687500000000e-01 1.623814437402636454e-22 -4.477606101252523668e-23
2.773437500000000000e-01 4.155066474256096085e-23 1.394560534340867855e-22
2.778320312500000000e-01 2.394460604350191718e-24 -2.470552650902937938e-22
2.783203125000000000e-01 6.764897375369937935e-23 6.559888085178557699e-23
2.788085937500000000e-01 -2.323429201146508196e-22 1.648443606729119068e-22
2.792968750000000000e-01 -1.982038820385618849e-23 3.528054125600956514e-23
2.797851562500000000e-01 -5.892071656797923469e-23 -9.479490817633959592e-23
2.802734375000000000e-01 -1.254495585923153193e-23 2.246575982061973576e-22
2.807617187500000000e-01 -3.633089986276418715e-23 -3.731408333371553385e-23
2.812500000000000000e-01 -1.331505196241083061e-22 1.930883856900997061e-22
2.817382812500000000e-01 -3.975495070363294930e-23 2.287214348195002302e-22
2.822265625000000000e-01 -1.289069266961496471e-22 3.927760396643779700e-22
2.827148437500000000e-01 1.065581108061076817e-22 1.766416573982755705e-22
2.832031250000000000e-01 -3.723844805011130336e-23 -1.159809417079657009e-22
2.836914062500000000e-01 1.858475533431812796e-22 9.742296148991666391e-23
2.841796875000000000e-01 -2.934370398963056915e-22 -1.900876736741289905e-22
2.846679687500000000e-01 4.120295574567864397e-23 -1.127905246533034025e-22
2.851562500000000000e-01 -6.367537537027117546e-23 1.484510603394178721e-22
2.856445312500000000e-01 1.082024260653128761e-22 9.109480556495636842e-24
2.861328125000000000e-01 1.962823190235191403e-23 2.755904735911093457e-22
2.866210937500000000e-01 5.644983136641554631e-23 -1.498536599077850326e-22
2.871093750000000000e-01 -4.080131265707739264e-24 3.290046264426712751e-23
2.875976562500000000e-01 -5.144326427772936444e-24 -1.711284420754634564e-23
2.880859375000000000e-01 -2.884341646372814852e-22 9.058823850785861416e-23
2.885742187500000000e-01 1.745602987303327811e-22 -5.276767584096364162e-23
2.890625000000000000e-01 8.914674220200099412e-23 1.114492919490320821e-22
2.895507812500000000e-01 2.412432575707546216e-23 -2.118864385404276308e-22
2.900390625000000000e-01 -5.625895635217398007e-23 -6.687342553374596626e-23
2.905273437500000000e-01 1.331339745768447843e-23 -1.270803207461522019e-22
2.910156250000000000e-01 -3.914408906937057902e-23 9.688612959053437604e-23
2.915039062500000000e-01 4.316263788200783402e-23 -2.111412768650572416e-22
2.919921875000000000e-01 -1.487973213489662862e-22 1.897487115345784129e-22
2.924804687500000000e-01 1.655668512846946126e-22 -1.943205582130127886e-22
2.929687500000000000e-01 -8.779703773598348311e-23 8.778793349414699737e-23
2.934570312500000000e-01 -3.226160705380028412e-22 -8.663216802388266071e-23
2.939453125000000000e-01 1.144281078386179147e-22 -3.455421912195412011e-23
2.944335937500000000e-01 -4.963608535955942488e-23 1.465804395180351346e-23
2.949218750000000000e-01 -1.652017494803884215e-22 -1.533125282396321525e-22
2.954101562500000000e-01 -8.753261906799551374e-23 -2.499926275969553052e-22
2.958984375000000000e-01 6.849781457618279254e-23 -1.166009316688097471e-22
2.963867187500000000e-01 1.652627716720263929e-22 7.865603110740397159e-23
2.968750000000000000e-01 5.286274639941431334e-23 1.848113614404635613e-25
2.973632812500000000e-01 7.319531641092544235e-24 1.958584810162664481e-23
2.978515625000000000e-01 -4.327757350713767504e-23 -1.268176467670912317e-22
2.983398437500000000e-01 3.818492931543485820e-23 -6.846370324835462772e-23
2.988281250000000000e-01 1.120865451595258196e-22 -3.659367139595018124e-24
2.993164062500000000e-01 1.083334061000827514e-22 -5.238225668957763451e-23
2.998046875000000000e-01 1.127092939518921178e-22 3.480114542308658042e-23
3.002929687500000000e-01 7.875918793398055332e-23 -9.241471353883163229e-24
3.007812500000000000e-01 -2.009148455835543321e-22 -2.879012869278237685e-22
3.012695312500000000e-01 1.607468393837044989e-22 3.946337904251257716e-23
3.017578125000000000e-01 -7.800571047717567842e-23 -1.277311424838667012e-24
3.022460937500000000e-01 -1.397584108237031121e-24 -5.327425303081156804e-23
3.027343750000000000e-01 2.310790190579693667e-22 2.627243309255335387e-22
3.032226562500000000e-01 -9.911471583997580964e-23 5.938352607375876405e-23
3.037109375000000000e-01 6.961782805587107150e-23 -1.305374951056216173e-22
3.041992187500000000e-01 -1.054313064957297922e-22 -5.478785549317010610e-23
3.046875000000000000e-01 -6.063929638238955810e-24 1.456944891152946699e-22
3.051757812500000000e-01 2.173097632145010552e-22 2.187462617350880234e-22
3.056640625000000000e-01 1.213410191098953047e-22 -6.468210643385792224e-23
3.061523437500000000e-01 -2.756135547539756215e-22 1.264998307482947272e-22
3.066406250000000000e-01 -3.240459158314315123e-23 -3.806719572357038114e-23
3.071289062500000000e-01 1.690488716003226566e-22 6.686244662119486129e-23
3.076171875000000000e-01 1.042400715899891111e-22 1.948273899704052805e-22
3.081054687500000000e-01 -8.711556560089896892e-23 2.395737516448398836e-23
3.085937500000000000e-01 3.469691631899542863e-23 -1.003275619186081870e-22
3.090820312500000000e-01 -1.248082666774350648e-22 1.749811333119384504e-22
3.095703125000000000e-01 9.476528050992449070e-23 1.156628019888229790e-22
3.100585937500000000e-01 1.065870810397687119e-23 1.390730914958698060e-22
3.105468750000000000e-01 -4.021132845090159906e-23 2.693411815511141301e-23
3.110351562500000000e-01 8.955300724344758174e-24 -6.858631287204443150e-23
3.115234375000000000e-01 -1.095550941379481884e-23 3.293613118340375580e-23
3.120117187500000000e-01 -2.366837307618597217e-23 -1.104917918217145904e-22
3.125000000000000000e-01 1.193417851378358635e-22 -1.079073957924897252e-23
3.129882812500000000e-01 4.870651442668569973e-23 4.290568391462970309e-23
3.134765625000000000e-01 -1.451023594410904973e-22 1.760669440568666878e-22
3.139648437500000000e-01 1.207854024576194379e-22 -1.043436847066933328e-22
3.144531250000000000e-01 -1.480280822619651274e-22 -9.245244561864896281e-23
3.149414062500000000e-01 -3.194731464719849496e-23 -7.243509087526521638e-23
3.154296875000000000e-01 -4.112264715724884937e-24 1.023009508556856205e-22
3.159179687500000000e-01 -2.409048107832324809e-22 1.457640610013962746e-22
3.164062500000000000e-01 -1.449800888186803420e-22 2.174235605562656286e-22
3.168945312500000000e-01 7.696131621522023771e-23 -2.290766567819458963e-22
3.173828125000000000e-01 7.575489165315869022e-23 -2.249200103734619068e-24
3.178710937500000000e-01 -1.399660168728152768e-22 -1.801050356305078977e-22
3.183593750000000000e-01 1.813624743810142002e-22 1.758075962562006591e-23
3.188476562500000000e-01 -8.538903463203542451e-23 -1.438928025813376162e-22
3.193359375000000000e-01 1.586523835005880431e-22 1.509534936233173879e-22
3.198242187500000000e-01 -2.535123112748546764e-22 -1.406017341134897100e-22
3.203125000000000000e-01 4.809464314129299678e-24 1.232750034594849024e-24
3.208007812500000000e-01 -2.028257523640249147e-22 -1.556806788142845194e-22
3.212890625000000000e-01 -6.422118197344670911e-23 -5.254294890790365954e-23
3.217773437500000000e-01 1.917899498208186853e-22 -2.949257407506731086e-23
3.222656250000000000e-01 -6.693626659929495579e-23 9.668570478369663034e-23
3.227539062500000000e-01 4.683803889211125454e-23 -9.528457921781356729e-23
3.232421875000000000e-01 -1.388274563954095218e-22 2.094357649018032409e-22
3.237304687500000000e-01 2.047130829142733772e-22 -2.577460364740117306e-22
3.242187500000000000e-01 -9.931784983039929840e-23 5.546443257815462199e-23
3.247070312500000000e-01 -9.493776950661077873e-23 -4.073830931731566429e-24
3.251953125000000000e-01 -3.949522065970292499e-23 -1.384076706070576825e-22
3.256835937500000000e-01 9.862545558614208200e-23 1.694271331021333629e-22
3.261718750000000000e-01 4.429891558090563750e-23 1.406686037735030095e-23
3.266601562500000000e-01 7.283981471896279502e-23 -1.884967795187189967e-22
3.271484375000000000e-01 6.598803849706357461e-24 -7.047326512402607281e-23
3.276367187500000000e-01 1.140044124474749643e-22 -8.532492586542798953e-23
3.281250000000000000e-01 -9.866648569624485997e-24 -1.411940119488794068e-22
3.286132812500000000e-01 3.472319357999049371e-23 -5.165593070619088897e-24
3.291015625000000000e-01 -2.239032147468860301e-22 2.192709435438852279e-22
3.295898437500000000e-01 -6.991132393257875361e-24 -1.657610377652893497e-22
3.300781250000000000e-01 -1.937839762706704074e-23 -1.406469647887060958e-22
3.305664062500000000e-01 -4.275486044411516322e-23 2.837817425763279841e-22
3.310546875000000000e-01 1.160464237097672022e-22 -9.930960260185597502e-23
3.315429687500000000e-01 3.315696296590029197e-22 1.189095846316308199e-22
3.320312500000000000e-01 -8.527359705144945582e-23 1.475795461892871625e-23
3.325195312500000000e-01 1.359132333994036578e-22 2.273856277226333068e-22
3.330078125000000000e-01 1.074865359552908106e-24 -2.103356019839009286e-22
3.334960937500000000e-01 3.171137524544708146e-22 2.863400080396227437e-22
3.339843750000000000e-01 -1.779211314317499562e-22 1.947116876378508476e-23
3.344726562500000000e-01 2.367696626640609719e-23 -2.259094641709749167e-22
3.349609375000000000e-01 -9.052036559789859224e-23 1.884826459167325811e-22
3.354492187500000000e-01 -1.629519942260470847e-22 1.576756879866094800e-22
3.359375000000000000e-01 -3.099205037367411730e-23 1.000810679108279831e-22
3.364257812500000000e-01 3.999855784162072507e-23 -1.547822439627353892e-22
3.369140625000000000e-01 2.267768537315342188e-22 -4.976019875411209824e-23
3.374023437500000000e-01 -3.113793796577741338e-23 -3.615449734089983015e-23
3.378906250000000000e-01 7.831921344856155111e-23 1.174251695841015187e-22
3.383789062500000000e-01 6.380803718124280434e-23 -2.445455468284243206e-22
3.388671875000000000e-01 -7.421876642558955079e-23 1.977009197708248059e-22
3.393554687500000000e-01 1.110296070025149300e-22 -8.624883055581004898e-23
3.398437500000000000e-01 -3.113891419161029405e-23 8.171660122177149442e-23
3.403320312500000000e-01 -8.588556988642571985e-23 -3.057274292086715628e-22
3.408203125000000000e-01 1.739079022487890299e-22 2.734651684710149921e-22
3.413085937500000000e-01 -1.367353998328275847e-22 -1.281509172706795249e-22
3.417968750000000000e-01 2.189614912785777582e-22 2.741032807264321473e-22
3.422851562500000000e-01 4.621437628730818015e-23 -1.543857702873440581e-23
3.427734375000000000e-01 -6.167373099586961536e-23 6.459592554519501484e-23
3.432617187500000000e-01 -1.976823040172117373e-22 -3.208765762255193057e-23
3.437500000000000000e-01 2.114495143069137741e-23 -2.303987958733858543e-22
3.442382812500000000e-01 -1.856598647269695352e-22 1.472777702130227124e-22
3.447265625000000000e-01 -7.688183591825828601e-23 9.495539960169445922e-23
3.452148437500000000e-01 -9.139261032266102757e-23 -1.290166498003575647e-23
3.457031250000000000e-01 1.651492670817164817e-22 1.526068400905715202e-22
3.461914062500000000e-01 -1.178639589862912694e-22 1.590433462809689793e-23
3.466796875000000000e-01 -1.248134515622466422e-22 -2.962700719681050271e-23
3.471679687500000000e-01 -1.387544894711008259e-22 -1.941522646604785148e-22
3.476562500000000000e-01 -1.578122277064874808e-22 2.218266613190837852e-22
3.481445312500000000e-01 -1.448697420961279031e-22 -1.662514870664674729e-23
3.486328125000000000e-01 1.001635584769543020e-22 5.281556414915735453e-23
3.491210937500000000e-01 -1.768171625680415364e-22 5.616946374694099889e-23
3.496093750000000000e-01 -4.903515301095173862e-23 -1.277069957657875799e-22
3.500976562500000000e-01 2.002773962598068406e-23 -2.858001560500335284e-23
3.505859375000000000e-01 3.818822763272135683e-23 9.959704308839873346e-23
3.510742187500000000e-01 6.722733301559890773e-23 -2.212439988948123501e-22
3.515625000000000000e-01 -4.608422055774141623e-23 7.607924194736658149e-23
3.520507812500000000e-01 9.848685066297238300e-24 -1.524207638081008053e-22
3.525390625000000000e-01 5.928781548535598905e-23 5.133391882513404669e-23
3.530273437500000000e-01 1.880762680912876298e-22 2.278008684492995686e-23
3.535156250000000000e-01 -9.737241748008545192e-24 -1.305401699797331503e-22
3.540039062500000000e-01 1.696788377046898279e-22 -2.430988010243209480e-22
3.544921875000000000e-01 5.547660731213263782e-23 1.056744961347547522e-23
3.549804687500000000e-01 -8.730869224621327311e-24 3.852833763304037019e-24
3.554687500000000000e-01 -6.038797864627483439e-24 -1.551923401757554862e-22
3.559570312500000000e-01 1.208886831984307581e-22 -2.634084010008559536e-23
3.564453125000000000e-01 -4.612479771477881303e-23 -5.513656664711484647e-23
3.569335937500000000e-01 2.527132334310663724e-23 -2.009037755399307458e-22
3.574218750000000000e-01 1.883187029000425344e-22 -6.539632659167131650e-23
3.579101562500000000e-01 -8.761896582098523509e-23 -5.759428910037705536e-23
3.583984375000000000e-01 -9.894951861407836328e-23 -2.763030196783252695e-23
3.588867187500000000e-01 4.170789764479771141e-26 3.201673940286559900e-23
3.593750000000000000e-01 9.736270102725762674e-23 2.222981004828322867e-22
3.598632812500000000e-01 2.520842239937770448e-22 1.278013328255415884e-22
3.603515625000000000e-01 -1.330529978905095087e-22 1.844690459122839892e-22
3.608398437500000000e-01 -1.851265041316035805e-23 7.976345154235038878e-24
3.613281250000000000e-01 1.665565121232428413e-22 1.223279217077185826e-22
3.618164062500000000e-01 -2.104479535444582192e-22 2.055286888924642221e-23
3.623046875000000000e-01 -1.874428024014602143e-23 2.445295423421435509e-24
3.627929687500000000e-01 -4.697190949812421911e-23 4.581440534486616899e-23
3.632812500000000000e-01 8.606787997740623109e-23 -6.478962819130727263e-23
3.637695312500000000e-01 -6.964431435748915695e-23 4.695156488970014971e-23
3.642578125000000000e-01 -6.272020758264489204e-23 -4.378255482226646219e-23
3.647460937500000000e-01 4.311957024322785282e-23 2.399134020621154084e-23
3.652343750000000000e-01 -1.728445819938438780e-22 -4.194682849424143307e-23
3.657226562500000000e-01 5.248914501627154385e-23 -2.133391189533746206e-23
3.662109375000000000e-01 5.148965290140207904e-23 2.862821668412778262e-22
3.666992187500000000e-01 -1.674427235206132177e-22 -3.984489067832976923e-22
3.671875000000000000e-01 7.186916338367837463e-23 5.678059576903423017e-23
3.676757812500000000e-01 2.430643799099433305e-23 3.046600527852179537e-22
3.681640625000000000e-01 -3.139984470545709461e-23 -1.383995762629742938e-22
3.686523437500000000e-01 -1.462683527371690368e-22 1.658549584983924244e-22
3.691406250000000000e-01 1.775166557814197512e-22 -3.100494496098305849e-22
3.696289062500000000e-01 -1.757935005624494033e-23 1.816151108167269617e-22
3.701171875000000000e-01 1.945248409509453095e-22 7.137468778389067831e-23
3.706054687500000000e-01 3.550937897753176868e-23 -2.601669307823744135e-23
3.710937500000000000e-01 -1.143061269067909888e-22 1.922556100425901173e-22
3.715820312500000000e-01 5.766964154096122904e-23 2.021450885652179248e-22
3.720703125000000000e-01 -7.920995977010626921e-23 7.435499754784933759e-23
3.725585937500000000e-01 2.434942772277822074e-22 1.007429301747263997e-22
3.730468750000000000e-01 -8.020542604351038919e-23 -9.341184429557020197e-23
3.735351562500000000e-01 6.525948481559256094e-23 7.174420360978530214e-23
3.740234375000000000e-01 -2.721873290102570271e-23 -2.978516431988495265e-23
3.745117187500000000e-01 1.231337282854753557e-22 1.605018038407604271e-23
3.750000000000000000e-01 -3.936213900254917761e-23 -8.296028022902526485e-23
3.754882812500000000e-01 -1.113566392112491536e-22 -1.326836191992538091e-22
3.759765625000000000e-01 1.145878766947246450e-23 -1.838883597707548340e-22
3.764648437500000000e-01 -1.185829472213565918e-22 9.382225815523486085e-23
3.769531250000000000e-01 -1.409108673726255280e-22 -1.559375160955121357e-22
3.774414062500000000e-01 -1.937308594900267736e-22 -1.196690643739283855e-22
3.779296875000000000e-01 6.423796062621023167e-23 -7.809976457936063255e-23
3.784179687500000000e-01 1.311621597019214160e-22 -3.560791093513361846e-24
3.789062500000000000e-01 6.326917090225995127e-23 -1.217877147710259928e-22
3.793945312500000000e-01 -3.976524146608453294e-23 -3.743701274679466936e-23
3.798828125000000000e-01 -1.044363662912486664e-22 -3.051987334864405737e-23
3.803710937500000000e-01 4.661925920545015565e-23 1.373493545580527921e-22
3.808593750000000000e-01 4.767535922076544788e-24 -9.913865755431054292e-23
3.813476562500000000e-01 1.329771364328592928e-22 5.642568876085056342e-24
3.818359375000000000e-01 3.551141667007260816e-23 -1.721649221518577696e-22
3.823242187500000000e-01 -6.045075247554844173e-23 1.473706190018727229e-22
3.828125000000000000e-01 -1.420746218331427026e-22 -8.722905566446504462e-23
3.833007812500000000e-01 -6.715969928542688496e-24 -1.694359726486542406e-22
3.837890625000000000e-01 -5.298235128507479232e-23 1.135697564875207990e-22
3.842773437500000000e-01 7.007812457764449548e-23 1.999937163556831333e-23
3.847656250000000000e-01 -1.810590905703437343e-22 -5.940169399054131183e-23
3.852539062500000000e-01 -6.741723590001523135e-23 2.490736978689955723e-23
3.857421875000000000e-01 1.761741349975059913e-22 -5.684524434991450604e-23
3.862304687500000000e-01 -2.567079697000176049e-22 -2.332844655319757967e-23
3.867187500000000000e-01 -5.099570149303753526e-23 9.079741951613959327e-23
3.872070312500000000e-01 2.430139989474719157e-22 -1.185777626195508512e-22
3.876953125000000000e-01 1.113050383059310339e-23 2.159432901260944865e-22
3.881835937500000000e-01 -1.739334560346724469e-22 -6.786631490766658249e-23
3.886718750000000000e-01 8.626755398108182717e-23 3.035314316992392068e-22
3.891601562500000000e-01 2.304475602118449887e-22 -3.029841581818112870e-22
3.896484375000000000e-01 9.936190242536774372e-23 7.783681730942478831e-23
3.901367187500000000e-01 -9.413880963320298914e-23 1.508606517722920475e-22
3.906250000000000000e-01 -1.131704494783009595e-22 7.940039171141857013e-24
3.911132812500000000e-01 -1.621440303233061329e-23 9.217809586136257802e-23
3.916015625000000000e-01 1.132954725389444647e-22 6.812320632515158614e-23
3.920898437500000000e-01 -4.070288252669499749e-23 2.797522126719905524e-23
3.925781250000000000e-01 1.847410817585257769e-23 1.289126697058145295e-22
3.930664062500000000e-01 -4.746445737426626908e-23 -7.760509418890569193e-23
3.935546875000000000e-01 1.764308500965233444e-22 2.651277953310985487e-22
3.940429687500000000e-01 1.283188850138254511e-22 -1.214690207987642434e-22
3.945312500000000000e-01 3.406515309217483298e-23 2.011089285953560236e-22
3.950195312500000000e-01 4.488558254335965967e-23 -2.214362560553368275e-22
3.955078125000000000e-01 3.132814685594831138e-23 1.105626054032563182e-22
3.959960937500000000e-01 2.920997927865474688e-23 -3.277433385787712354e-22
3.964843750000000000e-01 8.336675186446607590e-23 -1.160206753586651402e-24
3.969726562500000000e-01 4.367653913244132422e-23 5.093247104032055655e-23
3.974609375000000000e-01 -5.511097041877143755e-23 1.539419161547898026e-22
3.979492187500000000e-01 -2.577778924181249399e-22 -1.358312365481530880e-22
3.984375000000000000e-01 1.213472779369649038e-22 -1.396848677492961141e-22
3.989257812500000000e-01 1.001875328319624163e-22 1.496485814235273225e-23
3.994140625000000000e-01 1.554248104997643805e-22 1.846688284659251395e-22
3.999023437500000000e-01 -9.177604066991416806e-23 1.873698345190829915e-23
4.003906250000000000e-01 -7.400502353586435136e-23 1.783509246114115638e-22
4.008789062500000000e-01 -6.040071547932915776e-23 -8.436976554116872974e-23
4.013671875000000000e-01 5.461563726829245666e-24 -1.477351357225297273e-22
4.018554687500000000e-01 -1.515871070778468800e-23 1.527641700579625568e-22
4.023437500000000000e-01 2.189371306962212825e-23 -1.758510630061994345e-22
4.028320312500000000e-01 -2.499879876730479262e-22 1.884880375593699155e-22
4.033203125000000000e-01 5.237294020158602907e-23 -1.547694183786310033e-22
4.038085937500000000e-01 -8.542000510607902541e-23 -2.786684979098810595e-23
4.042968750000000000e-01 -5.870097730158764724e-23 -2.909441549617813195e-25
4.047851562500000000e-01 6.423726020580759771e-23 -1.033548276601678143e-22
4.052734375000000000e-01 -1.269338639314659120e-22 -8.567021853546816051e-23
4.057617187500000000e-01 -1.963184970430325296e-22 -9.182857681945580325e-23
4.062500000000000000e-01 1.638157790652910064e-22 2.318039321993651380e-23
4.067382812500000000e-01 -1.417268521540139713e-23 -2.413822466183237855e-22
4.072265625000000000e-01 -1.908370359069540306e-23 -1.203111782681691720e-23
4.077148437500000000e-01 -3.031947270690076662e-23 2.145864978767223582e-23
4.082031250000000000e-01 7.983355371356662575e-23 1.319443223264574766e-22
4.086914062500000000e-01 1.205610114277295209e-22 -1.257732562439695587e-22
4.091796875000000000e-01 -2.208799596219685782e-22 1.039493511603315943e-22
4.096679687500000000e-01 1.159653172541986114e-22 -4.167737403946466386e-24
4.101562500000000000e-01 6.478604118724836530e-23 -1.070438371692720071e-22
4.106445312500000000e-01 3.373116150512146713e-23 9.201558085662185725e-24
4.111328125000000000e-01 -1.959764998214269363e-22 1.396297317988929739e-22
4.116210937500000000e-01 1.498421888441784869e-22 6.872335342085901829e-24
4.121093750000000000e-01 -2.448511634924240821e-22 4.002780263200789678e-24
4.125976562500000000e-01 8.422508888819373042e-23 7.908090686973789038e-23
4.130859375000000000e-01 -8.628993257090440615e-23 1.815181759552881031e-22
4.135742187500000000e-01 4.265857668834903990e-23 6.858152107993026989e-23
4.140625000000000000e-01 -2.064426558253131276e-22 -7.772455991903611959e-23
4.145507812500000000e-01 5.492541125511932097e-23 -2.074036702561862832e-22
4.150390625000000000e-01 2.700372314714481531e-22 1.421529969396375169e-22
4.155273437500000000e-01 7.867524941244014006e-23 -5.057099373530986538e-23
4.160156250000000000e-01 1.398789209385397816e-22 2.796918784860929032e-23
4.165039062500000000e-01 -3.450489375361487925e-23 2.617739138104958811e-22
4.169921875000000000e-01 2.145234702307974341e-22 -2.354361014501444911e-22
4.174804687500000000e-01 1.587622108609022587e-22 1.536156499648736701e-23
4.179687500000000000e-01 -9.745904172371446325e-23 2.912291284813298815e-24
4.184570312500000000e-01 1.017499423501837425e-22 -4.421566700091052491e-23
4.189453125000000000e-01 -3.801808690909926099e-23 -8.076596638305245303e-23
4.194335937500000000e-01 1.936034031789970902e-22 -1.769276667313412840e-22
4.199218750000000000e-01 -2.650061654515578077e-22 1.010999293926315135e-22
4.204101562500000000e-01 -9.537475785993840493e-24 2.108061214279847062e-22
4.208984375000000000e-01 -1.804354993882007052e-23 2.809124174780000850e-22
4.213867187500000000e-01 -6.946866780724480977e-23 -1.094873772888095177e-23
4.218750000000000000e-01 -9.715543148735241311e-23 -2.077061329358701152e-22
4.223632812500000000e-01 -8.427453705288886271e-23 2.004445086580235844e-22
4.228515625000000000e-01 6.177978319805372867e-23 -1.624911089353074494e-22
4.233398437500000000e-01 -1.275358026860286432e-22 2.161321333678342803e-22
4.238281250000000000e-01 2.035774782969914460e-23 -4.730856146319506341e-23
4.243164062500000000e-01 6.563658893851843218e-24 1.202834823551166286e-22
4.248046875000000000e-01 2.922771230285186609e-23 -5.854275866293985328e-23
4.252929687500000000e-01 -3.280240693510901990e-23 1.011408989919061392e-22
4.257812500000000000e-01 -4.443309165741320501e-23 -1.183752655082012944e-22
4.262695312500000000e-01 1.608923219578787819e-22 -4.591214315900474086e-23
4.267578125000000000e-01 -1.612468083506935886e-22 -5.983190339027636485e-23
4.272460937500000000e-01 -5.747817214308393654e-23 -8.714677234558396535e-23
4.277343750000000000e-01 -6.429117673005068528e-23 -1.299765429761817344e-22
4.282226562500000000e-01 -1.670886681668690663e-23 2.145229762587302860e-23
4.287109375000000000e-01 -1.121450970844469637e-22 -2.091046401495342782e-22
4.291992187500000000e-01 6.708530690120547869e-23 8.277351944415642798e-23
4.296875000000000000e-01 -2.308540822177988096e-23 1.212337822286683726e-22
4.301757812500000000e-01 2.350918103372758065e-22 -2.037905023078749838e-22
4.306640625000000000e-01 -2.303519080123158770e-22 2.938681359033763462e-23
4.311523437500000000e-01 2.686980034637995715e-22 -1.027005488500444667e-22
4.316406250000000000e-01 1.637316322633586078e-22 -1.671265732294466721e-22
4.321289062500000000e-01 -7.316697134400015849e-23 3.655354330018398896e-24
4.326171875000000000e-01 -1.945949295127520673e-22 -1.370328762748721028e-22
4.331054687500000000e-01 -8.827384180612502196e-23 3.146383451416106525e-22
4.335937500000000000e-01 1.423928042255933464e-22 -6.396971903796967616e-23
4.340820312500000000e-01 -6.477608309482694018e-23 4.370613034762541140e-23
4.345703125000000000e-01 1.700033154177630466e-22 1.296402290921067083e-22
4.350585937500000000e-01 9.445878714740981231e-23 -1.068167714631428377e-22
4.355468750000000000e-01 5.079496835906038072e-23 -1.424821073406942604e-22
4.360351562500000000e-01 3.710047762352125277e-23 2.254729593394388450e-22
4.365234375000000000e-01 5.573550934455044216e-23 -5.123658136989707389e-23
4.370117187500000000e-01 5.395154225763763959e-23 1.750709421574345217e-22
4.375000000000000000e-01 -1.770819637194369350e-22 -3.373907533660061539e-23
4.379882812500000000e-01 -2.945428834059024073e-23 7.328138366323231433e-23
4.384765625000000000e-01 1.480409207739216610e-22 1.877556580043628144e-22
4.389648437500000000e-01 2.566199052749162698e-23 -1.644067821496100408e-22
4.394531250000000000e-01 -5.887320552123836052e-23 -8.979982017842792237e-23
4.399414062500000000e-01 -8.286174771788474451e-23 1.327778114634485124e-22
4.404296875000000000e-01 1.835044257434934260e-22 1.176812982435254080e-22
4.409179687500000000e-01 -2.599649301558260785e-23 -1.890444776611239303e-22
4.414062500000000000e-01 -3.220576492420129210e-23 1.322165906252422383e-22
4.418945312500000000e-01 -2.096760412196337578e-22 -5.131932435618313610e-23
4.423828125000000000e-01 1.967213430353324527e-22 6.146216212579330323e-23
4.428710937500000000e-01 -1.580818241622197718e-22 -8.839287885316366340e-23
4.433593750000000000e-01 -1.616502770675102048e-22 4.367014727582622271e-23
4.438476562500000000e-01 -1.633221630849854444e-22 -2.267487066830485905e-22
4.443359375000000000e-01 1.635998079616011258e-22 2.487721550486669761e-23
4.448242187500000000e-01 -1.751803915295431777e-22 2.044776082643935820e-22
4.453125000000000000e-01 -4.772022687274723365e-23 -3.441574862219675334e-23
4.458007812500000000e-01 1.590878795507755834e-23 2.277495153776839769e-22
4.462890625000000000e-01 7.090469209285760583e-23 -1.676654642919790235e-22
4.467773437500000000e-01 -2.554140566700801507e-22 -6.874055604438275811e-23
4.472656250000000000e-01 -1.036260861437352045e-23 -4.950645023740280972e-23
4.477539062500000000e-01 -1.566100685686307180e-23 5.650010385215810205e-23
4.482421875000000000e-01 7.479785682161882191e-23 5.883621628908748499e-23
4.487304687500000000e-01 6.271775267200450000e-23 -1.641609493135295985e-23
4.492187500000000000e-01 9.314262939682010440e-23 7.237654128933304547e-24
4.497070312500000000e-01 1.191214424617224561e-23 1.685796835541369818e-22
4.501953125000000000e-01 6.210826645757066506e-23 -5.568412263845629208e-23
4.506835937500000000e-01 1.073723158190888106e-22 -2.607078261688043957e-23
4.511718750000000000e-01 -8.392157854814004790e-25 -1.549521176816536265e-22
4.516601562500000000e-01 -2.405545620726488402e-23 8.036374552250852070e-24
4.521484375000000000e-01 2.688938044384131292e-22 3.275892152076200490e-23
4.526367187500000000e-01 -1.836282794705349570e-22 6.723499581922351586e-23
4.531250000000000000e-01 1.448321793116009171e-22 -1.319099147688515536e-22
4.536132812500000000e-01 1.237015399755803651e-23 6.906306434726025044e-23
4.541015625000000000e-01 2.861661623620534428e-23 -1.872934674213731131e-22
4.545898437500000000e-01 1.891951519842810410e-23 -6.189430632477617908e-24
4.550781250000000000e-01 2.632716387498297738e-22 2.977949245960247018e-22
4.555664062500000000e-01 -8.459858784661756612e-23 -1.781562598289013655e-22
4.560546875000000000e-01 1.025019444798494106e-22 -2.502523843140856841e-23
4.565429687500000000e-01 -4.977411347878688022e-23 7.752815428746188016e-23
4.570312500000000000e-01 -4.416312670206304476e-22 9.325080866036871289e-25
4.575195312500000000e-01 -3.599875634580343974e-23 -2.066289394089737757e-22
4.580078125000000000e-01 4.172910534273433918e-24 -2.913664356546792391e-22
4.584960937500000000e-01 2.260250876808510055e-23 8.342274780651370814e-23
4.589843750000000000e-01 -2.538448322162797594e-23 -2.567150575670927930e-23
4.594726562500000000e-01 -1.273191975153063732e-22 4.883526045271229328e-23
4.599609375000000000e-01 3.632122667306747925e-24 -1.736820444751073020e-22
4.604492187500000000e-01 1.706036915936247675e-22 1.605008853268798809e-22
4.609375000000000000e-01 -1.598889200210609787e-22 4.742104897086004164e-23
4.614257812500000000e-01 -5.345097280602257019e-23 1.817968035786706004e-22
4.619140625000000000e-01 1.442400992487108328e-22 -1.748308379352365639e-22
4.624023437500000000e-01 -6.317516699182094785e-23 1.287776312051005258e-22
4.628906250000000000e-01 -1.530607570470199610e-22 -8.848878200869829694e-23
4.633789062500000000e-01 5.784877765262003496e-23 2.311019443392380388e-22
4.638671875000000000e-01 -7.977187805701734540e-23 -4.061689575791514988e-23
4.643554687500000000e-01 3.322212518368402282e-22 3.265947578998173696e-23
4.648437500000000000e-01 -6.629355228757555371e-23 -1.214115545848403719e-22
4.653320312500000000e-01 2.801899854056357695e-22 5.942334259864742498e-23
4.658203125000000000e-01 -4.277363061114159042e-23 8.383384934168913002e-23
4.663085937500000000e-01 -7.684664686559888065e-23 -3.364118918252799184e-23
4.667968750000000000e-01 1.864745085122501489e-22 7.108930231933247506e-24
4.672851562500000000e-01 -1.629305512481830001e-22 -5.579824812024997826e-23
4.677734375000000000e-01 -1.455029657950309722e-22 3.334393002804109900e-22
4.682617187500000000e-01 6.366685929752185990e-23 -1.232963293068968139e-22
4.687500000000000000e-01 -2.331498799810108226e-23 1.460622474249438899e-22
4.692382812500000000e-01 6.167878305440297869e-23 -2.752118922975887818e-22
4.697265625000000000e-01 2.866926438565832855e-22 -1.195663725785096033e-22
4.702148437500000000e-01 -3.263251349870008591e-23 2.806440287105175233e-24
4.707031250000000000e-01 -1.664296029581484959e-22 6.452427981830642640e-23
4.711914062500000000e-01 -6.408424836360765982e-23 1.970577643384174227e-23
4.716796875000000000e-01 9.335270845070878612e-23 2.927945608847161565e-23
4.721679687500000000e-01 -4.787272909894147857e-23 -1.310992080208696821e-22
4.726562500000000000e-01 -3.743227191228194593e-23 1.541016701995732469e-22
4.731445312500000000e-01 -1.123164321597725036e-22 8.349630464115088908e-23
4.736328125000000000e-01 -2.151045526873818191e-22 3.789348175844700908e-22
4.741210937500000000e-01 -1.933705962343559943e-22 -9.339708141740014629e-23
4.746093750000000000e-01 1.636498815253916201e-23 1.002031172811511195e-23
4.750976562500000000e-01 3.616486765173674134e-23 -6.856241793574007351e-23
4.755859375000000000e-01 -4.110114897667393971e-23 -6.609955246160611132e-23
4.760742187500000000e-01 -1.137954516769717758e-22 -1.389480191269623556e-23
4.765625000000000000e-01 8.464483616075015373e-23 1.329362466730516422e-22
4.770507812500000000e-01 -7.532433495549596215e-23 1.060062442767332007e-22
4.775390625000000000e-01 1.037820098615236127e-22 -1.579598125476622463e-22
4.780273437500000000e-01 2.039789527547158546e-22 -1.718228343025644737e-22
4.785156250000000000e-01 4.229974170730793428e-24 -6.785560411402691437e-23
4.790039062500000000e-01 1.165705443303470801e-22 2.853468139864828716e-23
4.794921875000000000e-01 -2.904557710789058299e-23 -2.491287223548874032e-23
4.799804687500000000e-01 2.480641347911836867e-22 -2.791436727916459015e-24
4.804687500000000000e-01 2.865153816298644776e-22 -1.125904098309943953e-22
4.809570312500000000e-01 -1.128063352310476029e-22 -2.795421261050895829e-22
4.814453125000000000e-01 5.276647013462983290e-23 6.706124469672145265e-23
4.819335937500000000e-01 1.340596089215442382e-22 8.484907766572680051e-23
4.824218750000000000e-01 -1.250126946026554227e-22 -1.936091501571750055e-22
4.829101562500000000e-01 -2.960773821586690349e-22 -1.620580291140431052e-22
4.833984375000000000e-01 -4.673112984129210677e-24 2.037090405980728051e-23
4.838867187500000000e-01 -1.791109562507096920e-22 -3.125252650085367270e-24
4.843750000000000000e-01 -2.399515326699620638e-22 1.025369314984536221e-22
4.848632812500000000e-01 1.253869959891926829e-22 6.824043696377101374e-23
4.853515625000000000e-01 3.734440966403033164e-22 1.120685823534579161e-22
4.858398437500000000e-01 -9.717946338466948155e-24 6.492654295355069118e-23
4.863281250000000000e-01 -1.096374014477765914e-22 -5.342443092909627491e-23
4.868164062500000000e-01 -2.307207473315717261e-22 -1.226603951438941745e-22
4.873046875000000000e-01 -1.211905397709881197e-23 1.537076293047466469e-22
4.877929687500000000e-01 1.331658985943091096e-22 -2.036751008544749967e-22
4.882812500000000000e-01 -6.596049822762594349e-24 1.183162657523931288e-22
4.887695312500000000e-01 -3.174978827561583597e-23 -5.448214855830899513e-23
4.892578125000000000e-01 1.733562434193040951e-22 1.479289262283261836e-22
4.897460937500000000e-01 -4.170468362680819976e-24 1.382482762919076296e-23
4.902343750000000000e-01 1.986227903027140721e-22 1.342239563837841067e-22
4.907226562500000000e-01 -1.350399124822516163e-24 -3.955841338992150288e-23
4.912109375000000000e-01 -2.797216464505306065e-22 1.495400991351978635e-22
4.916992187500000000e-01 1.061851746284352697e-22 -3.008119164723593577e-23
4.921875000000000000e-01 -1.581077673170139287e-22 8.059671105537165790e-23
4.926757812500000000e-01 3.855560248937803814e-23 -1.025853310818548112e-22
4.931640625000000000e-01 -5.616342141717975764e-23 -9.484055590244647639e-23
4.936523437500000000e-01 1.389794204655695913e-22 3.210115148914831417e-22
4.941406250000000000e-01 -5.596224222048287579e-23 2.777014225818727809e-23
4.946289062500000000e-01 -1.924349386133111797e-22 -3.077087713536954686e-23
4.951171875000000000e-01 -1.196865718699445401e-23 -4.941665726669772123e-23
4.956054687500000000e-01 -3.903454863685848110e-23 9.018928384902341813e-23
4.960937500000000000e-01 -1.785719302139593592e-22 1.366825437631963925e-22
4.965820312500000000e-01 2.375631856100934624e-22 -9.851835178533406719e-23
4.970703125000000000e-01 4.945398702445164666e-24 -9.731268218883128369e-23
4.975585937500000000e-01 1.953660750668367782e-22 -6.676988520382004313e-23
4.980468750000000000e-01 -1.262950587914674092e-22 -1.450837743042155168e-22
4.985351562500000000e-01 -1.573602659231981668e-22 -7.485722575170461092e-23
4.990234375000000000e-01 1.293021988389994669e-22 6.590906378009305388e-23
4.995117187500000000e-01 -7.939462578757756527e-23 -1.074417424963094995e-22
5.000000000000000000e-01 -7.615180322344367192e-23 8.053509252564385789e-23
5.004882812500000000e-01 -5.406394397391044062e-24 -1.215892418364928568e-22
5.009765625000000000e-01 1.059170610279652533e-22 1.039542590810763152e-23
5.014648437500000000e-01 2.427596888985143154e-22 -3.600661772060831622e-23
5.019531250000000000e-01 7.288427032857116103e-24 1.143658239385188530e-22
5.024414062500000000e-01 1.262121778731817294e-22 -6.471979399844128379e-23
5.029296875000000000e-01 -1.192290376156029469e-22 5.335393788914780974e-23
5.034179687500000000e-01 1.080240736049064254e-22 3.801105469442060508e-22
5.039062500000000000e-01 3.404544307797425496e-23 -3.304278733489801762e-22
5.043945312500000000e-01 2.241210855588226744e-23 -2.163046159243137488e-22
5.048828125000000000e-01 -3.762405207819416446e-23 -3.320253003280763896e-23
5.053710937500000000e-01 -2.095308089455381851e-23 -4.442478329103919048e-23
5.058593750000000000e-01 -3.125018472491725562e-23 1.352769596563057535e-22
5.063476562500000000e-01 -1.588196544919269529e-22 -8.878374715489197085e-23
5.068359375000000000e-01 -5.663069566682583295e-23 -4.190118188129857996e-23
5.073242187500000000e-01 1.238855716990044878e-25 -9.932869803038548127e-24
5.078125000000000000e-01 9.655802509459107480e-23 1.190735022123482233e-22
5.083007812500000000e-01 1.370411336047219473e-22 9.431386632252755897e-23
5.087890625000000000e-01 -2.023976199494239054e-22 -1.816284503977747409e-22
5.092773437500000000e-01 2.533490080464267191e-22 1.948017447486862382e-22
5.097656250000000000e-01 2.478942291392647408e-22 -1.243043822173460532e-22
5.102539062500000000e-01 5.285847524348261123e-23 1.220222466588762688e-22
5.107421875000000000e-01 -1.869355664313521750e-22 1.352512621057712714e-22
5.112304687500000000e-01 -1.485067056743984279e-23 9.685901538703383530e-23
5.117187500000000000e-01 -9.704231039199632160e-23 7.491044461589151592e-23
5.122070312500000000e-01 -2.512746395209955945e-22 -1.557949771464534519e-22
5.126953125000000000e-01 3.421078972963534605e-22 6.747843837934734074e-23
5.131835937500000000e-01 -1.492112804184042163e-22 8.194972967607904745e-24
5.136718750000000000e-01 -3.566187891890935078e-22 -1.674847972391197262e-22
5.141601562500000000e-01 2.581005594532905633e-22 -3.603369371915557174e-23
5.146484375000000000e-01 -3.013472640633983180e-22 9.476961864545062268e-24
5.151367187500000000e-01 -7.388261638045120385e-24 1.201408201155589524e-22
5.156250000000000000e-01 -8.079823775104563331e-23 -7.219006905353526526e-23
5.161132812500000000e-01 5.886730982265222096e-23 2.498945007555167594e-22
5.166015625000000000e-01 -1.279500541510491840e-22 -2.602121078052814681e-22
5.170898437500000000e-01 2.309028693727827503e-22 1.311799855745138955e-22
5.175781250000000000e-01 -1.547015939871166164e-22 -1.489211455919255158e-22
5.180664062500000000e-01 -1.101123383163099799e-22 2.010903924019720346e-22
5.185546875000000000e-01 -2.210918140776583893e-23 -1.977695634455416538e-22
5.190429687500000000e-01 6.594693688021012902e-23 -1.203230341656254083e-22
5.195312500000000000e-01 2.031836877054024799e-23 -2.461645606026343540e-22
5.200195312500000000e-01 2.007892452799393694e-22 1.484688045285073846e-22
5.205078125000000000e-01 -4.253808572419122269e-23 -1.867077595082589817e-23
5.209960937500000000e-01 2.442016212067497091e-22 9.536772205574983156e-23
5.214843750000000000e-01 1.637928819293584993e-22 -6.452975005228251863e-23
5.219726562500000000e-01 5.145334974789361005e-23 1.862958912332430361e-23
5.224609375000000000e-01 -3.520596929231733605e-23 1.147186012068744217e-22
5.229492187500000000e-01 -1.905141638584837766e-23 1.734135468807799538e-22
5.234375000000000000e-01 -2.722495620865919882e-22 4.247653805651652342e-23
5.239257812500000000e-01 -1.251821700386780685e-22 -1.405435133178121043e-23
5.244140625000000000e-01 -1.022165867495529688e-22 1.515924664010501999e-24
5.249023437500000000e-01 1.669002661083996265e-22 -5.099649690663564534e-23
5.253906250000000000e-01 1.576733098002342688e-22 7.466212941030785375e-23
5.258789062500000000e-01 -4.981783594202065914e-23 -4.523816397876674801e-23
5.263671875000000000e-01 6.284873625181341723e-23 -2.760441775119610263e-22
5.268554687500000000e-01 -1.289155490033675809e-23 1.509466437048243631e-23
5.273437500000000000e-01 -4.333409935424995583e-23 -1.917936428870223185e-22
5.278320312500000000e-01 9.145467905010480737e-23 2.016956522326411588e-22
5.283203125000000000e-01 6.427577858763801833e-23 4.599146221913284055e-23
5.288085937500000000e-01 -5.166400635514766984e-23 -7.043054468526954581e-23
5.292968750000000000e-01 2.182333741100988929e-22 1.097522827005709882e-22
5.297851562500000000e-01 -2.250436919406345027e-22 -8.307587288235443936e-25
5.302734375000000000e-01 -1.420513155358680671e-22 -1.625311188795094751e-22
5.307617187500000000e-01 1.072886693619355923e-22 2.380311280296175991e-22
5.312500000000000000e-01 -7.419274902322563407e-23 7.362112626047094401e-23
5.317382812500000000e-01 9.840493326319252160e-23 1.103154174600457343e-22
5.322265625000000000e-01 3.841776021499569254e-23 5.677369418556342797e-24
5.327148437500000000e-01 -5.075911082979766417e-23 8.108814735098419462e-23
5.332031250000000000e-01 -1.588266968063071652e-23 5.300187908316917873e-23
5.336914062500000000e-01 1.012050812869569267e-22 -7.167589579325195670e-23
5.341796875000000000e-01 -7.267806144991584360e-23 1.157316756915777364e-23
5.346679687500000000e-01 -1.409309251101358170e-22 -8.938173581423031941e-23
5.351562500000000000e-01 -2.485678198456373256e-23 4.839427880435247484e-23
5.356445312500000000e-01 -1.953105220689603525e-22 1.602075390653208140e-23
5.361328125000000000e-01 -5.262975368410535711e-23 -1.827584809935319814e-22
5.366210937500000000e-01 2.206030318022570434e-22 -9.983699250377705886e-23
5.371093750000000000e-01 6.661965733155499201e-23 -2.048216934321886088e-22
5.375976562500000000e-01 5.266114239843112656e-23 -8.743977346338299934e-23
5.380859375000000000e-01 -2.106168909284319308e-23 -1.042264811287925529e-22
5.385742187500000000e-01 1.000636886571739434e-22 3.161583084049703394e-23
5.390625000000000000e-01 1.306895786403805017e-22 1.700877779127136055e-22
5.395507812500000000e-01 -2.042163164691411935e-22 1.076225861458628770e-23
5.400390625000000000e-01 1.932940340371285220e-22 1.704704382754972396e-22
5.405273437500000000e-01 -4.382254450831219152e-23 1.382098694228852259e-22
5.410156250000000000e-01 -4.369483889655184837e-24 1.652371101522637164e-22
5.415039062500000000e-01 -1.807487376023042150e-23 -4.908742844649458289e-23
5.419921875000000000e-01 -5.670752937380954684e-23 -2.044367822170469801e-22
5.424804687500000000e-01 4.013830141725174195e-22 -5.291045795940501996e-23
5.429687500000000000e-01 3.765417344884961615e-23 -1.192747460008665001e-22
5.434570312500000000e-01 -2.076449908456167170e-22 -1.933347068694117171e-22
5.439453125000000000e-01 1.249816674240985595e-22 -4.206855228828477141e-23
5.444335937500000000e-01 -6.351965568445602584e-23 1.226562444637433686e-22
5.449218750000000000e-01 -2.453963857473932504e-22 -3.350438254322771877e-23
5.454101562500000000e-01 8.295489693621023159e-23 5.187943110393504327e-23
5.458984375000000000e-01 2.486846362004403227e-23 -4.171678838539855751e-23
5.463867187500000000e-01 -2.395460114525556587e-22 1.289211931266652192e-22
5.468750000000000000e-01 -1.036181639431588039e-23 1.365326687362180321e-22
5.473632812500000000e-01 -1.649098651893607738e-22 6.864692180606836768e-23
5.478515625000000000e-01 -1.047265279970979519e-22 1.033096350495342313e-22
5.483398437500000000e-01 -1.152157599761850928e-22 -4.156346998494071190e-23
5.488281250000000000e-01 2.238745112068240164e-22 -1.211921695629471601e-22
5.493164062500000000e-01 1.643985424634998656e-22 1.745619757071845278e-22
5.498046875000000000e-01 -1.815445899240555895e-22 2.288770441452487774e-25
5.502929687500000000e-01 -1.024261140886718998e-22 -7.134225870312808948e-23
5.507812500000000000e-01 1.428199012229441111e-22 -1.378123608094988977e-22
5.512695312500000000e-01 1.859804524451188807e-23 -7.857847249772091416e-23
5.517578125000000000e-01 -3.725097385169384704e-23 1.700382581642405407e-22
5.522460937500000000e-01 7.066874422772298250e-23 2.081822586525143139e-22
5.527343750000000000e-01 -3.137618697654143905e-22 -1.628636148236499061e-23
5.532226562500000000e-01 1.567727372408829327e-22 -2.517394641514703606e-22
5.537109375000000000e-01 -1.431399627756025378e-22 2.732344744719374583e-22
5.541992187500000000e-01 5.102013271576700913e-23 -2.822344091877088831e-22
5.546875000000000000e-01 -2.974363292207482652e-22 1.379173632309201571e-22
5.551757812500000000e-01 7.626450474565025266e-23 1.198451886437070210e-22
5.556640625000000000e-01 -5.542951601593263046e-24 -2.870174488125624932e-22
5.561523437500000000e-01 1.832172507450052426e-23 -5.979816120299564775e-23
5.566406250000000000e-01 6.482090871942022386e-23 1.148807282076726558e-22
5.571289062500000000e-01 3.052721462489802093e-22 -1.026388358489515270e-22
5.576171875000000000e-01 1.693310032543353012e-23 2.917136616668647139e-22
5.581054687500000000e-01 2.196035941686595050e-22 -2.814551784853452570e-23
5.585937500000000000e-01 -1.115433978742566124e-22 6.646188279589961408e-23
5.590820312500000000e-01 2.290640157382703790e-22 -9.981286485250772474e-23
5.595703125000000000e-01 -8.407443690732744364e-23 1.315155959627829705e-22
5.600585937500000000e-01 7.818715794097081981e-23 -3.560445621796771802e-24
5.605468750000000000e-01 -1.744486270705191624e-22 -1.481443021501799891e-22
5.610351562500000000e-01 2.135984263165669933e-22 1.245710166663010428e-22
5.615234375000000000e-01 -3.872967988137995408e-23 -1.044669540804097613e-22
5.620117187500000000e-01 1.155397978041185600e-22 4.955344969463311590e-23
5.625000000000000000e-01 1.089218176158438861e-22 -4.490847520325450497e-23
5.629882812500000000e-01 -8.233428496599132649e-23 -4.215445994660572105e-23
5.634765625000000000e-01 -1.660942782332937306e-23 1.944731854502648057e-23
5.639648437500000000e-01 2.096553544195968358e-22 -1.209734136551196847e-22
5.644531250000000000e-01 6.152878419104982957e-23 1.225298521042007633e-22
5.649414062500000000e-01 -5.561858308926294038e-25 -4.664423299927783426e-23
5.654296875000000000e-01 -6.977528517398705311e-23 1.287967140894485905e-23
5.659179687500000000e-01 4.528036634501764042e-23 -9.439094237415152616e-23
5.664062500000000000e-01 -1.921681765463902962e-22 3.848358710128582574e-23
5.668945312500000000e-01 -1.117130740625878134e-22 4.809242178525121392e-23
5.673828125000000000e-01 2.386339734608591653e-23 -1.949074494774821478e-22
5.678710937500000000e-01 3.138794986378484297e-22 -1.971907934576962641e-22
5.683593750000000000e-01 -4.130659160442039185e-23 9.010160210060676787e-23
5.688476562500000000e-01 -4.084878166845067069e-23 -7.294046616555697501e-23
5.693359375000000000e-01 -1.592746133799374672e-22 -7.497542664281709441e-23
5.698242187500000000e-01 3.304524179277470934e-23 -4.138788521751064991e-23
5.703125000000000000e-01 -1.118271711782308720e-22 -2.190431583898122840e-22
5.708007812500000000e-01 -9.104041510414389208e-23 -2.972779767517264085e-23
5.712890625000000000e-01 -3.129615459706601274e-23 1.739443011632062608e-22
5.717773437500000000e-01 -2.378418454257639208e-22 -2.854416051503829227e-23
5.722656250000000000e-01 3.329105038280016313e-23 -1.645921002488901353e-23
5.727539062500000000e-01 -1.563288263021406020e-22 1.169786776950919088e-23
5.732421875000000000e-01 -3.878751978390127077e-23 -2.497863159486800853e-23
5.737304687500000000e-01 2.644903048772099904e-23 1.737125882923197138e-22
5.742187500000000000e-01 -1.727610204201770811e-22 -1.799520921844228764e-22
5.747070312500000000e-01 -4.959115378712091425e-23 2.081633465713778405e-22
5.751953125000000000e-01 4.591732203275499148e-23 1.187067124200203271e-22
5.756835937500000000e-01 8.338079835169915236e-23 3.835664796642003705e-22
5.761718750000000000e-01 -9.891575823668980131e-23 -5.590207745326204381e-23
5.766601562500000000e-01 8.898313133786583508e-23 1.772459324681713636e-22
5.771484375000000000e-01 1.364958884494720077e-22 8.711736428732626243e-23
5.776367187500000000e-01 -1.182094998756716439e-22 -1.558824227119755984e-22
5.781250000000000000e-01 1.014493752499421149e-22 -8.656188234472230359e-23
5.786132812500000000e-01 -1.921720302156518853e-22 5.565326232171285100e-23
5.791015625000000000e-01 -1.110962739482003254e-24 -2.145953748938918368e-22
5.795898437500000000e-01 8.081139585244165510e-23 -1.270829410889463708e-22
5.800781250000000000e-01 -7.576620877221254572e-23 3.287863045516442597e-22
5.805664062500000000e-01 6.850900299478583045e-23 3.280987242875247229e-22
5.810546875000000000e-01 1.215725350107951712e-22 9.448889636792014360e-23
5.815429687500000000e-01 1.595022377440966725e-22 2.288813631299254723e-22
5.820312500000000000e-01 1.928141921402158528e-23 -9.701684595159218729e-23
5.825195312500000000e-01 -4.026638405298949914e-23 -1.640096789926179902e-22
5.830078125000000000e-01 -6.649504817971430380e-23 -9.208960257806470906e-23
5.834960937500000000e-01 1.342194406358272546e-22 1.507236848843375717e-22
5.839843750000000000e-01 1.252165580640551189e-22 6.262024933944743934e-23
5.844726562500000000e-01 -4.585937255371096105e-23 -2.304931418236985931e-22
5.849609375000000000e-01 -9.300672894646728168e-23 1.555045993920068640e-22
5.854492187500000000e-01 -1.116069629268000301e-22 1.075720547458499486e-22
5.859375000000000000e-01 5.698482021740135435e-23 -2.087239054079803338e-22
5.864257812500000000e-01 -2.358902754796131051e-23 -1.184432176491143979e-22
5.869140625000000000e-01 2.478097553650108588e-22 1.791119254236028458e-23
5.874023437500000000e-01 -1.335939839993281981e-23 3.189276331241163863e-23
5.878906250000000000e-01 -7.093301502489152827e-24 7.434514287643154084e-23
5.883789062500000000e-01 1.602865807089028958e-22 -2.986133837697858054e-22
5.888671875000000000e-01 -3.404378697875880271e-23 -5.076596580269705030e-23
5.893554687500000000e-01 4.543166588652896996e-23 -1.712062637836974970e-23
5.898437500000000000e-01 -1.563986209492961335e-22 -6.166076922762132767e-23
5.903320312500000000e-01 8.209660881145967824e-23 -6.576173015978317628e-23
5.908203125000000000e-01 9.589200859960714198e-23 -2.217415216990436693e-22
5.913085937500000000e-01 -2.466705220789303564e-22 -2.654215716598963157e-23
5.917968750000000000e-01 1.062399502887053966e-22 -1.004398815777931725e-22
5.922851562500000000e-01 1.778538574090887973e-22 -1.757213121962465159e-22
5.927734375000000000e-01 8.413687560169199912e-23 4.905249909941002600e-23
5.932617187500000000e-01 -1.447951713590811855e-22 -2.349534864616710500e-22
5.937500000000000000e-01 -2.037982630331259681e-23 1.236242664020049574e-22
5.942382812500000000e-01 1.496617887026598795e-22 -2.414045599652161096e-22
5.947265625000000000e-01 1.607714765675787602e-22 -2.009265239456121443e-22
5.952148437500000000e-01 -4.303299119846263443e-22 1.157502372989225640e-23
5.957031250000000000e-01 3.531827344238109454e-24 1.462865005598379757e-22
5.961914062500000000e-01 -1.293362478915382486e-22 3.989960494797082470e-24
5.966796875000000000e-01 -1.170115206188299807e-23 -1.094926627342714181e-22
5.971679687500000000e-01 2.306777033396280968e-22 3.676796331284619774e-23
5.976562500000000000e-01 -9.557217717628523249e-23 1.754381431278933862e-22
5.981445312500000000e-01 4.642410122772247195e-23 3.477832791888709309e-23
5.986328125000000000e-01 9.539713820625049998e-24 2.546707717040474640e-22
5.991210937500000000e-01 4.867897644762437742e-23 4.792924843460131458e-23
5.996093750000000000e-01 -1.081376961667371158e-22 1.406650153628931359e-22
6.000976562500000000e-01 -2.728211556741251767e-22 6.007362879556005145e-23
6.005859375000000000e-01 -1.572131019188621237e-22 5.252629736139145811e-24
6.010742187500000000e-01 1.356033259830353517e-22 4.967059087561823982e-23
6.015625000000000000e-01 -1.555611296257708409e-22 2.719558909428525593e-22
6.020507812500000000e-01 2.577123712785201887e-23 2.027053837952503402e-23
6.025390625000000000e-01 8.674499141388027405e-23 1.534732247743502882e-22
6.030273437500000000e-01 4.722985805679006326e-23 8.018017235106667642e-23
6.035156250000000000e-01 4.634324382879493155e-23 9.582314659307905074e-23
6.040039062500000000e-01 -1.497383056838403517e-22 2.953680170815977346e-23
6.044921875000000000e-01 -1.377642844666525551e-22 1.379893275684929518e-22
6.049804687500000000e-01 2.103005719533460232e-22 -1.130845528069498544e-22
6.054687500000000000e-01 -2.010769051285906480e-22 -1.201984457366002800e-22
6.059570312500000000e-01 -3.789027226872778614e-23 2.804216571372905934e-22
6.064453125000000000e-01 1.727336248707264746e-22 -3.102612193752661440e-22
6.069335937500000000e-01 1.592038044548086072e-22 1.423574253775167045e-22
6.074218750000000000e-01 -1.528851793820923057e-23 6.305166845938545440e-23
6.079101562500000000e-01 1.684043431566480673e-23 3.943390255406784251e-23
6.083984375000000000e-01 -1.359495959314499301e-22 1.440595553213625371e-23
6.088867187500000000e-01 2.096539719905815430e-22 -1.409906081808444871e-22
6.093750000000000000e-01 6.398566280304485133e-23 1.892601311853742124e-22
6.098632812500000000e-01 8.845758626768106585e-23 -1.266416360389151352e-22
6.103515625000000000e-01 -6.783758487409561159e-23 1.970644464755045093e-22
6.108398437500000000e-01 7.829485021147183674e-23 -8.898168136671944701e-23
6.113281250000000000e-01 -3.720984832262994745e-22 -1.504742775676455536e-22
6.118164062500000000e-01 1.193959201981594330e-22 -2.440498349364438709e-23
6.123046875000000000e-01 -7.402398155970876305e-23 -1.671587626679149926e-23
6.127929687500000000e-01 7.249536951303005161e-23 -2.965649744403340846e-23
6.132812500000000000e-01 1.514135463558676481e-23 -1.598767724404343975e-22
6.137695312500000000e-01 -6.324125598641116444e-24 1.384038661263871846e-23
6.142578125000000000e-01 9.396037481846198515e-23 -2.051178450369794800e-22
6.147460937500000000e-01 -5.226455405298915165e-23 5.675012198151111322e-23
6.152343750000000000e-01 1.083602907799472874e-22 -1.139444104711372605e-22
6.157226562500000000e-01 9.386721382857798846e-23 -9.270660267558501630e-23
6.162109375000000000e-01 4.749542767042716466e-23 -4.681157755057358070e-24
6.166992187500000000e-01 -8.492648978130576709e-24 -1.597367407247498786e-22
6.171875000000000000e-01 2.126051374066820184e-23 -1.404419125892101291e-22
6.176757812500000000e-01 1.274331909365504087e-22 -2.883685962635542626e-22
6.181640625000000000e-01 -7.882508837358015852e-23 -2.355941819092824990e-23
6.186523437500000000e-01 6.812210455819599450e-23 -3.274781335363480998e-24
6.191406250000000000e-01 1.594239303088628771e-22 -5.755437960213407909e-24
6.196289062500000000e-01 -1.850132850539068179e-23 -4.965397609323889429e-23
6.201171875000000000e-01 -1.709985368065162632e-22 6.826525980431041945e-24
6.206054687500000000e-01 -1.746586847255533284e-22 -2.215735924028615819e-22
6.210937500000000000e-01 -1.366464421027724357e-22 2.701854272831927581e-22
6.215820312500000000e-01 -1.128908814103343255e-22 5.019364563429126714e-23
6.220703125000000000e-01 -6.440964015174428688e-23 2.096425482835624862e-22
6.225585937500000000e-01 2.386077331506189447e-22 3.019164327794096868e-23
6.230468750000000000e-01 2.125609933231598766e-22 1.841348235803842933e-23
6.235351562500000000e-01 -9.746277871946642783e-23 -7.477736837878901213e-23
6.240234375000000000e-01 -7.001489150484737548e-23 7.503859528213146185e-23
6.245117187500000000e-01 5.221276090373358989e-23 9.415034254698748686e-24
6.250000000000000000e-01 -2.978664713015018757e-22 2.194550617326425450e-22
6.254882812500000000e-01 -6.795982265397262857e-23 1.164415520913540843e-22
6.259765625000000000e-01 -2.051524324381691236e-22 5.734158771827016835e-23
6.264648437500000000e-01 -6.140379488103554414e-23 1.254102607072235862e-22
6.269531250000000000e-01 1.291785894686482705e-22 7.762049075025971964e-23
6.274414062500000000e-01 1.565077171319280396e-22 -7.349286904571098200e-24
6.279296875000000000e-01 -2.023128853026261674e-22 9.174872132893911274e-23
6.284179687500000000e-01 2.674916698439703942e-22 -8.461805990887369675e-23
6.289062500000000000e-01 1.980246352078095100e-24 3.416817387354073603e-23
6.293945312500000000e-01 6.762364824834226434e-23 -5.977780713643409352e-24
6.298828125000000000e-01 9.768738689401471957e-23 6.858554594604199002e-23
6.303710937500000000e-01 2.013669783542571123e-22 -2.903908427504198777e-23
6.308593750000000000e-01 -2.122544936424189926e-23 -1.149901451881751415e-22
6.313476562500000000e-01 -1.598145627963795870e-23 3.284709406430573503e-23
6.318359375000000000e-01 3.484628879164668892e-23 2.079137432587771438e-23
6.323242187500000000e-01 1.679873094002575655e-23 6.877900072741691161e-26
6.328125000000000000e-01 2.486314072055320489e-23 1.150055112922944504e-22
6.333007812500000000e-01 -3.937062144156101343e-23 -2.530745390521410530e-22
6.337890625000000000e-01 -2.066234845825811544e-22 2.126861136444040632e-22
6.342773437500000000e-01 -2.115388457028504512e-22 -7.940713402221022527e-23
6.347656250000000000e-01 6.163096103501174505e-23 -1.777926665914946378e-22
6.352539062500000000e-01 8.384544653190700838e-23 -2.305481454321175173e-22
6.357421875000000000e-01 6.448640789505399936e-23 1.175336847940198374e-22
6.362304687500000000e-01 -7.158303075127537949e-24 1.978727070575736305e-22
6.367187500000000000e-01 2.055756851203506661e-24 -3.534963341055759241e-23
6.372070312500000000e-01 -9.302851361075467430e-23 -1.511496079772416778e-23
6.376953125000000000e-01 1.376446806498465903e-22 1.175713929371267862e-23
6.381835937500000000e-01 -4.612697702352169097e-23 5.107325315253852654e-23
6.386718750000000000e-01 5.867528937266500951e-23 -2.993824049427349051e-23
6.391601562500000000e-01 -1.517207539142750113e-23 1.641123531701748002e-23
6.396484375000000000e-01 1.557660889872595789e-22 -2.109212900418692611e-22
6.401367187500000000e-01 -4.510855621389525295e-22 -9.540529368140073245e-23
6.406250000000000000e-01 7.498227330372302759e-23 8.750067454323214396e-23
6.411132812500000000e-01 5.541463808647156388e-23 6.654322556008068928e-23
6.416015625000000000e-01 1.519695294165349699e-22 4.739567620834011945e-23
6.420898437500000000e-01 -3.129260251598212621e-23 6.618232701452398932e-24
6.425781250000000000e-01 7.796597447272573409e-23 9.759020735770639489e-23
6.430664062500000000e-01 -8.837387859024002449e-23 -9.728082950720137331e-24
6.435546875000000000e-01 4.974958227963751180e-23 9.904652834633854454e-24
6.440429687500000000e-01 -1.366067628854929782e-22 2.998333573834239432e-23
6.445312500000000000e-01 -4.650165417202596992e-23 -5.131130742437856854e-23
6.450195312500000000e-01 -9.203732900591732586e-23 -4.562245987719683335e-23
6.455078125000000000e-01 4.767232702328307075e-23 -1.136508860061191407e-22
6.459960937500000000e-01 1.924378859326045859e-22 -7.574177451908759373e-23
6.464843750000000000e-01 1.261870315703996869e-22 1.074471181951777544e-22
6.469726562500000000e-01 -1.323648160445420192e-23 3.478071549937026508e-23
6.474609375000000000e-01 1.379883096420150380e-22 -6.889314824650981153e-23
6.479492187500000000e-01 1.057848104226673187e-22 -3.451000082029228300e-23
6.484375000000000000e-01 -1.639926686128310620e-22 5.765163603071170281e-23
6.489257812500000000e-01 8.300260491717337055e-23 1.285693911736195652e-22
6.494140625000000000e-01 -8.795976752069634679e-23 -2.419085806504348904e-23
6.499023437500000000e-01 3.215959601225098177e-23 1.154062794032600660e-23
6.503906250000000000e-01 2.770110097549181958e-24 1.434879781028144900e-22
6.508789062500000000e-01 3.292154785807323998e-23 -1.402134630514195166e-22
6.513671875000000000e-01 -1.591809330291314247e-22 -5.551393828053494544e-23
6.518554687500000000e-01 -4.723171812410039515e-23 1.639764661320952178e-22
6.523437500000000000e-01 -1.518781873293031927e-22 -1.443232900739589750e-22
6.528320312500000000e-01 -2.179837968349026029e-22 -2.344556420259931932e-22
6.533203125000000000e-01 -1.997861607867971391e-22 1.793404361207371596e-22
6.538085937500000000e-01 6.683788095341872818e-23 -1.709889597748007727e-22
6.542968750000000000e-01 -3.599557737007365314e-23 1.027251902028422983e-22
6.547851562500000000e-01 1.769314786730981055e-22 -2.743950823510692719e-22
6.552734375000000000e-01 6.280587625636556443e-23 6.916751024041372569e-23
6.557617187500000000e-01 -3.211540152141401847e-22 -1.197462801547673638e-23
6.562500000000000000e-01 2.556482781864438415e-22 1.621942281098634208e-22
6.567382812500000000e-01 -3.148475922002767467e-24 -2.161676638890814923e-22
6.572265625000000000e-01 3.366951444774858271e-23 8.513577060408925872e-23
6.577148437500000000e-01 -1.823934317931174640e-23 -3.035707718513978177e-24
6.582031250000000000e-01 8.294847761891392419e-23 8.052654707073796904e-24
6.586914062500000000e-01 1.635735200369451698e-22 -6.474760628327056759e-23
6.591796875000000000e-01 1.641134509151657500e-22 7.203250746221829567e-23
6.596679687500000000e-01 5.218590718393817335e-23 7.427456956129637359e-23
6.601562500000000000e-01 1.787417670206146143e-22 -1.698435016399256216e-22
6.606445312500000000e-01 -5.437381241082177396e-24 2.212542672142514112e-22
6.611328125000000000e-01 -6.504804961448720248e-23 1.759273766858250511e-24
6.616210937500000000e-01 -3.497064570799293571e-23 8.980443240881697644e-23
6.621093750000000000e-01 -4.802392452737254312e-23 -2.083475325104903424e-23
6.625976562500000000e-01 -9.606985725856446311e-23 -1.684536735891208088e-22
6.630859375000000000e-01 -1.019913789392916476e-22 3.143538117661279092e-23
6.635742187500000000e-01 7.879082998517966723e-23 5.721135694796240144e-23
6.640625000000000000e-01 -1.128937129342783677e-22 -1.054350092317598515e-22
6.645507812500000000e-01 7.157580725624483887e-23 2.938563594473885134e-22
6.650390625000000000e-01 1.552557667298026979e-22 -4.412940840611528465e-24
6.655273437500000000e-01 -1.545933694482273697e-22 3.666537780358322565e-23
6.660156250000000000e-01 8.691560572061040511e-23 2.391947181435374403e-22
6.665039062500000000e-01 -1.287904979629584352e-22 -2.442065834710348589e-23
6.669921875000000000e-01 -1.437052680680789061e-22 -1.655066845085333169e-22
6.674804687500000000e-01 1.904702161010460232e-22 5.672303639678296470e-23
6.679687500000000000e-01 -1.399998392923794738e-23 2.490447554900888210e-22
6.684570312500000000e-01 -6.278278818205128949e-23 -9.845472877922715912e-23
6.689453125000000000e-01 1.273492862864534566e-22 -4.619817367604857585e-23
6.694335937500000000e-01 4.463962805933847752e-23 -4.043787021257669268e-24
6.699218750000000000e-01 9.672239343633571540e-23 -2.953417963365452792e-23
6.704101562500000000e-01 -2.401864271809446065e-23 1.653035787310169893e-24
6.708984375000000000e-01 1.937012923260126312e-22 1.367419470663754859e-22
6.713867187500000000e-01 -1.172383956277772092e-22 -1.628072288675205720e-22
6.718750000000000000e-01 1.856096698898682390e-22 -1.912562011421271004e-22
6.723632812500000000e-01 -3.201691702168489340e-22 1.572610643367530278e-22
6.728515625000000000e-01 -7.031901199413822444e-23 3.736462585170327304e-23
6.733398437500000000e-01 9.245621357450135025e-23 -2.021799667101662921e-23
6.738281250000000000e-01 1.582335965897770286e-22 -1.717601024915632893e-22
6.743164062500000000e-01 -3.985527386146102361e-22 -1.042695124578928648e-22
6.748046875000000000e-01 -3.261001025167516693e-23 4.969926301889477599e-23
6.752929687500000000e-01 9.941030541959477875e-23 -9.343022298735064632e-23
6.757812500000000000e-01 -8.267356632525385949e-23 -9.463771847075328601e-24
6.762695312500000000e-01 1.384937428493321845e-22 7.537267238936878058e-24
6.767578125000000000e-01 -1.146593800843136687e-22 6.242701486292936159e-23
6.772460937500000000e-01 1.112364652162002560e-22 -1.193717705265828558e-23
6.777343750000000000e-01 -1.849812457506157335e-22 -5.409135553978968203e-25
6.782226562500000000e-01 -2.482736184501004977e-24 -1.769655282849098748e-22
6.787109375000000000e-01 1.139328160881197335e-22 5.101797118167547363e-23
6.791992187500000000e-01 -1.335578071051291983e-22 -7.395035077171498974e-24
6.796875000000000000e-01 -8.670914979919803666e-23 3.309509544170681080e-24
6.801757812500000000e-01 3.024310178898529614e-24 2.680628205021212236e-22
6.806640625000000000e-01 -8.332689713804098619e-23 -8.794756530482044533e-23
6.811523437500000000e-01 1.559680610790761384e-22 -5.205532035694582321e-23
6.816406250000000000e-01 -5.861124966954459752e-23 5.114129048926910458e-23
6.821289062500000000e-01 1.433635858839601918e-22 1.511996744882250763e-22
6.826171875000000000e-01 7.442979336130148004e-24 -1.531148095966290846e-22
6.831054687500000000e-01 -1.885585467711033597e-23 -5.789107605265670047e-25
6.835937500000000000e-01 -1.115191051889917993e-22 -6.350701923740530029e-23
6.840820312500000000e-01 -1.338817543685427615e-22 -3.618705115382840236e-23
6.845703125000000000e-01 -1.617470588684725794e-23 1.131301816620627833e-22
6.850585937500000000e-01 -8.400151145966113656e-23 -1.909919631592949572e-22
6.855468750000000000e-01 9.202289034537017637e-23 7.498169202619200008e-23
6.860351562500000000e-01 -1.264025028319770683e-22 1.418067920542450408e-22
6.865234375000000000e-01 1.505916585655216625e-22 -5.614470936221454869e-23
6.870117187500000000e-01 1.783140440433839298e-22 8.944795548075037576e-23
6.875000000000000000e-01 4.950644080175933059e-25 8.506132264211917530e-23
6.879882812500000000e-01 -1.248775434119507534e-22 -1.428525312337309462e-22
6.884765625000000000e-01 1.847479948870165828e-23 -7.835627577367468929e-23
6.889648437500000000e-01 -7.183163375539380604e-23 -1.069194109411545175e-22
6.894531250000000000e-01 2.703691836334390465e-22 -8.596508815313289495e-23
6.899414062500000000e-01 2.630362937238870845e-22 -8.370360804298341990e-25
6.904296875000000000e-01 -2.261373863346026191e-22 1.041886046902742368e-22
6.909179687500000000e-01 8.112949930026995161e-23 -3.000987885822172835e-22
6.914062500000000000e-01 -1.637950505316203833e-22 7.537864574723869708e-23
6.918945312500000000e-01 2.095062063579163318e-22 1.599572630385481097e-22
6.923828125000000000e-01 -5.036448507311143036e-23 1.034065586425014300e-22
6.928710937500000000e-01 2.290393120229702174e-22 3.535329125566432753e-23
6.933593750000000000e-01 -7.479703471758045133e-23 -1.032556646406850447e-22
6.938476562500000000e-01 5.781050987954959106e-23 1.112232000509013419e-22
6.943359375000000000e-01 1.167428571387216125e-22 1.596523750060123747e-22
6.948242187500000000e-01 4.184815720139706684e-23 -3.568351817981343646e-23
6.953125000000000000e-01 1.136077617453238775e-22 2.560504945696880189e-23
6.958007812500000000e-01 -1.167170953121052931e-23 -1.525458710835072067e-22
6.962890625000000000e-01 -7.843134897698197498e-23 -3.027198271678513235e-23
6.967773437500000000e-01 1.594982193798623433e-22 1.028047683729721880e-22
6.972656250000000000e-01 -8.486835739768865173e-23 4.812181830471748304e-24
6.977539062500000000e-01 -2.137635317173219771e-22 -2.456421174253573158e-23
6.982421875000000000e-01 -7.220053810139782377e-23 -2.337287376864744835e-22
6.987304687500000000e-01 -1.383345216181411476e-22 -4.860886507032084199e-23
6.992187500000000000e-01 -7.834636533251541660e-23 2.835777383213860967e-22
6.997070312500000000e-01 2.245978061070626785e-22 3.797472335788360135e-23
7.001953125000000000e-01 -8.098252995522712833e-23 -8.408183771636049330e-23
7.006835937500000000e-01 1.732197492258829725e-22 3.931615124428801604e-23
7.011718750000000000e-01 -1.028624993850932136e-22 2.808798491080318377e-23
7.016601562500000000e-01 -7.429507969212538761e-24 -1.040633211602047251e-22
7.021484375000000000e-01 2.696651905556024427e-23 8.325350678478782349e-24
7.026367187500000000e-01 -2.275654804008260955e-22 2.125958745787838854e-22
7.031250000000000000e-01 7.284399763584562811e-23 -2.957693113032192356e-23
7.036132812500000000e-01 -1.816301773539757260e-22 1.404490463357604345e-22
7.041015625000000000e-01 -1.305172080454828945e-22 -1.635292361940645390e-23
7.045898437500000000e-01 1.042427471241371016e-22 -3.720936498634933255e-23
7.050781250000000000e-01 -8.080582785512998654e-23 3.318836363978956284e-22
7.055664062500000000e-01 7.382895862697642194e-23 1.712970327819818728e-23
7.060546875000000000e-01 -5.339079070685116620e-23 -6.685210965423043066e-23
7.065429687500000000e-01 1.943030065533078834e-22 3.714314491654935534e-23
7.070312500000000000e-01 -1.989585340256603052e-22 2.466338656266607326e-24
7.075195312500000000e-01 1.620333995654001359e-23 3.472615566531485078e-23
7.080078125000000000e-01 -2.253586235424512815e-22 -6.571710226670591804e-23
7.084960937500000000e-01 8.329770277478004134e-23 -6.180306896788594866e-23
7.089843750000000000e-01 1.088710714407623308e-22 -1.441406878120045528e-22
7.094726562500000000e-01 -8.113060386247064692e-23 3.815923104837427982e-23
7.099609375000000000e-01 -6.799469721025171204e-23 6.975279841796640441e-24
7.104492187500000000e-01 8.464138781536241687e-23 -4.198582254658957290e-23
7.109375000000000000e-01 -1.300759858321944942e-24 9.391442970040173464e-23
7.114257812500000000e-01 -6.802814471842336059e-23 -3.264809805757901760e-22
7.119140625000000000e-01 -2.683168834539282639e-24 -1.502817041728489400e-22
7.124023437500000000e-01 1.305635931806062883e-22 -6.673373959905318277e-23
7.128906250000000000e-01 -3.024129072204985958e-22 -1.184604984821340596e-22
7.133789062500000000e-01 -1.938290453513216339e-23 -8.396247831763150556e-23
7.138671875000000000e-01 2.861007007328692439e-23 -4.629863110336965804e-23
7.143554687500000000e-01 -7.287728721359391010e-23 3.547326155420497167e-23
7.148437500000000000e-01 -1.058616783213631018e-22 -1.470747340529922271e-22
7.153320312500000000e-01 2.305938255026640454e-22 5.486718245537565939e-24
7.158203125000000000e-01 2.927197942969873273e-22 1.178389521723465401e-22
7.163085937500000000e-01 6.004683396290904182e-23 2.859852477683864739e-22
7.167968750000000000e-01 -2.901322156042577392e-23 -1.430906393299249791e-23
7.172851562500000000e-01 1.023752512950644447e-22 -5.603907883752060441e-23
7.177734375000000000e-01 -1.448477392230342774e-22 1.153785899931238947e-22
7.182617187500000000e-01 2.002239306099574757e-22 -2.342017978122387811e-22
7.187500000000000000e-01 2.055634475575785625e-22 9.232476192290193379e-23
7.192382812500000000e-01 -2.058442851977405855e-22 4.649230894340488522e-24
7.197265625000000000e-01 2.672754206126707160e-22 4.868238276001042976e-23
7.202148437500000000e-01 2.122126142366488692e-23 2.584188232498449420e-23
7.207031250000000000e-01 -1.879065853376974992e-22 9.220269667512874351e-23
7.211914062500000000e-01 -1.742275954706564898e-22 -6.434763120330365692e-23
7.216796875000000000e-01 5.405560362877862279e-23 2.662479508835623919e-23
7.221679687500000000e-01 -5.658085103043660361e-25 -1.229906811121800156e-22
7.226562500000000000e-01 1.625002583300906218e-22 -8.170501409299905322e-23
7.231445312500000000e-01 -7.034486226301630521e-23 -1.765979676316462753e-22
7.236328125000000000e-01 1.868145217735272517e-22 1.386764752237478565e-22
7.241210937500000000e-01 1.325635558655604580e-22 2.288767105105248354e-24
7.246093750000000000e-01 -3.584899709608181606e-23 1.897592675800148624e-22
7.250976562500000000e-01 1.065939661589377558e-23 3.742057045935379249e-23
7.255859375000000000e-01 3.350522486238344098e-23 6.182955657939312426e-23
7.260742187500000000e-01 2.878211246373660036e-23 3.071040897582792505e-23
7.265625000000000000e-01 -1.248955295187186719e-22 1.849416968541258405e-23
7.270507812500000000e-01 5.635874689110905687e-23 7.409635401533483397e-23
7.275390625000000000e-01 -6.046768315523230136e-23 8.162544193577060918e-23
7.280273437500000000e-01 5.682770903577521545e-23 3.586909778236733255e-22
7.285156250000000000e-01 -3.818332667874324642e-23 -3.343150281702140029e-22
7.290039062500000000e-01 -1.442858125914177447e-22 -2.598238171859589487e-23
7.294921875000000000e-01 1.557956886361221724e-22 1.135417457804787190e-22
7.299804687500000000e-01 -2.304955431057077718e-22 1.346018930170535004e-22
7.304687500000000000e-01 6.728653046993652917e-23 -1.685608967925524848e-22
7.309570312500000000e-01 -7.633859541400952654e-23 -4.893124623811501086e-23
7.314453125000000000e-01 1.156966780436145877e-22 -1.066319541538004117e-23
7.319335937500000000e-01 6.160431768218754636e-24 6.377656723703472240e-23
7.324218750000000000e-01 -1.731241385448429669e-22 -1.885160619489001777e-22
7.329101562500000000e-01 1.417765557854773954e-22 -1.477840342898745407e-22
7.333984375000000000e-01 -1.449224882946518901e-22 1.284384655928037271e-22
7.338867187500000000e-01 -1.740465783168903663e-23 1.793217821811433198e-22
7.343750000000000000e-01 7.060594100814757229e-23 -7.371944909485448865e-23
7.348632812500000000e-01 -2.178836779509658764e-22 6.931311351239742980e-23
7.353515625000000000e-01 -1.428735731872097276e-22 -1.052159058640855616e-22
7.358398437500000000e-01 -9.480030096324450440e-25 4.188377831511965435e-22
7.363281250000000000e-01 -2.815673944505560314e-23 -2.670612894520603235e-22
7.368164062500000000e-01 2.106558609853210409e-23 7.955510504362404663e-23
7.373046875000000000e-01 1.623813897839599846e-22 -3.162952352201340109e-23
7.377929687500000000e-01 -1.802396011329136776e-22 2.268376744870511174e-23
7.382812500000000000e-01 -1.703763220068277408e-22 4.222362635156251507e-23
7.387695312500000000e-01 -1.619167997980183998e-22 -8.827643306223408995e-23
7.392578125000000000e-01 4.669184018858490140e-23 -6.602281690952673240e-23
7.397460937500000000e-01 2.677670910405507367e-23 -8.555960072050543100e-23
7.402343750000000000e-01 1.524213024678780325e-22 -2.284786733424946611e-23
7.407226562500000000e-01 -8.418680771820722163e-23 -2.903167531433766728e-22
7.412109375000000000e-01 -1.549424539665655626e-22 -9.473344572565341236e-23
7.416992187500000000e-01 -8.876215388677018128e-24 -6.827651434404542664e-23
7.421875000000000000e-01 9.460382434375012948e-23 -1.900291270804538948e-22
7.426757812500000000e-01 2.690331824020860792e-23 9.519778377290683140e-23
7.431640625000000000e-01 -1.996642583292951969e-22 1.072375109645238197e-22
7.436523437500000000e-01 1.083918037915604324e-22 1.912158998748599596e-22
7.441406250000000000e-01 4.646490001907387811e-23 1.920160660850810798e-22
7.446289062500000000e-01 1.664778479970889425e-23 2.750287794897012042e-23
7.451171875000000000e-01 1.898298801813936659e-22 -2.386433729500798722e-23
7.456054687500000000e-01 4.041913656808162805e-23 -7.810321103557799065e-23
7.460937500000000000e-01 2.279897826326479460e-22 -2.426924808952042362e-22
7.465820312500000000e-01 -1.448583725338126307e-22 1.122232440807353092e-22
7.470703125000000000e-01 1.289423220229650574e-22 -5.792193897276021209e-23
7.475585937500000000e-01 4.878651420759553720e-23 1.773118660651329388e-22
7.480468750000000000e-01 1.654005871733052115e-22 -8.372040280124341466e-23
7.485351562500000000e-01 1.405687858842981194e-22 5.132871286562212290e-23
7.490234375000000000e-01 1.147314697530224400e-23 -1.750664286238390861e-22
7.495117187500000000e-01 2.099449706884695908e-22 -1.255509221549873397e-22
7.500000000000000000e-01 -1.169726959583845644e-22 1.489421515907711414e-22
7.504882812500000000e-01 2.348154095152882109e-22 2.371836430349747839e-23
7.509765625000000000e-01 5.374937771500591563e-23 -6.665292687235778753e-23
7.514648437500000000e-01 -1.436471035199300254e-23 1.111317620402492377e-22
7.519531250000000000e-01 5.441667006467753161e-23 -8.676225940955799670e-23
7.524414062500000000e-01 -1.015785462637446035e-22 1.336602374168328262e-22
7.529296875000000000e-01 -8.481812465585747868e-23 -6.010310220479159771e-23
7.534179687500000000e-01 -1.379727041221358790e-22 6.714951338198346230e-23
7.539062500000000000e-01 6.216000093566154483e-23 1.170997703413222107e-22
7.543945312500000000e-01 -5.890087844917512859e-23 1.351704693003285974e-22
7.548828125000000000e-01 -1.743392960577033385e-22 -5.086687060472057592e-23
7.553710937500000000e-01 4.421391828629093883e-23 5.901328051592757562e-23
7.558593750000000000e-01 -1.378726721836227068e-22 -1.911869689369295927e-23
7.563476562500000000e-01 -5.207513654161849741e-23 8.836842514733964888e-23
7.568359375000000000e-01 -1.424847023484957112e-23 -1.142944122295966157e-22
7.573242187500000000e-01 5.329829873562353994e-23 2.269472481349551155e-22
7.578125000000000000e-01 1.139358687488724588e-22 -5.860735690971138593e-23
7.583007812500000000e-01 -1.440834524207314778e-22 -1.045223873193073226e-22
7.587890625000000000e-01 -4.949029152322028632e-23 -9.831705461614110732e-24
7.592773437500000000e-01 -1.575894139394557262e-22 -1.925729769365827453e-23
7.597656250000000000e-01 1.143689065899687641e-22 -2.164378936857124437e-22
7.602539062500000000e-01 -1.047211565256938498e-22 1.538467990019704439e-22
7.607421875000000000e-01 1.605162002117992832e-22 -8.651977841959977498e-23
7.612304687500000000e-01 -9.486179452811292815e-23 -1.859734663285194792e-23
7.617187500000000000e-01 -2.139513361690703221e-23 6.939276114363641511e-23
7.622070312500000000e-01 -3.144727013536378597e-23 -1.186754125270426735e-22
7.626953125000000000e-01 3.548329767272502849e-24 6.277069354660920024e-23
7.631835937500000000e-01 -7.835005989861302488e-23 -9.420073249229765307e-23
7.636718750000000000e-01 -1.249851481970310083e-22 5.363876960706989423e-23
7.641601562500000000e-01 -7.671060845640141728e-23 -7.427041424421077061e-23
7.646484375000000000e-01 -1.711721885878571435e-23 -3.478843625152640726e-23
7.651367187500000000e-01 2.758397372640633403e-22 1.379294467272907444e-22
7.656250000000000000e-01 -7.731057409501949532e-23 8.200870184139171095e-23
7.661132812500000000e-01 -8.306674869852704647e-23 -2.496012193823752435e-23
7.666015625000000000e-01 1.047538913126133850e-22 1.716906226689989506e-22
7.670898437500000000e-01 -5.292420129852423612e-23 -2.608516094492390816e-22
7.675781250000000000e-01 5.910185383574495759e-23 1.841542481156527450e-22
7.680664062500000000e-01 2.196352471881946093e-22 -1.593374357419123234e-22
7.685546875000000000e-01 -4.383285618201696875e-23 1.463876931458365750e-23
7.690429687500000000e-01 6.528612516801161598e-23 -6.395137897814564775e-23
7.695312500000000000e-01 -1.932806524926662020e-22 -3.422986605078809095e-23
7.700195312500000000e-01 9.139155151280212086e-23 9.432472597730483569e-23
7.705078125000000000e-01 -1.349800951038924145e-22 9.207616320255795958e-23
7.709960937500000000e-01 1.467520937690484268e-22 8.839752670253739092e-23
7.714843750000000000e-01 -8.101551181418163477e-23 -2.035599768274070003e-23
7.719726562500000000e-01 -7.088946026847957612e-23 3.938882732689140843e-24
7.724609375000000000e-01 4.047432834232319945e-23 -3.267512567559210508e-23
7.729492187500000000e-01 -4.512135470696504716e-23 -1.531710508409837429e-23
7.734375000000000000e-01 5.085009187918302830e-24 -6.545347498759762743e-23
7.739257812500000000e-01 -1.146487583572288863e-23 -2.050217434118685029e-22
7.744140625000000000e-01 3.013883842942327622e-23 7.051916001668628673e-23
7.749023437500000000e-01 -1.201277736747060019e-22 -2.385865331894070136e-23
7.753906250000000000e-01 2.407451917520690949e-22 2.618921154906418794e-22
7.758789062500000000e-01 -6.923009190086112643e-23 -5.535359133463670771e-23
7.763671875000000000e-01 6.450259377275271561e-23 4.780626933132271620e-23
7.768554687500000000e-01 1.023737822568689389e-22 -1.870632395833507387e-22
7.773437500000000000e-01 -2.029127573717692001e-22 -8.937957520229810365e-23
7.778320312500000000e-01 1.344186352502544801e-22 2.191139311333299973e-22
7.783203125000000000e-01 1.128267152536270370e-22 -9.355510234399671418e-23
7.788085937500000000e-01 -3.770693219430982152e-23 3.320684101026811617e-23
7.792968750000000000e-01 1.831996325988084726e-22 -2.538822702143366788e-22
7.797851562500000000e-01 -2.588353332886939486e-22 1.722914316784021234e-22
7.802734375000000000e-01 2.919227740533539402e-24 2.448683224558774091e-22
7.807617187500000000e-01 5.122053564616522798e-23 -8.139123903343962697e-23
7.812500000000000000e-01 -6.438669891336429827e-23 -1.115882685961022129e-22
7.817382812500000000e-01 -1.904413097985594492e-22 9.816165182698784690e-23
7.822265625000000000e-01 1.297862823834460012e-22 1.571211783883542569e-23
7.827148437500000000e-01 -2.035057583451807068e-22 -2.549619887748030582e-22
7.832031250000000000e-01 7.886069543524370381e-25 2.529988217761008216e-22
7.836914062500000000e-01 2.342391299710607030e-22 -7.092025891484022927e-23
7.841796875000000000e-01 -1.609002266235229848e-22 3.657899884933639789e-23
7.846679687500000000e-01 3.785863420813532601e-22 -3.222909065748545657e-22
7.851562500000000000e-01 7.528895046135465523e-23 1.855002861749633523e-22
7.856445312500000000e-01 8.472993231536646340e-23 1.279254487305743719e-23
7.861328125000000000e-01 -4.968372437392523953e-23 5.988879701495686467e-23
7.866210937500000000e-01 1.067314928844246456e-22 -1.576194155563586084e-22
7.871093750000000000e-01 -1.225324842725065871e-22 1.847981536982630957e-22
7.875976562500000000e-01 -6.538677572291149297e-23 -1.997166047454009324e-22
7.880859375000000000e-01 2.394157244452600362e-22 2.851021049984601832e-22
7.885742187500000000e-01 1.938130350519079831e-23 -2.500621901898373388e-22
7.890625000000000000e-01 -5.745283459792488566e-23 1.878592965563766066e-22
7.895507812500000000e-01 -2.172556738584945114e-22 -6.542780074506882239e-23
7.900390625000000000e-01 9.873379624636556510e-23 -1.716117189266103059e-22
7.905273437500000000e-01 -1.629123827374221342e-22 -8.044518959875661232e-23
7.910156250000000000e-01 1.626754377790533885e-23 8.358918912629226459e-23
7.915039062500000000e-01 -1.496480851994542037e-22 1.681796632099076664e-22
7.919921875000000000e-01 -1.012410154012858569e-22 -1.465699455052027339e-22
7.924804687500000000e-01 1.850573942073136512e-22 1.460915254058004142e-23
7.929687500000000000e-01 -1.123694846808305883e-22 1.399407181132348777e-23
7.934570312500000000e-01 1.675578598011858835e-23 -6.878127071593711157e-23
7.939453125000000000e-01 -1.456963668961847166e-23 1.211762030698235528e-22
7.944335937500000000e-01 2.512693225020363712e-23 -9.728426332525520883e-24
7.949218750000000000e-01 -5.181988806443948350e-23 7.729519523048094027e-23
7.954101562500000000e-01 -3.371037298377994234e-24 -2.180104667582773764e-22
7.958984375000000000e-01 1.321952936085494522e-22 -2.769251869526571172e-24
7.963867187500000000e-01 -2.029116814392249167e-22 1.784992478048415151e-22
7.968750000000000000e-01 7.107794900049778913e-23 3.285917691631856615e-22
7.973632812500000000e-01 -1.643036662367763661e-22 -1.410242748955916951e-22
7.978515625000000000e-01 1.991817786664465087e-22 1.446762419130387852e-22
7.983398437500000000e-01 -4.825438409799696072e-23 -1.386768946516185494e-22
7.988281250000000000e-01 9.732730372876433583e-23 1.289508945405657410e-22
7.993164062500000000e-01 -3.545380546102260519e-23 -5.101795235143274322e-23
7.998046875000000000e-01 -5.460429249003682658e-23 -1.796800704381781629e-23
8.002929687500000000e-01 1.329009484613745184e-22 -1.213864575052331167e-22
8.007812500000000000e-01 -9.862827594940621488e-23 -1.382239120843991157e-22
8.012695312500000000e-01 3.875092674121884138e-23 -1.822074885494223214e-23
8.017578125000000000e-01 -1.232398663854128098e-22 2.689256002821006331e-23
8.022460937500000000e-01 1.256278917053834357e-22 -8.352643327647924865e-23
8.027343750000000000e-01 -1.387774630220324507e-22 1.114430377899632801e-22
8.032226562500000000e-01 -1.455254703289496846e-22 5.457963618186630840e-23
8.037109375000000000e-01 -1.642611721648029698e-22 8.842910836844983267e-23
8.041992187500000000e-01 -3.950994317906063824e-23 2.331800056746640343e-23
8.046875000000000000e-01 -3.923780412857936034e-23 1.426541343798164983e-23
8.051757812500000000e-01 -2.547109793488049923e-23 8.474281482208459291e-23
8.056640625000000000e-01 5.276141733453317822e-23 9.354356731218208014e-23
8.061523437500000000e-01 8.325664556669254133e-23 -1.918108650582352559e-22
8.066406250000000000e-01 1.004341327337302578e-22 2.015837451419507512e-22
8.071289062500000000e-01 -2.037714255964345399e-23 3.068061590827708283e-23
8.076171875000000000e-01 4.469997184609121535e-23 -5.116875080527391847e-24
8.081054687500000000e-01 1.320674209254917387e-24 -5.985119211220840959e-23
8.085937500000000000e-01 1.037609635147510926e-22 -1.943485039113700868e-22
8.090820312500000000e-01 1.659530729108191284e-22 3.503833277960931907e-23
8.095703125000000000e-01 -1.024267027404221404e-22 -5.016837541058530031e-23
8.100585937500000000e-01 1.714148988918084177e-22 -4.606389390725679956e-23
8.105468750000000000e-01 6.954670309476422917e-23 8.477435244461209053e-23
8.110351562500000000e-01 1.075537195943587001e-22 1.178948481035787489e-23
8.115234375000000000e-01 2.922960633325821902e-24 1.597375288750544235e-22
8.120117187500000000e-01 1.296107830401992668e-23 -2.319115274060620887e-22
8.125000000000000000e-01 -1.213073183410006049e-22 -2.430649827650772484e-22
8.129882812500000000e-01 1.544782796187863891e-22 6.455372736923478869e-23
8.134765625000000000e-01 -9.846795138224871798e-23 -1.103405877311273799e-22
8.139648437500000000e-01 1.360854082189405996e-23 -1.346480257619912460e-22
8.144531250000000000e-01 3.243601117185039236e-22 -3.137592857418509823e-22
8.149414062500000000e-01 2.862367593104841016e-23 9.460903302363729450e-24
8.154296875000000000e-01 -2.840725888521982197e-22 8.205818370368111989e-23
8.159179687500000000e-01 -5.358442658625621527e-24 1.811497228356454433e-22
8.164062500000000000e-01 -1.286386588760692970e-23 -1.755006991305148966e-22
8.168945312500000000e-01 -1.424592204767578711e-22 2.286839710338515311e-23
8.173828125000000000e-01 9.157861607103049833e-23 8.789375629180580910e-23
8.178710937500000000e-01 1.400072702490883400e-23 4.312654295200783869e-23
8.183593750000000000e-01 -1.122703818279174862e-22 2.002886297370843398e-22
8.188476562500000000e-01 3.755509876626665117e-23 3.378273820228083458e-23
8.193359375000000000e-01 7.672431249377086305e-23 1.925394881084191934e-22
8.198242187500000000e-01 -1.600594610155195110e-22 1.603247898646057444e-22
8.203125000000000000e-01 2.415706018708446535e-22 -6.675173040437321976e-23
8.208007812500000000e-01 6.727449274999766522e-24 6.344549590875974597e-23
8.212890625000000000e-01 4.305882808731243224e-23 -1.661123017197056403e-22
8.217773437500000000e-01 -7.475392242814142047e-24 3.287582751200875900e-22
8.222656250000000000e-01 -1.268042578024062336e-22 -8.909622813692421711e-23
8.227539062500000000e-01 -2.308170270990607892e-22 7.652518335184756306e-23
8.232421875000000000e-01 -4.372267595068072376e-24 -8.280209903831840096e-23
8.237304687500000000e-01 -1.849723789389000591e-23 -2.814272516894034387e-23
8.242187500000000000e-01 -1.422045364133569611e-22 1.991491954224159414e-23
8.247070312500000000e-01 -1.734571744875048396e-22 -2.301435241901812404e-23
8.251953125000000000e-01 1.200312395787564691e-22 -3.479772005729431527e-23
8.256835937500000000e-01 1.397658485555050072e-22 1.131145449624779110e-23
8.261718750000000000e-01 -1.813611317243946106e-23 -1.470950098628742097e-22
8.266601562500000000e-01 -2.576540538976725920e-23 -4.217275633213034784e-23
8.271484375000000000e-01 -1.013583560483732011e-22 -1.886028908447978039e-22
8.276367187500000000e-01 1.908415061412272788e-22 -1.208434826303771903e-23
8.281250000000000000e-01 3.421714939286459238e-23 -1.522420801726938404e-22
8.286132812500000000e-01 -1.417101533269508216e-22 1.859513443285193999e-22
8.291015625000000000e-01 -9.192498107549598728e-26 2.970874326168278620e-23
8.295898437500000000e-01 1.178685264554987118e-23 -2.029093797153648204e-24
8.300781250000000000e-01 1.536305939666268009e-22 8.335684821085698073e-23
8.305664062500000000e-01 -6.604252237555897598e-23 1.974813825369374063e-22
8.310546875000000000e-01 9.819493487915155601e-23 -3.271363419454355737e-23
8.315429687500000000e-01 -1.530093718249312050e-22 1.134726483741359479e-23
8.320312500000000000e-01 -7.399458051931375343e-23 2.498341104328131485e-22
8.325195312500000000e-01 -1.888836926366710590e-22 -1.416404047052579837e-22
8.330078125000000000e-01 -6.439951725657613280e-23 -2.689359570562963493e-22
8.334960937500000000e-01 -8.616182750600895660e-23 4.169826359721991939e-23
8.339843750000000000e-01 2.183641197103585765e-22 2.661989516158948375e-22
8.344726562500000000e-01 3.158879864570866512e-23 -2.362949480097538926e-22
8.349609375000000000e-01 -1.934243510784291282e-22 -1.836056942249043962e-23
8.354492187500000000e-01 3.826529373181542762e-22 -1.349557782320867046e-22
8.359375000000000000e-01 -4.485350802437249787e-23 7.483623279195434641e-23
8.364257812500000000e-01 -1.501866588540868120e-23 -1.490863959314047664e-22
8.369140625000000000e-01 -3.694841628766434014e-23 6.410743683945357198e-23
8.374023437500000000e-01 1.137098670364751718e-23 5.379413463448291736e-23
8.378906250000000000e-01 6.688182131593531427e-23 -7.391365544266115667e-23
8.383789062500000000e-01 -7.764881470986655797e-23 1.965084772916682990e-22
8.388671875000000000e-01 1.551311458589673991e-22 8.805647891808875458e-23
8.393554687500000000e-01 9.994245131483825539e-23 1.249098863138120570e-22
8.398437500000000000e-01 -1.122468403812371732e-22 -6.332331921281124424e-23
8.403320312500000000e-01 8.110608359354986969e-23 1.312027818083168721e-22
8.408203125000000000e-01 2.361320474362813472e-22 -1.488064664665651038e-22
8.413085937500000000e-01 1.710730886026067793e-22 -6.025714138875986538e-23
8.417968750000000000e-01 -2.780050880642068927e-23 -1.762959454828606277e-22
8.422851562500000000e-01 7.408549540096219003e-24 -6.723218800588149514e-24
8.427734375000000000e-01 1.026103358886445821e-22 -8.194814487141178917e-23
8.432617187500000000e-01 -8.688052687004158505e-23 1.241495193579145897e-23
8.437500000000000000e-01 -5.270405445607982246e-23 6.729086486345999577e-23
8.442382812500000000e-01 1.857601103774274844e-22 -4.058267045229114761e-23
8.447265625000000000e-01 -2.866128762247773784e-22 1.136414351576253214e-22
8.452148437500000000e-01 -1.260407850446191652e-22 2.140033959352792127e-22
8.457031250000000000e-01 -1.771753289864952002e-22 -6.771733270683138387e-23
8.461914062500000000e-01 1.047838211467773936e-22 9.861283369335941569e-23
8.466796875000000000e-01 -7.619865436235542201e-23 -4.531271628208858373e-25
8.471679687500000000e-01 -3.783098133913073290e-23 -1.534562975506148477e-22
8.476562500000000000e-01 -1.527105001963322031e-23 -1.632458541539326605e-22
8.481445312500000000e-01 1.501335135877127194e-22 -2.598160630370081361e-23
8.486328125000000000e-01 -2.865217728238785632e-23 1.386917729694243272e-22
8.491210937500000000e-01 -9.329162372167682470e-23 2.936152509931226407e-22
8.496093750000000000e-01 -5.039918786176447760e-23 -1.284713483726840486e-22
8.500976562500000000e-01 9.255509355702250628e-23 -4.930124636514277065e-23
8.505859375000000000e-01 7.870486709634178525e-23 -8.568441368280566064e-23
8.510742187500000000e-01 -6.029240376119850513e-23 -1.771496901019512383e-22
8.515625000000000000e-01 1.392654131118970897e-22 -6.370108973716288988e-24
8.520507812500000000e-01 -3.060738615343787996e-22 -9.931693414249665607e-23
8.525390625000000000e-01 8.775619479071212526e-23 4.881461171466583282e-24
8.530273437500000000e-01 -2.776418312932399867e-22 5.218127981166127882e-23
8.535156250000000000e-01 1.452112765399702143e-22 -1.447829477198294272e-22
8.540039062500000000e-01 8.128017958935555391e-23 -2.846896123422254148e-23
8.544921875000000000e-01 1.414954141857599247e-22 1.226352523420393496e-22
8.549804687500000000e-01 -2.518898651693156930e-22 4.198249643458487132e-23
8.554687500000000000e-01 -4.758549426066182940e-23 -4.631069600797259878e-23
8.559570312500000000e-01 1.688149753578404236e-22 -7.776652639447872439e-24
8.564453125000000000e-01 7.695857842412195123e-23 -1.965964102251972353e-22
8.569335937500000000e-01 -1.739943697243212083e-22 -7.485364450381319979e-23
8.574218750000000000e-01 -2.335767799416268581e-23 1.304765651573897443e-22
8.579101562500000000e-01 -2.773828102181080902e-22 -3.584242388051689762e-23
8.583984375000000000e-01 -4.099509454463408227e-24 5.816709236001477766e-24
8.588867187500000000e-01 8.975583556376013534e-23 1.670158977859402086e-23
8.593750000000000000e-01 1.484487605447712285e-22 2.370505355718550165e-22
8.598632812500000000e-01 1.493597136468860417e-22 -5.158505375238585199e-23
8.603515625000000000e-01 2.927892854583866780e-22 7.271163663304596008e-23
8.608398437500000000e-01 -1.231747001939421359e-22 6.896975821193533387e-23
8.613281250000000000e-01 9.751203390812595127e-23 3.937502397499850439e-23
8.618164062500000000e-01 -1.632176664752475097e-23 -5.114436238593876913e-23
8.623046875000000000e-01 -1.987627471483669802e-22 2.095014204044506138e-22
8.627929687500000000e-01 -2.203152863404051291e-23 7.674085929706013315e-23
8.632812500000000000e-01 1.652120659135932712e-22 -1.876874565209096882e-24
8.637695312500000000e-01 1.735864855374806484e-22 5.335892808332135189e-23
8.642578125000000000e-01 -1.512385570378705186e-22 2.070009538616699862e-22
8.647460937500000000e-01 5.332328188039965232e-23 1.219297053988049280e-23
8.652343750000000000e-01 -7.229815306936322995e-23 -1.670538981405078385e-22
8.657226562500000000e-01 -1.936868417364073975e-22 6.937322199546460051e-23
8.662109375000000000e-01 4.216222091727766185e-23 1.817138807550433215e-23
8.666992187500000000e-01 3.400986246396184844e-23 -3.062406144136877170e-23
8.671875000000000000e-01 -8.090564293636692743e-23 -2.716816320256960693e-22
8.676757812500000000e-01 1.548194038466970578e-22 1.034424290940127538e-22
8.681640625000000000e-01 -1.906116959103142173e-22 1.076272961709714080e-22
8.686523437500000000e-01 7.431325317717517811e-23 -1.195273597780210125e-22
8.691406250000000000e-01 -3.558036169252815873e-23 -8.906424728660270616e-24
8.696289062500000000e-01 1.718651148735779191e-22 -2.009052622471576046e-23
8.701171875000000000e-01 -1.204431928406174038e-22 -5.886307419513307045e-23
8.706054687500000000e-01 1.159894576105102523e-22 -5.888454570279806083e-23
8.710937500000000000e-01 9.327595724799651609e-23 5.105424865187215341e-23
8.715820312500000000e-01 -1.437991891867605142e-22 -1.789839565152374840e-22
8.720703125000000000e-01 1.126377251255563754e-22 2.262501984493963283e-22
8.725585937500000000e-01 -1.624449106061687417e-22 -2.021445778525250147e-22
8.730468750000000000e-01 9.113891436174762064e-23 -2.719897148795303425e-23
8.735351562500000000e-01 -8.440439321363496046e-23 2.463480746206965973e-22
8.740234375000000000e-01 1.052188385238019431e-22 1.830918661890679639e-22
8.745117187500000000e-01 -2.373377088805887963e-22 -2.169742343692371352e-22
8.750000000000000000e-01 2.657679560590285625e-22 -1.735381840977322562e-22
8.754882812500000000e-01 -4.798451864919922746e-23 -6.702340078290057577e-23
8.759765625000000000e-01 3.289955306866964169e-23 -1.272764800101012847e-23
8.764648437500000000e-01 -2.248295091061317980e-22 5.045328661586939756e-23
8.769531250000000000e-01 1.735927938872924115e-23 -7.915949997386409299e-23
8.774414062500000000e-01 -1.195727841476016300e-22 -9.707946436869557693e-23
8.779296875000000000e-01 -4.723045760628864013e-23 -2.032515459257284981e-23
8.784179687500000000e-01 5.759553987030005548e-23 2.201752024610431249e-23
8.789062500000000000e-01 8.719369193459207147e-23 -8.779056106665467227e-23
8.793945312500000000e-01 -3.247558339300437722e-22 1.579025252166709428e-23
8.798828125000000000e-01 2.510899245732368473e-22 2.369649634768524286e-23
8.803710937500000000e-01 -1.492660463970699574e-22 -3.119038284918424466e-22
8.808593750000000000e-01 3.305915027163324280e-22 1.078719287861960371e-22
8.813476562500000000e-01 -2.297359251579348666e-23 2.546611994336819978e-22
8.818359375000000000e-01 9.529137606689576898e-23 1.996732095942103246e-22
8.823242187500000000e-01 9.693032013341311349e-24 -1.741802695346287624e-22
8.828125000000000000e-01 -2.917569424522448210e-24 2.905684696475024746e-22
8.833007812500000000e-01 6.545587034428768295e-23 7.836720224389927152e-23
8.837890625000000000e-01 4.012525635563998067e-23 -1.378882939932613975e-23
8.842773437500000000e-01 8.711810564111573637e-23 -1.218166880298428820e-22
8.847656250000000000e-01 1.123991613340477628e-22 1.346652710642943872e-23
8.852539062500000000e-01 7.026202284480234465e-23 -1.669169470930769396e-22
8.857421875000000000e-01 -9.697029281221108747e-24 1.687290948209658524e-23
8.862304687500000000e-01 -1.348104077259173584e-22 -6.501197271579833126e-23
8.867187500000000000e-01 9.416390810917082654e-23 -8.831623986656841853e-23
8.872070312500000000e-01 -1.672189789962258885e-23 3.996814989266798342e-23
8.876953125000000000e-01 6.240485098385299349e-23 9.287262879412109160e-23
8.881835937500000000e-01 -3.584629250417830015e-22 3.395821208965251034e-23
8.886718750000000000e-01 -1.110901224889692735e-22 -3.041606081609987068e-22
8.891601562500000000e-01 -5.089725188642939568e-24 2.320997509990610443e-22
8.896484375000000000e-01 -2.188498134176241713e-23 1.191278265749845246e-22
8.901367187500000000e-01 -1.155523197648888106e-22 2.115302922061389503e-22
8.906250000000000000e-01 -1.326703333712583715e-22 -1.105597138988964564e-22
8.911132812500000000e-01 1.292951833816636930e-23 7.120704116229087500e-23
8.916015625000000000e-01 -2.079571644719096860e-23 1.943508275089368561e-22
8.920898437500000000e-01 -4.622732088309135636e-23 9.466323053064639244e-23
8.925781250000000000e-01 2.880055286314277684e-22 9.980240255208820531e-23
8.930664062500000000e-01 -2.665599487077934283e-23 5.396214522599948329e-23
8.935546875000000000e-01 -1.195514919462839303e-22 -1.833476548789198569e-22
8.940429687500000000e-01 3.496714266256578034e-23 -7.144617378120008281e-23
8.945312500000000000e-01 8.171711837618162842e-23 -1.340857238959887785e-23
8.950195312500000000e-01 1.710307092873049478e-23 -1.914731685610762750e-22
8.955078125000000000e-01 -3.463670070792904405e-23 2.967211045711472509e-23
8.959960937500000000e-01 -4.786264080972879775e-23 -1.667331829847661476e-22
8.964843750000000000e-01 -9.640660679165598512e-23 -6.279519280065103235e-23
8.969726562500000000e-01 -3.878973459838166113e-24 -3.261264874428455977e-22
8.974609375000000000e-01 3.313373041158110093e-22 1.632813167110874593e-22
8.979492187500000000e-01 -2.840019066257864461e-22 -7.864651491618147323e-23
8.984375000000000000e-01 3.834768378902391026e-23 1.996730543481242050e-22
8.989257812500000000e-01 3.121478011149741085e-22 3.981099089319816008e-23
8.994140625000000000e-01 -1.892080309131798817e-22 1.107391382099658324e-23
8.999023437500000000e-01 3.544485205884658862e-23 1.954220554716087771e-22
9.003906250000000000e-01 -8.664727526573657200e-23 -1.581629119143733793e-22
9.008789062500000000e-01 1.007693764091829940e-22 -1.668936440820307681e-22
9.013671875000000000e-01 1.074123959855160790e-22 -3.248236377986573601e-23
9.018554687500000000e-01 -1.258907403847881761e-22 -3.304470839711679042e-23
9.023437500000000000e-01 -1.063314460709785045e-22 2.490434724137702956e-22
9.028320312500000000e-01 1.868361740422517838e-22 1.418310553225796656e-22
9.033203125000000000e-01 2.933054106672801869e-24 -1.066497259991447139e-22
9.038085937500000000e-01 2.504908705250156794e-24 1.031887260082508455e-22
9.042968750000000000e-01 1.009516980416133298e-22 4.637490100125542776e-23
9.047851562500000000e-01 -1.172558036012968489e-22 6.286587806197894737e-23
9.052734375000000000e-01 -1.564553390554156793e-22 3.218568416198726408e-23
9.057617187500000000e-01 3.988805742508943201e-23 7.687655266706512118e-23
9.062500000000000000e-01 1.559308528924417551e-22 -2.869722473792168103e-22
9.067382812500000000e-01 -1.159813060994005260e-22 -5.143806986430189267e-23
9.072265625000000000e-01 3.155842221990921954e-22 5.835331206023842697e-23
9.077148437500000000e-01 -1.297029759118285332e-23 7.199191386699084331e-23
9.082031250000000000e-01 -5.945670228492337436e-23 -1.032464241261411319e-23
9.086914062500000000e-01 2.318309765049405608e-22 -7.407677251291332253e-24
9.091796875000000000e-01 -1.677705655934672592e-23 -1.067386624810261552e-23
9.096679687500000000e-01 -2.012378079792333944e-22 1.266090594670140424e-23
9.101562500000000000e-01 5.928496349197948393e-23 2.779731256668918799e-23
9.106445312500000000e-01 -8.137121282559299088e-23 6.272020796095272258e-23
9.111328125000000000e-01 -1.463247221879427016e-22 -1.521460834205402102e-22
9.116210937500000000e-01 9.053378215275844700e-23 1.684285567161031606e-23
9.121093750000000000e-01 -1.129552299522356562e-22 4.973012966513843623e-23
9.125976562500000000e-01 -1.342971059990770299e-22 4.142884425600957479e-23
9.130859375000000000e-01 -7.229520299224575992e-23 1.465968466118543602e-23
9.135742187500000000e-01 1.383016649662289146e-22 -7.770938048954683281e-23
9.140625000000000000e-01 1.881388783100972047e-22 -1.470812773582638203e-22
9.145507812500000000e-01 -1.906251151367004994e-23 -2.804722887299693260e-22
9.150390625000000000e-01 1.711635800070412689e-22 2.095418738306755651e-22
9.155273437500000000e-01 -1.413522338627721512e-22 -2.051902430488120118e-22
9.160156250000000000e-01 -1.912441754637430812e-23 4.796517369658134044e-23
9.165039062500000000e-01 -3.860701855941984854e-23 1.968359069995274755e-22
9.169921875000000000e-01 -2.627148423409009116e-22 8.331544958490023511e-23
9.174804687500000000e-01 2.652192516689033774e-24 -1.441344984034338250e-22
9.179687500000000000e-01 -1.832200495832384599e-22 5.829273775833339438e-23
9.184570312500000000e-01 -2.090979554173661830e-22 1.135528284524533976e-22
9.189453125000000000e-01 2.293892842661264234e-22 -3.808596669015108575e-23
9.194335937500000000e-01 1.509112907578034525e-22 9.046651545473461961e-23
9.199218750000000000e-01 -1.914658248250736727e-22 -1.581305070697937894e-22
9.204101562500000000e-01 6.822491996967598090e-23 -8.363848023972005215e-23
9.208984375000000000e-01 5.000789863702317348e-23 -2.899117901557122047e-22
9.213867187500000000e-01 -3.914105069155195929e-23 4.643030630592145657e-23
9.218750000000000000e-01 -1.696582084853705706e-22 1.034286060551191961e-22
9.223632812500000000e-01 1.950808319741454200e-22 2.656683647231723092e-22
9.228515625000000000e-01 -1.045406112814212244e-22 -1.461064412006611666e-22
9.233398437500000000e-01 2.867953493394253749e-22 1.442174876901251606e-22
9.238281250000000000e-01 -1.129979462289930270e-22 -1.405117394225439193e-22
9.243164062500000000e-01 -1.443502156245061909e-23 1.122920911793566349e-22
9.248046875000000000e-01 1.787765919343901356e-22 -1.254785012648258060e-22
9.252929687500000000e-01 2.446945264610501997e-23 5.913023151939237263e-23
9.257812500000000000e-01 9.080689408618458498e-23 8.700412598584698303e-23
9.262695312500000000e-01 1.051092755445636266e-22 1.000135024429521415e-22
9.267578125000000000e-01 3.158405928092463356e-23 -2.841224208752807787e-22
9.272460937500000000e-01 4.085249580769309475e-23 1.097668972625076972e-22
9.277343750000000000e-01 -8.282529176830402979e-23 6.414653730615817599e-23
9.282226562500000000e-01 1.161430210378628455e-22 -1.123415229728324695e-22
9.287109375000000000e-01 -5.306922849016502447e-23 -6.316437622065097378e-24
9.291992187500000000e-01 -1.732746329417110194e-22 1.464180515662221079e-22
9.296875000000000000e-01 -2.363458261517385771e-22 4.562794628606400737e-23
9.301757812500000000e-01 6.352254333541346819e-23 2.154487504997635721e-22
9.306640625000000000e-01 -4.173603680625629126e-23 1.406454746111126450e-22
9.311523437500000000e-01 -1.217467479515988819e-22 2.334475823825298493e-22
9.316406250000000000e-01 -5.794007739872321843e-23 -1.963726070398755397e-22
9.321289062500000000e-01 1.495881355492835509e-22 1.206731876263221351e-22
9.326171875000000000e-01 8.450884330906422490e-23 -2.039799370398628244e-22
9.331054687500000000e-01 1.991460305370282298e-22 -3.362913974309344528e-23
9.335937500000000000e-01 2.200664959995898798e-22 -1.836665813782475603e-22
9.340820312500000000e-01 -8.653167087383017663e-23 -1.111864811598442127e-22
9.345703125000000000e-01 -5.910520703913673107e-23 4.255417824482153881e-23
9.350585937500000000e-01 4.594309569659609115e-23 -5.006582687241845006e-23
9.355468750000000000e-01 2.434900787498783907e-22 -1.063038161131014321e-22
9.360351562500000000e-01 -1.511999932716244912e-22 -1.317442364811601501e-24
9.365234375000000000e-01 1.611480257291163445e-22 1.410105125411892876e-22
9.370117187500000000e-01 5.528505514286692794e-24 1.212097637856610248e-22
9.375000000000000000e-01 7.057677299084324318e-23 5.794345388735570450e-23
9.379882812500000000e-01 -1.997636887340220252e-22 -1.482291888193019282e-22
9.384765625000000000e-01 9.045521540151199288e-23 -3.428186379310530606e-24
9.389648437500000000e-01 7.453915666094332257e-24 1.174904046347046949e-22
9.394531250000000000e-01 -3.100880547421277990e-22 -2.009611302669009110e-22
9.399414062500000000e-01 -1.113250337687715456e-22 2.067990864162695492e-22
9.404296875000000000e-01 7.103770387454204473e-23 9.751133554177285953e-23
9.409179687500000000e-01 -1.047331460242878217e-22 7.285912072550123655e-23
9.414062500000000000e-01 -1.042044045971063565e-22 -1.698134715593081847e-22
9.418945312500000000e-01 2.920935980174398771e-23 -1.600384610781381765e-22
9.423828125000000000e-01 7.124533298081513726e-25 -2.401745290419489391e-23
9.428710937500000000e-01 -2.948316760351998061e-22 1.149122994385348182e-22
9.433593750000000000e-01 3.582834448134779187e-23 6.958062473812544952e-23
9.438476562500000000e-01 -2.468420256819214080e-22 1.397590994305592365e-23
9.443359375000000000e-01 1.402795423301136616e-22 7.651512866504117047e-23
9.448242187500000000e-01 -5.084208713060567881e-24 -1.483286946871962911e-22
9.453125000000000000e-01 -1.002641852179006165e-22 -4.864429179165624075e-23
9.458007812500000000e-01 -1.953881201698835750e-23 9.334987258377488705e-23
9.462890625000000000e-01 -1.638582625112563532e-23 8.963181930707171012e-23
9.467773437500000000e-01 3.142073346862733991e-23 -1.558427034318378642e-22
9.472656250000000000e-01 1.837881809766704955e-22 -1.639509431113714026e-22
9.477539062500000000e-01 -2.405621532995228444e-22 -3.106552774633589038e-23
9.482421875000000000e-01 -3.573493974917658382e-24 -6.816442308104874569e-23
9.487304687500000000e-01 2.635539532639274150e-22 -7.623142250537508867e-23
9.492187500000000000e-01 8.605876171173858660e-23 -7.328082633620778455e-23
9.497070312500000000e-01 8.814304239063748010e-23 -1.686311199867175764e-23
9.501953125000000000e-01 8.124089467381355662e-23 1.543621125095407480e-23
9.506835937500000000e-01 5.446834849334681901e-23 2.343603879164476729e-23
9.511718750000000000e-01 1.812211758281144924e-22 1.019998161608036134e-22
9.516601562500000000e-01 -2.746591648439494239e-23 4.899752634482705864e-23
9.521484375000000000e-01 9.646478881622191850e-23 -5.059071034495285292e-23
9.526367187500000000e-01 -1.721863234432598716e-22 4.716329996367424752e-23
9.531250000000000000e-01 2.026679936331210867e-23 -1.131656658762486404e-23
9.536132812500000000e-01 2.354652923405915059e-22 1.326519055634958113e-22
9.541015625000000000e-01 -1.280194653348629365e-22 -2.450804172724554322e-22
9.545898437500000000e-01 -2.294154038717001294e-23 -3.564499202321464703e-22
9.550781250000000000e-01 1.464251690355871506e-22 -6.493173756717801056e-23
9.555664062500000000e-01 -1.638916443914099294e-22 -1.806828826032839789e-22
9.560546875000000000e-01 6.873300658125155545e-23 1.031028664508581106e-22
9.565429687500000000e-01 2.675330932675809717e-22 1.053005980658889066e-22
9.570312500000000000e-01 -2.369040868515870442e-22 3.421189760946376394e-23
9.575195312500000000e-01 8.681289840922322355e-23 -8.818481877209255239e-24
9.580078125000000000e-01 -4.834539960302867993e-23 2.108976536047922241e-22
9.584960937500000000e-01 5.240394035491893133e-23 -7.577512230968567819e-23
9.589843750000000000e-01 1.467792841482492560e-23 6.488729407290602387e-22
9.594726562500000000e-01 -8.517526612026702934e-23 -2.737757606893126505e-22
9.599609375000000000e-01 5.543998059311604016e-23 1.708440866147496029e-22
9.604492187500000000e-01 -2.225068119023573221e-22 -1.453828189294402700e-22
9.609375000000000000e-01 2.299466307875135650e-22 2.762170527815313587e-22
9.614257812500000000e-01 1.523160302506872458e-22 1.544115839487030754e-22
9.619140625000000000e-01 -4.507671322866259658e-22 1.397648647561976109e-22
9.624023437500000000e-01 1.893474584708798532e-22 5.222697740114271946e-23
9.628906250000000000e-01 -1.529235015840910470e-22 8.210319315356123817e-23
9.633789062500000000e-01 5.323276052082512945e-23 6.048046164719078208e-23
9.638671875000000000e-01 -7.366941461798333240e-23 -3.115183768449445443e-23
9.643554687500000000e-01 -3.999737965395010989e-24 6.085299601502474375e-23
9.648437500000000000e-01 -1.209522302990366973e-22 1.638566604674331754e-22
9.653320312500000000e-01 -1.165252798976092337e-22 -1.785085193878053570e-23
9.658203125000000000e-01 1.405648340129166075e-23 -1.044103235927416968e-22
9.663085937500000000e-01 -2.859427420137940105e-23 -3.142415336508153492e-23
9.667968750000000000e-01 -8.456947571187775561e-23 -4.713143592314106521e-23
9.672851562500000000e-01 -6.423293173652342168e-23 -1.028373051613070370e-24
9.677734375000000000e-01 -7.749358688032354627e-23 1.377644195810020526e-23
9.682617187500000000e-01 1.674314715444188426e-22 -1.734486896456516770e-22
9.687500000000000000e-01 2.638810728820215920e-22 -7.953648961319655179e-23
9.692382812500000000e-01 -3.298625049538262924e-23 4.203216682100789458e-23
9.697265625000000000e-01 1.092455444698805936e-22 -2.344224106104918918e-23
9.702148437500000000e-01 -1.313954062798950576e-22 -2.145522910223392968e-22
9.707031250000000000e-01 -1.031797539940015460e-22 -5.739824139147082270e-23
9.711914062500000000e-01 -1.848093306082006819e-22 1.037629337315036279e-23
9.716796875000000000e-01 -7.524148730212995021e-23 -2.286756584884483331e-22
9.721679687500000000e-01 1.207469338897105947e-22 -3.566409786918330204e-23
9.726562500000000000e-01 -2.144273961938061616e-22 -1.363451757328364860e-23
9.731445312500000000e-01 3.914344155399470533e-22 -1.084890931305998186e-22
9.736328125000000000e-01 2.531628334344645563e-22 7.074377219083839078e-23
9.741210937500000000e-01 -8.044129188055550389e-23 -7.818570625299715301e-24
9.746093750000000000e-01 -8.023774959938749859e-23 -1.309236873351652567e-22
9.750976562500000000e-01 -2.029402188813971825e-23 -5.177182017637421587e-23
9.755859375000000000e-01 2.183300928366910784e-22 -1.489604617521711637e-22
9.760742187500000000e-01 -1.869050297948292303e-22 5.466406070334210598e-23
9.765625000000000000e-01 -1.374034201635075482e-24 -2.929118712251217020e-23
9.770507812500000000e-01 -6.674566695882816340e-23 -4.748532478370053991e-23
9.775390625000000000e-01 1.344334731132248558e-22 -1.177390668550520795e-22
9.780273437500000000e-01 -1.484728410914493579e-22 7.705186066276254184e-23
9.785156250000000000e-01 1.370173188983069457e-22 -1.436728593405580049e-23
9.790039062500000000e-01 6.473693560525701174e-23 2.191690324194975183e-22
9.794921875000000000e-01 8.005511959977200571e-24 -1.233354553923866252e-22
9.799804687500000000e-01 1.341458168010045445e-23 4.797628344758178048e-23
9.804687500000000000e-01 9.979374276681927113e-23 1.970914463357798748e-23
9.809570312500000000e-01 -5.551198472604944237e-23 -7.402435339842869120e-24
9.814453125000000000e-01 -1.864514275404877983e-22 1.144966576314959326e-22
9.819335937500000000e-01 3.626192375201836835e-23 -4.454829836354814976e-23
9.824218750000000000e-01 1.219210978093369303e-22 -1.520500381718525593e-22
9.829101562500000000e-01 4.661241841795635982e-23 1.110214689261213700e-22
9.833984375000000000e-01 -5.896244732336108877e-23 -1.112351007841706296e-22
9.838867187500000000e-01 2.445029412495935713e-23 1.703637769044498917e-22
9.843750000000000000e-01 5.278075999296207430e-23 1.798405869254684746e-22
9.848632812500000000e-01 -1.407971557307432256e-22 -4.045170641755857442e-23
9.853515625000000000e-01 1.866431435566057107e-22 9.167089264223637432e-23
9.858398437500000000e-01 -6.218174039282535007e-23 1.538111388391688511e-22
9.863281250000000000e-01 1.346194765009811004e-22 1.159103578339603444e-22
9.868164062500000000e-01 -1.367598643718436489e-22 1.386214708278797957e-22
9.873046875000000000e-01 1.093648273021329233e-22 -1.647572363971619378e-22
9.877929687500000000e-01 -2.053505566066766502e-22 -2.238742421801243953e-22
9.882812500000000000e-01 -7.330742279388239205e-23 1.281503268418296201e-22
9.887695312500000000e-01 -3.883063108410378654e-22 1.234853644178278760e-22
9.892578125000000000e-01 1.330745601926212039e-22 -1.607144231342426075e-22
9.897460937500000000e-01 -2.972222601905969127e-23 2.093031858596488471e-22
9.902343750000000000e-01 -1.551096415216980038e-22 -1.468293886788301231e-22
9.907226562500000000e-01 2.815294893418522212e-22 8.922194832670660342e-23
9.912109375000000000e-01 8.913015016682030610e-23 -3.079718176006019292e-23
9.916992187500000000e-01 -9.138848687171845785e-23 5.254247344403894629e-23
9.921875000000000000e-01 -9.289991018199425433e-23 2.337535652562889456e-22
9.926757812500000000e-01 1.062944924049517438e-22 -1.510187749039602760e-22
9.931640625000000000e-01 1.375663750107687977e-22 2.632161213959666120e-22
9.936523437500000000e-01 2.547305987097384936e-22 -3.481559256170133036e-23
9.941406250000000000e-01 -9.131984259520726524e-23 2.655702174315026716e-25
9.946289062500000000e-01 -9.784784600011825194e-23 6.878655043505506816e-23
9.951171875000000000e-01 -1.065286000177687808e-22 6.021265351525485570e-23
9.956054687500000000e-01 -1.262331918246877074e-22 -6.209827913071838179e-23
9.960937500000000000e-01 1.367132457831411502e-22 -2.734146225794617332e-22
9.965820312500000000e-01 -1.972756872881686489e-23 -5.570469503705472574e-23
9.970703125000000000e-01 1.288718342919524044e-22 1.357039397381465669e-22
9.975585937500000000e-01 6.325653886923747406e-23 -1.513840744766471474e-22
9.980468750000000000e-01 -2.143158080288351852e-22 -4.415303032374754352e-23
9.985351562500000000e-01 2.308614700458420831e-22 4.505027983390186170e-23
9.990234375000000000e-01 -1.244290527501640898e-22 -1.935856411398877869e-22
9.995117187500000000e-01 1.699712570040245804e-22 7.736259808630518276e-23
1.000000000000000000e+00 -1.421626401302145543e-22 -1.650069502924034822e-22
1.000488281250000000e+00 3.242689196851200904e-23 1.541793471266545412e-22
1.000976562500000000e+00 1.244130855379814897e-22 3.530655277780853191e-23
1.001464843750000000e+00 -1.063208180662564371e-22 1.024478518732281376e-23
1.001953125000000000e+00 -3.290109369560467358e-22 -3.521448440713820956e-22
1.002441406250000000e+00 1.782405806163437031e-23 8.652850070727769512e-23
1.002929687500000000e+00 6.871263011544211492e-23 3.675159656625768591e-25
1.003417968750000000e+00 -7.799841613868548948e-23 8.530323250357779671e-23
1.003906250000000000e+00 2.515765749852648421e-22 -2.126268851822813383e-22
1.004394531250000000e+00 6.696656512284666086e-23 3.790592662836982324e-23
1.004882812500000000e+00 1.179356623847247150e-22 -1.458718928882578508e-22
1.005371093750000000e+00 -1.076571677301376627e-22 2.494132128115027478e-22
1.005859375000000000e+00 4.451558260614088288e-23 -1.285356777429986908e-22
1.006347656250000000e+00 1.796704899739697914e-22 1.410460274925724719e-23
1.006835937500000000e+00 -1.962268635569388212e-22 -8.639967099462174232e-23
1.007324218750000000e+00 8.252201485387258192e-23 1.302571385942616107e-22
1.007812500000000000e+00 -1.786755119456137570e-22 7.293558568867756663e-23
1.008300781250000000e+00 -3.687806827342090500e-23 -1.495366296327783441e-22
1.008789062500000000e+00 -3.756135559911433932e-23 -1.639963878390786450e-23
1.009277343750000000e+00 7.043362115085779426e-23 4.545733650035155912e-23
1.009765625000000000e+00 -2.921527455458454742e-22 8.390916546071073836e-23
1.010253906250000000e+00 1.353377904865793227e-22 -1.834442111628574548e-22
1.010742187500000000e+00 6.051363897729359946e-23 2.003902182522065463e-22
1.011230468750000000e+00 1.189872466954779663e-22 -6.542111601186296983e-24
1.011718750000000000e+00 -2.012964119619665971e-22 -4.685024257843844188e-23
1.012207031250000000e+00 -2.354565281278939584e-23 -2.143918686408207997e-22
1.012695312500000000e+00 1.732187179213151471e-24 3.131595103613573491e-22
1.013183593750000000e+00 9.229965159715912132e-23 -2.484350685683124634e-22
1.013671875000000000e+00 -8.186021636291653774e-23 2.663594373993937640e-22
1.014160156250000000e+00 9.511857221868797120e-23 -2.994559217077338988e-22
1.014648437500000000e+00 -1.867361339622866256e-22 -8.457354725833187412e-23
1.015136718750000000e+00 -1.507939905386721040e-22 1.117493636129748339e-22
1.015625000000000000e+00 -8.181266802400321625e-23 -7.431009516800707544e-23
1.016113281250000000e+00 1.855714556010565320e-23 3.175020672360822660e-23
1.016601562500000000e+00 8.876213814931830138e-23 2.402128223872700546e-23
1.017089843750000000e+00 3.006158024928582540e-23 1.364235330368175502e-23
1.017578125000000000e+00 5.244802376221944332e-23 1.302993148849399653e-23
1.018066406250000000e+00 7.442561717641023595e-23 2.270427015531754334e-22
1.018554687500000000e+00 1.837363530714568422e-22 2.511457556334749292e-22
1.019042968750000000e+00 1.100318489320370428e-24 5.185291640952839982e-23
1.019531250000000000e+00 7.233052445635793818e-24 4.436742864892286082e-23
1.020019531250000000e+00 2.253709475086104988e-22 1.270530051321281358e-22
1.020507812500000000e+00 -2.451506595275137834e-22 1.506351659486778746e-23
1.020996093750000000e+00 2.994004076203116815e-22 -1.795386088903417034e-22
1.021484375000000000e+00 2.461997975089411973e-23 9.054125209757798150e-23
1.021972656250000000e+00 1.401243830731262811e-22 2.030643230560868686e-22
1.022460937500000000e+00 -6.574594971044094038e-23 1.581396297339494941e-22
1.022949218750000000e+00 -3.852760807471976323e-23 -2.132948162470624636e-22
1.023437500000000000e+00 -8.865293111049899612e-23 -8.756821107339166745e-24
1.023925781250000000e+00 2.220894314759734280e-23 -1.143781770715500942e-22
1.024414062500000000e+00 3.658564004675578420e-23 1.454415688969313474e-22
1.024902343750000000e+00 -1.604232028393018464e-22 -3.044579753487424970e-22
1.025390625000000000e+00 3.548162599375241759e-23 1.543771297248526224e-22
1.025878906250000000e+00 1.101750758657782194e-22 -1.009790188412992331e-22
1.026367187500000000e+00 -2.299095843593811048e-22 1.989637089930348361e-22
1.026855468750000000e+00 -1.542417236928906271e-22 -1.458522887358954337e-23
1.027343750000000000e+00 2.198884282449954775e-22 2.516447105785899199e-23
1.027832031250000000e+00 -1.336170550057597362e-22 -1.987656805016197390e-22
1.028320312500000000e+00 -4.742689667601939928e-23 -2.613552976895944050e-22
1.028808593750000000e+00 1.103229336145334990e-22 -4.009964996293551685e-23
1.029296875000000000e+00 1.860594600831320384e-23 4.155216951324115589e-24
1.029785156250000000e+00 4.183428462401568643e-24 -1.833430237480130764e-22
1.030273437500000000e+00 1.723380830292551998e-22 -5.470118421854856697e-23
1.030761718750000000e+00 6.230963617866076375e-23 1.238850056160427581e-22
1.031250000000000000e+00 -2.291243336065153264e-22 -3.584377464670356516e-23
1.031738281250000000e+00 1.344565406180246204e-23 8.747947044893686586e-23
1.032226562500000000e+00 1.988713286749118353e-23 9.912661966801466049e-23
1.032714843750000000e+00 -6.740394636894931311e-23 -3.681096624286528121e-22
1.033203125000000000e+00 1.181718320151596883e-22 4.867920367372521139e-23
1.033691406250000000e+00 -1.179443158987888986e-22 -1.543114337857926945e-23
1.034179687500000000e+00 -1.331670395362097818e-22 8.014665065667403609e-23
1.034667968750000000e+00 -1.544009757287912435e-22 2.093824784539445868e-22
1.035156250000000000e+00 8.165778985676706056e-23 -2.941659623495984351e-22
1.035644531250000000e+00 -7.621072077709007086e-23 9.120548485900701923e-23
1.036132812500000000e+00 1.508444151704864074e-22 4.633987991516187528e-23
1.036621093750000000e+00 1.731997429883998597e-23 -1.670907956398070872e-23
1.037109375000000000e+00 -2.210863093503899464e-23 1.500220170815254121e-22
1.037597656250000000e+00 2.345341147648253531e-22 -5.317713352863309219e-24
1.038085937500000000e+00 -3.495344224398457664e-22 8.276607578666896697e-24
1.038574218750000000e+00 8.866463286901984584e-23 7.021008062221378886e-23
1.039062500000000000e+00 -9.213026040187944252e-23 -4.536405864057452668e-24
1.039550781250000000e+00 -3.719474669839229085e-23 7.239250004370568601e-23
1.040039062500000000e+00 -2.734645445436516758e-23 -8.941446863826635272e-23
1.040527343750000000e+00 2.344667665932968864e-22 9.333425523403449709e-23
1.041015625000000000e+00 -9.998601691697374413e-23 8.488110506512088118e-23
1.041503906250000000e+00 -8.013948414282225430e-23 -2.014814238495662073e-23
1.041992187500000000e+00 -1.098299219248432770e-22 4.296903785004789906e-23
1.042480468750000000e+00 -7.350021504057422975e-23 -3.140920412713630248e-24
1.042968750000000000e+00 1.977715002323178935e-22 5.569595373516399597e-23
1.043457031250000000e+00 1.378902670030787472e-22 -7.742620885957733755e-23
1.043945312500000000e+00 -1.123263303900015609e-22 1.544782133646596531e-22
1.044433593750000000e+00 1.090772969476398955e-22 -2.152003555081827992e-23
1.044921875000000000e+00 -2.929413300855255649e-22 -1.722010029089034633e-22
1.045410156250000000e+00 1.593759154765129771e-22 -4.022486209490265302e-23
1.045898437500000000e+00 -1.473914843106214000e-22 9.305327014948339806e-23
1.046386718750000000e+00 3.001130062855238673e-22 1.477335298231790890e-22
1.046875000000000000e+00 -2.441903634809642703e-22 -1.398003546834825410e-22
1.047363281250000000e+00 3.521794000408467962e-23 -7.574974560507490616e-24
1.047851562500000000e+00 1.101975768752029568e-22 -5.788391448236376944e-23
1.048339843750000000e+00 1.986496155834841476e-22 -1.012891942367211150e-23
1.048828125000000000e+00 -9.051325111965201156e-24 -1.039785165528519827e-22
1.049316406250000000e+00 1.457159102202295300e-22 8.397312692865249889e-23
1.049804687500000000e+00 2.072831057566083665e-24 -1.514060552770278672e-22
1.050292968750000000e+00 7.022284032007344552e-23 1.269287393021395233e-22
1.050781250000000000e+00 1.627503563349788420e-22 -9.953130632639374467e-23
1.051269531250000000e+00 -8.780350946070975335e-23 9.075815028204831670e-23
1.051757812500000000e+00 -7.215986597045416073e-23 -4.242312744795960597e-22
1.052246093750000000e+00 1.163974131390651762e-22 6.883739546540796884e-23
1.052734375000000000e+00 -1.062880782180263686e-22 4.305913973342381784e-23
1.053222656250000000e+00 2.125958091864571147e-23 -5.986363295006716232e-23
1.053710937500000000e+00 1.065553734088808650e-22 -2.951270462822768532e-23
1.054199218750000000e+00 -1.885082694715266672e-23 -2.188364262682717971e-22
1.054687500000000000e+00 -2.340444922475876547e-23 7.229458889373393033e-23
1.055175781250000000e+00 -7.508551911241601747e-24 -2.560930460151152637e-23
1.055664062500000000e+00 -1.096109376017760014e-22 -7.968277935197938414e-23
1.056152343750000000e+00 -5.746597322216450946e-23 9.067449917607302064e-23
1.056640625000000000e+00 3.288646578144419254e-23 1.056029490970337685e-22
1.057128906250000000e+00 -1.766272916714171824e-22 1.860804726647235297e-22
1.057617187500000000e+00 -9.982305185917248501e-24 8.700707001814629039e-23
1.058105468750000000e+00 -8.583834723061660032e-23 1.688843157616041313e-22
1.058593750000000000e+00 2.466006932120004611e-23 -6.111303227092777991e-23
1.059082031250000000e+00 4.314152757737926355e-23 1.854049378560337076e-22
1.059570312500000000e+00 3.580957502669830442e-22 2.784516165103424024e-23
1.060058593750000000e+00 -7.917188312793137098e-23 -1.006351436438786412e-23
1.060546875000000000e+00 1.170543182890720114e-22 1.707021395634890169e-22
1.061035156250000000e+00 -1.172132646497325582e-22 3.270355231314795426e-23
1.061523437500000000e+00 -1.635664620393538517e-22 7.289867327005530416e-23
1.062011718750000000e+00 -1.138608716404284194e-23 9.324824396979519496e-23
1.062500000000000000e+00 4.049438137164141688e-24 -2.783018750189238394e-23
1.062988281250000000e+00 -2.615853316023369799e-22 5.176996051808249184e-23
1.063476562500000000e+00 -2.127256521205333773e-23 -9.008561235603937989e-23
1.063964843750000000e+00 -1.308603933356329797e-22 -5.197287249663155528e-23
1.064453125000000000e+00 2.601729947192432005e-24 -5.842061383232128362e-23
1.064941406250000000e+00 -1.333508374510239084e-23 -6.348052384510815324e-23
1.065429687500000000e+00 -6.827447152994135786e-23 -1.802782692778669221e-23
1.065917968750000000e+00 2.117344877843264501e-22 -2.217616314577261634e-22
1.066406250000000000e+00 3.088938362047749048e-23 8.287482160322663659e-23
1.066894531250000000e+00 -1.420778976121352091e-22 5.367930125397130565e-23
1.067382812500000000e+00 -1.135993456949033002e-22 -1.036295996926990442e-22
1.067871093750000000e+00 -7.534191355916289207e-23 1.797473403959568817e-22
1.068359375000000000e+00 2.245461790746235580e-22 -6.412715762662957971e-23
1.068847656250000000e+00 -1.047400107813836742e-23 7.693924279128730392e-23
1.069335937500000000e+00 2.976876331690797299e-23 3.331326852453198727e-23
1.069824218750000000e+00 -2.362313317834321873e-22 -6.350380593595811114e-23
1.070312500000000000e+00 2.908988427179745975e-23 -3.609663836402065609e-22
1.070800781250000000e+00 1.285696895917336240e-22 1.151976721848642629e-22
1.071289062500000000e+00 1.018773764792617124e-22 -1.471671696857170814e-22
1.071777343750000000e+00 1.349912334770404496e-23 3.912039947687292916e-22
1.072265625000000000e+00 -3.401525766763079598e-23 -2.305133262150990556e-22
1.072753906250000000e+00 -3.656791021958461682e-23 7.227909622924428643e-23
1.073242187500000000e+00 -2.587092564863885566e-23 -2.275187755241847368e-22
1.073730468750000000e+00 1.454225841936971743e-22 2.586373526612671250e-23
1.074218750000000000e+00 1.993941862059205752e-22 2.081436956221277266e-24
1.074707031250000000e+00 -6.560869776795637623e-23 1.307944330088406633e-22
1.075195312500000000e+00 1.294633128642996199e-22 -5.372056731680004623e-23
1.075683593750000000e+00 -7.452170007297874507e-23 -6.162954708425648952e-23
1.076171875000000000e+00 -1.004868247006032280e-23 -2.941143524391725788e-22
1.076660156250000000e+00 1.079946202160051526e-22 3.907711826243171458e-23
1.077148437500000000e+00 -1.899291829703653526e-23 -2.718028922805771899e-22
1.077636718750000000e+00 -1.112878357219683125e-22 1.499895007560455826e-23
1.078125000000000000e+00 7.964715085666364290e-23 -1.659105844215394262e-22
1.078613281250000000e+00 -1.199585918378022291e-22 6.786637749603034848e-23
1.079101562500000000e+00 1.911670603316860363e-22 2.277120414516873391e-23
1.079589843750000000e+00 2.495405828061330663e-24 2.986483724031719081e-22
1.080078125000000000e+00 -2.914389589479017933e-23 1.682265973310797302e-22
1.080566406250000000e+00 -4.504997419694638536e-23 1.380247857960472799e-22
1.081054687500000000e+00 9.407404907299127512e-23 -1.809922061287392594e-23
1.081542968750000000e+00 1.291206720952767756e-22 -9.870199672940975963e-23
1.082031250000000000e+00 2.247013248736464326e-22 1.089107346835366348e-22
1.082519531250000000e+00 -2.070279070776609722e-22 2.703661946855782591e-22
1.083007812500000000e+00 -7.053430895505473795e-23 8.837575105211251417e-23
1.083496093750000000e+00 -4.495741998834288908e-23 2.132229571750150387e-22
1.083984375000000000e+00 -9.935887251944152936e-23 1.417280729365016413e-23
1.084472656250000000e+00 -7.104387935339946152e-23 -2.151282520919129793e-22
1.084960937500000000e+00 8.929170467206772243e-23 -9.554368687192673340e-23
1.085449218750000000e+00 -2.388486165898991370e-22 1.369703807782707729e-22
1.085937500000000000e+00 2.281262612347691726e-22 -4.445928446800787460e-23
1.086425781250000000e+00 1.112686193386042951e-22 -2.460884706033205788e-22
1.086914062500000000e+00 5.775828053265527686e-23 -2.062817969885459385e-22
1.087402343750000000e+00 -8.586830335391059509e-23 1.107250504509611238e-22
1.087890625000000000e+00 1.186284288187212294e-22 -1.233346921613561195e-22
1.088378906250000000e+00 -6.499421571073320576e-23 1.246784201908239679e-22
1.088867187500000000e+00 8.020023458661820634e-23 1.903225301057592316e-23
1.089355468750000000e+00 -5.484754733255487014e-23 4.485282913941838071e-23
1.089843750000000000e+00 -8.352410832927333065e-23 -1.063945752744116964e-22
1.090332031250000000e+00 -1.384531236269022799e-22 -8.130334198729971554e-23
1.090820312500000000e+00 -1.715573761481834284e-23 1.300173994227585215e-22
1.091308593750000000e+00 -9.311921102996713287e-23 -2.203984560139333949e-22
1.091796875000000000e+00 -2.966005277320195479e-23 1.512052734057829369e-22
1.092285156250000000e+00 3.502374264936914850e-23 -2.638992575228812864e-23
1.092773437500000000e+00 -2.066859117326695737e-22 2.779167138146899114e-23
1.093261718750000000e+00 7.063684309260324779e-23 1.719523378964983162e-22
1.093750000000000000e+00 5.990792530782246682e-24 1.345749353130591723e-23
1.094238281250000000e+00 -1.030658847509747903e-22 1.165297257032068875e-22
1.094726562500000000e+00 9.583225224656511547e-23 -2.450412729259015633e-23
1.095214843750000000e+00 -2.584772959305761858e-22 -2.744008142248091568e-23
1.095703125000000000e+00 -2.946150035960530240e-23 1.374126664559965064e-22
1.096191406250000000e+00 1.665118653906003773e-22 -8.402392310521169164e-23
1.096679687500000000e+00 -3.083896992538624591e-22 -1.861184745775342411e-22
1.097167968750000000e+00 3.012037965532290863e-22 8.353992439345503549e-23
1.097656250000000000e+00 -1.601703555621240004e-22 -1.201555506197194475e-22
1.098144531250000000e+00 1.150311897550759150e-23 2.142741778318898720e-22
1.098632812500000000e+00 1.967771036082325952e-22 -8.175074058588372040e-24
1.099121093750000000e+00 1.982391362766457385e-22 2.373727214459637401e-22
1.099609375000000000e+00 2.594616063037700783e-23 1.057136568149807896e-23
1.100097656250000000e+00 -9.147668911880292522e-23 4.276019422109493748e-23
1.100585937500000000e+00 2.255749666770787905e-22 -8.636932094740049585e-23
1.101074218750000000e+00 -4.514612493376602734e-23 1.728448141556158406e-22
1.101562500000000000e+00 1.146757436467128856e-22 -2.955325201277426613e-22
1.102050781250000000e+00 -2.151038967949302780e-22 -9.615965932789426735e-23
1.102539062500000000e+00 -3.550903612057085802e-25 2.024370754388430190e-22
1.103027343750000000e+00 -4.927375780691842755e-24 -1.872417038982847348e-22
1.103515625000000000e+00 5.490940947588133558e-23 4.253841302247678410e-23
1.104003906250000000e+00 2.049766759558276229e-22 5.809850433476263266e-23
1.104492187500000000e+00 -9.060497406208290677e-23 -2.032892895526017180e-22
1.104980468750000000e+00 9.450687987591273319e-23 -5.649344640474205552e-23
1.105468750000000000e+00 3.028969005281477731e-23 -1.204823508442628877e-22
1.105957031250000000e+00 -4.832205715232903645e-23 2.463474771794543502e-23
1.106445312500000000e+00 -3.039832907393670094e-22 -1.158341158758398527e-22
1.106933593750000000e+00 -9.757175452717217297e-23 5.764855727500450682e-23
1.107421875000000000e+00 -1.059836542878755706e-22 1.058526610789572121e-22
1.107910156250000000e+00 9.034279094819896991e-23 -1.805107232346701501e-22
1.108398437500000000e+00 2.557296415799048042e-22 6.628398850969216980e-23
1.108886718750000000e+00 3.814526039309894332e-23 1.864215294712123257e-22
1.109375000000000000e+00 -2.300561740575582237e-22 1.041314047370837198e-22
1.109863281250000000e+00 1.137027550411902316e-22 -2.135436484400730202e-22
1.110351562500000000e+00 -2.116023468313577549e-22 -1.855959049114935404e-24
1.110839843750000000e+00 -3.313798154024763716e-23 -3.706163394426862479e-23
1.111328125000000000e+00 -2.060008332454595815e-22 -3.320203689276684752e-23
1.111816406250000000e+00 1.740135641898370237e-22 -3.440273172488543267e-24
1.112304687500000000e+00 -1.665080029936340797e-22 4.723771603431807095e-23
1.112792968750000000e+00 1.404207616284238471e-22 -1.129731292931007653e-22
1.113281250000000000e+00 1.211096303164707017e-22 8.519275290188033736e-24
1.113769531250000000e+00 2.040354715946037777e-22 -2.290367134402006863e-22
1.114257812500000000e+00 -2.960045902827458519e-23 6.899141925829600102e-24
1.114746093750000000e+00 2.417852967872684778e-22 8.047075651153258745e-24
1.115234375000000000e+00 9.262557348113763462e-23 -2.980901152125263738e-23
1.115722656250000000e+00 6.620458854422139510e-23 -2.822467597055934506e-23
1.116210937500000000e+00 9.881557361627000521e-23 -1.379247273207973097e-22
1.116699218750000000e+00 -2.921490565317221780e-23 -6.893049198775867987e-23
1.117187500000000000e+00 1.654704348899608860e-22 1.074681748864187812e-23
1.117675781250000000e+00 -6.594797928517935980e-23 -3.426079367096355889e-23
1.118164062500000000e+00 4.735980984224437153e-23 8.473121096925464766e-23
1.118652343750000000e+00 6.538874918187044051e-23 1.679178614690655779e-22
1.119140625000000000e+00 1.517193373327141219e-22 1.157923349794978707e-22
1.119628906250000000e+00 1.232232392129013333e-22 5.646880330734896515e-23
1.120117187500000000e+00 -7.071994400305448515e-23 1.256551442945236853e-22
1.120605468750000000e+00 -1.135808412476945649e-22 2.921978246676832626e-23
1.121093750000000000e+00 -2.518764716803732262e-22 2.456992282129310994e-22
1.121582031250000000e+00 -2.005870579158842839e-23 7.783485029156778747e-23
1.122070312500000000e+00 -2.839911860710789858e-22 -1.151040159980517015e-23
1.122558593750000000e+00 -1.045992090129146133e-22 1.214587627173510181e-22
1.123046875000000000e+00 -1.230441050302628934e-22 2.285993464563356337e-22
1.123535156250000000e+00 4.807396022118244276e-23 -1.648132722334051430e-22
1.124023437500000000e+00 1.738659052676783385e-22 2.804932320805331824e-23
1.124511718750000000e+00 -3.401690537283558982e-22 2.450522447414847299e-22
1.125000000000000000e+00 -2.293887249819070909e-22 8.266574670903664237e-23
1.125488281250000000e+00 2.565750363076717890e-23 -3.074928153598349528e-23
1.125976562500000000e+00 -1.501699922348575127e-22 -8.652863909475695860e-23
1.126464843750000000e+00 4.766043361228972853e-23 2.086538307946247255e-24
1.126953125000000000e+00 3.966959601723128138e-23 2.243003633098742474e-22
1.127441406250000000e+00 -4.989040759203959658e-23 -1.568463095317610455e-22
1.127929687500000000e+00 -8.473507461083710281e-23 -6.385678553860115703e-23
1.128417968750000000e+00 1.320685578845034633e-22 -1.177595182444192897e-22
1.128906250000000000e+00 -2.476258093501236195e-22 -4.977102633607194174e-23
1.129394531250000000e+00 1.294913283729921374e-22 -1.001736863510575191e-22
1.129882812500000000e+00 1.731158907957248350e-22 3.204853969490744136e-22
1.130371093750000000e+00 8.677163982019989643e-23 -1.837031225260777475e-22
1.130859375000000000e+00 1.168279139896164481e-22 1.151991187792527708e-22
1.131347656250000000e+00 -1.015447173148503501e-22 -1.245348518327482445e-22
1.131835937500000000e+00 -4.350044992375910096e-23 -2.941943759069957668e-22
1.132324218750000000e+00 1.534080258822368961e-22 -5.216638103365749257e-23
1.132812500000000000e+00 -7.655694958349129524e-23 -8.488975223060966379e-23
1.133300781250000000e+00 4.768193372981069262e-23 -1.022269515877311735e-22
1.133789062500000000e+00 1.127435140972983165e-22 -1.049134849109487984e-22
1.134277343750000000e+00 -2.537208407949538259e-23 -9.096517442564186249e-23
1.134765625000000000e+00 -4.835090572525709185e-23 -1.482598583024137134e-22
1.135253906250000000e+00 -2.299421348788168871e-23 6.704118238704504748e-23
1.135742187500000000e+00 -1.196141118561665215e-22 -1.675328644084166891e-22
1.136230468750000000e+00 6.398046426700064013e-23 5.633280732408045788e-23
1.136718750000000000e+00 -7.167992860208629410e-24 -3.399913640553458347e-23
1.137207031250000000e+00 -1.005036151110197086e-22 1.250984578914807311e-22
1.137695312500000000e+00 2.282218232900597168e-22 -4.115074415570451543e-23
1.138183593750000000e+00 -3.664662956113462924e-23 -5.150573139697862824e-23
1.138671875000000000e+00 1.496814443684500789e-22 1.634073924921653067e-22
1.139160156250000000e+00 -1.171955251280704130e-22 4.816927347140533078e-23
1.139648437500000000e+00 7.808337915551849895e-23 -4.211637065287732931e-23
1.140136718750000000e+00 1.567794494247353351e-22 1.614516744499254099e-22
1.140625000000000000e+00 6.117414608174679232e-23 -1.182800992826562958e-22
1.141113281250000000e+00 1.811835374356529055e-22 -1.229721532331573542e-22
1.141601562500000000e+00 1.552430080458904612e-23 2.169811865434035905e-22
1.142089843750000000e+00 1.383473551594871634e-22 1.963568992657897145e-22
1.142578125000000000e+00 -5.653682244781176115e-23 2.495384622848953389e-23
1.143066406250000000e+00 -1.713618083786832007e-22 -2.284517511275082980e-22
1.143554687500000000e+00 1.697292673115703367e-22 -3.934337201261555655e-23
1.144042968750000000e+00 -6.661103365367622082e-23 -9.409253292052203290e-23
1.144531250000000000e+00 -2.265207410423302887e-23 -4.637016626458397298e-23
1.145019531250000000e+00 -6.287740075792109415e-23 -2.190846879274190310e-24
1.145507812500000000e+00 -6.094790439183995382e-23 2.234068867107728675e-22
1.145996093750000000e+00 3.588633209945263063e-23 9.103108883433244061e-23
1.146484375000000000e+00 1.661354513929224081e-22 -1.236072962889371425e-22
1.146972656250000000e+00 -1.948106328726042392e-22 1.159103581471002140e-22
1.147460937500000000e+00 2.005732868903364841e-22 -1.821399653786618262e-22
1.147949218750000000e+00 -1.572064014560226556e-22 2.593800580593013094e-23
1.148437500000000000e+00 2.316838954572279226e-23 -1.089379474498034202e-22
1.148925781250000000e+00 -1.411219500629730315e-22 5.008112186418279630e-23
1.149414062500000000e+00 2.287416803092724129e-22 -2.370563643906294810e-22
1.149902343750000000e+00 -1.665953176133403403e-22 2.660626417748120380e-22
1.150390625000000000e+00 -1.740825647774668120e-24 4.519224652908072798e-23
1.150878906250000000e+00 -2.575365245572556434e-22 3.295392343847705697e-23
1.151367187500000000e+00 2.805161950682148670e-23 1.818304896932194371e-22
1.151855468750000000e+00 2.288189779573684345e-22 -4.311604657333568769e-23
1.152343750000000000e+00 -5.866881079669787982e-23 -8.680129443586710360e-23
1.152832031250000000e+00 1.706795597527694294e-22 -2.802546353506117527e-23
1.153320312500000000e+00 1.701508878269007416e-23 3.410128131139086528e-23
1.153808593750000000e+00 -1.736035351906756962e-22 1.627565261992521318e-22
1.154296875000000000e+00 -2.784201920910211847e-23 2.377413541002352930e-22
1.154785156250000000e+00 -5.213314607930703219e-24 2.307419965195549988e-22
1.155273437500000000e+00 -1.554655011704778620e-22 -3.017006073696183429e-23
1.155761718750000000e+00 -4.236191574112036828e-23 4.075374056498028106e-23
1.156250000000000000e+00 -2.988600918922826762e-23 -1.523767763739074675e-22
1.156738281250000000e+00 -2.006185485818332124e-22 6.826819984035539748e-23
1.157226562500000000e+00 -1.539299215672204846e-23 9.206568604170466053e-23
1.157714843750000000e+00 -1.775911736039584533e-22 -8.750416539449855705e-23
1.158203125000000000e+00 -1.819907879547702551e-22 1.391486680985100221e-22
1.158691406250000000e+00 -6.166180546683168301e-23 -4.654226089588850386e-23
1.159179687500000000e+00 3.978392827308922798e-22 1.376567431419874120e-23
1.159667968750000000e+00 -1.522924648962345448e-22 -7.427507641803967370e-23
1.160156250000000000e+00 1.267680309303557046e-22 -1.102200397735594619e-22
1.160644531250000000e+00 1.015011086554549023e-22 1.327623746680818561e-22
1.161132812500000000e+00 -1.415306262108799213e-22 -1.536149711182578545e-22
1.161621093750000000e+00 -1.768935386199002047e-23 9.519765202668927198e-24
1.162109375000000000e+00 -1.489835815628805676e-22 -1.534517178313006874e-22
1.162597656250000000e+00 -2.254492324060947264e-22 -1.586461737239593442e-22
1.163085937500000000e+00 2.158159298936130976e-22 1.324767726241949445e-22
1.163574218750000000e+00 7.195732633526054198e-23 -7.600828710466707189e-23
1.164062500000000000e+00 1.516904258338130055e-22 4.625302941841131479e-23
1.164550781250000000e+00 1.014948419676860134e-22 5.250900999728399977e-23
1.165039062500000000e+00 -1.530821786564217248e-22 1.307119534662288507e-22
1.165527343750000000e+00 2.481216981079071978e-22 -1.116433798842749238e-22
1.166015625000000000e+00 -3.128282271586264131e-23 -2.364177875937150089e-22
1.166503906250000000e+00 1.001366149395761392e-22 -2.541252875480831004e-22
1.166992187500000000e+00 -1.518435439446119872e-23 -1.349689041414846892e-22
1.167480468750000000e+00 7.022090451728547136e-24 4.483608739816540057e-23
1.167968750000000000e+00 3.680291264483440608e-22 3.938268884969932013e-23
1.168457031250000000e+00 4.061281516441800104e-24 -1.794103640168771103e-22
1.168945312500000000e+00 -5.302541034869315582e-23 -3.198729937183193814e-24
1.169433593750000000e+00 1.064528420935543488e-22 -3.301670129882223117e-23
1.169921875000000000e+00 4.855236519972440005e-23 -1.130068943021440153e-23
1.170410156250000000e+00 -1.911397120356904986e-22 -7.837557585223454571e-23
1.170898437500000000e+00 -3.659776458083851139e-23 -7.041646527257415587e-23
1.171386718750000000e+00 -3.973880787071315749e-23 7.799667716635978714e-23
1.171875000000000000e+00 -1.126257677190094256e-22 -2.944595418287998562e-24
1.172363281250000000e+00 1.650099530888982574e-22 1.749129725495642634e-22
1.172851562500000000e+00 3.478983648954277413e-23 -1.777106385873244973e-22
1.173339843750000000e+00 -2.069281376442681690e-22 5.003994038660535876e-23
1.173828125000000000e+00 6.891517631705471160e-24 4.895998154360232063e-24
1.174316406250000000e+00 -1.195422784566746952e-22 6.959961075126300673e-23
1.174804687500000000e+00 7.293444390731871570e-23 -6.011612185658698255e-24
1.175292968750000000e+00 2.608615867027477150e-24 3.264221548956696811e-22
1.175781250000000000e+00 -1.018638935350374354e-22 -3.195694770181435052e-23
1.176269531250000000e+00 6.496964293670116559e-23 1.255692089779790165e-22
1.176757812500000000e+00 1.874295010844312375e-22 1.599667859558099873e-23
1.177246093750000000e+00 1.028023116009820183e-22 3.663978620455344310e-23
1.177734375000000000e+00 1.306112362750129484e-22 -1.707538799846041747e-22
1.178222656250000000e+00 7.109488074250706770e-23 1.920381114231336594e-22
1.178710937500000000e+00 1.544418276769650195e-22 -6.388084727314785001e-23
1.179199218750000000e+00 5.514288536868614543e-23 3.797482178792592494e-23
1.179687500000000000e+00 -1.321923283795840312e-22 -1.268903063916026615e-22
1.180175781250000000e+00 2.204825461313412366e-24 8.934390970836584895e-23
1.180664062500000000e+00 7.702858033387584235e-23 -7.842024749797902182e-23
1.181152343750000000e+00 -5.602987200823123395e-24 -2.066007582339274529e-23
1.181640625000000000e+00 -9.728688942667180566e-23 5.359165949999076780e-23
1.182128906250000000e+00 1.136634533643378097e-22 4.492981725947742214e-23
1.182617187500000000e+00 -2.125203465845854809e-22 3.561596162024608419e-22
1.183105468750000000e+00 1.482313416257444501e-22 -1.017845460946754923e-22
1.183593750000000000e+00 9.866722755950059151e-23 -2.265292366912543709e-22
1.184082031250000000e+00 -1.518002259172474109e-22 1.925845351358762744e-22
1.184570312500000000e+00 1.039390673687616096e-23 6.910532115250531590e-23
1.185058593750000000e+00 -6.956927929869771394e-23 2.180240814837586894e-22
1.185546875000000000e+00 -3.031823172046864593e-22 7.845085655852331973e-23
1.186035156250000000e+00 -1.676860227629184753e-22 4.299118216867660651e-23
1.186523437500000000e+00 -4.224020024554365797e-23 7.728605114985015358e-23
1.187011718750000000e+00 -1.786681332614048531e-22 -7.595571091767897928e-24
1.187500000000000000e+00 -3.609364662013103712e-24 2.203933727217883103e-22
1.187988281250000000e+00 -5.118682102792644769e-23 -5.855874251061771931e-23
1.188476562500000000e+00 1.225136517089889102e-22 1.210373574452222835e-22
1.188964843750000000e+00 -1.288722179356145467e-22 -2.437356607442762847e-22
1.189453125000000000e+00 -1.173820096512938446e-22 2.468683282815991384e-22
1.189941406250000000e+00 -2.887940505829410708e-22 -1.668305827124098446e-23
1.190429687500000000e+00 -3.365176686393767913e-22 -9.697620503952832730e-23
1.190917968750000000e+00 2.203858764273837499e-22 -1.431440339954646056e-22
1.191406250000000000e+00 -1.823564341617177122e-22 4.186025941194397072e-23
1.191894531250000000e+00 1.424739972679924527e-22 -2.552516756924258191e-22
1.192382812500000000e+00 -1.236701314970036241e-22 -2.144960062661735976e-22
1.192871093750000000e+00 2.501539088699313779e-22 -7.538335270680642613e-23
1.193359375000000000e+00 -1.064543963453374948e-22 -1.952452107539107672e-22
1.193847656250000000e+00 1.235076392873355784e-22 -1.853135785670096748e-22
1.194335937500000000e+00 -2.773977772969576602e-23 -1.347771318635773541e-22
1.194824218750000000e+00 1.707285488405723397e-22 8.652393896335968405e-23
1.195312500000000000e+00 6.691118736388674904e-23 -1.570375188971060247e-22
1.195800781250000000e+00 -1.665478578839813747e-22 -7.674648809296253447e-23
1.196289062500000000e+00 2.982316780958903778e-22 -2.176660778292435193e-22
1.196777343750000000e+00 1.117086983748390975e-22 7.656927474499945662e-23
1.197265625000000000e+00 3.525740677820654972e-23 -1.697855995257226549e-22
1.197753906250000000e+00 5.101229124119029690e-23 2.823066378097559682e-23
1.198242187500000000e+00 2.488986154571818497e-22 9.868050144090107399e-23
1.198730468750000000e+00 -6.977171151218991820e-23 -1.262846561966531576e-23
1.199218750000000000e+00 1.760815341855247546e-22 -6.556555298791510217e-23
1.199707031250000000e+00 5.866172378702565572e-23 -1.687482221208963135e-22
1.200195312500000000e+00 1.714945464402745686e-22 3.408482792423219763e-23
1.200683593750000000e+00 1.442115756236657092e-22 -1.241337132201575232e-22
1.201171875000000000e+00 5.740501431877925263e-23 -1.410025863471706282e-22
1.201660156250000000e+00 1.953326668014722631e-25 -5.618284519839907564e-24
1.202148437500000000e+00 1.173341227295249655e-22 2.974907102305054104e-22
1.202636718750000000e+00 1.028066964055431864e-22 -1.643727121010540613e-23
1.203125000000000000e+00 8.292936143276091276e-23 3.651644974498637194e-22
1.203613281250000000e+00 -7.692272735496694432e-23 1.142427557393182698e-22
1.204101562500000000e+00 -1.010077693725094296e-22 -9.913037001589204113e-23
1.204589843750000000e+00 1.043362477648407097e-22 3.542923125876361810e-22
1.205078125000000000e+00 -9.870738648244929377e-23 6.993029098230450553e-23
1.205566406250000000e+00 -9.275530852171210274e-23 4.514222821499124086e-22
1.206054687500000000e+00 2.526754554984131451e-23 3.044694641446862384e-23
1.206542968750000000e+00 -1.488641489008256145e-22 6.504738710830933644e-24
1.207031250000000000e+00 1.197052587228180698e-22 -2.550400148115223833e-23
1.207519531250000000e+00 -3.585244783025599917e-22 -1.001591402651767364e-22
1.208007812500000000e+00 9.199765665179587778e-23 1.226688903869642795e-23
1.208496093750000000e+00 1.151375323121492223e-23 2.406389024029717572e-22
1.208984375000000000e+00 6.068625299945274099e-23 1.406632726378193040e-22
1.209472656250000000e+00 2.670285539931110441e-23 5.761027851681979496e-23
1.209960937500000000e+00 -1.010152287177452812e-22 -6.477394529739238484e-23
1.210449218750000000e+00 -9.522765130706565360e-23 -1.175945983204789734e-24
1.210937500000000000e+00 1.356679688091821639e-23 1.382249407110923623e-22
1.211425781250000000e+00 -5.693032171399018954e-24 -1.933035406079809799e-22
1.211914062500000000e+00 -2.747714636004508988e-22 -1.615676594171630275e-22
1.212402343750000000e+00 -3.639470842785293535e-23 8.406846413838779354e-23
1.212890625000000000e+00 -7.451473236668288850e-23 1.099494785733660502e-22
1.213378906250000000e+00 -8.373884566420640246e-24 -2.014815722212387005e-23
1.213867187500000000e+00 6.410853294992837263e-23 1.203098245900375073e-22
1.214355468750000000e+00 5.346621159527177276e-23 -1.005924951246706275e-22
1.214843750000000000e+00 -7.840311871515067672e-25 -1.249464939831928400e-22
1.215332031250000000e+00 -1.173661143656213763e-22 -9.090975322648360670e-23
1.215820312500000000e+00 -1.786535045959240920e-22 -4.785919161556616075e-23
1.216308593750000000e+00 -1.104095909872334699e-22 -1.045486297222013720e-22
1.216796875000000000e+00 -5.917282811572930757e-23 -7.114947837744921730e-23
1.217285156250000000e+00 4.747688904185168019e-23 -7.953843578230402678e-23
1.217773437500000000e+00 -5.743108567500669195e-23 -2.827149279163674931e-22
1.218261718750000000e+00 -8.671804935757146131e-23 1.372072909594118324e-23
1.218750000000000000e+00 1.241692696788790976e-22 -2.204377227667111445e-22
1.219238281250000000e+00 2.886480977149156310e-23 1.276668809605603683e-22
1.219726562500000000e+00 -2.244614473008623774e-22 4.956932274087734561e-23
1.220214843750000000e+00 -2.193198832001250037e-22 8.849715901274974195e-23
1.220703125000000000e+00 4.905723613156417378e-24 -1.198738657535221272e-22
1.221191406250000000e+00 -6.156089052679246996e-23 1.300602689287556669e-22
1.221679687500000000e+00 1.413177315300401122e-22 2.748839156725634412e-23
1.222167968750000000e+00 -2.800982264188503783e-22 -3.707627263774841640e-22
1.222656250000000000e+00 4.665780911694881586e-22 1.451520755964645389e-22
1.223144531250000000e+00 -1.913167820104451629e-23 1.765583951173035011e-23
1.223632812500000000e+00 1.329484079916459539e-22 -1.645486239702191417e-22
1.224121093750000000e+00 -4.712535690115202216e-23 -5.883060787732970676e-23
1.224609375000000000e+00 1.803441349460352861e-23 9.716726786050365489e-23
1.225097656250000000e+00 2.829728543335825469e-22 -2.103884331796623502e-22
1.225585937500000000e+00 7.572617157739778941e-23 1.205851548550823841e-22
1.226074218750000000e+00 2.241268661220276701e-22 4.205876418585057780e-23
1.226562500000000000e+00 2.158166282203088420e-22 -2.328993086692935141e-22
1.227050781250000000e+00 3.621990707224730662e-23 3.134559079659214482e-23
1.227539062500000000e+00 7.739202295702671026e-23 -7.034083517453545429e-23
1.228027343750000000e+00 2.466350188557200425e-22 -4.913280837207007945e-23
1.228515625000000000e+00 1.671870814737610179e-23 3.673552847671348932e-22
1.229003906250000000e+00 -6.215452607560318379e-23 -2.855578173233380377e-22
1.229492187500000000e+00 -7.220993804195599902e-23 1.069630316721214227e-22
1.229980468750000000e+00 9.338295408015516665e-23 2.718734733344344891e-22
1.230468750000000000e+00 -1.023818876982631467e-22 -1.400292831717453355e-23
1.230957031250000000e+00 1.020586140421730487e-22 3.624846355771207865e-23
1.231445312500000000e+00 1.433190477197586913e-22 6.579487006623844110e-23
1.231933593750000000e+00 -1.551101688150670713e-22 5.587606459026254370e-23
1.232421875000000000e+00 1.223181074059062059e-22 3.571116725096486870e-22
1.232910156250000000e+00 -5.910409632015315290e-23 -1.069847046353188414e-22
1.233398437500000000e+00 -1.464146052935134181e-22 5.892263354284177159e-24
1.233886718750000000e+00 -1.020300780196061665e-22 8.748764708849497278e-24
1.234375000000000000e+00 8.504995329908896511e-23 2.732471305436923859e-22
1.234863281250000000e+00 2.015815703777958871e-23 -6.036553029190443941e-23
1.235351562500000000e+00 -6.468078431980621021e-24 -3.286703971618250399e-23
1.235839843750000000e+00 -8.294110878084492548e-23 2.467596443155667500e-22
1.236328125000000000e+00 -5.257477609972247719e-23 7.700697897386268646e-23
1.236816406250000000e+00 2.999798507041871727e-22 -1.611911489919200542e-23
1.237304687500000000e+00 -2.046484434475440815e-23 -6.011682660376707878e-23
1.237792968750000000e+00 -2.513424897124584637e-22 8.124856372508502120e-23
1.238281250000000000e+00 -2.501036780898635194e-22 -6.214870610123333308e-23
1.238769531250000000e+00 -1.945863002200869606e-22 1.883332100290389745e-22
1.239257812500000000e+00 -1.159513650294485141e-22 4.035497255106619773e-23
1.239746093750000000e+00 -1.344680098201192995e-22 -1.666012298869044050e-22
1.240234375000000000e+00 6.378186054324151300e-23 5.197667600116380955e-24
1.240722656250000000e+00 1.626917272558683534e-23 -4.395201599038733593e-23
1.241210937500000000e+00 -3.270391761649152387e-23 2.725865973013939780e-23
1.241699218750000000e+00 -1.103443529727925106e-22 -1.719043940092979356e-22
1.242187500000000000e+00 -2.366356699277544983e-22 -2.282186227511485571e-22
1.242675781250000000e+00 -2.453802372381475605e-22 7.534521370305562840e-23
1.243164062500000000e+00 1.755074342978339969e-22 -2.024586033284485301e-22
1.243652343750000000e+00 -9.672138687165569605e-23 -1.027680343908092502e-22
1.244140625000000000e+00 -2.175657902303727118e-22 3.689924018589900847e-23
1.244628906250000000e+00 1.210797312176475297e-22 -2.110148769584543310e-22
1.245117187500000000e+00 1.086093012726174208e-23 -2.230376504827916263e-22
1.245605468750000000e+00 2.253203916759376262e-22 1.538399171557493375e-22
1.246093750000000000e+00 2.306158691466144555e-22 -1.452234136646005234e-22
1.246582031250000000e+00 -1.924606314797354200e-22 -3.913125669422702494e-23
1.247070312500000000e+00 1.816177525524064624e-22 -4.701288519603196172e-23
1.247558593750000000e+00 -2.970379597262813136e-24 1.656212305131877167e-22
1.248046875000000000e+00 -4.859226923477477594e-23 -1.612123404277468875e-22
1.248535156250000000e+00 9.480302870885603402e-23 3.242232769781997621e-22
1.249023437500000000e+00 -1.458254642961788416e-23 -2.191076649867837221e-22
1.249511718750000000e+00 2.796085069481346537e-22 8.202899478362650031e-23
1.250000000000000000e+00 -6.065406492384380167e-24 1.269740430404299466e-22
1.250488281250000000e+00 1.227379934849078746e-22 4.234397624914083140e-23
1.250976562500000000e+00 1.490965743201663701e-22 -2.586773258280987650e-22
1.251464843750000000e+00 5.455827285940954114e-23 1.517090971431022705e-22
1.251953125000000000e+00 -2.050980550209112874e-23 1.125205301956549221e-22
1.252441406250000000e+00 2.602521366488356589e-22 -1.262152297147377548e-22
1.252929687500000000e+00 -5.748274354797430344e-23 -2.599354083722529084e-22
1.253417968750000000e+00 2.079102028070543076e-22 -5.962377197113997689e-24
1.253906250000000000e+00 -3.843660266277864720e-23 7.075835893773603785e-24
1.254394531250000000e+00 3.324779402064414252e-23 1.106136945621147412e-22
1.254882812500000000e+00 -6.892637826925761738e-23 1.143535633746014481e-23
1.255371093750000000e+00 -1.399938090966856994e-22 1.206881128663144501e-22
1.255859375000000000e+00 -3.239926561895083362e-23 -6.971349023325356043e-23
1.256347656250000000e+00 5.910809659146598371e-25 3.280502642789126301e-23
1.256835937500000000e+00 -1.051341819794483855e-22 1.206934797595270870e-22
1.257324218750000000e+00 -4.535308530461277945e-23 3.955022339334315090e-23
1.257812500000000000e+00 8.485353214045940450e-23 1.150966117872454642e-22
1.258300781250000000e+00 -1.138126290603914876e-23 2.598668257408666213e-22
1.258789062500000000e+00 1.991805904388501316e-22 1.016276235338678130e-22
1.259277343750000000e+00 -9.525462955482511198e-23 -7.590308496658983957e-23
1.259765625000000000e+00 1.266855546705568632e-23 1.206642789001658475e-22
1.260253906250000000e+00 -1.946126280802742077e-26 -2.401601117594143144e-23
1.260742187500000000e+00 -1.755932485920328867e-22 6.942686526293303539e-23
1.261230468750000000e+00 1.501448349659490213e-22 -3.574619024498017179e-23
1.261718750000000000e+00 -3.475262606550327662e-23 2.147741109265021752e-22
1.262207031250000000e+00 -1.136262383982477264e-22 1.135519515799719583e-22
1.262695312500000000e+00 -1.140450411057490034e-22 -1.394304278296566095e-23
1.263183593750000000e+00 -1.760417370028560611e-22 -3.013713239006724081e-22
1.263671875000000000e+00 -2.429588920071739812e-23 -5.232259892034042736e-23
1.264160156250000000e+00 -3.111145264598251031e-22 -1.114282020462406060e-22
1.264648437500000000e+00 5.611554364876172706e-23 -1.620405445806081349e-22
1.265136718750000000e+00 -1.035766574890251004e-22 5.101841872802963833e-23
1.265625000000000000e+00 -1.822359607838836476e-22 1.217629343024656129e-22
1.266113281250000000e+00 2.339907409518505774e-23 -3.542105274646162919e-22
1.266601562500000000e+00 -2.804513425350469896e-22 1.874915226849108872e-22
1.267089843750000000e+00 1.306383828189294371e-23 -2.662810224762088210e-22
1.267578125000000000e+00 1.150240859221711861e-22 -4.875087592382096354e-23
1.268066406250000000e+00 -2.307430272638099061e-23 9.636120024226749473e-23
1.268554687500000000e+00 1.930803125575228710e-22 -7.108006937233529794e-23
1.269042968750000000e+00 1.985657525135480014e-24 -8.416162951458558459e-23
1.269531250000000000e+00 1.287771807456864721e-22 9.292205089426114202e-23
1.270019531250000000e+00 2.456211506775021862e-22 2.144444511000357177e-22
1.270507812500000000e+00 -2.204385109523616761e-22 -1.397624249968850842e-22
1.270996093750000000e+00 8.668285154779553839e-23 5.691507151010631416e-23
1.271484375000000000e+00 -7.805336885331176527e-23 5.710635628003987722e-23
1.271972656250000000e+00 1.677622685868660327e-22 -1.004301144016876054e-22
1.272460937500000000e+00 2.194700979543351865e-22 -1.302864539287892729e-22
1.272949218750000000e+00 -5.670785904180981105e-23 -9.479368723364632810e-24
1.273437500000000000e+00 -4.106893493300547395e-23 -5.083893890798422895e-23
1.273925781250000000e+00 3.839669835470901720e-22 1.993119063867366409e-22
1.274414062500000000e+00 1.086820872138690302e-22 -4.344724120268107118e-23
1.274902343750000000e+00 -1.281400535607287272e-22 4.943136696864501306e-24
1.275390625000000000e+00 -2.510989557077089136e-23 -4.797586992257631143e-23
1.275878906250000000e+00 2.131497499290809234e-22 1.535183053949214392e-22
1.276367187500000000e+00 2.047363586846519940e-22 5.724792466509149705e-23
1.276855468750000000e+00 -1.593816877543314171e-22 -8.850870020819042274e-23
1.277343750000000000e+00 1.040652120449966294e-22 1.110052755857931118e-22
1.277832031250000000e+00 -3.674420532762619854e-25 5.166295514719156346e-23
1.278320312500000000e+00 2.480210609370540089e-23 1.826796532415387309e-22
1.278808593750000000e+00 -3.619362157724087224e-23 5.494218298986435994e-23
1.279296875000000000e+00 9.977266490474385407e-23 7.540634470577354799e-25
1.279785156250000000e+00 -7.651654113024566833e-23 -2.192011032064450640e-23
1.280273437500000000e+00 4.489752295948261448e-23 3.367583225024336639e-23
1.280761718750000000e+00 -2.508678507555823419e-23 -7.068317521006980782e-23
1.281250000000000000e+00 3.067357560781891475e-23 4.930319211265098002e-23
1.281738281250000000e+00 -2.007528294211674481e-22 2.533687002350448995e-22
1.282226562500000000e+00 -4.574666781698187685e-23 -2.495371022086610169e-22
1.282714843750000000e+00 -2.959252622929321105e-22 -1.207015677225058253e-23
1.283203125000000000e+00 1.786529201408519601e-22 -3.136034649893817501e-23
1.283691406250000000e+00 -2.460903054259430777e-22 -7.721182704649555257e-23
1.284179687500000000e+00 -6.947442752538300931e-23 -1.522539520846804248e-22
1.284667968750000000e+00 -2.043585554953829900e-23 -1.438494833548691789e-22
1.285156250000000000e+00 -6.082727830074959507e-23 -2.100874228620234632e-22
1.285644531250000000e+00 -4.430413264103883702e-23 -1.669099417398151473e-23
1.286132812500000000e+00 -2.247988413846925833e-22 -2.198034567189758822e-22
1.286621093750000000e+00 -6.611651942432740165e-23 -1.053018248021413936e-22
1.287109375000000000e+00 -5.447797595443156326e-23 2.332495884734558428e-24
1.287597656250000000e+00 -1.948749523575937074e-22 1.533627281068285884e-22
1.288085937500000000e+00 -5.941184682975585361e-23 1.702204649831029638e-22
1.288574218750000000e+00 2.398853490769369319e-23 -1.274845549548441363e-22
1.289062500000000000e+00 1.634284116536412988e-22 -1.807488615850086723e-22
1.289550781250000000e+00 -2.690773299331220038e-22 -7.484638779688074294e-23
1.290039062500000000e+00 1.238339091465067043e-22 -2.348865581858313634e-23
1.290527343750000000e+00 7.446761820896040822e-23 1.209560276100895742e-22
1.291015625000000000e+00 -3.121193080652428637e-23 2.745989047984794914e-22
1.291503906250000000e+00 7.549087883162559779e-23 1.860491057348985473e-22
1.291992187500000000e+00 1.444202923753366575e-22 3.708188933041395339e-23
1.292480468750000000e+00 1.390403927378864950e-22 9.195160299985931102e-23
1.292968750000000000e+00 2.067657444999021106e-22 -8.629325888208802086e-23
1.293457031250000000e+00 1.542906528189825366e-22 1.229401216258999953e-22
1.293945312500000000e+00 -2.492860727933287826e-23 -5.562310605300302331e-23
1.294433593750000000e+00 2.091665432051829953e-22 -1.243416001574223738e-23
1.294921875000000000e+00 1.992720994470764992e-22 1.406027209110759100e-22
1.295410156250000000e+00 -2.274982425415157190e-22 5.450621619103220004e-23
1.295898437500000000e+00 7.431982195636514812e-23 9.190553492788311540e-23
1.296386718750000000e+00 -3.025710682405278248e-24 1.626274012166818747e-22
1.296875000000000000e+00 2.438258986045224911e-23 1.006230382541733407e-22
1.297363281250000000e+00 -5.630245106475295645e-23 -1.888955538165092073e-22
1.297851562500000000e+00 -1.630594242914007961e-22 1.463132761935145950e-22
1.298339843750000000e+00 1.790260190939197744e-22 1.868169016828602914e-22
1.298828125000000000e+00 1.731730119639294869e-22 -3.359541173098136135e-23
1.299316406250000000e+00 1.137837321293198501e-22 1.262657619378440175e-22
1.299804687500000000e+00 -3.899251489014879264e-23 -2.445888462192018137e-22
1.300292968750000000e+00 2.526878203969074405e-22 -7.213272174292346984e-23
1.300781250000000000e+00 -3.383297261295972706e-23 1.743900311001114196e-22
1.301269531250000000e+00 9.990020154387301366e-24 -7.696076545835777723e-23
1.301757812500000000e+00 -3.051334045589928667e-22 9.790524169072909630e-23
1.302246093750000000e+00 -2.163889138876826727e-22 5.000305326819084993e-23
1.302734375000000000e+00 3.252591783917804075e-24 -1.659215580689589753e-22
1.303222656250000000e+00 -2.321357137279095928e-22 -9.510289942315582093e-23
1.303710937500000000e+00 -1.575402216095169809e-22 -1.817546212342671039e-22
1.304199218750000000e+00 -9.342654518702833114e-23 -1.323254781450448757e-22
1.304687500000000000e+00 -7.382957504965652142e-23 5.071804612009020925e-23
1.305175781250000000e+00 -1.029338624144033573e-23 -1.070373358196396002e-22
1.305664062500000000e+00 4.474207477640361300e-24 -2.061768551963838519e-22
1.306152343750000000e+00 -1.401594703743470525e-22 -1.562311920512803242e-22
1.306640625000000000e+00 5.044955606973989170e-23 -2.249020293060524409e-22
1.307128906250000000e+00 -1.153502055623302647e-22 -1.039984457511071825e-22
1.307617187500000000e+00 -1.649010508841526968e-22 -6.618782948677114233e-23
1.308105468750000000e+00 1.707141238145739622e-22 -8.394125981837540521e-23
1.308593750000000000e+00 9.872146659457334396e-23 5.370710805479037498e-23
1.309082031250000000e+00 8.529366979200647382e-23 2.184863221483977874e-23
1.309570312500000000e+00 -1.946708993124534496e-22 4.757103404998981051e-24
1.310058593750000000e+00 4.138663281718444019e-22 2.139928091647615238e-22
1.310546875000000000e+00 1.071225858940436377e-22 -1.428428057569121168e-23
1.311035156250000000e+00 2.217792661341601681e-22 -4.944566406431234850e-23
1.311523437500000000e+00 1.455417175343451394e-22 3.246603221295832115e-22
1.312011718750000000e+00 7.142296406694035158e-23 4.036082080167935504e-23
1.312500000000000000e+00 -7.842168937793066210e-23 -1.818087840589214246e-22
1.312988281250000000e+00 1.763973713604392061e-22 3.297260642202943454e-23
1.313476562500000000e+00 -2.563764175383716944e-23 3.409437442270819642e-23
1.313964843750000000e+00 8.320130633401928558e-23 8.561919463552204891e-23
1.314453125000000000e+00 -2.981541314104326886e-23 1.936889925338461436e-22
1.314941406250000000e+00 3.753008643740897189e-23 1.389379814333118539e-22
1.315429687500000000e+00 -1.562488400200720403e-22 -3.064466344920776391e-23
1.315917968750000000e+00 -1.005600802605275943e-22 2.002360729646332206e-22
1.316406250000000000e+00 -1.774883009557019385e-22 8.582324382264802316e-23
1.316894531250000000e+00 -2.841363221021559845e-24 -1.202604981791267126e-22
1.317382812500000000e+00 1.325099659946754324e-22 2.397477613644210556e-22
1.317871093750000000e+00 -4.744554752794104635e-24 -6.070832698176661505e-23
1.318359375000000000e+00 -6.667656035717650722e-23 4.172429673310376089e-23
1.318847656250000000e+00 -3.475191347386351546e-23 6.478331490866439288e-23
1.319335937500000000e+00 -1.037532489093560328e-22 -1.621307913956057720e-22
1.319824218750000000e+00 9.245305850284103867e-23 6.410411769188043189e-24
1.320312500000000000e+00 -2.464673489702104233e-22 -1.548101240935124396e-22
1.320800781250000000e+00 -1.467971018283766800e-22 2.762026814263796642e-24
1.321289062500000000e+00 8.244298424500794956e-23 -2.304864062397867634e-23
1.321777343750000000e+00 -1.483014301378751692e-23 -1.558669056094795210e-22
1.322265625000000000e+00 -2.425500553648537541e-22 6.951161497377880614e-24
1.322753906250000000e+00 -4.132935807382271604e-23 -2.657077177885943542e-22
1.323242187500000000e+00 1.480364010913962443e-22 -1.347413165604897521e-22
1.323730468750000000e+00 -2.285701966923364412e-22 -9.450791502154926816e-24
1.324218750000000000e+00 2.987359087451251212e-22 3.209447869876396034e-22
1.324707031250000000e+00 5.038852361293769330e-23 -3.103585179765440544e-23
1.325195312500000000e+00 -1.856142614800714981e-22 4.662088300678385326e-23
1.325683593750000000e+00 -4.252885064580868006e-23 8.067157814974404161e-23
1.326171875000000000e+00 1.244834233833055555e-22 1.168206702323089862e-23
1.326660156250000000e+00 -2.215570531637997012e-23 -2.127757225401739361e-22
1.327148437500000000e+00 1.471185977974986356e-22 1.672891666531689153e-22
1.327636718750000000e+00 -2.197847159143835782e-22 1.464935663320094821e-22
1.328125000000000000e+00 1.611852190382462665e-22 -9.832458166935705048e-23
1.328613281250000000e+00 2.049770995825201499e-22 -9.327840346126788845e-23
1.329101562500000000e+00 -1.968359455764958644e-23 1.047718688247572844e-22
1.329589843750000000e+00 1.563786487689365822e-23 6.823697205512249143e-23
1.330078125000000000e+00 1.321164943880310702e-22 2.131276883320965336e-22
1.330566406250000000e+00 -8.485791628175537303e-23 -7.991352059854808089e-23
1.331054687500000000e+00 2.058347792720015666e-22 7.376906100419730333e-23
1.331542968750000000e+00 -1.233861019403870516e-22 6.724344260321256639e-23
1.332031250000000000e+00 7.102591220172895339e-23 -3.917097655360090520e-22
1.332519531250000000e+00 -1.595274555873543861e-22 4.163654840024820179e-23
1.333007812500000000e+00 2.703328998578135388e-23 -3.231363696105320024e-23
1.333496093750000000e+00 -9.563761205419314766e-23 -1.990209907763036847e-22
1.333984375000000000e+00 -4.631047438436555034e-25 -1.419795078980699051e-22
1.334472656250000000e+00 -1.901998701189470625e-22 3.821411274851463130e-23
1.334960937500000000e+00 -4.088187781350342516e-23 1.352440795897609491e-22
1.335449218750000000e+00 2.872180545034885475e-22 -3.103609481242655557e-22
1.335937500000000000e+00 1.685321586099279820e-22 2.587193570382058084e-22
1.336425781250000000e+00 7.882100824331314829e-23 -1.309132389315146083e-23
1.336914062500000000e+00 -1.956457979175846787e-22 7.244551653880240539e-23
1.337402343750000000e+00 2.735878486440500036e-23 -1.058283797282879789e-22
1.337890625000000000e+00 6.717626082398544736e-23 1.086927669509722235e-22
1.338378906250000000e+00 -1.238390975247403911e-22 8.820149080471707600e-23
1.338867187500000000e+00 4.809408234026311463e-24 1.215667520163767704e-22
1.339355468750000000e+00 2.265666936905284867e-22 1.133785597947623632e-22
1.339843750000000000e+00 -1.238067904798575093e-22 -1.209456070339546261e-22
1.340332031250000000e+00 1.674010514700911092e-22 2.183402379104299421e-22
1.340820312500000000e+00 -6.056736841762539289e-23 6.008537732104068224e-23
1.341308593750000000e+00 1.449859689565732140e-22 -1.859822353375901176e-22
1.341796875000000000e+00 -8.232535344681744541e-23 -1.342127184245264279e-23
1.342285156250000000e+00 -6.947493239722064971e-23 7.597202531788205486e-23
1.342773437500000000e+00 2.217207666035382917e-22 -2.357417129025368689e-22
1.343261718750000000e+00 2.655775202446334189e-22 -2.430398888797672054e-22
1.343750000000000000e+00 -4.732082017088294426e-23 -3.824156851231845453e-22
1.344238281250000000e+00 1.061474501344801698e-24 -3.888859956789051146e-23
1.344726562500000000e+00 1.909077999195969622e-24 7.555019490812485883e-23
1.345214843750000000e+00 -8.202942731501924860e-23 2.502765963974840820e-22
1.345703125000000000e+00 -7.730362027070091175e-23 1.399334845249026151e-22
1.346191406250000000e+00 -2.602962377867390246e-22 3.520258357711370436e-23
1.346679687500000000e+00 -8.054240021250824882e-23 3.363535150841763415e-22
1.347167968750000000e+00 -1.399119063145907713e-22 5.302936796931950139e-24
1.347656250000000000e+00 -2.971553212047494318e-22 4.698029824847002597e-24
1.348144531250000000e+00 -8.132832722063012602e-23 1.317171999930421908e-22
1.348632812500000000e+00 5.581636892159104997e-23 -8.970136452394652500e-23
1.349121093750000000e+00 -1.779823626183343172e-22 -8.675513808538906313e-23
1.349609375000000000e+00 -8.158698782768192223e-23 -9.579688258768887879e-23
1.350097656250000000e+00 -3.323538742583506949e-22 5.946107526015854937e-23
1.350585937500000000e+00 4.747327202955483682e-23 2.058289580244209882e-22
1.351074218750000000e+00 2.774204525761552824e-22 -7.664771577126847181e-23
1.351562500000000000e+00 4.028944648478110988e-23 -8.926021350970292749e-24
1.352050781250000000e+00 2.772365435625976444e-22 -1.726116536621741748e-22
1.352539062500000000e+00 2.467190640999187957e-22 -1.944252341347800421e-22
1.353027343750000000e+00 -5.678658821614103477e-23 -7.772617904795870644e-23
1.353515625000000000e+00 1.010782485167257040e-22 -1.766751148731005096e-23
1.354003906250000000e+00 -6.685321564090414932e-23 -5.253808150731929477e-23
1.354492187500000000e+00 -7.516343232285600168e-23 1.309742534218448108e-22
1.354980468750000000e+00 -3.265895706103381174e-22 -1.246242380450878424e-22
1.355468750000000000e+00 -1.508566868328261319e-22 -3.078545729886689532e-23
1.355957031250000000e+00 -6.573871097368014811e-23 4.980845232251561473e-23
1.356445312500000000e+00 1.260239601694254111e-22 1.481651462850784864e-22
1.356933593750000000e+00 1.403478638528370580e-22 -4.589988150858928479e-24
1.357421875000000000e+00 3.552073743638111016e-23 7.484971362666419141e-23
1.357910156250000000e+00 2.354190517568019619e-22 9.573368092837720243e-24
1.358398437500000000e+00 -7.559939893931227016e-23 -4.379726840775002407e-23
1.358886718750000000e+00 8.425515656191643377e-23 2.749433603494109600e-22
1.359375000000000000e+00 -2.327576926221233345e-22 -8.166991211849622740e-23
1.359863281250000000e+00 9.584141974532618056e-23 2.256944113531238101e-22
1.360351562500000000e+00 -1.382677793651188958e-22 -1.191776799132459764e-23
1.360839843750000000e+00 3.375462059578944733e-22 1.105367476478679987e-22
1.361328125000000000e+00 1.979957764581599090e-22 -2.389969845306614105e-23
1.361816406250000000e+00 1.317359353384931329e-22 3.794227569289618412e-23
1.362304687500000000e+00 -4.720352879892024354e-23 -9.333289590396178877e-23
1.362792968750000000e+00 1.525061248700351510e-22 7.747206969569390843e-23
1.363281250000000000e+00 9.947067052585725093e-23 -3.854426544917136671e-23
1.363769531250000000e+00 -2.770804875242829408e-22 -3.335404500416392733e-23
1.364257812500000000e+00 1.108997054720042579e-22 -1.683919833547938878e-22
1.364746093750000000e+00 1.142150169661489358e-22 5.037251381534499653e-23
1.365234375000000000e+00 -6.387118745331624609e-25 -1.362115208043911724e-22
1.365722656250000000e+00 9.198258096465326452e-23 6.246092019177721402e-23
1.366210937500000000e+00 -3.655276584937881848e-23 -2.064905328002428901e-23
1.366699218750000000e+00 -1.770548699130302396e-22 -2.455610394392389809e-22
1.367187500000000000e+00 1.675597679249976438e-22 -1.099928932744663527e-22
1.367675781250000000e+00 -1.829663380212228035e-22 1.226293320701960893e-22
1.368164062500000000e+00 1.612907023206137824e-23 1.215684725361083850e-22
1.368652343750000000e+00 4.160691408129157206e-23 -1.146691905827588016e-22
1.369140625000000000e+00 -3.760459590763495874e-23 -1.605817787065986941e-22
1.369628906250000000e+00 -2.278926559835703257e-23 -1.454614115873813312e-22
1.370117187500000000e+00 -1.925734628109131023e-23 2.019768318736837712e-23
1.370605468750000000e+00 -1.341832054008186513e-22 -2.899910653189474352e-22
1.371093750000000000e+00 -4.558738864898429778e-23 8.987297921605944345e-23
1.371582031250000000e+00 -9.746892322280523820e-23 7.803343407374880286e-23
1.372070312500000000e+00 -5.284417220974899781e-23 -5.463821684234713630e-23
1.372558593750000000e+00 7.946580344083051627e-23 8.694318128436827731e-23
1.373046875000000000e+00 -2.621197555987536158e-22 2.448673276979580525e-22
1.373535156250000000e+00 2.803714937604935877e-22 -1.824089875852957577e-22
1.374023437500000000e+00 -6.702168343491773488e-24 8.006050556111524458e-23
1.374511718750000000e+00 -7.952741238073356713e-23 1.576112458486846580e-22
1.375000000000000000e+00 1.474079017878752184e-22 2.493546217122195331e-22
1.375488281250000000e+00 -2.003123023633838024e-22 -2.666339099083937153e-23
1.375976562500000000e+00 -1.086360039971634304e-22 -1.377380832751045031e-22
1.376464843750000000e+00 -7.525414522118778006e-23 2.900706379281124677e-22
1.376953125000000000e+00 -4.470094350490725039e-23 -9.851507457499937153e-23
1.377441406250000000e+00 -2.751238977436220963e-22 -1.370307084969103508e-22
1.377929687500000000e+00 1.050233755081615893e-22 5.685261800991283023e-23
1.378417968750000000e+00 -2.030446757724684102e-22 7.787338096168597873e-23
1.378906250000000000e+00 2.301010423389228098e-22 -1.029435502302243809e-22
1.379394531250000000e+00 -7.120339724069612456e-23 1.026983523854453074e-22
1.379882812500000000e+00 1.480143395716468174e-22 -2.339912129808781565e-23
1.380371093750000000e+00 5.754306287208695409e-23 -1.753740681574912852e-22
1.380859375000000000e+00 -2.578900482049568659e-23 8.980480507885099400e-23
1.381347656250000000e+00 1.993367661804194016e-22 -1.584259505802360869e-23
1.381835937500000000e+00 4.147090973280749468e-23 -5.597548393640009789e-24
1.382324218750000000e+00 1.329920410520014841e-22 4.659187437927473091e-23
1.382812500000000000e+00 -5.909821375420281941e-23 1.511029690995943287e-22
1.383300781250000000e+00 6.355295649241799941e-23 2.726753035974011503e-24
1.383789062500000000e+00 -1.687083963937864140e-23 -2.052922950050838052e-23
1.384277343750000000e+00 1.296315764409264486e-22 1.592965281614374226e-22
1.384765625000000000e+00 1.337151222171323236e-22 -1.557746985215759094e-22
1.385253906250000000e+00 -3.140717163589366136e-23 3.447774134204653986e-23
1.385742187500000000e+00 -8.417357941021410764e-23 -1.348480931734504993e-23
1.386230468750000000e+00 -5.131012404210010461e-23 2.351302049766244258e-22
1.386718750000000000e+00 1.144371547000215421e-22 -2.173981555873495561e-23
1.387207031250000000e+00 -2.053181185869089183e-22 -2.098067677227549949e-22
1.387695312500000000e+00 -1.441693004672832501e-22 3.952983518161687029e-23
1.388183593750000000e+00 5.949799551229186949e-23 -1.136698474056922520e-22
1.388671875000000000e+00 -1.287899168279223376e-22 1.223249993672933937e-22
1.389160156250000000e+00 1.757116789228238891e-22 -3.911369657009402004e-22
1.389648437500000000e+00 -1.290605630316991136e-22 1.149333862492592868e-22
1.390136718750000000e+00 1.490446333556990502e-22 1.272737812950997508e-22
1.390625000000000000e+00 -1.247758584877121214e-23 -6.910472632469453184e-23
1.391113281250000000e+00 4.140189792754034671e-23 1.327599165698025223e-22
1.391601562500000000e+00 -1.366004886617308047e-22 -2.654825817639878496e-22
1.392089843750000000e+00 3.826028998032272567e-22 -2.058187248813183924e-22
1.392578125000000000e+00 1.414377823847157628e-22 3.703292530384244323e-22
1.393066406250000000e+00 -2.846871557997535969e-22 -8.384310329676563751e-24
1.393554687500000000e+00 -1.173288109213472236e-22 -1.180145844394386571e-23
1.394042968750000000e+00 5.179355134266588445e-24 -8.238537756711781230e-23
1.394531250000000000e+00 6.762574216465494107e-23 8.688757858396806517e-23
1.395019531250000000e+00 1.522921634003834599e-23 -2.324217377219104912e-23
1.395507812500000000e+00 -1.118257782874777225e-22 -1.465186105080900959e-22
1.395996093750000000e+00 -1.367227367163515400e-22 -1.743705571019321850e-23
1.396484375000000000e+00 1.848751717354170019e-22 -7.164145960883434162e-23
1.396972656250000000e+00 -9.552299818094636391e-23 -7.543599795340600152e-23
1.397460937500000000e+00 2.880008318139931485e-22 -3.107154534793335359e-23
1.397949218750000000e+00 -3.102617384503581103e-23 6.250676627053801170e-23
1.398437500000000000e+00 -3.520114577776271514e-23 1.055682486841389932e-22
1.398925781250000000e+00 2.399750449372331737e-24 7.750335530999499118e-23
1.399414062500000000e+00 4.500143177410195440e-23 1.379629837196592366e-22
1.399902343750000000e+00 -1.025002623890521493e-22 -4.995576765946894847e-23
1.400390625000000000e+00 -2.657582076767490343e-23 -2.667556522119545846e-23
1.400878906250000000e+00 -1.167836266696828195e-22 -6.219709901803334469e-23
1.401367187500000000e+00 2.034403858576861889e-22 -8.393833434395984934e-23
1.401855468750000000e+00 -3.215687870655641184e-23 2.234489854318484276e-22
1.402343750000000000e+00 -7.860670565348418107e-23 -1.303755368446037707e-22
1.402832031250000000e+00 -7.966047397446525777e-23 -3.961697472016903213e-23
1.403320312500000000e+00 -2.219119844566964308e-22 -3.046765857351179146e-22
1.403808593750000000e+00 5.381779927593502929e-23 -5.297243357638188168e-23
1.404296875000000000e+00 -7.705361982776974623e-23 -3.991347288805106524e-23
1.404785156250000000e+00 -3.433144994944269088e-23 6.342571809639231388e-23
1.405273437500000000e+00 2.763951489816123478e-22 -7.370707413062927981e-23
1.405761718750000000e+00 -6.636890121612713276e-23 2.188365607668752661e-22
1.406250000000000000e+00 -1.191385358539496574e-23 -2.080429239544753379e-24
1.406738281250000000e+00 -3.442409828848045219e-24 4.395357737140490669e-22
1.407226562500000000e+00 7.290095512611281891e-23 -1.259276001756687368e-22
1.407714843750000000e+00 1.237631737349819560e-22 2.123316105997649399e-22
1.408203125000000000e+00 -1.058929275062703251e-22 4.002760734481161094e-23
1.408691406250000000e+00 2.176710429413339984e-22 -3.028983680342533011e-23
1.409179687500000000e+00 -1.578377689444530064e-22 -4.977298657619228562e-23
1.409667968750000000e+00 -7.353597893269222347e-23 1.231467450108155468e-22
1.410156250000000000e+00 1.190206003883219331e-23 -7.348406199790409608e-23
1.410644531250000000e+00 -1.653009092926115677e-22 -9.960670848999142945e-23
1.411132812500000000e+00 -2.182962015033551624e-23 -1.119734604881163849e-23
1.411621093750000000e+00 9.753314640050245218e-23 -3.635740651661408134e-23
1.412109375000000000e+00 -6.189408695488599654e-25 -8.320518100059342028e-23
1.412597656250000000e+00 1.853654593416660656e-24 1.478623003320075197e-22
1.413085937500000000e+00 -4.746354708828702535e-23 1.078483897581807388e-22
1.413574218750000000e+00 -6.274480361436583220e-24 1.676125235878642153e-22
1.414062500000000000e+00 -7.031499574834296249e-23 -4.613207433324006084e-23
1.414550781250000000e+00 9.914422923358141300e-23 -3.839056743387268506e-23
1.415039062500000000e+00 8.714067340034836285e-23 -6.983507823225717890e-24
1.415527343750000000e+00 -1.477913944730922797e-22 -6.155139744340352510e-23
1.416015625000000000e+00 -6.941819810060422380e-23 8.345539752374159299e-23
1.416503906250000000e+00 1.442894547106523036e-22 -2.983977302508068044e-23
1.416992187500000000e+00 8.394106422858133438e-23 1.179655433877367178e-22
1.417480468750000000e+00 4.038147695365639682e-22 -2.843484362678043799e-22
1.417968750000000000e+00 -1.195861615548494926e-22 1.573349793491542282e-24
1.418457031250000000e+00 -7.038281160038749005e-23 1.303584276941597817e-23
1.418945312500000000e+00 3.779232634952690155e-23 -3.184484397352949615e-25
1.419433593750000000e+00 -2.968986619098908067e-23 -1.574130328331664281e-22
1.419921875000000000e+00 -3.150819626504019355e-23 6.387146054863982950e-23
1.420410156250000000e+00 1.995150469895224109e-22 -2.025237911703363522e-22
1.420898437500000000e+00 -2.271560997865244492e-22 2.000243212497435407e-23
1.421386718750000000e+00 4.566522954967704281e-24 7.945587908083214869e-23
1.421875000000000000e+00 -1.204490125439442591e-22 1.960627079489311150e-22
1.422363281250000000e+00 -1.212234462538574381e-23 -4.958922245442245946e-22
1.422851562500000000e+00 -5.790695518220391024e-25 -1.403362504101932722e-22
1.423339843750000000e+00 8.040073831955166196e-23 8.291178677293482345e-24
1.423828125000000000e+00 -2.577808951299321768e-23 6.910324584212910684e-23
1.424316406250000000e+00 -4.770764534952021110e-23 -3.265492385525299554e-24
1.424804687500000000e+00 -4.056911088685468455e-24 2.730567076119560520e-23
1.425292968750000000e+00 -7.570775029754503579e-23 -1.109353977259907182e-22
1.425781250000000000e+00 1.511511898582807181e-22 2.969303683103913849e-22
1.426269531250000000e+00 -2.418355263845154113e-22 -1.280411612274108665e-22
1.426757812500000000e+00 -9.651274552624721209e-23 1.834275538554730467e-22
1.427246093750000000e+00 -2.302932811023265883e-22 -2.273349912479906481e-22
1.427734375000000000e+00 1.078905449852750092e-22 1.550331405544128424e-22
1.428222656250000000e+00 -3.390981415282674348e-23 -2.593409232513709060e-22
1.428710937500000000e+00 -2.360627712594777308e-22 -5.527568881601861225e-23
1.429199218750000000e+00 3.341208005732840570e-22 2.793894313713331779e-22
1.429687500000000000e+00 2.136307273725745700e-22 -4.696522377321182427e-23
1.430175781250000000e+00 1.113703845233002324e-22 1.046486084085216434e-22
1.430664062500000000e+00 4.224078119908440941e-23 1.862835045474822505e-22
1.431152343750000000e+00 2.696291776084457326e-22 9.197657730454918790e-23
1.431640625000000000e+00 -1.802257823547013745e-23 -3.063961278714714408e-24
1.432128906250000000e+00 -1.241580736144598644e-22 -8.378902839251212018e-24
1.432617187500000000e+00 -1.126837970151927917e-22 -9.172539434112393669e-23
1.433105468750000000e+00 4.437243121250060128e-23 -8.488300089607946237e-24
1.433593750000000000e+00 1.139565008374068382e-23 -1.848402476812227476e-22
1.434082031250000000e+00 -5.417352946063127179e-23 1.910103386064383021e-22
1.434570312500000000e+00 -6.184021514354035991e-23 -7.387936673872888704e-23
1.435058593750000000e+00 1.118859156162428611e-22 1.177603349068020354e-22
1.435546875000000000e+00 6.467202100360115736e-23 1.535240460259431984e-22
1.436035156250000000e+00 -4.898543466951613668e-24 1.656443150832782766e-22
1.436523437500000000e+00 4.694377754870509404e-24 -1.301765793536341082e-22
1.437011718750000000e+00 8.074675671855150419e-23 1.730261749474598760e-22
1.437500000000000000e+00 -9.607246861029909607e-24 -5.605850006410562452e-24
1.437988281250000000e+00 1.881648805627021531e-22 -1.414989737470035181e-23
1.438476562500000000e+00 -3.364298483879820101e-22 1.449161022130053119e-22
1.438964843750000000e+00 2.223549300246139478e-22 -2.494948761225969733e-22
1.439453125000000000e+00 -3.821762528194309927e-22 -5.204937873831559970e-23
1.439941406250000000e+00 3.380199035113932805e-22 -1.620072599945157396e-22
1.440429687500000000e+00 -2.537225707236996159e-22 3.540695493826632592e-23
1.440917968750000000e+00 1.514689231931912293e-22 6.376350993653035531e-23
1.441406250000000000e+00 -2.424600014821825083e-22 -1.188513433851796377e-23
1.441894531250000000e+00 1.547040979564982975e-23 -1.187069927249898942e-22
1.442382812500000000e+00 8.924388725618826688e-23 1.811361781461378649e-22
1.442871093750000000e+00 -2.696456824898673694e-22 -8.614371350819855545e-23
1.443359375000000000e+00 1.316473634797439940e-22 5.756897420130238943e-24
1.443847656250000000e+00 4.655843470643049038e-23 -3.901279715946403326e-23
1.444335937500000000e+00 -1.815989965594805437e-22 -3.832800082955391761e-23
1.444824218750000000e+00 1.798153137146926776e-22 -1.132101345527446363e-22
1.445312500000000000e+00 -8.139235438658262478e-23 -2.017992544128032327e-23
1.445800781250000000e+00 7.761012001256586810e-23 -7.418457727833574952e-23
1.446289062500000000e+00 -1.522804428471720775e-22 -1.799749910392032842e-22
1.446777343750000000e+00 -3.482063022807109641e-23 1.238789501014833488e-22
1.447265625000000000e+00 -2.993873589096288631e-22 1.010464428232047035e-22
1.447753906250000000e+00 1.058186446285266043e-22 -2.106978290436162098e-22
1.448242187500000000e+00 5.370095099625953789e-23 -1.250852176619823898e-22
1.448730468750000000e+00 6.666736060574588623e-23 1.070684591143367910e-23
1.449218750000000000e+00 -6.329599689119976872e-23 3.249001828435977809e-22
1.449707031250000000e+00 -8.786287387883869931e-24 -2.626953339411916303e-23
1.450195312500000000e+00 -1.927917374009369136e-23 -2.248510264555247896e-22
1.450683593750000000e+00 8.214080033516056354e-23 2.164557391092087100e-22
1.451171875000000000e+00 -1.813476388018131277e-22 -8.733250796101284399e-23
1.451660156250000000e+00 5.115313634307691165e-23 -1.365602642034125274e-23
1.452148437500000000e+00 1.582534251318610081e-22 -9.983386939286748030e-24
1.452636718750000000e+00 5.955220707878783797e-23 1.186271607612830482e-22
1.453125000000000000e+00 -3.967213714811330239e-23 -5.380516703868828789e-23
1.453613281250000000e+00 2.173214334081150389e-22 2.445071721340719389e-22
1.454101562500000000e+00 -3.299707826112680035e-23 2.353025883334050459e-23
1.454589843750000000e+00 2.931979521950134566e-22 1.594150721169917410e-23
1.455078125000000000e+00 1.368662987957825387e-22 1.380303810983536035e-23
1.455566406250000000e+00 -1.040355951724200391e-24 -2.429055894181108277e-22
1.456054687500000000e+00 2.745040964628677678e-22 1.259787977715222291e-22
1.456542968750000000e+00 -1.467848255897467231e-22 1.162172888405469139e-22
1.457031250000000000e+00 9.740114658187221411e-23 8.645176770477647786e-25
1.457519531250000000e+00 -5.402090237276408609e-23 1.591135784546625421e-22
1.458007812500000000e+00 -9.217961544238781269e-24 2.352629438894526846e-22
1.458496093750000000e+00 8.331220011170044128e-23 -7.457722549897153513e-23
1.458984375000000000e+00 5.713987149583232310e-24 -1.912321271515379867e-22
1.459472656250000000e+00 1.070572700493087621e-22 1.034783000511062667e-22
1.459960937500000000e+00 -5.825849639113172808e-23 -2.039428644018907398e-22
1.460449218750000000e+00 -3.210685332018454061e-22 -6.842261167467116159e-23
1.460937500000000000e+00 -5.329903484149658448e-23 2.242056131326430449e-23
1.461425781250000000e+00 -4.275215302717049958e-23 -2.784491816821138433e-23
1.461914062500000000e+00 1.181833839834504734e-22 1.528603998761437853e-22
1.462402343750000000e+00 -2.378837946447778480e-22 -5.935719675330325647e-23
1.462890625000000000e+00 1.272521758999795383e-22 -4.303382281810784558e-23
1.463378906250000000e+00 -1.995910477058781918e-22 -1.046912039357201234e-22
1.463867187500000000e+00 7.821668769718565967e-23 -1.207732394482521919e-22
1.464355468750000000e+00 -1.007095378058222182e-22 -6.617453957895298400e-23
1.464843750000000000e+00 9.598418584395307564e-23 3.859106201356186246e-23
1.465332031250000000e+00 -2.401663781627242380e-22 -5.644907345938080442e-23
1.465820312500000000e+00 -1.673459528283847989e-22 7.321174039175768602e-23
1.466308593750000000e+00 1.923398812342103361e-22 -4.626648498023252375e-23
1.466796875000000000e+00 -2.075444000635440130e-22 -1.373997775981524413e-23
1.467285156250000000e+00 8.850572126979614643e-24 -5.129852645983756286e-23
1.467773437500000000e+00 -1.246834426309296495e-22 2.691991280205302460e-23
1.468261718750000000e+00 -1.889505980797505520e-22 -1.477782214960029747e-23
1.468750000000000000e+00 1.837253506110869874e-22 -2.423467395914591179e-22
1.469238281250000000e+00 -9.276679657027895741e-23 -1.155143705230487409e-23
1.469726562500000000e+00 1.729275129929789482e-22 1.207556963943957134e-22
1.470214843750000000e+00 -2.685004318467401418e-23 -3.677329600101843445e-23
1.470703125000000000e+00 1.053337812440863931e-22 2.002826335384131225e-23
1.471191406250000000e+00 -1.228815081625078294e-22 1.557985148041239938e-22
1.471679687500000000e+00 -4.165105697545575896e-23 -5.583811426663393085e-23
1.472167968750000000e+00 -2.490550056178666802e-23 3.340886379166444468e-23
1.472656250000000000e+00 4.399795619729230202e-24 4.006489959420663876e-23
1.473144531250000000e+00 -3.862688313743340316e-23 5.944355627939967544e-23
1.473632812500000000e+00 4.435641802387187040e-22 5.286126668687612446e-25
1.474121093750000000e+00 -4.284814582056077636e-23 3.410289232806064226e-22
1.474609375000000000e+00 2.611654816147687849e-23 -2.584404693629811403e-22
1.475097656250000000e+00 -6.331006968086291520e-23 2.739264832867503142e-22
1.475585937500000000e+00 1.066500345273270172e-22 2.802243819334986882e-23
1.476074218750000000e+00 2.369559659849034516e-23 8.836258872624409021e-23
1.476562500000000000e+00 1.760403671470860490e-22 5.149622779951595581e-23
1.477050781250000000e+00 1.276403964347663006e-22 -1.804213478533124785e-23
1.477539062500000000e+00 -2.175826610433013342e-22 4.838187236266037014e-23
1.478027343750000000e+00 9.862611330469932949e-23 -1.144282333703622555e-22
1.478515625000000000e+00 8.698600679046965532e-24 -2.947300077951671451e-23
1.479003906250000000e+00 -9.791940311275954674e-23 1.189541667090542902e-23
1.479492187500000000e+00 9.494388215233956336e-23 -9.014256262720364088e-23
1.479980468750000000e+00 -1.383062224769648392e-22 5.962675617404949743e-23
1.480468750000000000e+00 -8.435807162282021731e-23 -8.892839910732425308e-23
1.480957031250000000e+00 1.118607008326892674e-22 -4.915448732352233607e-23
1.481445312500000000e+00 -1.294821159556026218e-22 6.662033892020019468e-24
1.481933593750000000e+00 1.160610337091169807e-22 1.101669015793412666e-22
1.482421875000000000e+00 1.645006681336077681e-22 6.959411464833401032e-23
1.482910156250000000e+00 8.887758724311722744e-23 -2.858644958181035760e-23
1.483398437500000000e+00 7.778376746990849565e-23 9.064124398436291594e-23
1.483886718750000000e+00 -1.245238415207285726e-22 -9.389185978020094912e-23
1.484375000000000000e+00 1.005976501978836735e-23 -5.479543984093202123e-23
1.484863281250000000e+00 -3.101509445513420278e-22 -1.734796195013611542e-22
1.485351562500000000e+00 1.695078484661290221e-22 -1.592368687293070390e-23
1.485839843750000000e+00 4.385822948482311754e-23 -2.704630353083132255e-22
1.486328125000000000e+00 2.260668140125995235e-22 2.923904366422062569e-23
1.486816406250000000e+00 -2.884395418159873132e-22 -3.651112318009964795e-23
1.487304687500000000e+00 1.068721325798974327e-22 -1.732007084080235346e-22
1.487792968750000000e+00 -7.276769135594663795e-23 1.222955875300520084e-22
1.488281250000000000e+00 1.540963379795750547e-22 -1.321257459585091475e-22
1.488769531250000000e+00 2.695571585332948596e-23 9.679030260289856878e-23
1.489257812500000000e+00 -6.762476769275816764e-23 9.544286375813753364e-23
1.489746093750000000e+00 1.847701818245382503e-22 1.675157536204046590e-22
1.490234375000000000e+00 -1.689785270395224211e-23 -1.809704477374310778e-22
1.490722656250000000e+00 9.756677145209521499e-23 -4.685578981441011529e-23
1.491210937500000000e+00 -3.554098851224296662e-22 2.515655372888120233e-22
1.491699218750000000e+00 1.660435446699201601e-22 -1.251984666535015584e-22
1.492187500000000000e+00 7.405141829101958408e-24 -2.287587249594432153e-23
1.492675781250000000e+00 2.665953296759625408e-23 -7.425963436857794279e-23
1.493164062500000000e+00 -2.087149432448344645e-22 -3.964226451577889237e-23
1.493652343750000000e+00 -2.318272770264231198e-22 -1.354911121202768626e-22
1.494140625000000000e+00 -5.320312452613857824e-23 2.868363636003549830e-22
1.494628906250000000e+00 -1.940911807663148734e-22 -1.382922517884151133e-22
1.495117187500000000e+00 -1.353410032993763314e-22 1.245422380572852801e-22
1.495605468750000000e+00 2.003827587084865576e-23 8.880207962417188330e-24
1.496093750000000000e+00 2.622185609712721974e-23 1.993730621390421345e-22
1.496582031250000000e+00 -1.278498569389111547e-22 -1.176693605701141736e-22
1.497070312500000000e+00 -4.601012443398054515e-23 1.749876388901161476e-22
1.497558593750000000e+00 -8.413949718942975947e-23 3.757919966398961033e-23
1.498046875000000000e+00 5.150846715393848356e-23 1.828962789275844576e-22
1.498535156250000000e+00 -2.886758453062586693e-22 -1.303763752554877595e-22
1.499023437500000000e+00 -2.409088282770231410e-22 -3.007407987175586258e-22
1.499511718750000000e+00 1.912457449352296719e-22 3.108230115067085444e-25
1.500000000000000000e+00 1.265266610009662482e-22 -4.854005227624395570e-23
1.500488281250000000e+00 2.527801829287261942e-22 7.419774168022116604e-23
1.500976562500000000e+00 -3.771846860227061393e-23 2.840223007015694689e-23
1.501464843750000000e+00 2.691913866501255078e-22 1.320263210100865080e-22
1.501953125000000000e+00 5.921819545949459533e-23 1.596523846393624353e-22
1.502441406250000000e+00 4.607341580156540126e-23 2.816269242333733307e-23
1.502929687500000000e+00 1.859773840243779947e-22 6.998005197382822495e-23
1.503417968750000000e+00 4.687856832765029415e-23 7.978621522189476474e-23
1.503906250000000000e+00 2.368024281786414981e-22 -1.328444456610204959e-22
1.504394531250000000e+00 -2.221873891363909737e-23 -1.555540331456379604e-23
1.504882812500000000e+00 1.144369490960251873e-22 7.459142339569594138e-23
1.505371093750000000e+00 -6.215300365408163500e-23 -1.411101531661515965e-22
1.505859375000000000e+00 3.637430588169208695e-22 2.442708611224572492e-22
1.506347656250000000e+00 1.039584136582176176e-22 -2.273723855528635199e-22
1.506835937500000000e+00 -1.109183318827940966e-22 8.445031699363310184e-23
1.507324218750000000e+00 3.434076335465241288e-24 -1.503124287099502737e-22
1.507812500000000000e+00 -1.285299678731045407e-22 7.167349326394307850e-24
1.508300781250000000e+00 -1.084649693921562475e-22 -1.848973562225099871e-22
1.508789062500000000e+00 -2.390859934789902470e-23 -5.186241628970335780e-23
1.509277343750000000e+00 -5.668742446728597865e-23 -4.222032127016816441e-23
1.509765625000000000e+00 3.954249276087672870e-23 4.353834131450364621e-23
1.510253906250000000e+00 -3.436748883990889388e-23 4.384386965080623382e-24
1.510742187500000000e+00 -7.315884333659881520e-23 -4.458138662656749689e-23
1.511230468750000000e+00 -6.798835511101079129e-23 -1.674176117374387890e-22
1.511718750000000000e+00 1.080615906187641730e-22 -2.316921401587599354e-24
1.512207031250000000e+00 -7.197791873066365749e-23 -6.319642333016368824e-23
1.512695312500000000e+00 -1.372246467908240436e-22 1.141425505389681665e-22
1.513183593750000000e+00 4.144193270917930601e-23 -6.825820050779026764e-23
1.513671875000000000e+00 -1.120473478500575597e-22 -7.674564626131547015e-23
1.514160156250000000e+00 1.676176173118396416e-22 7.261895016253013716e-23
1.514648437500000000e+00 -1.524892561064092131e-22 7.431476686183105002e-23
1.515136718750000000e+00 -6.132318605993856072e-23 6.650755287401384898e-23
1.515625000000000000e+00 3.948711371783952556e-23 9.408539135167054838e-23
1.516113281250000000e+00 -2.699975104216977485e-23 1.352526273009620876e-23
1.516601562500000000e+00 -1.375110037991510481e-23 -5.194104799414471883e-23
1.517089843750000000e+00 -1.399553502659187599e-23 1.851560547590564814e-22
1.517578125000000000e+00 1.114208889954122680e-22 -1.573381703759172379e-22
1.518066406250000000e+00 1.305969508079613999e-22 -3.756270302427020269e-23
1.518554687500000000e+00 3.341337900895759046e-23 3.172414765757830131e-23
1.519042968750000000e+00 -3.944557654476623495e-23 2.555499176775400095e-22
1.519531250000000000e+00 -5.195742305396033554e-23 1.474795557268345917e-22
1.520019531250000000e+00 -7.051722844059258713e-23 3.324035093598829122e-23
1.520507812500000000e+00 -2.039117281639161237e-22 9.064246963866606384e-24
1.520996093750000000e+00 -1.684237063215307334e-22 -1.294855923503326809e-22
1.521484375000000000e+00 1.588724800163562938e-22 -2.351218200260029235e-22
1.521972656250000000e+00 -2.913508977263851513e-22 2.062834338547253295e-22
1.522460937500000000e+00 2.165295462389742417e-22 -9.031437406771666539e-23
1.522949218750000000e+00 -2.822149213131234429e-22 -2.896794533325889986e-23
1.523437500000000000e+00 6.729336737197358517e-23 -1.282127635591931159e-22
1.523925781250000000e+00 -4.787641249721826090e-23 1.510502796544585785e-22
1.524414062500000000e+00 1.352235809499274586e-22 7.465487561151751709e-23
1.524902343750000000e+00 8.494246022760918853e-23 -7.384010710318739591e-23
1.525390625000000000e+00 1.999756186043725847e-23 -1.191030763616783946e-22
1.525878906250000000e+00 -1.590533377390394645e-22 3.637399138622188921e-23
1.526367187500000000e+00 1.954824262453283246e-22 4.493990658749018890e-23
1.526855468750000000e+00 1.032192805485276436e-23 1.848538229951142995e-22
1.527343750000000000e+00 1.846914468600180084e-22 1.048615060676939743e-22
1.527832031250000000e+00 6.821704549717157820e-23 -2.707948594359215377e-22
1.528320312500000000e+00 4.743081545115138790e-23 -9.894051128952430511e-23
1.528808593750000000e+00 -3.295123156105427290e-23 1.801420408155159757e-22
1.529296875000000000e+00 9.070212109305788701e-23 -2.250254218277853451e-22
1.529785156250000000e+00 3.096154507069745500e-24 2.004130041945326837e-23
1.530273437500000000e+00 -1.538426982555183181e-22 -3.409770630401947055e-23
1.530761718750000000e+00 4.056665237644146830e-23 -1.146333020423524120e-22
1.531250000000000000e+00 1.208631432930209100e-22 -8.997715281646888261e-23
1.531738281250000000e+00 -2.051529668956226015e-22 7.056360306305105396e-23
1.532226562500000000e+00 1.729197561660959459e-22 -8.998984199298532322e-23
1.532714843750000000e+00 9.001034702170413767e-23 -1.090665470186664676e-23
1.533203125000000000e+00 1.398645867777672921e-22 -9.605499973383175588e-23
1.533691406250000000e+00 -1.093214567271526542e-22 1.573819885911725712e-22
1.534179687500000000e+00 -8.822464432604845476e-23 9.280619960437853290e-24
1.534667968750000000e+00 -1.407864138248171120e-23 2.873768132646038413e-23
1.535156250000000000e+00 -9.748684057779248787e-23 7.169512973244237225e-23
1.535644531250000000e+00 -1.377289088789735002e-22 3.484521838713600610e-23
1.536132812500000000e+00 -9.061194923158811792e-23 1.422305386489661421e-22
1.536621093750000000e+00 -1.858031206462147603e-22 -6.933298507591747278e-23
1.537109375000000000e+00 1.242292137546042887e-22 1.043772162295996463e-22
1.537597656250000000e+00 -2.128014994503295127e-22 -8.736243011920821616e-23
1.538085937500000000e+00 -8.904001992971858218e-23 -1.509166300059291367e-23
1.538574218750000000e+00 2.284831984599706771e-22 -1.762472938944232508e-23
1.539062500000000000e+00 1.814692801603784310e-22 6.739010170786406040e-23
1.539550781250000000e+00 5.177084251244460856e-23 -6.723400586728824480e-23
1.540039062500000000e+00 1.933789987419668465e-23 -6.729892931160219877e-23
1.540527343750000000e+00 2.082785504156788654e-22 -3.727768882675263440e-23
1.541015625000000000e+00 -1.687341573368649212e-23 1.498540846330224751e-22
1.541503906250000000e+00 1.781994020812965796e-22 7.609834398419156407e-23
1.541992187500000000e+00 -6.928497037487995438e-23 -5.491873532941999196e-24
1.542480468750000000e+00 2.992935484976284058e-22 9.548715734417817006e-24
1.542968750000000000e+00 -4.381446605251470761e-23 3.268437761252074256e-23
1.543457031250000000e+00 2.966147068783082565e-23 6.369203304111482214e-24
1.543945312500000000e+00 -1.754601771905708861e-22 3.837708408131937449e-23
1.544433593750000000e+00 4.910361801885587416e-24 -1.300694173228830749e-22
1.544921875000000000e+00 4.608122882040077250e-23 1.832289813807147897e-22
1.545410156250000000e+00 2.415040060626488760e-22 -1.270175457916989814e-22
1.545898437500000000e+00 -2.499031713911119488e-22 -8.843159907908202044e-23
1.546386718750000000e+00 -5.161542858744240807e-23 -5.248511760336883998e-23
1.546875000000000000e+00 -2.102583839097136846e-22 5.734066507198323646e-24
1.547363281250000000e+00 1.834601777896524258e-22 1.886019007849821500e-22
1.547851562500000000e+00 -2.211943508708709472e-22 -1.119857553491724415e-22
1.548339843750000000e+00 -5.831629930646682092e-23 1.489933132125002066e-22
1.548828125000000000e+00 -1.752539217434436746e-22 -2.411444505636147782e-23
1.549316406250000000e+00 -8.491980818520085855e-23 -1.127348369622837948e-23
1.549804687500000000e+00 -5.596720048558270686e-23 3.592924685846280264e-24
1.550292968750000000e+00 -8.820672946266301117e-23 -6.940276983886732404e-23
1.550781250000000000e+00 6.417501085960263984e-23 -1.082233274448458934e-22
1.551269531250000000e+00 -1.019955722760053173e-22 1.795553059046323796e-22
1.551757812500000000e+00 1.852676310784143675e-23 8.136200884655426602e-24
1.552246093750000000e+00 -1.443975623751716208e-22 -2.469684022698134440e-23
1.552734375000000000e+00 5.828343273810165352e-23 6.624298745362791124e-23
1.553222656250000000e+00 3.016394759849190788e-22 1.223793356085679112e-22
1.553710937500000000e+00 -1.253849840783871252e-23 -3.135077796160641106e-22
1.554199218750000000e+00 -2.326944071790939358e-24 8.202784323219941433e-23
1.554687500000000000e+00 -3.359304819559940938e-23 -5.238870033209574784e-23
1.555175781250000000e+00 2.176233332514627157e-22 -6.048987310594155563e-23
1.555664062500000000e+00 -4.209843683543972498e-23 3.982970752792819229e-23
1.556152343750000000e+00 1.710166811971698128e-22 -2.084266106803272239e-24
1.556640625000000000e+00 -2.386353192199892127e-22 2.796732237309658622e-23
1.557128906250000000e+00 8.467989553161886480e-23 9.928989583390546865e-23
1.557617187500000000e+00 -1.028608135961798278e-22 -1.414756464051403580e-23
1.558105468750000000e+00 1.051986750815053690e-22 2.072578906029370522e-24
1.558593750000000000e+00 -3.939460556698065183e-22 -4.122493742253514681e-23
1.559082031250000000e+00 1.928156165826703883e-22 2.828249454952412720e-24
1.559570312500000000e+00 1.503476301278036504e-22 -1.018590326850229522e-22
1.560058593750000000e+00 -1.709964969575600895e-22 1.324317320140703800e-23
1.560546875000000000e+00 2.847773755092264210e-23 -1.619289909125274271e-22
1.561035156250000000e+00 2.529209359557795653e-22 -1.374511324366444463e-22
1.561523437500000000e+00 1.208287144654437643e-22 8.318473423027038279e-23
1.562011718750000000e+00 1.440548960564419062e-22 2.282509126946107903e-22
1.562500000000000000e+00 5.969951070798098406e-23 -2.554585430191225422e-23
1.562988281250000000e+00 -7.636144194443183984e-23 -9.028840219832308798e-23
1.563476562500000000e+00 -5.367775194249388052e-23 2.266470392684548159e-23
1.563964843750000000e+00 3.306133257965329057e-23 2.610747530350331527e-22
1.564453125000000000e+00 -4.771240340340802885e-23 -8.698034642194066975e-23
1.564941406250000000e+00 -9.074891913769501017e-23 -2.644644756474970441e-22
1.565429687500000000e+00 -5.294694377485426017e-23 2.002101735799238870e-23
1.565917968750000000e+00 -2.248973576131418254e-23 1.052099812437759691e-22
1.566406250000000000e+00 1.280718307748934276e-22 -2.338709996400357018e-22
1.566894531250000000e+00 -5.426905802777183313e-23 -1.380701516810737018e-23
1.567382812500000000e+00 4.864683797844891492e-23 -2.215528950126440149e-22
1.567871093750000000e+00 -8.114450532131714387e-23 -1.373634494221739247e-22
1.568359375000000000e+00 -2.744517406122020901e-23 -8.158347536178496995e-23
1.568847656250000000e+00 1.370554030485182641e-22 8.280027598134913951e-23
1.569335937500000000e+00 -1.700372712262507094e-22 -3.362769817182047369e-23
1.569824218750000000e+00 1.858934330854126580e-22 1.797662928021166355e-22
1.570312500000000000e+00 -1.458731505218387158e-22 7.643362124094465212e-23
1.570800781250000000e+00 -1.090867335127371227e-22 5.166541609204708565e-24
1.571289062500000000e+00 -1.981266507125675349e-23 1.950379394694319120e-22
1.571777343750000000e+00 1.499171236914162177e-23 -1.408892900894851356e-22
1.572265625000000000e+00 -2.679962536617247981e-22 1.150260411890394766e-22
1.572753906250000000e+00 1.250829471668916715e-22 1.743487483035069635e-22
1.573242187500000000e+00 5.506875632312614215e-23 2.900533339106404836e-22
1.573730468750000000e+00 7.249373893631257828e-24 9.583891110260845097e-23
1.574218750000000000e+00 7.556524616164141256e-23 2.689994403639884081e-22
1.574707031250000000e+00 -8.500385449112496431e-23 -9.523312814351397009e-23
1.575195312500000000e+00 1.535140361437098372e-22 1.579460399653558499e-23
1.575683593750000000e+00 -1.340863285783821504e-22 7.804650708458678604e-23
1.576171875000000000e+00 1.389924705040933675e-22 7.938533551052792167e-23
1.576660156250000000e+00 1.510985178245220123e-23 -7.498747237561046114e-23
1.577148437500000000e+00 -5.589907677058812425e-23 -1.659903491057894400e-22
1.577636718750000000e+00 9.418564656455494192e-23 2.723557965445353205e-22
1.578125000000000000e+00 -2.804968602346108424e-23 -2.835977439706055218e-22
1.578613281250000000e+00 -3.363953615392307829e-23 -9.198339009016863973e-23
1.579101562500000000e+00 3.155866392539187451e-23 1.330289127449190638e-22
1.579589843750000000e+00 -3.488543204209093755e-23 -1.338120122408257002e-22
1.580078125000000000e+00 1.030020252547670634e-22 8.000554854768881280e-23
1.580566406250000000e+00 -2.722247695826035810e-22 -1.022587474545471870e-22
1.581054687500000000e+00 1.065638920454909644e-22 -1.005072811826165241e-23
1.581542968750000000e+00 1.229571353508075840e-24 1.269157685587615643e-22
1.582031250000000000e+00 -1.331818567435990659e-23 -2.311567985026209474e-23
1.582519531250000000e+00 -1.934173850085877757e-22 -3.338702525481794217e-23
1.583007812500000000e+00 1.154903687169578816e-23 -1.812296604146255966e-22
1.583496093750000000e+00 -1.403024921766115216e-23 -3.749069554582606978e-23
1.583984375000000000e+00 -2.141072343459009645e-23 -5.269707472880087172e-23
1.584472656250000000e+00 1.636073068702092491e-22 -6.381348524317383802e-23
1.584960937500000000e+00 9.922123260151376315e-23 -2.012230561644506605e-22
1.585449218750000000e+00 3.450520527252211264e-23 1.744859496281620354e-23
1.585937500000000000e+00 9.179215043526117372e-23 2.081008202126307961e-23
1.586425781250000000e+00 -1.616400157729748248e-23 8.030481441111879305e-23
1.586914062500000000e+00 -1.438297065299678417e-22 -2.075364826095875876e-22
1.587402343750000000e+00 2.318183800721263389e-22 4.224423495979597475e-24
1.587890625000000000e+00 -2.282651042581577842e-23 -3.546873829581983291e-23
1.588378906250000000e+00 -9.264398552378380466e-23 2.206237388054041360e-23
1.588867187500000000e+00 6.187345543114540066e-23 8.933448327982472719e-23
1.589355468750000000e+00 -1.129009400775961153e-22 1.722128343040014744e-22
1.589843750000000000e+00 1.738406635967893746e-22 -9.141058054140252572e-23
1.590332031250000000e+00 2.033088596863895179e-22 1.174092493567106628e-22
1.590820312500000000e+00 -4.688859715270285086e-23 -1.092223993018225676e-22
1.591308593750000000e+00 4.894825504537797063e-23 -5.253598907984948283e-23
1.591796875000000000e+00 -3.836042069066022984e-23 1.703148291891716860e-22
1.592285156250000000e+00 -1.377690983855895789e-22 -1.241855738722103055e-22
1.592773437500000000e+00 -2.473077447054820631e-22 -1.422616779095900754e-22
1.593261718750000000e+00 2.380789082062166457e-22 -5.555307117596015537e-23
1.593750000000000000e+00 -1.510489426686445539e-22 -5.281908291277682882e-23
1.594238281250000000e+00 -3.058563178006541563e-23 1.442687250754781869e-22
1.594726562500000000e+00 7.712982627227238777e-23 -1.929546566559565857e-22
1.595214843750000000e+00 5.597774778425297233e-23 -9.716402374910113698e-23
1.595703125000000000e+00 -6.065744554221838608e-23 2.014306394582905668e-22
1.596191406250000000e+00 2.076730954811511171e-22 -1.304431218820187225e-22
1.596679687500000000e+00 -3.371745590942411621e-23 1.736811163671137151e-23
1.597167968750000000e+00 -1.479917715195797755e-22 3.840482001397755083e-23
1.597656250000000000e+00 9.192152021813857792e-24 6.379155918884348976e-23
1.598144531250000000e+00 -3.997129974132784487e-22 1.913091471729214906e-22
1.598632812500000000e+00 5.231890159431086463e-23 9.522266270886544358e-24
1.599121093750000000e+00 -1.306756604026193884e-22 -5.863955607040066641e-23
1.599609375000000000e+00 -2.530362935887898011e-22 1.410924127197014794e-22
1.600097656250000000e+00 2.920573608832998499e-23 4.834107141963941195e-23
1.600585937500000000e+00 1.386039552083211695e-22 -6.792832449819188459e-23
1.601074218750000000e+00 1.038780071900971197e-22 2.216922097471946607e-22
1.601562500000000000e+00 3.978136848170819300e-23 -4.337007476183416448e-23
1.602050781250000000e+00 3.135839794163737883e-23 -9.947167119816215210e-23
1.602539062500000000e+00 4.026429197202149117e-23 5.049041524595466861e-23
1.603027343750000000e+00 6.029408119118711256e-24 2.497782965928873885e-23
1.603515625000000000e+00 -1.323658098667361518e-22 1.570776773901820500e-22
1.604003906250000000e+00 -2.059143438408656198e-22 -1.233984775778330978e-22
1.604492187500000000e+00 2.299420017831283864e-23 2.132674546183606765e-22
1.604980468750000000e+00 2.541769316988034316e-22 -1.614653800343234095e-23
1.605468750000000000e+00 1.690412320096977448e-22 -1.267118238319368676e-22
1.605957031250000000e+00 1.635309759998732648e-22 9.829679336841939718e-23
1.606445312500000000e+00 -1.369780382757701464e-23 -2.252525593878061083e-22
1.606933593750000000e+00 -1.089600789441748748e-22 -5.496644564802802036e-23
1.607421875000000000e+00 2.134498704814841750e-23 5.694981532913969623e-24
1.607910156250000000e+00 -2.266992332211322008e-23 3.207573925627755032e-22
1.608398437500000000e+00 5.442882903277963520e-23 2.942261138837247734e-23
1.608886718750000000e+00 8.717355783537855615e-23 1.545591442669701761e-22
1.609375000000000000e+00 -2.125642181648115011e-23 -2.387692317722928921e-22
1.609863281250000000e+00 -5.475236189478150027e-23 4.881856431840811989e-23
1.610351562500000000e+00 1.978841890933916892e-22 -2.147759307394726894e-22
1.610839843750000000e+00 -4.164264907091138760e-23 1.138667948009485069e-22
1.611328125000000000e+00 -1.392295865716011228e-23 1.408698989871368053e-22
1.611816406250000000e+00 9.298522687099444948e-23 -1.242875324322451398e-22
1.612304687500000000e+00 5.902733757907268820e-23 2.191120777321126297e-23
1.612792968750000000e+00 1.157195576223775769e-22 -1.570166113861621474e-22
1.613281250000000000e+00 -1.665470679536386647e-22 9.685950176179571784e-23
1.613769531250000000e+00 2.419209146123643816e-22 -9.339530227463337265e-23
1.614257812500000000e+00 -1.686242177861684433e-22 3.133655113393200266e-23
1.614746093750000000e+00 9.988348460046881232e-24 -6.705810908501884596e-23
1.615234375000000000e+00 2.390075676081568915e-23 -5.166544554156105159e-23
1.615722656250000000e+00 1.242669817128387217e-22 -1.654740766366040317e-22
1.616210937500000000e+00 -1.233826147821715226e-22 9.069822256955885357e-23
1.616699218750000000e+00 5.056069387738388497e-23 1.420947853832160044e-22
1.617187500000000000e+00 -2.636083430699645117e-23 -1.906096768783416096e-22
1.617675781250000000e+00 3.070890779920937083e-23 -1.161529483555202100e-22
1.618164062500000000e+00 7.276724671563081708e-23 1.866147412632496417e-23
1.618652343750000000e+00 -3.448305390895055584e-22 5.305483919059483064e-23
1.619140625000000000e+00 8.858277651955125380e-23 5.151982015304855965e-23
1.619628906250000000e+00 -2.107742738382141616e-22 -1.513069470650734239e-22
1.620117187500000000e+00 -2.702774660058628067e-23 6.009487503889494562e-23
1.620605468750000000e+00 -5.566945943874929318e-23 8.022002848751982119e-23
1.621093750000000000e+00 -1.384772458360874627e-22 -1.308928304840833915e-22
1.621582031250000000e+00 3.010480505024218356e-22 7.130105341602795081e-23
1.622070312500000000e+00 -2.193263316770887890e-22 5.473613211394818677e-23
1.622558593750000000e+00 -1.255579642552458840e-22 -1.335021314905877378e-23
1.623046875000000000e+00 1.264032134405023469e-22 -1.231954357109757745e-22
1.623535156250000000e+00 -2.803196265632114061e-22 1.262698841898923169e-22
1.624023437500000000e+00 3.066373316883180097e-23 1.601901805642937173e-23
1.624511718750000000e+00 -6.263251116614352976e-23 1.856652434690358300e-22
1.625000000000000000e+00 2.630581822306882980e-23 -9.418478760507054433e-23
1.625488281250000000e+00 5.146168037968639005e-23 -1.767232919691443342e-23
1.625976562500000000e+00 2.135670096799489347e-22 -1.620561797854563136e-22
1.626464843750000000e+00 1.274550312990576753e-22 1.316401723053998925e-22
1.626953125000000000e+00 -1.865770335004580797e-22 -2.332682076293239812e-22
1.627441406250000000e+00 9.812708508835258608e-23 2.049312720160422925e-22
1.627929687500000000e+00 -1.601460996287928275e-22 -9.008762283910019318e-23
1.628417968750000000e+00 -8.456485985450497280e-23 1.365159228346103476e-22
1.628906250000000000e+00 1.177096649661688376e-22 -3.466576841947749387e-22
1.629394531250000000e+00 -2.349368819702617117e-22 -1.901438332271046713e-24
1.629882812500000000e+00 6.842088147318972899e-23 -1.328065173171334362e-22
1.630371093750000000e+00 1.967231478631582057e-22 1.038975004803258467e-22
1.630859375000000000e+00 -5.271968042520750698e-23 -5.405523644327590460e-23
1.631347656250000000e+00 3.607520807567212374e-23 2.094446717085281870e-22
1.631835937500000000e+00 2.071145601889866890e-24 -1.700699758570176915e-23
1.632324218750000000e+00 2.292135706546633052e-22 -2.244717028234139965e-23
1.632812500000000000e+00 -6.411008302144335816e-23 1.246427956856382245e-22
1.633300781250000000e+00 4.404743128335727016e-23 8.518576963918649901e-23
1.633789062500000000e+00 1.257565927018096399e-22 1.651723390466550649e-23
1.634277343750000000e+00 7.731946771794632521e-23 -1.868082582036133889e-22
1.634765625000000000e+00 5.100459440965591851e-23 1.523559337770831664e-22
1.635253906250000000e+00 -2.224587800039752191e-22 1.991125089264225933e-22
1.635742187500000000e+00 -8.819951120904333805e-24 2.950596647976190858e-22
1.636230468750000000e+00 -1.047415296297558970e-22 6.589003667560432992e-24
1.636718750000000000e+00 1.305124825063539464e-22 3.196878304871071121e-23
1.637207031250000000e+00 -1.507221258183674585e-22 1.154110854227046380e-22
1.637695312500000000e+00 1.858496286565456452e-24 6.530032430747691365e-23
1.638183593750000000e+00 2.112467379551564648e-23 -4.089866708796099318e-24
1.638671875000000000e+00 -3.579124407497565912e-23 -1.871606161578974026e-22
1.639160156250000000e+00 -4.591330517603634882e-23 6.643413386262559030e-23
1.639648437500000000e+00 7.086455679053444678e-23 9.272831188391475723e-24
1.640136718750000000e+00 1.755254517404461804e-22 -8.114099110926784941e-23
1.640625000000000000e+00 1.885258960476676213e-22 -1.717823083332712719e-22
1.641113281250000000e+00 8.005612244124520284e-23 -3.242041148594010911e-23
1.641601562500000000e+00 2.150723520896930361e-22 6.898852560176630850e-23
1.642089843750000000e+00 -9.453216120353752540e-24 -1.660004256130815991e-22
1.642578125000000000e+00 -2.415295086855745425e-23 8.250529667680174426e-23
1.643066406250000000e+00 -2.018774841152881016e-22 1.803600865908055752e-22
1.643554687500000000e+00 3.400351811631287492e-23 -1.705355752705734900e-22
1.644042968750000000e+00 6.989366407135583513e-23 -1.070966642676576034e-22
1.644531250000000000e+00 -1.376424795840073897e-22 2.944263130188290853e-23
1.645019531250000000e+00 -1.669696427087821642e-23 -3.860351380384967029e-22
1.645507812500000000e+00 -6.966510140815142490e-24 2.639801968826759218e-22
1.645996093750000000e+00 -5.724583633207908120e-23 -1.254380575748309567e-22
1.646484375000000000e+00 4.407142853727682827e-23 1.748460759775704729e-22
1.646972656250000000e+00 -5.019050690936537595e-23 -7.407265850958366643e-23
1.647460937500000000e+00 9.411043547713325867e-23 -2.437398809378357519e-22
1.647949218750000000e+00 -1.792746165196417087e-22 -8.314959802668997827e-23
1.648437500000000000e+00 -6.648204970099569397e-23 -4.210876265131257735e-23
1.648925781250000000e+00 -8.522086152337339377e-23 3.287287130418185235e-23
1.649414062500000000e+00 2.735671828278402737e-23 -1.493374797183653616e-22
1.649902343750000000e+00 -2.476337975475710163e-22 -2.163356592611142546e-23
1.650390625000000000e+00 -2.519795449611315593e-23 5.012704809089444662e-23
1.650878906250000000e+00 -3.916764931587875824e-23 1.992209925654400711e-22
1.651367187500000000e+00 5.326367023933932965e-23 -5.468459938172932849e-23
1.651855468750000000e+00 -1.818072404922338388e-22 1.303221024773020039e-22
1.652343750000000000e+00 -4.572677040625429389e-23 3.251762307557217987e-23
1.652832031250000000e+00 -4.058883197347760727e-23 -9.373680954820919708e-25
1.653320312500000000e+00 1.107446063732030133e-22 1.681493164242444315e-22
1.653808593750000000e+00 4.357909564629018894e-23 -2.646270155683448871e-23
1.654296875000000000e+00 1.965633209748367308e-22 -3.832699407243868455e-23
1.654785156250000000e+00 2.392701917322306536e-22 1.580999353923005708e-22
1.655273437500000000e+00 -5.224355984972717119e-24 8.102631463474930787e-24
1.655761718750000000e+00 2.147735372935931936e-23 -1.808894788020379267e-23
1.656250000000000000e+00 9.264362570126593541e-23 1.182028119333231743e-22
1.656738281250000000e+00 -9.361043305593181287e-23 1.995730881187650461e-22
1.657226562500000000e+00 -1.635799621492424706e-22 4.836784114821477611e-23
1.657714843750000000e+00 -1.904601831662634307e-23 2.362200993666946369e-22
1.658203125000000000e+00 2.868705427819254175e-22 -1.445791347133924002e-22
1.658691406250000000e+00 4.448046598621533036e-23 -8.178527536265055290e-23
1.659179687500000000e+00 -1.719218986363285802e-22 -2.846134169144966541e-22
1.659667968750000000e+00 1.661918782016842420e-22 -4.309021639519775269e-23
1.660156250000000000e+00 -2.899831799823949496e-22 1.761428719720202667e-22
1.660644531250000000e+00 -3.254641539142942752e-24 -2.488680526378982507e-22
1.661132812500000000e+00 1.001260856876110104e-23 1.140129204546298359e-22
1.661621093750000000e+00 8.462209125291694165e-23 -2.718520958674407376e-22
1.662109375000000000e+00 -9.789864855596189496e-23 -1.237056697205457500e-22
1.662597656250000000e+00 2.056312912013834847e-22 -1.775964860838087772e-22
1.663085937500000000e+00 -3.832028640248897976e-23 2.385902002191089609e-22
1.663574218750000000e+00 -2.357262256059876461e-22 1.840100370361662033e-22
1.664062500000000000e+00 1.345887382169984037e-22 -4.520936855016447015e-23
1.664550781250000000e+00 -1.398582355002817263e-22 -7.548387274253213057e-23
1.665039062500000000e+00 -1.631439392841112761e-23 -1.963782917877636178e-22
1.665527343750000000e+00 -2.298461258360799514e-22 1.000207900257729586e-22
1.666015625000000000e+00 8.376009837329063565e-24 -1.502224139279433156e-22
1.666503906250000000e+00 9.806565121512973685e-23 1.264119136754050795e-23
1.666992187500000000e+00 -1.021863891590198235e-22 1.087163634819034709e-22
1.667480468750000000e+00 8.418723155984439207e-23 -2.461018537296770793e-22
1.667968750000000000e+00 1.028701038969468802e-22 -4.860377458223817721e-23
1.668457031250000000e+00 -6.179436231334968125e-23 7.367459210317888278e-23
1.668945312500000000e+00 1.829836055336967990e-22 -9.397726133607616136e-23
1.669433593750000000e+00 2.560661348421137498e-22 1.514087235229386021e-22
1.669921875000000000e+00 -9.567354075855916783e-23 -5.714030337743097979e-23
1.670410156250000000e+00 1.483622358182284136e-22 9.830227899191948792e-23
1.670898437500000000e+00 5.278421010866684948e-23 2.535975418896454641e-22
1.671386718750000000e+00 -6.345952757837030021e-23 -7.742044121398002102e-23
1.671875000000000000e+00 2.291473341359254984e-22 2.936048199591323173e-23
1.672363281250000000e+00 2.182174957059971859e-22 1.386702569517152665e-22
1.672851562500000000e+00 -6.862149831707053189e-23 1.741524188868417264e-23
1.673339843750000000e+00 -1.531962194754113736e-22 -7.856321373733962651e-23
1.673828125000000000e+00 -2.033063401238955166e-22 1.170545222005878382e-22
1.674316406250000000e+00 -1.910930876605041164e-22 1.894886793537361815e-22
1.674804687500000000e+00 5.017182090744182831e-23 2.998809937657053859e-23
1.675292968750000000e+00 -2.428980611403577957e-22 -5.613416830869072213e-23
1.675781250000000000e+00 1.659426960633350141e-22 -7.939867383430380673e-23
1.676269531250000000e+00 -8.845698877473425313e-23 5.884683541175371343e-23
1.676757812500000000e+00 5.904700402536588346e-23 1.151667828015221923e-22
1.677246093750000000e+00 1.743958160755742339e-23 6.655872271514289157e-24
1.677734375000000000e+00 -7.223777131119794167e-23 -2.275247517004711751e-24
1.678222656250000000e+00 -1.670386059620475628e-22 1.671545884655322108e-23
1.678710937500000000e+00 -6.763516979378032964e-23 -3.809547903578280066e-23
1.679199218750000000e+00 1.544936953539351774e-22 8.942476759433019793e-23
1.679687500000000000e+00 9.115383220287710657e-23 9.289326983526633529e-23
1.680175781250000000e+00 1.318936180829708408e-22 4.941654099610012899e-23
1.680664062500000000e+00 -6.461329750429980576e-23 1.207611900039797103e-23
1.681152343750000000e+00 7.636617236643471134e-23 4.710022019663768761e-23
1.681640625000000000e+00 1.006405670333647640e-22 2.702581464231651601e-23
1.682128906250000000e+00 -8.722647802096273587e-23 9.863338964726636964e-23
1.682617187500000000e+00 -2.217326647553821358e-22 1.038872114002615203e-22
1.683105468750000000e+00 2.968966896912652793e-23 -3.606623061929340938e-22
1.683593750000000000e+00 -7.655554064199990320e-23 -1.594262682605830050e-22
1.684082031250000000e+00 1.267756469496139524e-22 -8.511371766550996543e-23
1.684570312500000000e+00 5.200273536871327265e-23 -2.850783991509810095e-22
1.685058593750000000e+00 1.480258991962010745e-22 4.130193900851764899e-23
1.685546875000000000e+00 2.470258739111869192e-24 -5.340728541102332830e-23
1.686035156250000000e+00 1.117736060861965059e-22 -2.607284415146361763e-22
1.686523437500000000e+00 -6.556791001431866645e-23 -1.650626860105188453e-23
1.687011718750000000e+00 -7.800491219680398019e-23 1.456386155019301506e-22
1.687500000000000000e+00 5.218336106410791103e-23 -3.167579197524818200e-23
1.687988281250000000e+00 -1.083686331134334876e-22 -8.870653986363754000e-23
1.688476562500000000e+00 -1.472351537711210804e-23 -1.068027233354212192e-22
1.688964843750000000e+00 -4.929073105356701287e-23 1.585447430474035670e-22
1.689453125000000000e+00 8.557293037564223644e-23 -2.567720299329895963e-23
1.689941406250000000e+00 1.738948335659350599e-22 1.105395570414408785e-22
1.690429687500000000e+00 -3.177039390516925656e-22 5.319544261735934566e-23
1.690917968750000000e+00 9.356822606177016432e-23 3.520139676231309545e-23
1.691406250000000000e+00 -1.624590333641090865e-22 -5.577035015663037743e-23
1.691894531250000000e+00 4.532627437810523664e-23 -2.867958824265153391e-23
1.692382812500000000e+00 1.763217682226977277e-22 -1.872575691143416054e-22
1.692871093750000000e+00 -1.791120175399544676e-22 -2.829864831735320161e-23
1.693359375000000000e+00 4.931683785606210086e-23 4.588766561049868138e-23
1.693847656250000000e+00 6.210668484187392505e-24 -7.950103781185905000e-23
1.694335937500000000e+00 -3.883691789470339027e-23 1.651139232728334950e-22
1.694824218750000000e+00 4.538100061572373257e-24 -1.238696984169273534e-22
1.695312500000000000e+00 3.749974534832433879e-23 1.192969856900478978e-22
1.695800781250000000e+00 -1.070907203238138428e-22 7.349330444979818062e-23
1.696289062500000000e+00 1.514108535941525960e-22 -6.936341551836279019e-23
1.696777343750000000e+00 -1.093726279078419600e-22 1.577310038085919143e-22
1.697265625000000000e+00 1.586022189722558005e-22 -1.052224508701576201e-22
1.697753906250000000e+00 -2.658036236951150951e-22 2.935649332943911452e-22
1.698242187500000000e+00 7.853842904570607350e-24 1.899593573474199052e-22
1.698730468750000000e+00 -9.150519727898734611e-23 -1.441795458983248240e-22
1.699218750000000000e+00 -2.177777611427420817e-22 1.253250429282557285e-23
1.699707031250000000e+00 2.546070994550842786e-23 -3.521858976489562453e-22
1.700195312500000000e+00 4.163569460572530045e-24 3.019733950051820599e-22
1.700683593750000000e+00 -1.287819261338567360e-22 -5.670177237623700099e-23
1.701171875000000000e+00 -2.457870366093876627e-24 -1.606734895262709777e-22
1.701660156250000000e+00 8.127202337091488213e-23 6.007726049915715006e-23
1.702148437500000000e+00 7.377524820105762483e-23 -9.020360630390068879e-23
1.702636718750000000e+00 9.135168624860271023e-23 9.059162286255814396e-23
1.703125000000000000e+00 2.660933196569029000e-23 5.675822458675255555e-23
1.703613281250000000e+00 1.743522702147905254e-22 -1.385518707009808351e-22
1.704101562500000000e+00 1.265885547073230205e-22 -1.449295680117634139e-22
1.704589843750000000e+00 1.819917402294782398e-22 2.587486916018613834e-22
1.705078125000000000e+00 1.288859087283948921e-22 1.902680391921459613e-22
1.705566406250000000e+00 -5.971615777925207388e-23 -4.564332049368076440e-23
1.706054687500000000e+00 -6.403403157329410762e-23 -5.241193873032278634e-23
1.706542968750000000e+00 -6.817569637897885937e-23 1.057301778265555862e-22
1.707031250000000000e+00 1.011544321165912333e-22 1.575255568238705198e-23
1.707519531250000000e+00 -8.828661126278496570e-23 5.682497932445185495e-23
1.708007812500000000e+00 -1.244228561881172003e-22 -8.374405322202802687e-23
1.708496093750000000e+00 2.546513673774521275e-22 -4.380781702887240210e-24
1.708984375000000000e+00 1.873723560061937220e-22 1.176020329556210164e-22
1.709472656250000000e+00 -1.645377012206168752e-22 3.258283915258142461e-23
1.709960937500000000e+00 1.497208471817140270e-22 -4.518705616204124409e-23
1.710449218750000000e+00 -1.210419742278392829e-22 -1.005352528525091974e-22
1.710937500000000000e+00 1.298902539150702071e-22 1.545256875270147580e-22
1.711425781250000000e+00 -6.196473982574736099e-23 -1.048725783591747356e-22
1.711914062500000000e+00 7.831847226883761143e-23 1.597572529542511555e-22
1.712402343750000000e+00 -1.546713270392227664e-22 -1.168013864134348198e-22
1.712890625000000000e+00 1.112931550261940897e-22 1.325258977912705689e-22
1.713378906250000000e+00 5.003035303353270898e-23 -8.243365955779974866e-24
1.713867187500000000e+00 3.430070357240542625e-23 6.465081593111785556e-23
1.714355468750000000e+00 -3.593770162795633166e-23 -1.322591935872285239e-22
1.714843750000000000e+00 -9.336506901999194632e-23 1.910948010933272267e-22
1.715332031250000000e+00 -1.978415356093162235e-22 8.353119252139618633e-23
1.715820312500000000e+00 1.546509109878194854e-22 -1.243312356251654336e-22
1.716308593750000000e+00 4.452757476218628889e-23 -1.036761269221401587e-22
1.716796875000000000e+00 -3.540103174890673064e-22 1.415267423081506475e-22
1.717285156250000000e+00 7.138429765597797272e-23 -1.358782778462863150e-22
1.717773437500000000e+00 -1.917350247259134696e-22 -4.984330686593342178e-23
1.718261718750000000e+00 -7.377521850475404191e-23 -2.406863414995446531e-22
1.718750000000000000e+00 1.078000528040471454e-22 -7.489566676737878250e-23
1.719238281250000000e+00 1.737536022328196006e-22 -3.327769763089839418e-23
1.719726562500000000e+00 -2.042442401110335625e-23 7.948866133464716290e-23
1.720214843750000000e+00 -1.318807750912156571e-22 3.546952312401542980e-23
1.720703125000000000e+00 -8.093899205519953691e-23 4.119167146435544466e-25
1.721191406250000000e+00 1.265794512429423677e-23 -3.907065700542326419e-23
1.721679687500000000e+00 -4.993332451695179774e-23 -1.310194990016895554e-22
1.722167968750000000e+00 1.346934393810217921e-22 -6.214364707520353008e-23
1.722656250000000000e+00 -1.585892201547445196e-22 -3.366303143982899058e-23
1.723144531250000000e+00 -7.411829000728929893e-23 4.654724035430860966e-23
1.723632812500000000e+00 -9.537546142387348131e-23 -1.716553424975096377e-22
1.724121093750000000e+00 -1.190695080241174244e-22 1.340517582123495749e-22
1.724609375000000000e+00 3.346498567429168373e-22 -1.760475107592970596e-22
1.725097656250000000e+00 -8.513493179873191173e-23 4.103495138036099975e-23
1.725585937500000000e+00 -7.404987266002616208e-23 -1.106940355379602039e-22
1.726074218750000000e+00 1.268607244280895572e-22 8.424277722742022483e-23
1.726562500000000000e+00 -2.328848557921380938e-22 -3.391944551577206197e-22
1.727050781250000000e+00 5.543824185763504044e-23 -2.516241477912910831e-23
1.727539062500000000e+00 1.119547853091498372e-22 5.723134766511116424e-23
1.728027343750000000e+00 -2.228491704381774147e-22 -9.223667452024200012e-23
1.728515625000000000e+00 1.350374207527639361e-22 5.237716813337432613e-23
1.729003906250000000e+00 6.525684589778103461e-23 4.040985796458097831e-23
1.729492187500000000e+00 1.417864021322543898e-22 2.897832333896076011e-22
1.729980468750000000e+00 1.664148703288921678e-22 -9.086821582522039047e-23
1.730468750000000000e+00 -1.044137070920953660e-23 6.772329192919695283e-23
1.730957031250000000e+00 -7.845555037117626598e-23 3.765348636247191876e-23
1.731445312500000000e+00 -1.647521102232662998e-22 1.218641990607801398e-22
1.731933593750000000e+00 -1.012028321109074083e-22 -6.042237519021721694e-23
1.732421875000000000e+00 6.348491749904769860e-23 1.693049829222076091e-23
1.732910156250000000e+00 -5.732975194534145896e-23 1.278105627883865151e-22
1.733398437500000000e+00 3.006356859950501028e-23 -1.703544908746429397e-22
1.733886718750000000e+00 1.166137158885487462e-22 -1.135708201743671177e-22
1.734375000000000000e+00 7.741800376957599550e-23 3.112188196074483697e-22
1.734863281250000000e+00 3.661005999260515781e-23 1.193846663873930769e-22
1.735351562500000000e+00 2.778367929672266202e-22 2.034735097695108731e-22
1.735839843750000000e+00 -2.970038835925380859e-23 3.098882438435652257e-22
1.736328125000000000e+00 -3.520055236694736685e-22 1.879602990698282349e-23
1.736816406250000000e+00 -7.967402755080119400e-23 1.176614010774700270e-22
1.737304687500000000e+00 -3.592459252438094003e-23 7.653281432418956312e-23
1.737792968750000000e+00 3.219448058917485872e-22 -6.442995433098993104e-23
1.738281250000000000e+00 1.390336783581176636e-22 -2.491344434694373744e-23
1.738769531250000000e+00 -6.518588256780792887e-23 1.832419924509392327e-23
1.739257812500000000e+00 3.717227471406092916e-23 1.023315625284682194e-23
1.739746093750000000e+00 2.090682423078569231e-23 -1.445493246345173205e-22
1.740234375000000000e+00 3.092310083492099097e-22 2.292406246882061803e-23
1.740722656250000000e+00 -1.789506121883858600e-22 -1.109795631676824641e-22
1.741210937500000000e+00 9.367113614650854933e-23 -1.569451364800966359e-22
1.741699218750000000e+00 2.350209927235435294e-22 1.313579656078642112e-23
1.742187500000000000e+00 -1.613304654127596170e-23 2.317907770630860296e-24
1.742675781250000000e+00 -2.346349500386353833e-23 -2.185238977791192899e-22
1.743164062500000000e+00 -1.013119992939234443e-22 2.184992311600580025e-22
1.743652343750000000e+00 2.528426313517440383e-22 -1.581458906688608320e-22
1.744140625000000000e+00 -9.504299748640315946e-23 -5.991015428512407418e-23
1.744628906250000000e+00 -5.479328250010514681e-23 1.949294323295305526e-22
1.745117187500000000e+00 -1.708536808183327187e-22 -4.920255391509609875e-23
1.745605468750000000e+00 8.241011236347688304e-23 -1.361460138049879706e-23
1.746093750000000000e+00 -1.617750874560974562e-22 8.334314313238624838e-24
1.746582031250000000e+00 -3.677184325904670937e-23 -1.323149317788041536e-22
1.747070312500000000e+00 2.451248545183871359e-22 -9.376427665434284400e-23
1.747558593750000000e+00 -1.380774164768993649e-22 5.399587306985198176e-23
1.748046875000000000e+00 -3.772877767961947066e-23 1.643976599368370198e-22
1.748535156250000000e+00 -1.746812440182654059e-22 -1.070812437525967476e-22
1.749023437500000000e+00 7.272868909213853538e-23 -1.114108333042767851e-22
1.749511718750000000e+00 -1.830622793733418490e-22 8.141251343424491462e-24
1.750000000000000000e+00 -1.707406854456815652e-22 5.961357010347776396e-23
1.750488281250000000e+00 -1.409522617727845722e-22 5.185653132734175158e-23
1.750976562500000000e+00 9.988577247729994381e-23 2.041941068217908683e-22
1.751464843750000000e+00 -2.718907962921232417e-22 -2.939536937329394758e-23
1.751953125000000000e+00 -1.542251814945547732e-22 -1.514019675352908080e-22
1.752441406250000000e+00 1.182830389535867276e-22 -1.233652427131608311e-22
1.752929687500000000e+00 -1.875175744485206886e-22 8.747224225526822516e-23
1.753417968750000000e+00 8.555573373034000251e-23 -1.832311735427052149e-22
1.753906250000000000e+00 -1.237345214356471603e-24 -9.921063192655031990e-23
1.754394531250000000e+00 -2.639172815939087311e-23 2.522794088278120438e-23
1.754882812500000000e+00 1.777290652180507401e-22 7.779893826924763222e-23
1.755371093750000000e+00 -1.967859908236772398e-22 -1.670345576085625641e-23
1.755859375000000000e+00 1.005337699313039818e-22 -2.255097688550407810e-22
1.756347656250000000e+00 -2.315319740734928637e-23 4.045257443960358572e-23
1.756835937500000000e+00 -1.334941470635788553e-23 1.497134493837580463e-22
1.757324218750000000e+00 -3.219207679835325424e-23 -8.716664322888433637e-23
1.757812500000000000e+00 5.903096222386460177e-23 -2.034527948640229912e-22
1.758300781250000000e+00 -3.555496837869382880e-23 3.775391918109009175e-22
1.758789062500000000e+00 3.285052617575790836e-23 -2.118220612895119824e-22
1.759277343750000000e+00 -8.926490538728452121e-23 2.895483853745457820e-23
1.759765625000000000e+00 8.210714649025189472e-23 -2.398724233344955261e-22
1.760253906250000000e+00 1.079339946273115805e-22 9.424148682213589032e-23
1.760742187500000000e+00 6.603912189123743355e-23 -1.775551579376059989e-22
1.761230468750000000e+00 2.388509156037336733e-22 1.731831511233880362e-22
1.761718750000000000e+00 -6.830715111902114024e-23 -2.646647430534375037e-23
1.762207031250000000e+00 1.800017886569131218e-23 -2.926316748306312500e-22
1.762695312500000000e+00 1.942096158568483645e-22 1.068733444662019376e-22
1.763183593750000000e+00 1.717823464884263023e-22 1.032867526254458473e-22
1.763671875000000000e+00 -2.473498433163050928e-22 9.535762549204175599e-23
1.764160156250000000e+00 2.161774671851219453e-22 1.772836320462182172e-22
1.764648437500000000e+00 5.026549336596955416e-23 -7.486436978684861478e-23
1.765136718750000000e+00 1.238691160990216477e-23 -8.717612084321998989e-23
1.765625000000000000e+00 3.252292107510541712e-22 4.076504641662862069e-23
1.766113281250000000e+00 3.299981634791317937e-23 2.629427659316798484e-23
1.766601562500000000e+00 -3.032412009028451812e-23 2.655049084338694812e-22
1.767089843750000000e+00 -1.199002463644362322e-22 -9.114856485051403674e-23
1.767578125000000000e+00 -3.356352321030404351e-24 7.750747379887810635e-23
1.768066406250000000e+00 -1.720097623444660126e-22 -1.272610882658387091e-22
1.768554687500000000e+00 1.126586313217149935e-22 2.823209216798669496e-22
1.769042968750000000e+00 -3.451904687474139642e-23 5.794692451022399550e-23
1.769531250000000000e+00 -2.932781183740472767e-23 2.500504778338467329e-22
1.770019531250000000e+00 -3.388942553834032210e-23 6.844243841019434411e-23
1.770507812500000000e+00 -1.694922735319742488e-22 3.378339509690212401e-23
1.770996093750000000e+00 3.055903059012740414e-23 -1.357254878202411282e-22
1.771484375000000000e+00 -2.617822121177801961e-22 1.073734787720348031e-22
1.771972656250000000e+00 6.020036201600779720e-23 -6.024631621584922833e-23
1.772460937500000000e+00 -9.237357266614154177e-23 -4.728396389209028524e-23
1.772949218750000000e+00 -8.841742901426483199e-23 -1.205771447438268417e-22
1.773437500000000000e+00 2.993662573159818660e-23 8.675019171499115454e-23
1.773925781250000000e+00 2.265150395041774324e-22 -4.780652562177616853e-23
1.774414062500000000e+00 -2.141488826905540707e-22 1.562901470034546785e-22
1.774902343750000000e+00 1.201883443881241933e-22 1.699285248760373478e-22
1.775390625000000000e+00 3.015643517493448640e-22 4.003252099694089827e-23
1.775878906250000000e+00 -9.820690831726766809e-23 -1.309897578658665541e-22
1.776367187500000000e+00 5.993918416697900776e-23 7.428565860090516624e-23
1.776855468750000000e+00 3.433630624885558390e-23 -1.559773874493092024e-22
1.777343750000000000e+00 -9.332649088310452410e-23 1.424150828738275565e-22
1.777832031250000000e+00 2.002308190548653031e-22 1.060709083464905397e-22
1.778320312500000000e+00 -2.042634729535292789e-23 6.219968377403486961e-23
1.778808593750000000e+00 -4.439037383242815418e-24 -2.081340499640957705e-22
1.779296875000000000e+00 -1.325157787134568189e-23 -1.774630566238097842e-23
1.779785156250000000e+00 -4.197032231854816083e-23 1.473418787526022450e-22
1.780273437500000000e+00 -1.049678068439441650e-22 -1.374357205454980018e-22
1.780761718750000000e+00 -1.060230562964081231e-22 -3.453796404337541388e-23
1.781250000000000000e+00 -8.301894583754160091e-23 -2.756404573178322052e-22
1.781738281250000000e+00 -1.465327017904289721e-22 -1.414112596409513029e-22
1.782226562500000000e+00 4.674117711860118595e-23 7.330318227017529305e-24
1.782714843750000000e+00 9.223830482282683224e-23 1.064624898586439421e-22
1.783203125000000000e+00 -4.101717165298840070e-24 -2.369529284762465244e-22
1.783691406250000000e+00 3.426711533207114076e-23 -8.204869685856045560e-23
1.784179687500000000e+00 -2.343810436028817134e-22 -1.149228213700436345e-22
1.784667968750000000e+00 -3.050733717260031564e-23 -2.180861791337438664e-22
1.785156250000000000e+00 -1.309551870067661023e-22 6.305638398731389337e-24
1.785644531250000000e+00 9.444688005679842781e-23 4.157909499936632667e-24
1.786132812500000000e+00 1.086176573288480707e-22 -2.073877078923416295e-22
1.786621093750000000e+00 -1.332569434926859396e-22 6.022117729396842008e-24
1.787109375000000000e+00 1.444109018948738175e-23 9.931512899971994934e-23
1.787597656250000000e+00 2.569471803954717374e-22 1.474200373760996398e-22
1.788085937500000000e+00 -8.471724925991909507e-23 -4.203217314721062873e-23
1.788574218750000000e+00 -2.162843928698594965e-22 -3.758292918382709536e-23
1.789062500000000000e+00 2.642293374002346628e-23 -1.263926478035173328e-22
1.789550781250000000e+00 1.238717928542047971e-22 1.035850680001347429e-22
1.790039062500000000e+00 8.871039977369734387e-23 -2.444856060073073597e-23
1.790527343750000000e+00 -1.278302628527939945e-22 -1.630695009552320274e-23
1.791015625000000000e+00 -1.737313851026771254e-22 1.202662467191737686e-22
1.791503906250000000e+00 2.729590375880306514e-23 1.170621594941007866e-22
1.791992187500000000e+00 6.420787183421352246e-23 -1.397408097274450519e-22
1.792480468750000000e+00 5.887447866711468698e-23 9.607248628105481112e-23
1.792968750000000000e+00 -9.715954533894922314e-23 5.567938761724721968e-23
1.793457031250000000e+00 1.381812339027890348e-22 -2.300032114169576330e-23
1.793945312500000000e+00 2.058649104347508731e-23 -8.440489029900072465e-23
1.794433593750000000e+00 5.114567560276264242e-23 4.691376798182617138e-23
1.794921875000000000e+00 7.568659282740618271e-23 -6.311736095377111192e-23
1.795410156250000000e+00 1.195860070054729032e-22 1.126185416990832527e-22
1.795898437500000000e+00 -5.996612306281628113e-24 8.388467534133246265e-23
1.796386718750000000e+00 5.280543670877510960e-24 6.234152317634902490e-23
1.796875000000000000e+00 1.841652603243719780e-22 2.886566406467169001e-24
1.797363281250000000e+00 -1.295980151856366575e-22 1.413772618319790856e-22
1.797851562500000000e+00 8.639037031598426438e-23 1.208990372527578417e-22
1.798339843750000000e+00 -1.338354421910702758e-22 -1.873799695590170510e-23
1.798828125000000000e+00 -1.108546688436346173e-23 5.652968885072450451e-23
1.799316406250000000e+00 -4.980659271775806047e-24 5.709963604682382194e-23
1.799804687500000000e+00 -6.753391129159408602e-23 4.373316145469176175e-24
1.800292968750000000e+00 1.004934604228109045e-22 -5.949514850018032776e-23
1.800781250000000000e+00 1.147298255412805574e-22 -7.792283020035212899e-23
1.801269531250000000e+00 5.553558608117996537e-23 1.211616827771567629e-22
1.801757812500000000e+00 -6.796312656766589735e-23 2.817647721207085756e-22
1.802246093750000000e+00 -1.482534621564330500e-22 -1.324193244011340595e-22
1.802734375000000000e+00 -1.231809327769408599e-23 1.224311659321958934e-22
1.803222656250000000e+00 1.878093055176088518e-22 -1.327128751323570164e-22
1.803710937500000000e+00 1.457314532672365025e-22 -4.520913707457951779e-23
1.804199218750000000e+00 -1.726513016386375765e-22 1.212429487838219658e-22
1.804687500000000000e+00 3.635684916069793254e-24 6.217959292770234597e-23
1.805175781250000000e+00 7.642110389365606446e-23 2.593281958062540150e-22
1.805664062500000000e+00 8.368679121417641456e-23 -3.006673836002372269e-22
1.806152343750000000e+00 1.161720933638547548e-22 1.193309314106430169e-22
1.806640625000000000e+00 1.427308330921956440e-22 -5.148788617649006595e-23
1.807128906250000000e+00 -1.566905386784484038e-22 -1.222442115355031111e-22
1.807617187500000000e+00 4.073123141322579239e-23 -7.375825777921680318e-23
1.808105468750000000e+00 -2.479839712912544358e-22 1.327168606712972786e-22
1.808593750000000000e+00 -9.434598709765598494e-23 -2.481183508789645926e-22
1.809082031250000000e+00 -1.117803684362597128e-22 2.324684715688910985e-22
1.809570312500000000e+00 1.360304669972991511e-23 -3.234847061432333281e-23
1.810058593750000000e+00 -1.917681983520482577e-22 1.758022639158900852e-23
1.810546875000000000e+00 1.154299078128750464e-22 -1.636834616787510767e-22
1.811035156250000000e+00 -2.013851770624556092e-23 4.959125336532987232e-23
1.811523437500000000e+00 5.437597026044383828e-23 2.205661250161564991e-23
1.812011718750000000e+00 9.345922591681704743e-24 1.183916881375113885e-22
1.812500000000000000e+00 -4.375400437746358693e-23 -1.854112674674542971e-22
1.812988281250000000e+00 -6.986518277885201351e-23 3.556899220393583655e-23
1.813476562500000000e+00 1.013343327915243285e-22 -2.237447094159108412e-22
1.813964843750000000e+00 -2.370633514515527419e-23 -8.530157944329272266e-23
1.814453125000000000e+00 2.434311138337993808e-23 9.669034419898374335e-24
1.814941406250000000e+00 -6.944734107768322152e-23 -4.128439879947552852e-22
1.815429687500000000e+00 1.426476740802945934e-22 1.138293116489144919e-22
1.815917968750000000e+00 8.448546593626528627e-23 9.520827539542473132e-23
1.816406250000000000e+00 -2.802947964560548322e-24 1.125570865021646690e-22
1.816894531250000000e+00 -1.801039411825991863e-22 -1.566816798363774352e-22
1.817382812500000000e+00 8.258878639355886564e-23 6.588599609948091165e-23
1.817871093750000000e+00 5.148098455442912574e-24 1.036077212396171137e-22
1.818359375000000000e+00 -4.982930147342521906e-23 -3.987495828215157993e-23
1.818847656250000000e+00 -1.789107832749849698e-22 -8.555342779828764227e-23
1.819335937500000000e+00 -3.451282731600363870e-23 -6.843915154592491853e-23
1.819824218750000000e+00 -1.696227087907157998e-22 1.251163759323863611e-23
1.820312500000000000e+00 1.987250619347388657e-22 -4.769865898594251071e-23
1.820800781250000000e+00 -4.454863279662088209e-23 1.114040494349247997e-22
1.821289062500000000e+00 1.948405774190044806e-23 -1.329074195257484053e-23
1.821777343750000000e+00 -2.369280146782506097e-22 8.013389814406136747e-23
1.822265625000000000e+00 6.976357407029473073e-23 1.112142985650196718e-22
1.822753906250000000e+00 -1.031182762377437717e-22 -1.379924144884092813e-22
1.823242187500000000e+00 3.576917888222543792e-23 8.713615921916297425e-24
1.823730468750000000e+00 5.230649953531536421e-23 -1.370578016135614350e-22
1.824218750000000000e+00 -7.038568579644086133e-23 6.337624980354983745e-23
1.824707031250000000e+00 1.301951491076878178e-22 -4.698409791186355822e-23
1.825195312500000000e+00 4.764902136297070263e-23 -2.268357736877939632e-22
1.825683593750000000e+00 -6.468533023220732915e-23 9.088035594153594383e-23
1.826171875000000000e+00 2.233844086968158494e-22 -1.464350157431851453e-22
1.826660156250000000e+00 1.043123731354399316e-23 1.124681803398522943e-22
1.827148437500000000e+00 1.062254240005396496e-22 -2.648478987742325239e-23
1.827636718750000000e+00 -1.161278969085742429e-22 1.618921643717189591e-22
1.828125000000000000e+00 -4.403089358163919232e-23 2.449107770763715604e-22
1.828613281250000000e+00 2.196461812334305133e-23 -1.037914124314211102e-22
1.829101562500000000e+00 -1.403500245588506342e-22 -3.523364663857970120e-23
1.829589843750000000e+00 1.080594728993075917e-22 1.893985079592742608e-22
1.830078125000000000e+00 -1.404213976482612423e-24 1.741641060664344851e-22
1.830566406250000000e+00 3.436711700018661348e-22 -1.927201157597214330e-22
1.831054687500000000e+00 8.843247431328207288e-23 1.120390913387278005e-22
1.831542968750000000e+00 1.059472876159996012e-22 -1.989616378794056196e-22
1.832031250000000000e+00 -2.094095288092526496e-22 -4.795918679163878626e-24
1.832519531250000000e+00 2.155040597282819832e-22 -7.439465956502605407e-24
1.833007812500000000e+00 -1.195191312670404875e-22 2.832687142260987852e-22
1.833496093750000000e+00 -8.672949010362139261e-23 -1.477354175281024688e-22
1.833984375000000000e+00 6.243727167953404602e-23 -1.211384303693715356e-22
1.834472656250000000e+00 9.353248043198357563e-23 2.235395800985101299e-24
1.834960937500000000e+00 1.661510339276517729e-22 2.745364933662459360e-22
1.835449218750000000e+00 -2.776230887631046835e-22 -1.154385238627211973e-23
1.835937500000000000e+00 1.319823623891317071e-22 5.545929736753590075e-23
1.836425781250000000e+00 -1.074466812750615277e-23 9.563657419202040082e-23
1.836914062500000000e+00 -7.953240825999287351e-23 2.200867747329586390e-22
1.837402343750000000e+00 7.838825234942011461e-23 7.828065404700404235e-23
1.837890625000000000e+00 -2.439344064398780116e-22 2.595853775279089757e-22
1.838378906250000000e+00 8.299714600852006502e-23 -6.074866350946000878e-23
1.838867187500000000e+00 7.569266416493157382e-23 2.932019026841049714e-23
1.839355468750000000e+00 -1.138137225302655303e-22 9.139943224633739412e-23
1.839843750000000000e+00 1.460669126239932454e-22 6.000265901185920227e-23
1.840332031250000000e+00 -1.271701888493962854e-22 -5.576296836346778427e-23
1.840820312500000000e+00 -1.026367092595751691e-23 -2.214521713305885783e-22
1.841308593750000000e+00 -1.856141482647252179e-23 -7.294033849051621072e-23
1.841796875000000000e+00 6.397788491617154493e-23 -1.862456592626616471e-22
1.842285156250000000e+00 -9.589903149242268196e-23 5.633130629760631597e-23
1.842773437500000000e+00 1.506244100166534556e-23 -1.517042134477303204e-22
1.843261718750000000e+00 4.286154616677744486e-23 -3.333262766437038438e-22
1.843750000000000000e+00 2.143144301917318100e-22 -7.484161722741474951e-24
1.844238281250000000e+00 -2.046105253395210529e-22 -2.751835569220198084e-23
1.844726562500000000e+00 8.423850625971909306e-23 -1.863385966148613271e-22
1.845214843750000000e+00 -1.415612358226906563e-22 -1.019139560291527006e-22
1.845703125000000000e+00 -2.562755433027520766e-22 3.640196186110347304e-23
1.846191406250000000e+00 6.613059992126739509e-23 4.021647000007563105e-23
1.846679687500000000e+00 -3.832682198020952827e-23 2.583132616672922678e-22
1.847167968750000000e+00 -2.025584054058147620e-22 -1.538682955302807796e-22
1.847656250000000000e+00 -1.029087335779907003e-22 7.742490788514247106e-23
1.848144531250000000e+00 1.496721108849791769e-22 1.706630614278464916e-23
1.848632812500000000e+00 2.246021511469577828e-22 -5.856319613072287190e-23
1.849121093750000000e+00 1.262079416545782338e-22 -4.349971213132451286e-23
1.849609375000000000e+00 4.726943457971622176e-23 -1.473667881827788647e-22
1.850097656250000000e+00 -5.588234244687342221e-23 2.642431827563560237e-23
1.850585937500000000e+00 -2.157326473890371010e-22 -7.947653918569954378e-23
1.851074218750000000e+00 -1.356895134523484181e-23 1.319862951316364838e-22
1.851562500000000000e+00 -1.460447234009168869e-22 -3.996635376696918691e-23
1.852050781250000000e+00 2.092470123066483498e-22 -5.153663282896955216e-23
1.852539062500000000e+00 4.069248520372200892e-23 -6.764774622462164418e-23
1.853027343750000000e+00 6.252336573427108365e-23 -6.534554401161954453e-24
1.853515625000000000e+00 1.190157097053531571e-22 -4.329039938642825854e-25
1.854003906250000000e+00 -3.722777797536999185e-22 2.157716491416430582e-23
1.854492187500000000e+00 -2.557567484332629892e-26 7.191208579741235901e-23
1.854980468750000000e+00 6.582442912710009599e-23 1.362075084116537573e-22
1.855468750000000000e+00 -2.468681712412737770e-22 1.394972113424152826e-22
1.855957031250000000e+00 -2.068515508831584607e-24 -1.084932606736955133e-22
1.856445312500000000e+00 -5.194260409499893390e-23 5.276376597992521432e-23
1.856933593750000000e+00 9.477811507969843000e-23 1.887072248237872965e-22
1.857421875000000000e+00 9.652691996104459509e-23 -8.362079700350981953e-23
1.857910156250000000e+00 -9.940753156412703626e-23 1.161068187299003227e-22
1.858398437500000000e+00 -4.909610722480314026e-23 -2.825535984056133642e-23
1.858886718750000000e+00 1.197077451910382599e-22 -6.828520357115252204e-23
1.859375000000000000e+00 -2.010567408160874785e-22 -4.858388173312538507e-23
1.859863281250000000e+00 4.504955718964764111e-23 -1.822557550849928467e-22
1.860351562500000000e+00 9.991442990262307759e-23 2.684351945647372876e-23
1.860839843750000000e+00 1.712953952783337879e-22 1.031581691854265706e-22
1.861328125000000000e+00 1.757672953986279767e-22 1.077295766142478780e-22
1.861816406250000000e+00 -2.732112803064522107e-23 -1.255499858694438163e-22
1.862304687500000000e+00 4.930512836569361588e-23 -6.336811061875175035e-23
1.862792968750000000e+00 1.206981104234235507e-22 -1.222324328092082066e-22
1.863281250000000000e+00 1.591407446564923413e-22 1.130970603824289120e-22
1.863769531250000000e+00 -3.718522670589122580e-23 7.459868868352220393e-25
1.864257812500000000e+00 -6.119145919486555936e-23 -1.412727569031111660e-22
1.864746093750000000e+00 2.807558465407198858e-22 1.192490929518249193e-22
1.865234375000000000e+00 -2.391608819355427453e-22 1.401817208287600698e-22
1.865722656250000000e+00 2.370966407869684318e-22 1.479455764237613070e-22
1.866210937500000000e+00 1.258657572215590594e-22 -8.407395114927717592e-23
1.866699218750000000e+00 3.643973669377299111e-23 4.243904794210282527e-23
1.867187500000000000e+00 -1.411293306484739179e-22 2.990754145775113343e-23
1.867675781250000000e+00 -5.373254346417346229e-23 -2.573615684390338129e-23
1.868164062500000000e+00 2.594477768212894789e-23 9.661324486084159509e-23
1.868652343750000000e+00 3.092715772758382926e-23 1.083463071156051101e-22
1.869140625000000000e+00 -3.619160378665156136e-24 -1.398892376098864096e-22
1.869628906250000000e+00 -1.610657624694521849e-22 2.658060604350990058e-22
1.870117187500000000e+00 1.699134628458339231e-22 -9.840196506453248739e-23
1.870605468750000000e+00 -1.732867661553299293e-22 -2.792461078230826720e-24
1.871093750000000000e+00 1.216289579667778563e-22 -9.228691813411488803e-23
1.871582031250000000e+00 -2.213050470178268540e-22 -1.375549495206587465e-22
1.872070312500000000e+00 1.024805961204771695e-23 7.667710896434608982e-23
1.872558593750000000e+00 -4.833625969140884388e-23 -4.631144966401222421e-23
1.873046875000000000e+00 4.662840074793710369e-24 1.469471314026280592e-23
1.873535156250000000e+00 2.665317254867046571e-22 -1.064911337704397497e-22
1.874023437500000000e+00 -6.404395035736292830e-23 -5.984942438866988207e-23
1.874511718750000000e+00 1.066104751250814356e-22 -1.825815693105077861e-22
1.875000000000000000e+00 -3.505344249111419583e-23 1.168702858006281600e-22
1.875488281250000000e+00 -2.640575350285432876e-22 -9.844400758942905938e-24
1.875976562500000000e+00 -4.840686575999662417e-23 6.167532343119002060e-23
1.876464843750000000e+00 -1.803167427127691713e-22 3.033760549244868661e-23
1.876953125000000000e+00 -6.301815609390478570e-24 9.848347773726803503e-23
1.877441406250000000e+00 -1.327585883124481087e-22 -8.206877576069444560e-23
1.877929687500000000e+00 -8.889466532137710453e-23 9.369551087185390084e-23
1.878417968750000000e+00 -2.934540239887109462e-22 5.442595206491994161e-23
1.878906250000000000e+00 -1.979742620575463358e-22 1.202189105702425885e-22
1.879394531250000000e+00 -8.326488647358700742e-23 1.661235240962572858e-22
1.879882812500000000e+00 1.326548418106160629e-22 9.586342514652547274e-23
1.880371093750000000e+00 1.037827824595025996e-22 -1.621035886568071710e-22
1.880859375000000000e+00 -1.808293091167778877e-22 9.117255699623312673e-23
1.881347656250000000e+00 2.074165688119389408e-22 -2.854830377462572888e-22
1.881835937500000000e+00 1.412068718941171826e-22 1.845272090326514647e-22
1.882324218750000000e+00 -4.481672691519492484e-23 -1.457588655493095235e-22
1.882812500000000000e+00 4.994263630310785268e-23 7.506748674596228739e-23
1.883300781250000000e+00 2.949489251503445291e-22 1.586558323840665593e-22
1.883789062500000000e+00 -1.399624994524247043e-22 -1.297490446206904833e-22
1.884277343750000000e+00 2.178396126885392639e-22 4.738701462383605139e-23
1.884765625000000000e+00 7.968227148793761276e-23 9.789490596168707644e-23
1.885253906250000000e+00 1.185098280123486801e-23 -1.372903457353364939e-22
1.885742187500000000e+00 6.792931453228478919e-24 -2.284679776460518725e-23
1.886230468750000000e+00 9.957066730107566799e-23 -1.480988854447087746e-22
1.886718750000000000e+00 -2.376774783591220366e-22 -4.962658658895802317e-23
1.887207031250000000e+00 2.205633803588861475e-22 -1.743864964267719472e-22
1.887695312500000000e+00 1.379525965608225837e-22 -8.155461373986859882e-23
1.888183593750000000e+00 -1.022941922670740680e-22 -1.289757422502327467e-23
1.888671875000000000e+00 -1.117766641608305811e-22 -9.832957078029707885e-24
1.889160156250000000e+00 1.556865002437578669e-23 -1.616169582479032569e-22
1.889648437500000000e+00 8.196848155899644985e-23 -6.097364121504102140e-24
1.890136718750000000e+00 4.582640668058730509e-24 -9.960037413269722148e-23
1.890625000000000000e+00 9.925198891980418941e-23 3.756682374659566303e-22
1.891113281250000000e+00 -4.845464215056840268e-23 -2.550749470809726948e-22
1.891601562500000000e+00 6.938150053224003828e-23 -8.972740077398384317e-23
1.892089843750000000e+00 -5.675648870591155317e-24 -5.267376612848042427e-23
1.892578125000000000e+00 6.301967751007657866e-23 8.356367553819401282e-24
1.893066406250000000e+00 -7.496586488480098196e-23 -3.371867395164654586e-22
1.893554687500000000e+00 1.045826463529490634e-22 1.636484861135811623e-22
1.894042968750000000e+00 -6.362872716041263736e-23 -1.909699131338745824e-22
1.894531250000000000e+00 1.460698047046648150e-22 1.673291597435586325e-22
1.895019531250000000e+00 -2.120068038390743640e-22 -1.042879622248611270e-22
1.895507812500000000e+00 -5.624272970452371583e-23 4.842758397598339029e-23
1.895996093750000000e+00 -2.153894541376989928e-22 4.486962477196469448e-23
1.896484375000000000e+00 -1.262878128343256897e-22 8.583264444560707066e-23
1.896972656250000000e+00 -1.044059285212008741e-23 -2.403104564679354483e-23
1.897460937500000000e+00 3.484488078961915713e-23 2.534076874276767951e-22
1.897949218750000000e+00 1.055979980697166597e-22 1.115937700813520876e-22
1.898437500000000000e+00 -9.735452924132713192e-23 -4.193577314449797706e-23
1.898925781250000000e+00 -7.200830683042526086e-23 1.935561140945518690e-22
1.899414062500000000e+00 1.177438912088423934e-22 3.467743231592433081e-23
1.899902343750000000e+00 -4.089678763180374512e-23 9.304935616438844471e-23
1.900390625000000000e+00 7.493502206284576005e-23 -8.412821994284122966e-23
1.900878906250000000e+00 4.935631656621897844e-23 2.128272152647486864e-22
1.901367187500000000e+00 -1.030349721275562751e-22 -2.622011729931035645e-22
1.901855468750000000e+00 -2.867784950941254281e-23 -2.423334596401235086e-23
1.902343750000000000e+00 -5.608478461303567119e-23 7.243178170266803145e-23
1.902832031250000000e+00 3.845645490226533076e-23 -7.602026110336688310e-23
1.903320312500000000e+00 -1.724807376736940123e-23 4.330047540364511135e-22
1.903808593750000000e+00 -3.201305497563423648e-23 3.684479867778910917e-23
1.904296875000000000e+00 9.162108118719398545e-23 5.716234716872274196e-23
1.904785156250000000e+00 7.829812922862511534e-23 1.089341906122081974e-22
1.905273437500000000e+00 -3.169827073234294268e-23 6.001306299208557278e-23
1.905761718750000000e+00 1.274538332882889342e-22 5.712380272448996929e-23
1.906250000000000000e+00 -6.294108802363961201e-23 1.028050182279451545e-22
1.906738281250000000e+00 8.798387380199203873e-23 -6.012640481511966781e-23
1.907226562500000000e+00 1.059382293115980799e-22 4.355744100510223679e-23
1.907714843750000000e+00 -1.983114328722035326e-23 -5.685635475843338885e-23
1.908203125000000000e+00 1.951774133869450197e-22 4.756638524353979090e-23
1.908691406250000000e+00 -6.547953718308810524e-24 8.825521756423885787e-23
1.909179687500000000e+00 3.392328658776163139e-23 6.928896508284044011e-23
1.909667968750000000e+00 9.929713647683777921e-23 7.820816029803708672e-23
1.910156250000000000e+00 1.004178700011577770e-23 1.454094795461810834e-22
1.910644531250000000e+00 -1.660804749709176013e-23 -1.481207568447975167e-22
1.911132812500000000e+00 -2.566433721557259396e-22 2.556423316596388068e-22
1.911621093750000000e+00 1.757111338861954732e-22 -4.008394959610635906e-22
1.912109375000000000e+00 -5.801143226117646281e-23 -2.842743561960019733e-23
1.912597656250000000e+00 4.468854183313175550e-23 -2.746229882981471662e-22
1.913085937500000000e+00 -1.449735306511733830e-23 -1.579081123746572563e-22
1.913574218750000000e+00 -1.818962010055797488e-22 -1.044494887648638728e-22
1.914062500000000000e+00 2.676786072206831745e-23 -2.319805194748027843e-22
1.914550781250000000e+00 -1.983525896034126168e-22 4.596360400785333422e-23
1.915039062500000000e+00 3.715419364063879818e-24 -4.776040211856309550e-23
1.915527343750000000e+00 -1.264868249883717858e-22 -1.194088462899588766e-22
1.916015625000000000e+00 -4.589256482572412778e-23 5.691495072668221876e-23
1.916503906250000000e+00 -7.339365365312095360e-23 -3.096355748814476899e-23
1.916992187500000000e+00 -1.547927456712792065e-23 -2.735194755671885109e-22
1.917480468750000000e+00 -1.120028916744681534e-22 -7.131650891643875504e-23
1.917968750000000000e+00 6.020344493988860981e-23 1.399503321770899998e-22
1.918457031250000000e+00 1.616551598660439709e-23 -2.368430022832596191e-22
1.918945312500000000e+00 8.163986379738319228e-23 7.593272648253577603e-23
1.919433593750000000e+00 1.882657038144358500e-22 -8.549729471634478048e-23
1.919921875000000000e+00 -1.190006024424715092e-22 -8.284845750383092389e-23
1.920410156250000000e+00 9.367590509754444312e-23 4.504653211895433902e-23
1.920898437500000000e+00 -1.918421094597692743e-22 -1.202148674068943106e-22
1.921386718750000000e+00 -1.321662806377753603e-22 -1.191009408913398072e-22
1.921875000000000000e+00 1.367279506242363768e-23 3.854441575401528441e-23
1.922363281250000000e+00 -7.572448755894462889e-23 -8.742078237052859509e-23
1.922851562500000000e+00 1.606033411621980957e-22 2.621346219936648730e-22
1.923339843750000000e+00 3.081138244201180497e-23 -2.493951506798067495e-22
1.923828125000000000e+00 -4.672065355016369878e-24 1.032161294811636413e-22
1.924316406250000000e+00 -1.209669144198445467e-22 5.823698759825768381e-23
1.924804687500000000e+00 -5.956712764280903406e-23 -3.898265963877985182e-23
1.925292968750000000e+00 2.102749691974317969e-23 -2.615350692575959554e-22
1.925781250000000000e+00 -2.188765380369692662e-22 2.485379212733420711e-22
1.926269531250000000e+00 2.219824700378168557e-22 2.244206663856581517e-22
1.926757812500000000e+00 -2.899346468757706704e-23 8.156759057616037754e-23
1.927246093750000000e+00 4.485344026272092408e-23 1.887847824323199649e-22
1.927734375000000000e+00 1.270448521135620090e-22 -1.381098923155074629e-23
1.928222656250000000e+00 1.886496627165702424e-22 1.268988192508952885e-22
1.928710937500000000e+00 1.546226667744972916e-22 -1.150111134610103713e-22
1.929199218750000000e+00 -1.402726965471925935e-22 -8.674758171212388769e-23
1.929687500000000000e+00 2.036465192304227939e-22 3.099830058630264693e-22
1.930175781250000000e+00 5.177377574812539218e-23 1.237490424319983804e-22
1.930664062500000000e+00 4.022358917688730773e-23 1.802238605940821063e-23
1.931152343750000000e+00 -8.275741156741039161e-23 3.114221858332521018e-22
1.931640625000000000e+00 2.015172133317084294e-22 -1.327407955365546968e-22
1.932128906250000000e+00 -1.723272704947173146e-23 9.921427378417898725e-23
1.932617187500000000e+00 -1.833624381807134782e-22 1.135441465423588631e-23
1.933105468750000000e+00 1.404160948694731050e-22 3.608146192876065724e-23
1.933593750000000000e+00 -1.080414827740065345e-22 -3.645667831228237285e-23
1.934082031250000000e+00 2.345401824705314196e-22 -4.292791790615763276e-23
1.934570312500000000e+00 8.632552796828159152e-23 -1.352355327938284414e-22
1.935058593750000000e+00 -3.073672458713212922e-23 4.672662401045624880e-22
1.935546875000000000e+00 4.278498638771482615e-23 -3.182435008516762673e-22
1.936035156250000000e+00 -5.423091290388298992e-23 6.548245854492333359e-23
1.936523437500000000e+00 7.082070504629443159e-23 8.237478805369722057e-23
1.937011718750000000e+00 6.667137970086449329e-23 -5.373193449474530457e-23
1.937500000000000000e+00 -2.803382777862256700e-22 8.380191684508040439e-23
1.937988281250000000e+00 -8.077873722825825731e-23 2.069563572273618974e-22
1.938476562500000000e+00 1.898883784131687875e-22 -4.280201075137115388e-23
1.938964843750000000e+00 -2.195556423366900773e-22 -1.069162967173092184e-22
1.939453125000000000e+00 1.812360858091402762e-22 6.473657589937202112e-23
1.939941406250000000e+00 -2.785626020104833917e-23 -5.934201062030436194e-23
1.940429687500000000e+00 -2.357437850724436094e-22 1.218680291155984631e-22
1.940917968750000000e+00 -5.769157600496149318e-23 -9.662221967705622887e-23
1.941406250000000000e+00 -1.127154924129609925e-22 -7.241361405490354895e-23
1.941894531250000000e+00 1.398734554060883275e-22 1.325711731974779424e-22
1.942382812500000000e+00 -3.891719769462985265e-23 -2.030817940050137719e-24
1.942871093750000000e+00 -1.504544322915626557e-22 8.764784726813786822e-23
1.943359375000000000e+00 -9.631679359652811424e-23 -5.949599175656775811e-23
1.943847656250000000e+00 -1.446709845472692340e-22 -2.309093063980589878e-22
1.944335937500000000e+00 -4.922402217238025392e-23 -9.601783580691211553e-23
1.944824218750000000e+00 1.117053669332652489e-22 -2.627887733673590328e-22
1.945312500000000000e+00 2.403470606750584873e-22 -1.381842055347181937e-22
1.945800781250000000e+00 -2.415127083327483196e-22 2.414591691384103865e-22
1.946289062500000000e+00 1.468346000680136450e-24 -2.480926378115537005e-22
1.946777343750000000e+00 -9.069242624544399790e-23 1.081438443197827718e-22
1.947265625000000000e+00 1.720859621220948560e-22 2.859284179787532748e-23
1.947753906250000000e+00 -8.251119218534202107e-23 -2.794405686531660711e-22
1.948242187500000000e+00 -1.214755336265760322e-22 -1.408915216707698880e-22
1.948730468750000000e+00 -1.499552213060019951e-23 3.628591430177684799e-23
1.949218750000000000e+00 3.864913522031488636e-23 -1.299707144404794280e-22
1.949707031250000000e+00 1.593104769387393943e-22 -2.249388370405009028e-22
1.950195312500000000e+00 -2.466506775588573638e-22 1.261402213627922475e-22
1.950683593750000000e+00 3.517471079330495983e-22 -1.720177176003925501e-22
1.951171875000000000e+00 -3.427197273900400142e-23 -5.807285602568011180e-23
1.951660156250000000e+00 4.012161053962534643e-23 -2.878855900182478897e-22
1.952148437500000000e+00 3.029662383048202093e-22 -1.544352792801480497e-22
1.952636718750000000e+00 -4.007026902856668456e-24 3.765040255405060432e-22
1.953125000000000000e+00 -1.359420512122532504e-22 -1.768432521860249175e-22
1.953613281250000000e+00 -1.330427613393877830e-22 2.358415361761493631e-22
1.954101562500000000e+00 -8.094330391702991175e-23 -1.934238124060033467e-22
1.954589843750000000e+00 7.423983950998207258e-23 6.047114385675882391e-23
1.955078125000000000e+00 -1.517464073547480176e-23 2.794593054030392415e-22
1.955566406250000000e+00 -7.435524902699898122e-23 2.311963903507922815e-22
1.956054687500000000e+00 -1.894192022647538395e-22 -6.299436543042923915e-23
1.956542968750000000e+00 3.002214672570965468e-22 1.600837245972388609e-22
1.957031250000000000e+00 -1.318035445836569920e-22 3.966154787323154748e-23
1.957519531250000000e+00 -5.238711170791471116e-24 -1.064852386140531096e-23
1.958007812500000000e+00 1.458170502055864212e-22 -2.030909323160228081e-22
1.958496093750000000e+00 2.702906196937304121e-22 1.039416208305771432e-22
1.958984375000000000e+00 -1.389465031666541688e-22 2.471994920267195263e-22
1.959472656250000000e+00 -6.871985197602846429e-23 2.205547609131558036e-23
1.959960937500000000e+00 -7.683929341712207087e-23 -6.299568270883928426e-23
1.960449218750000000e+00 -7.414636504783820770e-23 7.021251204343503666e-23
1.960937500000000000e+00 -1.634340766119827456e-22 -2.018110895602206882e-23
1.961425781250000000e+00 1.030000686500253353e-22 1.093875521566717559e-22
1.961914062500000000e+00 4.981601652909626907e-23 1.054760457185462632e-22
1.962402343750000000e+00 3.838616365323220842e-23 5.728061137289302196e-23
1.962890625000000000e+00 -1.166286111435531104e-22 6.274285322679072108e-23
1.963378906250000000e+00 -1.050389029736392925e-22 -2.170953591297530520e-22
1.963867187500000000e+00 3.214757860339255534e-22 2.048251402851297620e-23
1.964355468750000000e+00 2.990207193237782948e-23 1.392734355553407674e-22
1.964843750000000000e+00 -1.671725010224272209e-23 4.537391844754058535e-23
1.965332031250000000e+00 -1.900915598345614506e-22 2.361522549057056963e-22
1.965820312500000000e+00 1.147174120946307361e-22 -1.785788474844819628e-23
1.966308593750000000e+00 1.818851633951955450e-22 -1.206738871262424683e-22
1.966796875000000000e+00 1.591254257244715964e-22 1.284895350810358154e-22
1.967285156250000000e+00 -1.049516203044172323e-22 1.299739263428267687e-22
1.967773437500000000e+00 7.289181299652702468e-24 -2.685456534235076835e-22
1.968261718750000000e+00 8.370514767457612516e-23 1.884444078447704240e-22
1.968750000000000000e+00 -5.986602624422073719e-24 -1.645640641240449223e-24
1.969238281250000000e+00 -1.251521926393252244e-22 1.090303808205886538e-22
1.969726562500000000e+00 2.584042168065902352e-22 -2.470871367632915246e-23
1.970214843750000000e+00 2.173396103051867261e-22 1.973559224555388804e-23
1.970703125000000000e+00 -1.335282240685601513e-22 -6.614394563570871709e-23
1.971191406250000000e+00 2.949282589691928684e-22 1.956882637046114553e-22
1.971679687500000000e+00 -3.234827730655585368e-23 -5.517134990898921218e-23
1.972167968750000000e+00 6.718682575158872596e-23 -2.646337413206616322e-22
1.972656250000000000e+00 -2.492364663459310485e-22 9.644558208788088015e-23
1.973144531250000000e+00 -5.190297187928315048e-23 -1.481088579953696922e-22
1.973632812500000000e+00 -8.075699017590997223e-23 2.786560453220799393e-22
1.974121093750000000e+00 1.725389882282483521e-22 -1.491338946426725275e-22
1.974609375000000000e+00 -3.401378642944108067e-22 -1.580674700639748432e-22
1.975097656250000000e+00 -1.166974235995470054e-24 -2.442003551065483428e-22
1.975585937500000000e+00 -2.229744270299744706e-22 -1.512895656153305338e-23
1.976074218750000000e+00 -2.972662894803678429e-23 -2.532346619391019855e-22
1.976562500000000000e+00 1.116699542737262468e-23 -1.260375998172176530e-22
1.977050781250000000e+00 -1.640348560947579860e-22 1.485207505574411346e-22
1.977539062500000000e+00 9.093460552325817587e-23 -3.589963312106049902e-23
1.978027343750000000e+00 3.333295070852982018e-26 2.069711103870649813e-22
1.978515625000000000e+00 2.265010880257322121e-23 -9.156362533671125225e-23
1.979003906250000000e+00 -1.158771500700178494e-22 1.484003237830803840e-23
1.979492187500000000e+00 -1.460793377058138334e-22 7.682695326975477684e-23
1.979980468750000000e+00 -6.935440842648441462e-23 -9.555010348742158008e-23
1.980468750000000000e+00 -6.853190394038604306e-23 -9.566791503350250399e-23
1.980957031250000000e+00 5.463525474630529765e-23 -7.901803780609347731e-23
1.981445312500000000e+00 2.218698153075955079e-22 -3.431005076603449550e-23
1.981933593750000000e+00 -7.095937795872119772e-23 -2.258225424543353467e-22
1.982421875000000000e+00 -2.228339343844370791e-22 -5.757779217818919403e-23
1.982910156250000000e+00 -4.311800681826770610e-23 -1.112274768031616731e-22
1.983398437500000000e+00 -5.096721763977751025e-23 -4.321332955656851956e-23
1.983886718750000000e+00 7.015602536248802796e-23 -3.105896169517304208e-23
1.984375000000000000e+00 -3.069647054613361035e-24 -1.318788111020325583e-22
1.984863281250000000e+00 -4.223988911592138577e-23 -1.446730912332298925e-23
1.985351562500000000e+00 -3.034728988780693232e-23 2.055538410213706387e-22
1.985839843750000000e+00 -1.619762503335103086e-22 1.518876886535111296e-22
1.986328125000000000e+00 4.745162878366755537e-23 -5.924144676535963971e-23
1.986816406250000000e+00 2.433172489910023918e-23 1.729498223104172268e-22
1.987304687500000000e+00 6.684400772043762690e-23 1.004020947314960810e-22
1.987792968750000000e+00 8.314455000456750637e-23 -3.955315294217272518e-23
1.988281250000000000e+00 3.976498777412939129e-22 1.090088225740798994e-22
1.988769531250000000e+00 -1.901349649051068299e-22 1.036299785683504351e-22
1.989257812500000000e+00 6.122005901468857460e-23 -4.714032491740510469e-23
1.989746093750000000e+00 -6.548135683145508590e-23 2.990003774664902612e-23
1.990234375000000000e+00 5.906519975571292958e-23 2.315487096147814581e-22
1.990722656250000000e+00 1.388745286756537979e-22 -1.063886566082609231e-22
1.991210937500000000e+00 2.481528787573155323e-22 3.273970338265529244e-22
1.991699218750000000e+00 -1.478182662370687555e-22 7.493442156321805681e-24
1.992187500000000000e+00 8.340809150774821628e-24 -7.554475845049495815e-23
1.992675781250000000e+00 6.969019152175597046e-23 -1.666311651330393501e-22
1.993164062500000000e+00 -2.985679113907993808e-24 2.244894669299820939e-22
1.993652343750000000e+00 2.872708295768752343e-22 -1.012282422090811787e-22
1.994140625000000000e+00 -4.704223809686730440e-23 1.960133273276446465e-23
1.994628906250000000e+00 -6.536314895917040271e-23 -2.388886328171803929e-22
1.995117187500000000e+00 1.816701551544026776e-22 1.085563063413097640e-22
1.995605468750000000e+00 2.330842379151530293e-23 2.830987014174276104e-22
1.996093750000000000e+00 -6.135630938106198314e-24 -1.310414869664558002e-22
1.996582031250000000e+00 -1.217787461070007156e-22 -2.857204720728473114e-23
1.997070312500000000e+00 1.336088107713883331e-22 6.431575329870285720e-23
1.997558593750000000e+00 1.410062084984710345e-22 1.704384883809895115e-23
1.998046875000000000e+00 -8.363878532422445175e-23 5.593344418467994270e-23
1.998535156250000000e+00 -6.424464179996318203e-23 1.985218058660490245e-22
1.999023437500000000e+00 -2.135064767682481946e-22 -2.709523519898426629e-22
1.999511718750000000e+00 9.860694905742959319e-23 1.033353391240537471e-23
