# time, h1
0.000000000000000000e+00 -2.026147626485146745e-22
4.882812500000000000e-04 1.819515658582661569e-22
9.765625000000000000e-04 -1.551918201785728608e-22
1.464843750000000000e-03 -1.181208773019416138e-22
1.953125000000000000e-03 -8.359068122352220413e-23
2.441406250000000000e-03 -3.109493528249958295e-22
2.929687500000000000e-03 -1.615174908828104778e-22
3.417968750000000000e-03 -4.283003719791229309e-23
3.906250000000000000e-03 9.387890288221407109e-23
4.394531250000000000e-03 1.411437100719648356e-22
4.882812500000000000e-03 -2.147778998917100597e-22
5.371093750000000000e-03 1.058129723606651537e-23
5.859375000000000000e-03 1.110862010186565610e-23
6.347656250000000000e-03 2.943945815351701370e-23
6.835937500000000000e-03 -2.439032695193187817e-23
7.324218750000000000e-03 -3.707354401717122226e-22
7.812500000000000000e-03 2.454821657878229736e-22
8.300781250000000000e-03 1.261785761204653902e-22
8.789062500000000000e-03 5.519534139390046179e-23
9.277343750000000000e-03 1.599049331768676034e-22
9.765625000000000000e-03 -1.031055762526592313e-22
1.025390625000000000e-02 2.032746693666476809e-22
1.074218750000000000e-02 -1.855428721113080084e-22
1.123046875000000000e-02 -1.050230454943314278e-24
1.171875000000000000e-02 -6.708151481825360535e-23
1.220703125000000000e-02 5.302494793439044656e-23
1.269531250000000000e-02 1.888305413270368157e-22
1.318359375000000000e-02 -1.604211530266069145e-22
1.367187500000000000e-02 1.685230994834721929e-23
1.416015625000000000e-02 1.090815984819805335e-22
1.464843750000000000e-02 1.492269822735804894e-22
1.513671875000000000e-02 1.327501560754560736e-22
1.562500000000000000e-02 1.472174565169331807e-22
1.611328125000000000e-02 2.711275982535718653e-22
1.660156250000000000e-02 2.605216764962608951e-23
1.708984375000000000e-02 8.306802703621953427e-23
1.757812500000000000e-02 -2.104142466737061155e-23
1.806640625000000000e-02 3.323604203080967328e-23
1.855468750000000000e-02 -1.729540903390824483e-22
1.904296875000000000e-02 1.724556421988102371e-22
1.953125000000000000e-02 -3.621113344490176845e-23
2.001953125000000000e-02 7.044274791831888218e-23
2.050781250000000000e-02 -2.178770816852471255e-22
2.099609375000000000e-02 1.016556114791535608e-22
2.148437500000000000e-02 -2.677087950496272076e-23
2.197265625000000000e-02 -1.268228987645707932e-22
2.246093750000000000e-02 -1.655079257806606210e-22
2.294921875000000000e-02 -2.041332936690445316e-22
2.343750000000000000e-02 -2.053940542772780510e-22
2.392578125000000000e-02 -6.635071014723566060e-24
2.441406250000000000e-02 -1.272214430589807986e-22
2.490234375000000000e-02 1.272913540289685655e-22
2.539062500000000000e-02 -1.012389467370473848e-22
2.587890625000000000e-02 -8.335132101267913042e-23
2.636718750000000000e-02 -2.722791324067285760e-23
2.685546875000000000e-02 1.071856916985330171e-22
2.734375000000000000e-02 -1.564099583023190491e-22
2.783203125000000000e-02 2.496809118369674927e-23
2.832031250000000000e-02 -1.716162517079895725e-22
2.880859375000000000e-02 -1.936702124084421470e-24
2.929687500000000000e-02 1.498186751326393549e-22
2.978515625000000000e-02 9.564401579273593935e-23
3.027343750000000000e-02 2.030271841601507878e-22
3.076171875000000000e-02 -2.035030511339493648e-23
3.125000000000000000e-02 1.104930637543358554e-22
3.173828125000000000e-02 -7.848394524305781999e-23
3.222656250000000000e-02 1.084118579629581808e-22
3.271484375000000000e-02 2.722022943760758184e-22
3.320312500000000000e-02 1.246318388234287634e-24
3.369140625000000000e-02 1.558505782640946840e-22
3.417968750000000000e-02 1.989887652540883775e-22
3.466796875000000000e-02 -3.775153038835980590e-24
3.515625000000000000e-02 -3.751796395049842203e-23
3.564453125000000000e-02 1.153435803806913354e-22
3.613281250000000000e-02 3.531353034081416851e-23
3.662109375000000000e-02 -2.091999647552868194e-22
3.710937500000000000e-02 -1.266918484751986582e-22
3.759765625000000000e-02 1.529163977917944052e-22
3.808593750000000000e-02 1.114624494111523343e-22
3.857421875000000000e-02 -1.427914535790966557e-22
3.906250000000000000e-02 -2.338798085255441080e-22
3.955078125000000000e-02 -7.041837868118074193e-23
4.003906250000000000e-02 6.080682858145045553e-23
4.052734375000000000e-02 6.058180575064003434e-23
4.101562500000000000e-02 -3.539932946600378320e-22
4.150390625000000000e-02 -8.279750362288789962e-23
4.199218750000000000e-02 -2.935210636286907993e-22
4.248046875000000000e-02 1.946660286388274105e-22
4.296875000000000000e-02 3.440126173376343245e-23
4.345703125000000000e-02 -5.653864561099940919e-23
4.394531250000000000e-02 8.492353811317707629e-23
4.443359375000000000e-02 -3.296600638379318996e-23
4.492187500000000000e-02 1.202673067649459899e-22
4.541015625000000000e-02 -7.728740337676290134e-23
4.589843750000000000e-02 -1.020783857650793819e-22
4.638671875000000000e-02 -7.933661202630438518e-23
4.687500000000000000e-02 -1.864993432354223768e-22
4.736328125000000000e-02 1.811576026318078316e-22
4.785156250000000000e-02 -1.870535204029784204e-22
4.833984375000000000e-02 -2.309243160550313183e-22
4.882812500000000000e-02 8.273780348186594656e-23
4.931640625000000000e-02 3.699491878945534408e-23
4.980468750000000000e-02 6.295461599879019495e-23
5.029296875000000000e-02 1.344489508454559347e-22
5.078125000000000000e-02 4.717332095429354774e-23
5.126953125000000000e-02 7.077442723550787739e-23
5.175781250000000000e-02 -2.680616291569734035e-23
5.224609375000000000e-02 -6.272786837438658600e-23
5.273437500000000000e-02 1.536311236650825363e-22
5.322265625000000000e-02 6.150591079453911232e-23
5.371093750000000000e-02 -6.675824793315474280e-23
5.419921875000000000e-02 2.154549898730099128e-22
5.468750000000000000e-02 6.816242321668656405e-23
5.517578125000000000e-02 2.404220710234485302e-22
5.566406250000000000e-02 -6.183922332559613356e-23
5.615234375000000000e-02 8.296872033890817068e-23
5.664062500000000000e-02 5.893275095722311654e-23
5.712890625000000000e-02 3.090038813731982817e-22
5.761718750000000000e-02 4.087458026356952290e-23
5.810546875000000000e-02 3.431838590397904550e-23
5.859375000000000000e-02 -7.645812516673329963e-23
5.908203125000000000e-02 -1.029305363094421121e-22
5.957031250000000000e-02 7.124512466326194630e-23
6.005859375000000000e-02 1.645915034434820690e-22
6.054687500000000000e-02 1.436117169575390987e-22
6.103515625000000000e-02 -2.116251649469233024e-22
6.152343750000000000e-02 -2.520712102176175858e-23
6.201171875000000000e-02 -1.435269671457437069e-22
6.250000000000000000e-02 1.151118683025751293e-22
6.298828125000000000e-02 -1.114677293492815335e-22
6.347656250000000000e-02 -2.850216433865332113e-22
6.396484375000000000e-02 -1.744703210558707430e-22
6.445312500000000000e-02 1.509020492540272822e-23
6.494140625000000000e-02 -1.546047122933325726e-22
6.542968750000000000e-02 -1.893183588023745243e-22
6.591796875000000000e-02 -8.993653257092239650e-23
6.640625000000000000e-02 9.093969547407722145e-23
6.689453125000000000e-02 9.582429773554790224e-23
6.738281250000000000e-02 -2.100712035618254417e-22
6.787109375000000000e-02 -7.075175217954935126e-23
6.835937500000000000e-02 -5.078380042629977736e-23
6.884765625000000000e-02 4.712147539571242094e-23
6.933593750000000000e-02 -1.793750885004896246e-23
6.982421875000000000e-02 2.174185111529861245e-22
7.031250000000000000e-02 -5.307882365595031069e-23
7.080078125000000000e-02 2.743328726778467555e-22
7.128906250000000000e-02 4.714223109029887883e-23
7.177734375000000000e-02 1.406912828391579309e-22
7.226562500000000000e-02 -4.318530612344435308e-23
7.275390625000000000e-02 9.346441025151105724e-23
7.324218750000000000e-02 -1.642873588627421151e-22
7.373046875000000000e-02 -1.495242456423777275e-22
7.421875000000000000e-02 -2.706820905992029319e-23
7.470703125000000000e-02 -2.305268332541181767e-23
7.519531250000000000e-02 -8.799268445420025198e-23
7.568359375000000000e-02 1.070032904977150008e-22
7.617187500000000000e-02 2.510503623142038723e-22
7.666015625000000000e-02 -2.995175819105601562e-22
7.714843750000000000e-02 -1.470815090689226636e-22
7.763671875000000000e-02 7.882993829151863178e-23
7.812500000000000000e-02 5.713054040668648666e-23
7.861328125000000000e-02 1.047436723176817319e-23
7.910156250000000000e-02 -5.535458355756063737e-23
7.958984375000000000e-02 -1.722939413433895143e-23
8.007812500000000000e-02 -1.138707212072920140e-23
8.056640625000000000e-02 -4.915575363475650624e-23
8.105468750000000000e-02 1.253426639421373004e-22
8.154296875000000000e-02 3.168419816836339742e-23
8.203125000000000000e-02 -6.016828407456593538e-23
8.251953125000000000e-02 -2.125779783971196533e-26
8.300781250000000000e-02 1.236517951236839167e-22
8.349609375000000000e-02 -5.543212429836798720e-23
8.398437500000000000e-02 1.566867993851846549e-22
8.447265625000000000e-02 6.593075454116869582e-23
8.496093750000000000e-02 -2.051270146986064458e-22
8.544921875000000000e-02 1.879135323368657906e-22
8.593750000000000000e-02 5.547020888456565822e-23
8.642578125000000000e-02 -1.335641935346845591e-22
8.691406250000000000e-02 1.581758192133392775e-22
8.740234375000000000e-02 1.479499266806361099e-23
8.789062500000000000e-02 -1.023319649155374847e-22
8.837890625000000000e-02 2.227520161313541018e-23
8.886718750000000000e-02 -9.253963611589420330e-24
8.935546875000000000e-02 1.712915607632269173e-22
8.984375000000000000e-02 -9.962476764260112017e-23
9.033203125000000000e-02 2.200733007990198720e-23
9.082031250000000000e-02 -4.034672892979686010e-23
9.130859375000000000e-02 2.682138479916397400e-22
9.179687500000000000e-02 -2.183259586775218645e-22
9.228515625000000000e-02 1.422673157959194770e-22
9.277343750000000000e-02 -1.313731636290196964e-22
9.326171875000000000e-02 1.930292220894750121e-22
9.375000000000000000e-02 -7.853467167152535945e-23
9.423828125000000000e-02 -1.299567632976038555e-22
9.472656250000000000e-02 1.871370524578298790e-22
9.521484375000000000e-02 7.066750274538711361e-23
9.570312500000000000e-02 7.508685937905673048e-23
9.619140625000000000e-02 -4.961077276941622992e-23
9.667968750000000000e-02 -1.652918688067601373e-22
9.716796875000000000e-02 5.742145105135765131e-23
9.765625000000000000e-02 -2.214529723541111146e-22
9.814453125000000000e-02 6.811978806089078107e-24
9.863281250000000000e-02 2.104523460851943758e-23
9.912109375000000000e-02 -2.559770824218341865e-22
9.960937500000000000e-02 -9.842891545224043095e-23
1.000976562500000000e-01 3.465243621686049002e-23
1.005859375000000000e-01 1.505825587888248834e-22
1.010742187500000000e-01 5.084361753985412511e-23
1.015625000000000000e-01 -1.566452576899408683e-22
1.020507812500000000e-01 1.702812417407953690e-22
1.025390625000000000e-01 -1.241943584437970152e-22
1.030273437500000000e-01 1.710789569027393688e-22
1.035156250000000000e-01 7.362146943044420076e-23
1.040039062500000000e-01 3.577491783630884398e-23
1.044921875000000000e-01 1.065888481359077595e-22
1.049804687500000000e-01 -2.791392563472690153e-22
1.054687500000000000e-01 -1.565126979682123064e-22
1.059570312500000000e-01 9.806163216349468768e-24
1.064453125000000000e-01 -4.608090082968055416e-23
1.069335937500000000e-01 -8.946909210809847192e-23
1.074218750000000000e-01 -1.747634977493964789e-22
1.079101562500000000e-01 -8.586790305329406726e-23
1.083984375000000000e-01 -8.290222040608203753e-23
1.088867187500000000e-01 9.404195733248475272e-23
1.093750000000000000e-01 -6.563948034052653152e-23
1.098632812500000000e-01 -9.177861360132000672e-23
1.103515625000000000e-01 5.978165707195992811e-23
1.108398437500000000e-01 6.154823558701053139e-23
1.113281250000000000e-01 1.886827341015506774e-22
1.118164062500000000e-01 -2.833526945263493463e-23
1.123046875000000000e-01 -2.074147748169029599e-23
1.127929687500000000e-01 -4.170269459629323406e-23
1.132812500000000000e-01 1.166249957190733346e-23
1.137695312500000000e-01 -5.749040579948503420e-24
1.142578125000000000e-01 3.432846115449543962e-23
1.147460937500000000e-01 1.247323312864476747e-22
1.152343750000000000e-01 1.020356595582645398e-22
1.157226562500000000e-01 1.182943943293623809e-22
1.162109375000000000e-01 2.887790917008961052e-22
1.166992187500000000e-01 1.426126812337442149e-22
1.171875000000000000e-01 -1.805783334486992578e-22
1.176757812500000000e-01 2.551229862808526170e-22
1.181640625000000000e-01 1.590179000455277999e-22
1.186523437500000000e-01 -1.767679116844146988e-22
1.191406250000000000e-01 4.137462943303503521e-23
1.196289062500000000e-01 1.041870089424241046e-22
1.201171875000000000e-01 -7.068067601080450592e-23
1.206054687500000000e-01 1.748869859192862433e-23
1.210937500000000000e-01 1.260144438925528209e-22
1.215820312500000000e-01 -6.645950786540693955e-23
1.220703125000000000e-01 1.863908518471485158e-22
1.225585937500000000e-01 -1.346939468198261781e-22
1.230468750000000000e-01 -1.074420535174701363e-22
1.235351562500000000e-01 -1.715147826575134358e-22
1.240234375000000000e-01 -1.755841469459300442e-22
1.245117187500000000e-01 -1.983551894113414876e-22
1.250000000000000000e-01 1.308232098058901888e-22
1.254882812500000000e-01 -2.555201455933038086e-22
1.259765625000000000e-01 5.999416868189096369e-23
1.264648437500000000e-01 7.139775968799589485e-23
1.269531250000000000e-01 -1.051572910696775452e-22
1.274414062500000000e-01 1.725973586063011381e-22
1.279296875000000000e-01 -1.883895690441677244e-22
1.284179687500000000e-01 1.066068364363698114e-22
1.289062500000000000e-01 2.217253329567822876e-22
1.293945312500000000e-01 4.555674575228650128e-24
1.298828125000000000e-01 -1.087392325381598712e-22
1.303710937500000000e-01 -1.434938359996948157e-23
1.308593750000000000e-01 -1.440445018577983374e-22
1.313476562500000000e-01 7.953604917862166587e-23
1.318359375000000000e-01 -1.018184937411841107e-22
1.323242187500000000e-01 3.463849336089742349e-23
1.328125000000000000e-01 -1.235997636257673593e-22
1.333007812500000000e-01 1.633808451167694524e-22
1.337890625000000000e-01 -8.684222910877976839e-23
1.342773437500000000e-01 4.229932665893421906e-23
1.347656250000000000e-01 -3.612642772908782454e-22
1.352539062500000000e-01 6.816945047097363555e-23
1.357421875000000000e-01 1.757922283834052785e-22
1.362304687500000000e-01 2.308545842023476584e-23
1.367187500000000000e-01 -2.936116077549053985e-23
1.372070312500000000e-01 -3.982282529752209511e-23
1.376953125000000000e-01 -1.428875807501546611e-22
1.381835937500000000e-01 5.035846129594811866e-23
1.386718750000000000e-01 -8.387008020444904631e-23
1.391601562500000000e-01 4.420473255988906436e-23
1.396484375000000000e-01 1.665523997731417703e-22
1.401367187500000000e-01 -6.192209481122058835e-23
1.406250000000000000e-01 -3.469868003148007654e-23
1.411132812500000000e-01 -1.840038662244449369e-22
1.416015625000000000e-01 2.147822488371768221e-22
1.420898437500000000e-01 2.320977577466442549e-22
1.425781250000000000e-01 -1.445591554698014574e-22
1.430664062500000000e-01 1.841525487195410024e-22
1.435546875000000000e-01 2.278974873352652491e-22
1.440429687500000000e-01 5.514664254379398476e-23
1.445312500000000000e-01 -1.635482224543621732e-22
1.450195312500000000e-01 7.688331412416273967e-23
1.455078125000000000e-01 -2.406356678835714859e-22
1.459960937500000000e-01 1.979632671815654500e-23
1.464843750000000000e-01 -5.249943993413883943e-23
1.469726562500000000e-01 1.214993167770981053e-22
1.474609375000000000e-01 2.289727029073982835e-22
1.479492187500000000e-01 -1.876304447616457049e-22
1.484375000000000000e-01 3.231604231733969912e-23
1.489257812500000000e-01 -1.259989497959499693e-22
1.494140625000000000e-01 4.853000457777346638e-23
1.499023437500000000e-01 -2.269218427584202315e-22
1.503906250000000000e-01 -8.735553770799009117e-23
1.508789062500000000e-01 1.965486376311927714e-22
1.513671875000000000e-01 2.797971716443830024e-22
1.518554687500000000e-01 1.065865609966813511e-22
1.523437500000000000e-01 1.473252723798330767e-22
1.528320312500000000e-01 -5.558490109325268590e-23
1.533203125000000000e-01 -3.084413407635584195e-23
1.538085937500000000e-01 -3.002397352799276102e-22
1.542968750000000000e-01 9.731788432171260131e-23
1.547851562500000000e-01 -1.295924526775085070e-22
1.552734375000000000e-01 7.145912698059141095e-24
1.557617187500000000e-01 1.018977570434528811e-23
1.562500000000000000e-01 1.226824349069691695e-22
1.567382812500000000e-01 2.197328906349977869e-23
1.572265625000000000e-01 5.580677632787359060e-23
1.577148437500000000e-01 -1.047572857531502359e-22
1.582031250000000000e-01 -2.076786375875772141e-22
1.586914062500000000e-01 1.673744183986335639e-23
1.591796875000000000e-01 1.265515611065452853e-22
1.596679687500000000e-01 -1.206099039429538596e-22
1.601562500000000000e-01 -2.773462007490441513e-23
1.606445312500000000e-01 8.184368051444718891e-23
1.611328125000000000e-01 -2.632638725199917229e-22
1.616210937500000000e-01 9.986913746854565479e-23
1.621093750000000000e-01 7.610936527621686422e-23
1.625976562500000000e-01 1.551720527831312191e-22
1.630859375000000000e-01 1.064923882382421651e-22
1.635742187500000000e-01 6.081045358811080534e-23
1.640625000000000000e-01 -2.581803691395070045e-23
1.645507812500000000e-01 2.171168517856046209e-24
1.650390625000000000e-01 -2.597116329920337916e-23
1.655273437500000000e-01 -2.352004495124802189e-22
1.660156250000000000e-01 5.840468771143315913e-23
1.665039062500000000e-01 -6.528829330085575897e-23
1.669921875000000000e-01 -1.299086235259872381e-22
1.674804687500000000e-01 -1.667468963673055966e-22
1.679687500000000000e-01 -1.481294764893575400e-23
1.684570312500000000e-01 -6.141738927814048374e-23
1.689453125000000000e-01 3.049862770821181683e-23
1.694335937500000000e-01 -2.201489833828756601e-23
1.699218750000000000e-01 4.864370662365879272e-23
1.704101562500000000e-01 2.737431251112369631e-23
1.708984375000000000e-01 1.572863646246459478e-22
1.713867187500000000e-01 9.555760384236586372e-23
1.718750000000000000e-01 4.824392610108125563e-23
1.723632812500000000e-01 2.505298425441601983e-23
1.728515625000000000e-01 -7.195395453252404996e-23
1.733398437500000000e-01 3.588152655237346055e-23
1.738281250000000000e-01 -4.575591725825493956e-23
1.743164062500000000e-01 -1.989938126120330431e-23
1.748046875000000000e-01 -2.007847280977124187e-22
1.752929687500000000e-01 2.971771043222915353e-22
1.757812500000000000e-01 1.434563512348823398e-22
1.762695312500000000e-01 -2.129095041805547348e-22
1.767578125000000000e-01 -1.346820308247754733e-22
1.772460937500000000e-01 1.373782633163376243e-23
1.777343750000000000e-01 -2.967514171099536962e-23
1.782226562500000000e-01 -1.737111219862470400e-22
1.787109375000000000e-01 1.588590808021467272e-22
1.791992187500000000e-01 1.821072600895271420e-22
1.796875000000000000e-01 8.040828748479157828e-23
1.801757812500000000e-01 -7.444423777813513277e-23
1.806640625000000000e-01 1.280656282220024446e-22
1.811523437500000000e-01 6.867386771012918663e-23
1.816406250000000000e-01 -1.735087823739226280e-23
1.821289062500000000e-01 1.417134204841897340e-22
1.826171875000000000e-01 -5.501744041093158781e-24
1.831054687500000000e-01 -7.083457896389199224e-23
1.835937500000000000e-01 1.194427843186329371e-22
1.840820312500000000e-01 -1.713892779829038266e-22
1.845703125000000000e-01 6.584697903897456826e-23
1.850585937500000000e-01 -4.791990310963868772e-23
1.855468750000000000e-01 -1.714888680539322492e-22
1.860351562500000000e-01 -4.994040045691823137e-24
1.865234375000000000e-01 -4.058482767369311509e-23
1.870117187500000000e-01 1.405265913686306768e-22
1.875000000000000000e-01 -5.491114448537380562e-23
1.879882812500000000e-01 1.425587313326818146e-22
1.884765625000000000e-01 -1.775230204791147546e-23
1.889648437500000000e-01 -4.371866606781266134e-23
1.894531250000000000e-01 1.731207079977869355e-23
1.899414062500000000e-01 5.809704175644847736e-23
1.904296875000000000e-01 -1.648558859233029540e-25
1.909179687500000000e-01 1.716426129325607069e-22
1.914062500000000000e-01 -1.346860424115394421e-22
1.918945312500000000e-01 3.297933189923582686e-23
1.923828125000000000e-01 9.334348140913546386e-23
1.928710937500000000e-01 1.089452900394814699e-22
1.933593750000000000e-01 -1.905633598884390505e-22
1.938476562500000000e-01 -1.007035991585631979e-22
1.943359375000000000e-01 -1.682822780670995964e-23
1.948242187500000000e-01 -1.447079574431123240e-22
1.953125000000000000e-01 -2.688776913375357572e-23
1.958007812500000000e-01 -3.633826041462149199e-23
1.962890625000000000e-01 -2.033318827990749785e-22
1.967773437500000000e-01 -1.121769463948413223e-22
1.972656250000000000e-01 1.880245161998536267e-23
1.977539062500000000e-01 2.099012376294768702e-22
1.982421875000000000e-01 -1.575866605935204498e-23
1.987304687500000000e-01 -9.688778354822061361e-23
1.992187500000000000e-01 5.793093313165257425e-23
1.997070312500000000e-01 -3.301024870318885781e-22
2.001953125000000000e-01 1.427489007179657282e-23
2.006835937500000000e-01 2.685117764673948257e-22
2.011718750000000000e-01 -8.956392451520085227e-23
2.016601562500000000e-01 -1.377716239974712421e-22
2.021484375000000000e-01 -3.306722206823943771e-23
2.026367187500000000e-01 8.089619636761781895e-23
2.031250000000000000e-01 3.294240426204554378e-22
2.036132812500000000e-01 -9.789808764467423971e-23
2.041015625000000000e-01 -1.649003431588627997e-22
2.045898437500000000e-01 2.121675144527883741e-22
2.050781250000000000e-01 1.325511260986807456e-22
2.055664062500000000e-01 -2.803888846137645917e-23
2.060546875000000000e-01 1.549685213124405515e-22
2.065429687500000000e-01 -3.115819674637731055e-24
2.070312500000000000e-01 1.292784471853521598e-22
2.075195312500000000e-01 2.838472721728111215e-23
2.080078125000000000e-01 -1.389714417322320075e-22
2.084960937500000000e-01 -1.029520286256607989e-22
2.089843750000000000e-01 1.435131450140750013e-22
2.094726562500000000e-01 -1.400307159231270880e-22
2.099609375000000000e-01 4.447459243120186305e-25
2.104492187500000000e-01 -9.810436937713198105e-23
2.109375000000000000e-01 1.796814429406436654e-22
2.114257812500000000e-01 -1.174718984008806216e-22
2.119140625000000000e-01 1.200427605668541888e-22
2.124023437500000000e-01 9.912546792547986421e-23
2.128906250000000000e-01 -1.370350149474246923e-22
2.133789062500000000e-01 -4.181807918611673932e-23
2.138671875000000000e-01 2.608049906309913358e-22
2.143554687500000000e-01 5.805510925376280265e-23
2.148437500000000000e-01 -1.085481934469566299e-22
2.153320312500000000e-01 1.263181815261849272e-23
2.158203125000000000e-01 -7.305619550433410224e-23
2.163085937500000000e-01 -1.005425783713675729e-22
2.167968750000000000e-01 1.205652385907299834e-23
2.172851562500000000e-01 9.616190179520976387e-24
2.177734375000000000e-01 -4.497212042300955589e-23
2.182617187500000000e-01 -1.826285358240887417e-22
2.187500000000000000e-01 4.338576876361167296e-23
2.192382812500000000e-01 -1.538928087438065867e-22
2.197265625000000000e-01 -1.513950324400239166e-22
2.202148437500000000e-01 1.343243275206090762e-23
2.207031250000000000e-01 5.005450229074109462e-23
2.211914062500000000e-01 1.694620336302870750e-23
2.216796875000000000e-01 7.056116393448064278e-23
2.221679687500000000e-01 2.113212229475342182e-23
2.226562500000000000e-01 1.162628450001686487e-22
2.231445312500000000e-01 2.051645820236580025e-22
2.236328125000000000e-01 1.820938586153068468e-22
2.241210937500000000e-01 -4.252027546662113207e-23
2.246093750000000000e-01 5.275783893882602448e-23
2.250976562500000000e-01 -5.470670606458519269e-23
2.255859375000000000e-01 -1.150760939290517537e-22
2.260742187500000000e-01 3.201349999285270429e-22
2.265625000000000000e-01 3.329465920156169866e-23
2.270507812500000000e-01 -8.721201977268066990e-23
2.275390625000000000e-01 -2.668044008116802064e-22
2.280273437500000000e-01 8.966837706601483605e-23
2.285156250000000000e-01 -1.243080839646941451e-22
2.290039062500000000e-01 8.464241728709885096e-23
2.294921875000000000e-01 2.029521403277314926e-23
2.299804687500000000e-01 -1.271901169608173264e-22
2.304687500000000000e-01 -7.803179587015147829e-23
2.309570312500000000e-01 -1.328767836688960691e-22
2.314453125000000000e-01 1.860878216489049317e-22
2.319335937500000000e-01 -1.375095117265196915e-22
2.324218750000000000e-01 -1.808657748138976066e-22
2.329101562500000000e-01 1.487037181587956935e-22
2.333984375000000000e-01 -6.584026142393487064e-23
2.338867187500000000e-01 -2.215501292426970265e-22
2.343750000000000000e-01 2.122849117581508868e-22
2.348632812500000000e-01 -4.577921441631052553e-23
2.353515625000000000e-01 3.106223162069524384e-23
2.358398437500000000e-01 -2.441087244300725428e-23
2.363281250000000000e-01 5.657888248203388507e-23
2.368164062500000000e-01 -9.732355665194337246e-23
2.373046875000000000e-01 1.107552121161403795e-23
2.377929687500000000e-01 -1.630059539164015900e-22
2.382812500000000000e-01 -2.707832100423775195e-22
2.387695312500000000e-01 3.212579510301066151e-23
2.392578125000000000e-01 -4.415487060079181804e-23
2.397460937500000000e-01 2.538383062042045761e-22
2.402343750000000000e-01 -4.059118729924981872e-23
2.407226562500000000e-01 7.588837115636166722e-23
2.412109375000000000e-01 8.062835823069833616e-23
2.416992187500000000e-01 7.249902922549423388e-24
2.421875000000000000e-01 2.906997040346369439e-22
2.426757812500000000e-01 6.402276128293066058e-23
2.431640625000000000e-01 1.398296182779799004e-22
2.436523437500000000e-01 7.081431396277194836e-23
2.441406250000000000e-01 8.084026179750643180e-23
2.446289062500000000e-01 -1.026051793543609009e-22
2.451171875000000000e-01 -7.969757813179551847e-23
2.456054687500000000e-01 1.900274788831071945e-22
2.460937500000000000e-01 -6.112019209888044625e-24
2.465820312500000000e-01 2.020885585836513003e-22
2.470703125000000000e-01 -4.975314510614715484e-23
2.475585937500000000e-01 2.191963900178611471e-22
2.480468750000000000e-01 -7.509638860080631763e-23
2.485351562500000000e-01 -7.208424691092173848e-23
2.490234375000000000e-01 -1.317763755848604249e-22
2.495117187500000000e-01 -5.204979484416973700e-25
2.500000000000000000e-01 -1.207372996018382240e-22
2.504882812500000000e-01 1.205869641967298255e-22
2.509765625000000000e-01 8.418363841733646988e-25
2.514648437500000000e-01 6.523135300173906160e-23
2.519531250000000000e-01 -2.554674279055882534e-22
2.524414062500000000e-01 1.682819359143650145e-22
2.529296875000000000e-01 4.496561616327974674e-23
2.534179687500000000e-01 -1.337170078240293894e-22
2.539062500000000000e-01 -1.665881558644812988e-22
2.543945312500000000e-01 1.350026640148998319e-22
2.548828125000000000e-01 -1.404654008673299091e-22
2.553710937500000000e-01 -1.864338221516727619e-22
2.558593750000000000e-01 -5.133834420419808698e-23
2.563476562500000000e-01 9.414448144047167557e-23
2.568359375000000000e-01 -1.165642071065428592e-22
2.573242187500000000e-01 -3.883244573622373688e-23
2.578125000000000000e-01 -5.527689019319271361e-23
2.583007812500000000e-01 -3.126149815393293676e-22
2.587890625000000000e-01 7.601509617523180478e-24
2.592773437500000000e-01 -5.911569439108371323e-23
2.597656250000000000e-01 -9.233361060009724550e-23
2.602539062500000000e-01 -4.223762748541357633e-23
2.607421875000000000e-01 5.104921165551243833e-23
2.612304687500000000e-01 2.849095083482976933e-22
2.617187500000000000e-01 7.148427930406761853e-24
2.622070312500000000e-01 2.594634875987590565e-22
2.626953125000000000e-01 -9.709612906443250748e-23
2.631835937500000000e-01 4.404703512013110064e-23
2.636718750000000000e-01 3.725629321569251864e-23
2.641601562500000000e-01 -1.475522856890855424e-22
2.646484375000000000e-01 2.317302578751329958e-22
2.651367187500000000e-01 -3.335915334032087628e-22
2.656250000000000000e-01 2.359217085236774457e-22
2.661132812500000000e-01 5.989789886028748566e-23
2.666015625000000000e-01 1.022118407856401363e-22
2.670898437500000000e-01 -2.087129237916025794e-22
2.675781250000000000e-01 -5.235803218172927096e-23
2.680664062500000000e-01 -1.052475884525394878e-22
2.685546875000000000e-01 7.243468617920337197e-23
2.690429687500000000e-01 6.024054890844997078e-23
2.695312500000000000e-01 1.290599058565534266e-22
2.700195312500000000e-01 1.562433599695964267e-22
2.705078125000000000e-01 -5.650891184523913165e-23
2.709960937500000000e-01 3.414737901273535297e-22
2.714843750000000000e-01 -3.407176666039913795e-22
2.719726562500000000e-01 1.189573976171836686e-22
2.724609375000000000e-01 -5.409304198103603474e-23
2.729492187500000000e-01 3.553489372202348674e-22
2.734375000000000000e-01 -1.040398224934851480e-22
2.739257812500000000e-01 1.512317089539688646e-22
2.744140625000000000e-01 3.160915955896674106e-23
2.749023437500000000e-01 -3.214900769852900767e-22
2.753906250000000000e-01 1.907099706820516836e-22
2.758789062500000000e-01 -1.370156701130228749e-22
2.763671875000000000e-01 2.507560227332140794e-23
2.768554687500000000e-01 1.558433582381850758e-22
2.773437500000000000e-01 3.525621553962316999e-23
2.778320312500000000e-01 -3.603559815380967789e-24
2.783203125000000000e-01 6.199772664600783011e-23
2.788085937500000000e-01 -2.375998662532725667e-22
2.792968750000000000e-01 -2.463874153459496702e-23
2.797851562500000000e-01 -6.325982546494980447e-23
2.802734375000000000e-01 -1.636809666254016292e-23
2.807617187500000000e-01 -3.960561644246101912e-23
2.812500000000000000e-01 -1.358489216721634256e-22
2.817382812500000000e-01 -4.185389707618003437e-23
2.822265625000000000e-01 -1.303882610353763064e-22
2.827148437500000000e-01 1.057073903667073784e-22
2.832031250000000000e-01 -3.745076905650480369e-23
2.836914062500000000e-01 1.862760862646037301e-22
2.841796875000000000e-01 -2.923705584027169342e-22
2.846679687500000000e-01 4.289918642427417814e-23
2.851562500000000000e-01 -6.136287638561267941e-23
2.856445312500000000e-01 1.111125452404399213e-22
2.861328125000000000e-01 2.311234721122987746e-23
2.866210937500000000e-01 6.047948108464738845e-23
2.871093750000000000e-01 4.620038420814050986e-25
2.875976562500000000e-01 -1.270376043577172431e-25
2.880859375000000000e-01 -2.829830850705940385e-22
2.885742187500000000e-01 1.804001426961085893e-22
2.890625000000000000e-01 9.532705706852779593e-23
2.895507812500000000e-01 3.059389481349846239e-23
2.900390625000000000e-01 -4.955381277391081678e-23
2.905273437500000000e-01 2.019843341286491398e-23
2.910156250000000000e-01 -3.213643581717027375e-23
2.915039062500000000e-01 5.023456006233362514e-23
2.919921875000000000e-01 -1.417200616696778703e-22
2.924804687500000000e-01 1.725903757068336964e-22
2.929687500000000000e-01 -8.088592091161392795e-23
2.934570312500000000e-01 -3.158751491170997486e-22
2.939453125000000000e-01 1.209423707199839528e-22
2.944335937500000000e-01 -4.340309323752691318e-23
2.949218750000000000e-01 -1.593023476575085666e-22
2.954101562500000000e-01 -8.201643110844765302e-23
2.958984375000000000e-01 7.358433348274489483e-23
2.963867187500000000e-01 1.698766995811087469e-22
2.968750000000000000e-01 5.696502946689635187e-23
2.973632812500000000e-01 1.087537020367488357e-23
2.978515625000000000e-01 -4.029846441028739087e-23
2.983398437500000000e-01 4.056177940202855884e-23
2.988281250000000000e-01 1.138406346408261098e-22
2.993164062500000000e-01 1.094493953527259124e-22
2.998046875000000000e-01 1.131771318751199528e-22
3.002929687500000000e-01 7.857425187722547224e-23
3.007812500000000000e-01 -2.017517539211644771e-22
3.012695312500000000e-01 1.592641881506694452e-22
3.017578125000000000e-01 -8.012244820526341251e-23
3.022460937500000000e-01 -4.131469007175593051e-24
3.027343750000000000e-01 2.277500881389214032e-22
3.032226562500000000e-01 -1.030115708848719895e-22
3.037109375000000000e-01 6.518491482306353983e-23
3.041992187500000000e-01 -1.103639042660603682e-22
3.046875000000000000e-01 -1.145559967861581059e-23
3.051757812500000000e-01 2.115034816640264121e-22
3.056640625000000000e-01 1.151681026068088893e-22
3.061523437500000000e-01 -2.821019904198765163e-22
3.066406250000000000e-01 -3.915476940450089861e-23
3.071289062500000000e-01 1.620929855075797110e-22
3.076171875000000000e-01 9.713631200787218599e-23
3.081054687500000000e-01 -9.430809514928965717e-23
3.085937500000000000e-01 2.747554578922633645e-23
3.090820312500000000e-01 -1.319982239563025915e-22
3.095703125000000000e-01 8.766676746221606405e-23
3.100585937500000000e-01 3.710998954776264617e-24
3.105468750000000000e-01 -4.695005382865626239e-23
3.110351562500000000e-01 2.482032570101408042e-24
3.115234375000000000e-01 -1.710897062994531981e-23
3.120117187500000000e-01 -2.945027973715038948e-23
3.125000000000000000e-01 1.139801128934110267e-22
3.129882812500000000e-01 4.381033633362183738e-23
3.134765625000000000e-01 -1.494916172862138019e-22
3.139648437500000000e-01 1.169402853546315159e-22
3.144531250000000000e-01 -1.512963035582677907e-22
3.149414062500000000e-01 -3.461066981040129163e-23
3.154296875000000000e-01 -6.147818661678310648e-24
3.159179687500000000e-01 -2.422948078371158380e-22
3.164062500000000000e-01 -1.457121540928677823e-22
3.168945312500000000e-01 7.689406678050134484e-23
3.173828125000000000e-01 7.635383532667493036e-23
3.178710937500000000e-01 -1.387050806906210712e-22
3.183593750000000000e-01 1.832756627619855939e-22
3.188476562500000000e-01 -8.283875833297302625e-23
3.193359375000000000e-01 1.618192233492757750e-22
3.198242187500000000e-01 -2.497546066039202289e-22
3.203125000000000000e-01 9.127402412727005803e-24
3.208007812500000000e-01 -1.979829527461288773e-22
3.212890625000000000e-01 -5.889331359439442204e-23
3.217773437500000000e-01 1.975590234388436823e-22
3.222656250000000000e-01 -6.077361832060508632e-23
3.227539062500000000e-01 5.334329607397058852e-23
3.232421875000000000e-01 -1.320334563504757093e-22
3.237304687500000000e-01 2.117394514450877743e-22
3.242187500000000000e-01 -9.211748142013580628e-23
3.247070312500000000e-01 -8.762327672113220869e-23
3.251953125000000000e-01 -3.212753812407465865e-23
3.256835937500000000e-01 1.059848931126847149e-22
3.261718750000000000e-01 5.158867677708470875e-23
3.266601562500000000e-01 7.999894106246163264e-23
3.271484375000000000e-01 1.356737527014239776e-23
3.276367187500000000e-01 1.207240301212773782e-22
3.281250000000000000e-01 -3.452408160638777512e-24
3.286132812500000000e-01 4.077813962464228532e-23
3.291015625000000000e-01 -2.182585499650765986e-22
3.295898437500000000e-01 -1.804402845016411360e-24
3.300781250000000000e-01 -1.469346487461316181e-23
3.305664062500000000e-01 -3.861146059877744239e-23
3.310546875000000000e-01 1.196130013347746687e-22
3.315429687500000000e-01 3.345288984411128677e-22
3.320312500000000000e-01 -8.294710618902258214e-23
3.325195312500000000e-01 1.375867084357570622e-22
3.330078125000000000e-01 2.080544171554766880e-24
3.334960937500000000e-01 3.174423904006104529e-22
3.339843750000000000e-01 -1.782731529422872429e-22
3.344726562500000000e-01 2.264637556578926480e-23
3.349609375000000000e-01 -9.222179215712646254e-23
3.354492187500000000e-01 -1.653109204337639493e-22
3.359375000000000000e-01 -3.398960401774913691e-23
3.364257812500000000e-01 3.638657590012913187e-23
3.369140625000000000e-01 2.225798013246379854e-22
3.374023437500000000e-01 -3.588575453384598354e-23
3.378906250000000000e-01 7.305954928190771703e-23
3.383789062500000000e-01 5.807977044730776747e-23
3.388671875000000000e-01 -8.036839905992269390e-23
3.393554687500000000e-01 1.045093911780568196e-22
3.398437500000000000e-01 -3.797575921216727599e-23
3.403320312500000000e-01 -9.298235810376545342e-23
3.408203125000000000e-01 1.666100663595015367e-22
3.413085937500000000e-01 -1.441736156990667095e-22
3.417968750000000000e-01 2.114448278081111884e-22
3.422851562500000000e-01 3.868190062685432801e-23
3.427734375000000000e-01 -6.915914602434884424e-23
3.432617187500000000e-01 -2.050580875850634232e-22
3.437500000000000000e-01 1.394050584907721302e-23
3.442382812500000000e-01 -1.926325879514374143e-22
3.447265625000000000e-01 -8.356430583990314849e-23
3.452148437500000000e-01 -9.772867053065815443e-23
3.457031250000000000e-01 1.592129863700137226e-22
3.461914062500000000e-01 -1.233503609011774538e-22
3.466796875000000000e-01 -1.298035885805517015e-22
3.471679687500000000e-01 -1.432060232563844610e-22
3.476562500000000000e-01 -1.616872704532260528e-22
3.481445312500000000e-01 -1.481351884929085721e-22
3.486328125000000000e-01 9.753580279133340587e-23
3.491210937500000000e-01 -1.787844354869614862e-22
3.496093750000000000e-01 -5.032464860273827249e-23
3.500976562500000000e-01 1.942771562824319971e-23
3.505859375000000000e-01 3.828360828297745706e-23
3.510742187500000000e-01 6.801824535442602875e-23
3.515625000000000000e-01 -4.460342343832877826e-23
3.520507812500000000e-01 1.200792641683325341e-23
3.525390625000000000e-01 6.210837836399260684e-23
3.530273437500000000e-01 1.915355158794302503e-22
3.535156250000000000e-01 -5.667337677067856046e-24
3.540039062500000000e-01 1.743262377130772580e-22
3.544921875000000000e-01 6.066350328785514114e-23
3.549804687500000000e-01 -3.047065643096638010e-24
3.554687500000000000e-01 9.512782300614096132e-26
3.559570312500000000e-01 1.274221448830254039e-22
3.564453125000000000e-01 -3.924582506581410148e-23
3.569335937500000000e-01 3.243883939412505758e-23
3.574218750000000000e-01 1.957153244596820448e-22
3.579101562500000000e-01 -8.005470486041115370e-23
3.583984375000000000e-01 -9.128054745774957049e-23
3.588867187500000000e-01 7.751508865045681904e-24
3.593750000000000000e-01 1.050489884570487264e-22
3.598632812500000000e-01 2.596827870853570974e-22
3.603515625000000000e-01 -1.256057226493405855e-22
3.608398437500000000e-01 -1.127908224209383901e-23
3.613281250000000000e-01 1.735156814097098613e-22
3.618164062500000000e-01 -2.038216709510294622e-22
3.623046875000000000e-01 -1.250670234692044476e-23
3.627929687500000000e-01 -4.117565546604281905e-23
3.632812500000000000e-01 9.137379226413642649e-23
3.637695312500000000e-01 -6.487376003524917043e-23
3.642578125000000000e-01 -5.852558692423794862e-23
3.647460937500000000e-01 4.670241834294988007e-23
3.652343750000000000e-01 -1.699043056277187806e-22
3.657226562500000000e-01 5.476140611690072354e-23
3.662109375000000000e-01 5.307397538749302882e-23
3.666992187500000000e-01 -1.665605602349255723e-22
3.671875000000000000e-01 7.204082205483506022e-23
3.676757812500000000e-01 2.376514132248690567e-23
3.681640625000000000e-01 -3.265060354402413360e-23
3.686523437500000000e-01 -1.482191201827303599e-22
3.691406250000000000e-01 1.748811621012477951e-22
3.696289062500000000e-01 -2.087854804965530315e-23
3.701171875000000000e-01 1.905885597951910814e-22
3.706054687500000000e-01 3.096796017124451387e-23
3.710937500000000000e-01 -1.194156321430452474e-22
3.715820312500000000e-01 5.203392198265563324e-23
3.720703125000000000e-01 -8.532560115106610015e-23
3.725585937500000000e-01 2.369490949009515722e-22
3.730468750000000000e-01 -8.712608992794111645e-23
3.735351562500000000e-01 5.802057707778346321e-23
3.740234375000000000e-01 -3.471588737791391759e-23
3.745117187500000000e-01 1.154405805517092741e-22
3.750000000000000000e-01 -4.718733335198809487e-23
3.754882812500000000e-01 -1.192487122209403299e-22
3.759765625000000000e-01 3.565665368229574566e-24
3.764648437500000000e-01 -1.264112160340261209e-22
3.769531250000000000e-01 -1.486087956655909583e-22
3.774414062500000000e-01 -2.012339523676411287e-22
3.779296875000000000e-01 5.699263643964112136e-23
3.784179687500000000e-01 1.242355101643601131e-22
3.789062500000000000e-01 5.671952522997514243e-23
3.793945312500000000e-01 -4.588264009584785222e-23
3.798828125000000000e-01 -1.100697669657009436e-22
3.803710937500000000e-01 4.151763042854125808e-23
3.808593750000000000e-01 2.410632142849274589e-25
3.813476562500000000e-01 1.290645006327595627e-22
3.818359375000000000e-01 3.224621160036702412e-23
3.823242187500000000e-01 -6.304030337353476576e-23
3.828125000000000000e-01 -1.439658593641079323e-22
3.833007812500000000e-01 -7.892055353310690420e-24
3.837890625000000000e-01 -5.343240012841868957e-23
3.842773437500000000e-01 7.035898350318627396e-23
3.847656250000000000e-01 -1.800485779077413001e-22
3.852539062500000000e-01 -6.568442072404282773e-23
3.857421875000000000e-01 1.786158887053798548e-22
3.862304687500000000e-01 -2.535766135717165877e-22
3.867187500000000000e-01 -4.719986137903016163e-23
3.872070312500000000e-01 2.474436444594050762e-22
3.876953125000000000e-01 1.615790237926872534e-23
3.881835937500000000e-01 -1.683493924142043882e-22
3.886718750000000000e-01 9.236250402910741915e-23
3.891601562500000000e-01 2.370032454811786376e-22
3.896484375000000000e-01 1.063242648988312690e-22
3.901367187500000000e-01 -8.682729083388662048e-23
3.906250000000000000e-01 -1.055703342146716901e-22
3.911132812500000000e-01 -8.388730854691287753e-24
3.916015625000000000e-01 1.212816906062104029e-22
3.920898437500000000e-01 -3.262260539711752184e-23
3.925781250000000000e-01 2.658109641678756844e-23
3.930664062500000000e-01 -3.939843082394250090e-23
3.935546875000000000e-01 1.843884480935455407e-22
3.940429687500000000e-01 1.361014206411890024e-22
3.945312500000000000e-01 4.160734763611138521e-23
3.950195312500000000e-01 5.212403528948668774e-23
3.955078125000000000e-01 3.820192870992116727e-23
3.959960937500000000e-01 3.566110019198077747e-23
3.964843750000000000e-01 8.934063739981059926e-23
3.969726562500000000e-01 4.912255059682812871e-23
3.974609375000000000e-01 -5.023915892479456362e-23
3.979492187500000000e-01 -2.535219006380778555e-22
3.984375000000000000e-01 1.249509441831744330e-22
3.989257812500000000e-01 1.031077355789563436e-22
3.994140625000000000e-01 1.576360590967709974e-22
3.999023437500000000e-01 -9.029332218299132964e-23
4.003906250000000000e-01 -7.326438536251346483e-23
4.008789062500000000e-01 -6.040953561157908222e-23
4.013671875000000000e-01 4.702188060138416497e-24
4.018554687500000000e-01 -1.666350290450730332e-23
4.023437500000000000e-01 1.965488011594910830e-23
4.028320312500000000e-01 -2.529433082121734465e-22
4.033203125000000000e-01 4.872466261546776737e-23
4.038085937500000000e-01 -8.973187497946254709e-23
4.042968750000000000e-01 -6.364146086789198714e-23
4.047851562500000000e-01 5.870841292742874724e-23
4.052734375000000000e-01 -1.330058291330866087e-22
4.057617187500000000e-01 -2.028837056430949815e-22
4.062500000000000000e-01 1.568113658495286872e-22
4.067382812500000000e-01 -2.155848700758251193e-23
4.072265625000000000e-01 -2.678978666491948934e-23
4.077148437500000000e-01 -3.828199085249622417e-23
4.082031250000000000e-01 7.168071989161148587e-23
4.086914062500000000e-01 1.122856855431228819e-22
4.091796875000000000e-01 -2.292088522368154917e-22
4.096679687500000000e-01 1.076523750670024056e-22
4.101562500000000000e-01 5.655854602693414776e-23
4.106445312500000000e-01 2.565797994823073309e-23
4.111328125000000000e-01 -2.038276431635197796e-22
4.116210937500000000e-01 1.422790572556109699e-22
4.121093750000000000e-01 -2.520626313922924691e-22
4.125976562500000000e-01 7.742614142525958658e-23
4.130859375000000000e-01 -9.261886191794360457e-23
4.135742187500000000e-01 3.685331235782079035e-23
4.140625000000000000e-01 -2.116748572967604738e-22
4.145507812500000000e-01 5.031094406384904611e-23
4.150390625000000000e-01 2.660800698838282478e-22
4.155273437500000000e-01 7.540957624830702135e-23
4.160156250000000000e-01 1.373331742425527555e-22
4.165039062500000000e-01 -3.630824882719732563e-23
4.169921875000000000e-01 2.134788422125916542e-22
4.174804687500000000e-01 1.584863033449043649e-22
4.179687500000000000e-01 -9.696264147808443869e-23
4.184570312500000000e-01 1.030158218932948153e-22
4.189453125000000000e-01 -3.599202396669879376e-23
4.194335937500000000e-01 1.963739943331657315e-22
4.199218750000000000e-01 -2.615129204085951751e-22
4.204101562500000000e-01 -5.349561345944312594e-24
4.208984375000000000e-01 -1.319478831753015647e-23
4.213867187500000000e-01 -6.399843924794468984e-23
4.218750000000000000e-01 -9.110841360722002728e-23
4.223632812500000000e-01 -7.770028340085784050e-23
4.228515625000000000e-01 6.882724478560049433e-23
4.233398437500000000e-01 -1.200732431882165176e-22
4.238281250000000000e-01 2.817375364769895424e-23
4.243164062500000000e-01 1.466840938988243251e-23
4.248046875000000000e-01 3.755394654596466562e-23
4.252929687500000000e-01 -2.432388706599630502e-23
4.257812500000000000e-01 -3.587287536341122444e-23
4.262695312500000000e-01 1.694628084622511810e-22
4.267578125000000000e-01 -1.527376531163578792e-22
4.272460937500000000e-01 -4.910156612142925191e-23
4.277343750000000000e-01 -5.611738147543962043e-23
4.282226562500000000e-01 -8.806535386914242369e-24
4.287109375000000000e-01 -1.045807471802213794e-22
4.291992187500000000e-01 7.424784164419904968e-23
4.296875000000000000e-01 -1.638523972097957467e-23
4.301757812500000000e-01 2.412727999324121966e-22
4.306640625000000000e-01 -2.247426877091237061e-22
4.311523437500000000e-01 2.736875872937423677e-22
4.316406250000000000e-01 1.680587812534026997e-22
4.321289062500000000e-01 -6.953960643897386589e-23
4.326171875000000000e-01 -1.916988817358053941e-22
4.331054687500000000e-01 -8.613461982167267395e-23
4.335937500000000000e-01 1.437559671122027891e-22
4.340820312500000000e-01 -6.420172848391566320e-23
4.345703125000000000e-01 1.697826484513644548e-22
4.350585937500000000e-01 9.344352229874672422e-23
4.355468750000000000e-01 4.899219904749449017e-23
4.360351562500000000e-01 3.452385347751162464e-23
4.365234375000000000e-01 5.240518120592664194e-23
4.370117187500000000e-01 4.989401886703882542e-23
4.375000000000000000e-01 -1.818340868926035251e-22
4.379882812500000000e-01 -3.486253405751439807e-23
4.384765625000000000e-01 1.420206012616022709e-22
4.389648437500000000e-01 1.907880300723039076e-23
4.394531250000000000e-01 -6.596523883394107559e-23
4.399414062500000000e-01 -9.040424357564430133e-23
4.404296875000000000e-01 1.755736835566399043e-22
4.409179687500000000e-01 -3.424987866468607242e-23
4.414062500000000000e-01 -4.071337016334390199e-23
4.418945312500000000e-01 -2.183672258515131829e-22
4.423828125000000000e-01 1.879189167921339583e-22
4.428710937500000000e-01 -1.669220945796392832e-22
4.433593750000000000e-01 -1.704545742267303335e-22
4.438476562500000000e-01 -1.720167990799692787e-22
4.443359375000000000e-01 1.550877297121435452e-22
4.448242187500000000e-01 -1.834384321029181400e-22
4.453125000000000000e-01 -5.565470202337070924e-23
4.458007812500000000e-01 8.364814601844301839e-24
4.462890625000000000e-01 6.381499809065744451e-23
4.467773437500000000e-01 -2.619893339948912231e-22
4.472656250000000000e-01 -1.636754354907749346e-23
4.477539062500000000e-01 -2.104435053545265156e-23
4.482421875000000000e-01 7.008229066707598629e-23
4.487304687500000000e-01 5.871062712410292007e-23
4.492187500000000000e-01 8.987875720962514830e-23
4.497070312500000000e-01 9.420227043776372417e-24
4.501953125000000000e-01 6.041057453656116376e-23
4.506835937500000000e-01 1.064845234007055735e-22
4.511718750000000000e-01 -9.081440510003013587e-25
4.516601562500000000e-01 -2.330342043259761158e-23
4.521484375000000000e-01 2.704620544893660082e-22
4.526367187500000000e-01 -1.812553688533013642e-22
4.531250000000000000e-01 1.479914114887019943e-22
4.536132812500000000e-01 1.629077724191705144e-23
4.541015625000000000e-01 3.326730900642556823e-23
4.545898437500000000e-01 2.426275363843304753e-23
4.550781250000000000e-01 2.692640594351544001e-22
4.555664062500000000e-01 -7.800584362822628966e-23
4.560546875000000000e-01 1.096410039323723942e-22
4.565429687500000000e-01 -4.214738859259684562e-23
4.570312500000000000e-01 -4.335797072320189364e-22
4.575195312500000000e-01 -2.758890038847322599e-23
4.580078125000000000e-01 1.287143251659832621e-23
4.584960937500000000e-01 3.151751827436894320e-23
4.589843750000000000e-01 -1.632714751680445837e-23
4.594726562500000000e-01 -1.181949940922733203e-22
4.599609375000000000e-01 1.274702359793636992e-23
4.604492187500000000e-01 1.796330225212060981e-22
4.609375000000000000e-01 -1.510208204728976101e-22
4.614257812500000000e-01 -4.481858021305060399e-23
4.619140625000000000e-01 1.525641109206707294e-22
4.624023437500000000e-01 -5.522973576458908249e-23
4.628906250000000000e-01 -1.455610998348513904e-22
4.633789062500000000e-01 6.483904655411925781e-23
4.638671875000000000e-01 -7.335043803482534943e-23
4.643554687500000000e-01 3.380190349284290722e-22
4.648437500000000000e-01 -6.116915704167624867e-23
4.653320312500000000e-01 2.845968301077970305e-22
4.658203125000000000e-01 -3.912262056359607518e-23
4.663085937500000000e-01 -7.398351462874555103e-23
4.667968750000000000e-01 1.885242774486605680e-22
4.672851562500000000e-01 -1.617129165055660485e-22
4.677734375000000000e-01 -1.451293090461790110e-22
4.682617187500000000e-01 6.319175750580824379e-23
4.687500000000000000e-01 -2.463658059295845005e-23
4.692382812500000000e-01 5.952006197187619644e-23
4.697265625000000000e-01 2.837131979742375348e-22
4.702148437500000000e-01 -3.640942539137242782e-23
4.707031250000000000e-01 -1.709739865911851086e-22
4.711914062500000000e-01 -6.935961279027761542e-23
4.716796875000000000e-01 8.738900156053365157e-23
4.721679687500000000e-01 -5.447627133838354227e-23
4.726562500000000000e-01 -4.462168370295916884e-23
4.731445312500000000e-01 -1.200327782712485008e-22
4.736328125000000000e-01 -2.232843409640408992e-22
4.741210937500000000e-01 -2.019463265787776152e-22
4.746093750000000000e-01 7.464230305948684426e-24
4.750976562500000000e-01 2.701289687993514261e-23
4.755859375000000000e-01 -5.042826979780642144e-23
4.760742187500000000e-01 -1.232200700015869117e-22
4.765625000000000000e-01 7.520138551453105735e-23
4.770507812500000000e-01 -8.470764644427810943e-23
4.775390625000000000e-01 9.453744269771534615e-23
4.780273437500000000e-01 1.949507776841099146e-22
4.785156250000000000e-01 -4.505828133034554052e-24
4.790039062500000000e-01 1.082007894492800465e-22
4.794921875000000000e-01 -3.697847775045968006e-23
4.799804687500000000e-01 2.406353625918439480e-22
4.804687500000000000e-01 2.796539223152965455e-22
4.809570312500000000e-01 -1.190418722837073522e-22
4.814453125000000000e-01 4.721032083913027590e-23
4.819335937500000000e-01 1.292307384478090596e-22
4.824218750000000000e-01 -1.290723402618314617e-22
4.829101562500000000e-01 -2.993322375289751838e-22
4.833984375000000000e-01 -7.094266386466829770e-24
4.838867187500000000e-01 -1.806763771462205680e-22
4.843750000000000000e-01 -2.406463416578609539e-22
4.848632812500000000e-01 1.255704375318561239e-22
4.853515625000000000e-01 3.745061247855688675e-22
4.858398437500000000e-01 -7.784383282168378720e-24
4.863281250000000000e-01 -1.068466411859301414e-22
4.868164062500000000e-01 -2.270943070242338853e-22
4.873046875000000000e-01 -7.685528527691094539e-24
4.877929687500000000e-01 1.383711254404065721e-22
4.882812500000000000e-01 -6.610234054108731591e-25
4.887695312500000000e-01 -2.513309874897114903e-23
4.892578125000000000e-01 1.806006854017792808e-22
4.897460937500000000e-01 3.642455953368706773e-24
4.902343750000000000e-01 2.069400072274101318e-22
4.907226562500000000e-01 7.402598842126755980e-24
4.912109375000000000e-01 -2.706051749095050491e-22
4.916992187500000000e-01 1.155895803256372018e-22
4.921875000000000000e-01 -1.484935013095577661e-22
4.926757812500000000e-01 4.829972096152080120e-23
4.931640625000000000e-01 -4.637074599730090166e-23
4.936523437500000000e-01 1.487388161372876290e-22
4.941406250000000000e-01 -4.631787934045167468e-23
4.946289062500000000e-01 -1.829866008731822235e-22
4.951171875000000000e-01 -2.795833943394985487e-24
4.956054687500000000e-01 -3.021462328460897459e-23
4.960937500000000000e-01 -1.701795193869949256e-22
4.965820312500000000e-01 2.454569195004984117e-22
4.970703125000000000e-01 1.227328021985447131e-23
4.975585937500000000e-01 2.020655078039173083e-22
4.980468750000000000e-01 -1.202815130201095881e-22
4.985351562500000000e-01 -1.520844695870477234e-22
4.990234375000000000e-01 1.337944395382770626e-22
4.995117187500000000e-01 -7.572525844438433475e-23
5.000000000000000000e-01 -7.333786760219734953e-23
5.004882812500000000e-01 -3.473354693670068302e-24
5.009765625000000000e-01 1.069510860595225294e-22
5.014648437500000000e-01 2.428840221442392870e-22
5.019531250000000000e-01 6.499994584203692545e-24
5.024414062500000000e-01 1.245155597224321161e-22
5.029296875000000000e-01 -1.218216946260293833e-22
5.034179687500000000e-01 1.045550726199110067e-22
5.039062500000000000e-01 2.972718907518049340e-23
5.043945312500000000e-01 1.727882057819048292e-23
5.048828125000000000e-01 -4.353122659543779317e-23
5.053710937500000000e-01 -2.758641491678424921e-23
5.058593750000000000e-01 -3.855580613470050676e-23
5.063476562500000000e-01 -1.667379090531856894e-22
5.068359375000000000e-01 -6.509666492296742003e-23
5.073242187500000000e-01 -8.820183497184109924e-24
5.078125000000000000e-01 8.720967166677712290e-23
5.083007812500000000e-01 1.273658593295381319e-22
5.087890625000000000e-01 -2.123195684366279470e-22
5.092773437500000000e-01 2.432629220895474622e-22
5.097656250000000000e-01 2.377280910464520783e-22
5.102539062500000000e-01 4.269720764269595210e-23
5.107421875000000000e-01 -1.970068429932028765e-22
5.112304687500000000e-01 -2.474741234406693617e-23
5.117187500000000000e-01 -1.066812557425987577e-22
5.122070312500000000e-01 -2.605744475593054053e-22
5.126953125000000000e-01 3.332258899876986188e-22
5.131835937500000000e-01 -1.576001496983162986e-22
5.136718750000000000e-01 -3.644430958425647696e-22
5.141601562500000000e-01 2.509076464713180512e-22
5.146484375000000000e-01 -3.078470841936279334e-22
5.151367187500000000e-01 -1.313890806885713464e-23
5.156250000000000000e-01 -8.574980610870697108e-23
5.161132812500000000e-01 5.475815767386635136e-23
5.166015625000000000e-01 -1.311803694137347574e-22
5.170898437500000000e-01 2.285804977088911027e-22
5.175781250000000000e-01 -1.560944359757166082e-22
5.180664062500000000e-01 -1.105617683959071770e-22
5.185546875000000000e-01 -2.160922486460173977e-23
5.190429687500000000e-01 6.739434256981916514e-23
5.195312500000000000e-01 2.270337104420642930e-23
5.200195312500000000e-01 2.040940751751976122e-22
5.205078125000000000e-01 -3.833891456241068611e-23
5.209960937500000000e-01 2.492621097415391771e-22
5.214843750000000000e-01 1.696743303076432910e-22
5.219726562500000000e-01 5.810846302257689530e-23
5.224609375000000000e-01 -2.783107170323734492e-23
5.229492187500000000e-01 -1.101680928894363301e-23
5.234375000000000000e-01 -2.636209506496606844e-22
5.239257812500000000e-01 -1.160303962134753265e-22
5.244140625000000000e-01 -9.261708111947995455e-23
5.249023437500000000e-01 1.768681803474490293e-22
5.253906250000000000e-01 1.679270191413982734e-22
5.258789062500000000e-01 -3.936356814676590098e-23
5.263671875000000000e-01 7.341648282287026627e-23
5.268554687500000000e-01 -2.298590915791033714e-24
5.273437500000000000e-01 -3.280462925601170041e-23
5.278320312500000000e-01 1.018323003227745801e-22
5.283203125000000000e-01 7.441422197674583217e-23
5.288085937500000000e-01 -4.185029839389972533e-23
5.292968750000000000e-01 2.276393398893472138e-22
5.297851562500000000e-01 -2.161252973934709644e-22
5.302734375000000000e-01 -1.336964410937013791e-22
5.307617187500000000e-01 1.150086465372257632e-22
5.312500000000000000e-01 -6.717394474878318713e-23
5.317382812500000000e-01 1.046619965219659303e-22
5.322265625000000000e-01 4.385877746335644931e-23
5.327148437500000000e-01 -4.618178764196322606e-23
5.332031250000000000e-01 -1.220956309862379916e-23
5.336914062500000000e-01 1.039409529046920126e-22
5.341796875000000000e-01 -7.090471805091670811e-23
5.346679687500000000e-01 -1.401373859600358459e-22
5.351562500000000000e-01 -2.505213621413706218e-23
5.356445312500000000e-01 -1.964956441786769150e-22
5.361328125000000000e-01 -5.479720482896678338e-23
5.366210937500000000e-01 2.174689551061481765e-22
5.371093750000000000e-01 6.254275385341239918e-23
5.375976562500000000e-01 4.767320380311386145e-23
5.380859375000000000e-01 -2.692114813091315818e-23
5.385742187500000000e-01 9.337958475307739191e-23
5.390625000000000000e-01 1.232347704027070504e-22
5.395507812500000000e-01 -2.123812945474901774e-22
5.400390625000000000e-01 1.844854882014432037e-22
5.405273437500000000e-01 -5.320245012594010625e-23
5.410156250000000000e-01 -1.424357459779594131e-23
5.415039062500000000e-01 -2.836166532921013459e-23
5.419921875000000000e-01 -6.732182401376795069e-23
5.424804687500000000e-01 3.905293617535911739e-22
5.429687500000000000e-01 2.665151578942917659e-23
5.434570312500000000e-01 -2.187047735522389835e-22
5.439453125000000000e-01 1.139573336866081512e-22
5.444335937500000000e-01 -7.441603874155975401e-23
5.449218750000000000e-01 -2.560731001375413753e-22
5.454101562500000000e-01 7.258793867750483223e-23
5.458984375000000000e-01 1.489897921503180090e-23
5.463867187500000000e-01 -2.490333634101881993e-22
5.468750000000000000e-01 -1.928623335450970706e-23
5.473632812500000000e-01 -1.731950515043546141e-22
5.478515625000000000e-01 -1.123013039246889030e-22
5.483398437500000000e-01 -1.220147507765267710e-22
5.488281250000000000e-01 2.179103604571350825e-22
5.493164062500000000e-01 1.593214810641692083e-22
5.498046875000000000e-01 -1.856896538486150044e-22
5.502929687500000000e-01 -1.056019505442478730e-22
5.507812500000000000e-01 1.406425240754915933e-22
5.512695312500000000e-01 1.744002267156734275e-23
5.517578125000000000e-01 -3.737721021260500892e-23
5.522460937500000000e-01 7.157813251386111681e-23
5.527343750000000000e-01 -3.118217334075218108e-22
5.532226562500000000e-01 1.597301218527337353e-22
5.537109375000000000e-01 -1.391873829656328691e-22
5.541992187500000000e-01 5.593740679199099767e-23
5.546875000000000000e-01 -2.915929961068894008e-22
5.551757812500000000e-01 8.298739729063669979e-23
5.556640625000000000e-01 2.005461750174709721e-24
5.561523437500000000e-01 2.663459522353046881e-23
5.566406250000000000e-01 7.383059086048203008e-23
5.571289062500000000e-01 3.149049317511606582e-22
5.576171875000000000e-01 2.710989671313617050e-23
5.581054687500000000e-01 2.302405147179604075e-22
5.585937500000000000e-01 -1.005343585288608059e-22
5.590820312500000000e-01 2.403538529792364144e-22
5.595703125000000000e-01 -7.259774998888654628e-23
5.600585937500000000e-01 8.975489845322472493e-23
5.605468750000000000e-01 -1.628866122862385339e-22
5.610351562500000000e-01 2.250576837456447054e-22
5.615234375000000000e-01 -2.746963602472542937e-23
5.620117187500000000e-01 1.265056169833954883e-22
5.625000000000000000e-01 1.195005672078368329e-22
5.629882812500000000e-01 -7.223246753802066350e-23
5.634765625000000000e-01 -7.070614113569117486e-24
5.639648437500000000e-01 2.185495320962986890e-22
5.644531250000000000e-01 6.970187269118266464e-23
5.649414062500000000e-01 6.825227541187931952e-24
5.654296875000000000e-01 -6.324973887613059169e-23
5.659179687500000000e-01 5.089286251716703237e-23
5.664062500000000000e-01 -1.875183850843688167e-22
5.668945312500000000e-01 -1.080677527773660355e-22
5.673828125000000000e-01 2.647081202884240273e-23
5.678710937500000000e-01 3.154242050979056059e-22
5.683593750000000000e-01 -4.084060004580680078e-23
5.688476562500000000e-01 -4.146848176092449682e-23
5.693359375000000000e-01 -1.609778792635592031e-22
5.698242187500000000e-01 3.026958686205096853e-23
5.703125000000000000e-01 -1.156549723200133136e-22
5.708007812500000000e-01 -9.589122496844989792e-23
5.712890625000000000e-01 -3.713221087687991675e-23
5.717773437500000000e-01 -2.446169701842156562e-22
5.722656250000000000e-01 2.563104430421109580e-23
5.727539062500000000e-01 -1.648119848813562319e-22
5.732421875000000000e-01 -4.802497096650999844e-23
5.737304687500000000e-01 1.653266709179696068e-23
5.742187500000000000e-01 -1.832750292141088034e-22
5.747070312500000000e-01 -6.061623924870042124e-23
5.751953125000000000e-01 3.447225180093647696e-23
5.756835937500000000e-01 7.161060006597070624e-23
5.761718750000000000e-01 -1.109131740616498238e-22
5.766601562500000000e-01 7.685857538473617431e-23
5.771484375000000000e-01 1.243456152743719083e-22
5.776367187500000000e-01 -1.302835021664934812e-22
5.781250000000000000e-01 8.955326186807497576e-23
5.786132812500000000e-01 -2.037898356862492894e-22
5.791015625000000000e-01 -1.235203434391191012e-23
5.795898437500000000e-01 7.004257323850065220e-23
5.800781250000000000e-01 -8.597094733990369590e-23
5.805664062500000000e-01 5.895576366292003976e-23
5.810546875000000000e-01 1.127529601128892297e-22
5.815429687500000000e-01 1.514925924420052865e-22
5.820312500000000000e-01 1.215143586722480595e-23
5.825195312500000000e-01 -4.645419471043667100e-23
5.830078125000000000e-01 -7.168587922352454942e-23
5.834960937500000000e-01 1.300722179001371217e-22
5.839843750000000000e-01 1.221509021282909026e-22
5.844726562500000000e-01 -4.781444137687659027e-23
5.849609375000000000e-01 -9.383140469755195699e-23
5.854492187500000000e-01 -1.112909162157763139e-22
5.859375000000000000e-01 5.844240731292459395e-23
5.864257812500000000e-01 -2.099865458956507111e-23
5.869140625000000000e-01 2.515145728188420900e-22
5.874023437500000000e-01 -8.567854449535574194e-24
5.878906250000000000e-01 -1.251959185634895289e-24
5.883789062500000000e-01 1.671318224167458512e-22
5.888671875000000000e-01 -2.624907065894812251e-23
5.893554687500000000e-01 5.411328341072804202e-23
5.898437500000000000e-01 -1.469003551722606884e-22
5.903320312500000000e-01 9.233423862813823315e-23
5.908203125000000000e-01 1.067852479608184393e-22
5.913085937500000000e-01 -2.352112275239068178e-22
5.917968750000000000e-01 1.181707602131623878e-22
5.922851562500000000e-01 1.901573619186565880e-22
5.927734375000000000e-01 9.671079287481120608e-23
5.932617187500000000e-01 -1.320556666525637866e-22
5.937500000000000000e-01 -7.581315360678669669e-24
5.942382812500000000e-01 1.624118766220860939e-22
5.947265625000000000e-01 1.733658235628156201e-22
5.952148437500000000e-01 -4.179976966021359437e-22
5.957031250000000000e-01 1.549738172212248309e-23
5.961914062500000000e-01 -1.178390905839913226e-22
5.966796875000000000e-01 -7.705600753143966568e-25
5.971679687500000000e-01 2.409480143581443709e-22
5.976562500000000000e-01 -8.605057824316104788e-23
5.981445312500000000e-01 5.511451367810964515e-23
5.986328125000000000e-01 1.732319836152733909e-23
5.991210937500000000e-01 5.548720084848981716e-23
5.996093750000000000e-01 -1.023651370619785333e-22
6.000976562500000000e-01 -2.681361319467573781e-22
6.005859375000000000e-01 -1.536584864383258861e-22
6.010742187500000000e-01 1.379939710557796590e-22
6.015625000000000000e-01 -1.543583130293747293e-22
6.020507812500000000e-01 2.577228633157064691e-23
6.025390625000000000e-01 8.554034101157904193e-23
6.030273437500000000e-01 4.482573832349003188e-23
6.035156250000000000e-01 4.275599663455246504e-23
6.040039062500000000e-01 -1.544823817421783200e-22
6.044921875000000000e-01 -1.436290337717446173e-22
6.049804687500000000e-01 2.033608404601486874e-22
6.054687500000000000e-01 -2.090367814225934814e-22
6.059570312500000000e-01 -4.680665035462800721e-23
6.064453125000000000e-01 1.629326280579425731e-22
6.069335937500000000e-01 1.485977175891110099e-22
6.074218750000000000e-01 -2.661307801939104544e-23
6.079101562500000000e-01 4.890327375342128135e-24
6.083984375000000000e-01 -1.484267785008559588e-22
6.088867187500000000e-01 1.967529966875643199e-22
6.093750000000000000e-01 5.076805504344074472e-23
6.098632812500000000e-01 7.503351186139627605e-23
6.103515625000000000e-01 -8.135580102071071651e-23
6.108398437500000000e-01 6.479595270539019021e-23
6.113281250000000000e-01 -3.854643852882951604e-22
6.118164062500000000e-01 1.062760048749364208e-22
6.123046875000000000e-01 -8.678664968332809873e-23
6.127929687500000000e-01 6.019858260828812337e-23
6.132812500000000000e-01 3.415574807290936096e-24
6.137695312500000000e-01 -1.737826525469554628e-23
6.142578125000000000e-01 8.367321692560697715e-23
6.147460937500000000e-01 -6.169547557124572105e-23
6.152343750000000000e-01 9.986791365809311743e-23
6.157226562500000000e-01 8.638809709187914428e-23
6.162109375000000000e-01 4.109604535716190223e-23
6.166992187500000000e-01 -1.375473301938436418e-23
6.171875000000000000e-01 1.718395019626389429e-23
6.176757812500000000e-01 1.245805815030808816e-22
6.181640625000000000e-01 -8.042552524514185480e-23
6.186523437500000000e-01 6.779165909935120656e-23
6.191406250000000000e-01 1.603706790818523262e-22
6.196289062500000000e-01 -1.628095721064664656e-23
6.201171875000000000e-01 -1.675188061377482960e-22
6.206054687500000000e-01 -1.699445111349338715e-22
6.210937500000000000e-01 -1.307332653641224167e-22
6.215820312500000000e-01 -1.058243092920223883e-22
6.220703125000000000e-01 -5.624515951041851291e-23
6.225585937500000000e-01 2.478051592534917116e-22
6.230468750000000000e-01 2.227175254739112526e-22
6.235351562500000000e-01 -8.642934090646095833e-23
6.240234375000000000e-01 -5.819445854996730792e-23
6.245117187500000000e-01 6.472338160857402876e-23
6.250000000000000000e-01 -2.847686574346687779e-22
6.254882812500000000e-01 -5.438314396807187756e-23
6.259765625000000000e-01 -1.912095850360113299e-22
6.264648437500000000e-01 -4.721100150571875598e-23
6.269531250000000000e-01 1.435025674816055029e-22
6.274414062500000000e-01 1.708426305006235039e-22
6.279296875000000000e-01 -1.880878604716765804e-22
6.284179687500000000e-01 2.814864664780498619e-22
6.289062500000000000e-01 1.562602372951568615e-23
6.293945312500000000e-01 8.080407585345408860e-23
6.298828125000000000e-01 1.102896395235812744e-22
6.303710937500000000e-01 2.132827278882087128e-22
6.308593750000000000e-01 -1.009919951670171682e-23
6.313476562500000000e-01 -5.741413914123496167e-24
6.318359375000000000e-01 4.411055757520504863e-23
6.323242187500000000e-01 2.500549860361788344e-23
6.328125000000000000e-01 3.193931941208716133e-23
6.333007812500000000e-01 -3.348883618820986644e-23
6.337890625000000000e-01 -2.019901208364304852e-22
6.342773437500000000e-01 -2.081975758583844230e-22
6.347656250000000000e-01 6.364720344298362571e-23
6.352539062500000000e-01 8.451471963258981208e-23
6.357421875000000000e-01 6.379808490747917779e-23
6.362304687500000000e-01 -9.203438476242046910e-24
6.367187500000000000e-01 -1.334010283902223628e-24
6.372070312500000000e-01 -9.773929837417598282e-23
6.376953125000000000e-01 1.316477127286341653e-22
6.381835937500000000e-01 -5.336436118711921500e-23
6.386718750000000000e-01 5.025393868696616187e-23
6.391601562500000000e-01 -2.471076282653337979e-23
6.396484375000000000e-01 1.451863373068602609e-22
6.401367187500000000e-01 -4.626209768966368724e-22
6.406250000000000000e-01 6.258495984910237529e-23
6.411132812500000000e-01 4.225679469244534530e-23
6.416015625000000000e-01 1.381593828512201136e-22
6.420898437500000000e-01 -4.564094468948150116e-23
6.425781250000000000e-01 6.319850570951288513e-23
6.430664062500000000e-01 -1.034373560337438005e-22
6.435546875000000000e-01 3.451614774166015977e-23
6.440429687500000000e-01 -1.518821821040288423e-22
6.445312500000000000e-01 -6.169018146376268899e-23
6.450195312500000000e-01 -1.070103670522769934e-22
6.455078125000000000e-01 3.304206211604816479e-23
6.459960937500000000e-01 1.782753247947637590e-22
6.464843750000000000e-01 1.126135931891573204e-22
6.469726562500000000e-01 -2.610385676559213256e-23
6.474609375000000000e-01 1.259384794596492556e-22
6.479492187500000000e-01 9.465749424678085344e-23
6.484375000000000000e-01 -1.740998468662113938e-22
6.489257812500000000e-01 7.400499093451220849e-23
6.494140625000000000e-01 -9.576746187501272050e-23
6.499023437500000000e-01 2.561248192654944761e-23
6.503906250000000000e-01 -2.456106567941828761e-24
6.508789062500000000e-01 2.906558095406525572e-23
6.513671875000000000e-01 -1.616286252438135869e-22
6.518554687500000000e-01 -4.824483989761683177e-23
6.523437500000000000e-01 -1.514425037479617539e-22
6.528320312500000000e-01 -2.160972058926118882e-22
6.533203125000000000e-01 -1.964588130874579218e-22
6.538085937500000000e-01 7.158357541831067451e-23
6.542968750000000000e-01 -2.986596474181144703e-23
6.547851562500000000e-01 1.843987387581041236e-22
6.552734375000000000e-01 7.155298729784958008e-23
6.557617187500000000e-01 -3.111958418309418819e-22
6.562500000000000000e-01 2.667381853832556501e-22
6.567382812500000000e-01 8.983913582120956658e-24
6.572265625000000000e-01 4.674601191317375998e-23
6.577148437500000000e-01 -4.325530723897559774e-24
6.582031250000000000e-01 9.758527500563618034e-23
6.586914062500000000e-01 1.788124477206106036e-22
6.591796875000000000e-01 1.798280243767933821e-22
6.596679687500000000e-01 6.824508500500721297e-23
6.601562500000000000e-01 1.950110992192833464e-22
6.606445312500000000e-01 1.090526530165012056e-23
6.611328125000000000e-01 -4.877012289336436540e-23
6.616210937500000000e-01 -1.889545573096935629e-23
6.621093750000000000e-01 -3.228840421063868657e-23
6.625976562500000000e-01 -8.080862830088372554e-23
6.630859375000000000e-01 -8.733557644309127798e-23
6.635742187500000000e-01 9.271457919873100298e-23
6.640625000000000000e-01 -9.982296920674900950e-23
6.645507812500000000e-01 8.367932535842123150e-23
6.650390625000000000e-01 1.662854763332928422e-22
6.655273437500000000e-01 -1.447353867513644810e-22
6.660156250000000000e-01 9.551346586080332917e-23
6.665039062500000000e-01 -1.215309264313443246e-22
6.669921875000000000e-01 -1.378511204690484165e-22
6.674804687500000000e-01 1.948634199494288618e-22
6.679687500000000000e-01 -1.111117703438326626e-23
6.684570312500000000e-01 -6.142924026181105683e-23
6.689453125000000000e-01 1.271495771085180001e-22
6.694335937500000000e-01 4.288168712055554754e-23
6.699218750000000000e-01 9.341447382519635475e-23
6.704101562500000000e-01 -2.885513660048258521e-23
6.708984375000000000e-01 1.873706198992004576e-22
6.713867187500000000e-01 -1.250159938729099194e-22
6.718750000000000000e-01 1.764448348266347629e-22
6.723632812500000000e-01 -3.306495790075639146e-22
6.728515625000000000e-01 -8.203181205012211845e-23
6.733398437500000000e-01 7.960498366946940958e-23
6.738281250000000000e-01 1.443479349159908763e-22
6.743164062500000000e-01 -4.133595498339297527e-22
6.748046875000000000e-01 -4.821642365368683515e-23
6.752929687500000000e-01 8.313313425419506774e-23
6.757812500000000000e-01 -9.948633805491217460e-23
6.762695312500000000e-01 1.212856236049558094e-22
6.767578125000000000e-01 -1.321186153553867713e-22
6.772460937500000000e-01 9.367317817850941832e-23
6.777343750000000000e-01 -2.025000277584369435e-22
6.782226562500000000e-01 -1.980815671850988478e-23
6.787109375000000000e-01 9.694868988629695405e-23
6.791992187500000000e-01 -1.500549912902354831e-22
6.796875000000000000e-01 -1.025771943754061479e-22
6.801757812500000000e-01 -1.207704522015083065e-23
6.806640625000000000e-01 -9.752994483910798498e-23
6.811523437500000000e-01 1.427879553636630344e-22
6.816406250000000000e-01 -7.065185559400564609e-23
6.821289062500000000e-01 1.325698433900026548e-22
6.826171875000000000e-01 -2.006585119081303889e-24
6.831054687500000000e-01 -2.687486758704419828e-23
6.835937500000000000e-01 -1.180329909394987535e-22
6.840820312500000000e-01 -1.388283139323196133e-22
6.845703125000000000e-01 -1.950474244110736395e-23
6.850585937500000000e-01 -8.567937163450175122e-23
6.855468750000000000e-01 9.201905499052845097e-23
6.860351562500000000e-01 -1.247245828933004606e-22
6.865234375000000000e-01 1.539447699532981738e-22
6.870117187500000000e-01 1.833215855172184054e-22
6.875000000000000000e-01 7.122113061578567490e-24
6.879882812500000000e-01 -1.166798649230821455e-22
6.884765625000000000e-01 2.818072525540613581e-23
6.889648437500000000e-01 -6.069297648456027102e-23
6.894531250000000000e-01 2.828524941666585762e-22
6.899414062500000000e-01 2.767643946289603020e-22
6.904296875000000000e-01 -2.112754513336854560e-22
6.909179687500000000e-01 9.700412740200054904e-23
6.914062500000000000e-01 -1.470379922768487431e-22
6.918945312500000000e-01 2.270072651643131164e-22
6.923828125000000000e-01 -3.226485045055700066e-23
6.928710937500000000e-01 2.475863649903020642e-22
6.933593750000000000e-01 -5.595831191210615425e-23
6.938476562500000000e-01 7.678191939632908609e-23
6.943359375000000000e-01 1.356861199012959761e-22
6.948242187500000000e-01 6.060183998950420662e-23
6.953125000000000000e-01 1.320112767036741060e-22
6.958007812500000000e-01 6.223291535547426679e-24
6.962890625000000000e-01 -6.119971791032336311e-23
6.967773437500000000e-01 1.759165326032387431e-22
6.972656250000000000e-01 -6.940709759317822008e-23
6.977539062500000000e-01 -1.993956922168677691e-22
6.982421875000000000e-01 -5.905381738635017059e-23
6.987304687500000000e-01 -1.265268309390777856e-22
6.992187500000000000e-01 -6.798486071358559566e-23
6.997070312500000000e-01 2.334177961026294660e-22
7.001953125000000000e-01 -7.378672353300087318e-23
7.006835937500000000e-01 1.787220565743293081e-22
7.011718750000000000e-01 -9.910888376038651640e-23
7.016601562500000000e-01 -5.465164506431029097e-24
7.021484375000000000e-01 2.711599350403617038e-23
7.026367187500000000e-01 -2.292410778046357008e-22
7.031250000000000000e-01 6.934861310451862441e-23
7.036132812500000000e-01 -1.869245774948813387e-22
7.041015625000000000e-01 -1.375743570709217033e-22
7.045898437500000000e-01 9.547429241093236035e-23
7.050781250000000000e-01 -9.121933860519139116e-23
7.055664062500000000e-01 6.185106574003637483e-23
7.060546875000000000e-01 -6.683867580669576220e-23
7.065429687500000000e-01 1.794925148667993661e-22
7.070312500000000000e-01 -2.150120090109054984e-22
7.075195312500000000e-01 -9.623250989914617027e-25
7.080078125000000000e-01 -2.434955428889158390e-22
7.084960937500000000e-01 6.433953450633943209e-23
7.089843750000000000e-01 8.924938692220923003e-23
7.094726562500000000e-01 -1.012515917162087991e-22
7.099609375000000000e-01 -8.844559955069469997e-23
7.104492187500000000e-01 6.403360424005888951e-23
7.109375000000000000e-01 -2.189013473265624923e-23
7.114257812500000000e-01 -8.842301306654839179e-23
7.119140625000000000e-01 -2.270823724150313709e-23
7.124023437500000000e-01 1.110814023239647041e-22
7.128906250000000000e-01 -3.211828269368784067e-22
7.133789062500000000e-01 -3.727640962629179143e-23
7.138671875000000000e-01 1.175054677932984192e-23
7.143554687500000000e-01 -8.855322508972488146e-23
7.148437500000000000e-01 -1.202138089504068850e-22
7.153320312500000000e-01 2.176952009244289907e-22
7.158203125000000000e-01 2.813926580156601059e-22
7.163085937500000000e-01 5.039630264866870144e-23
7.167968750000000000e-01 -3.689574416500103347e-23
7.172851562500000000e-01 9.633752671083232734e-23
7.177734375000000000e-01 -1.489792893893135389e-22
7.182617187500000000e-01 1.980440243347446589e-22
7.187500000000000000e-01 2.053641981074955231e-22
7.192382812500000000e-01 -2.040507062462412058e-22
7.197265625000000000e-01 2.710570769960714097e-22
7.202148437500000000e-01 2.696918551165388845e-23
7.207031250000000000e-01 -1.802311877188717764e-22
7.211914062500000000e-01 -1.646801546675650874e-22
7.216796875000000000e-01 6.540329981492049918e-23
7.221679687500000000e-01 1.249451686498723779e-23
7.226562500000000000e-01 1.771705032339194826e-22
7.231445312500000000e-01 -5.418181056659932425e-23
7.236328125000000000e-01 2.043398108115148835e-22
7.241210937500000000e-01 1.513081860427040043e-22
7.246093750000000000e-01 -1.603921082348221897e-23
7.250976562500000000e-01 3.137016663849974212e-23
7.255859375000000000e-01 5.494423155649987403e-23
7.260742187500000000e-01 5.076933773588306399e-23
7.265625000000000000e-01 -1.025458122563507426e-22
7.270507812500000000e-01 7.888112643508421070e-23
7.275390625000000000e-01 -3.796508824096414085e-23
7.280273437500000000e-01 7.911717760647463002e-23
7.285156250000000000e-01 -1.629954152954317142e-23
7.290039062500000000e-01 -1.229979441957541058e-22
7.294921875000000000e-01 1.763014699953307693e-22
7.299804687500000000e-01 -2.109523383202702596e-22
7.304687500000000000e-01 8.569382440185080007e-23
7.309570312500000000e-01 -5.923174947398315566e-23
7.314453125000000000e-01 1.313487828455985925e-22
7.319335937500000000e-01 2.021504358981791263e-23
7.324218750000000000e-01 -1.607968170557577067e-22
7.329101562500000000e-01 1.522608882882625645e-22
7.333984375000000000e-01 -1.363817464360919014e-22
7.338867187500000000e-01 -1.089193813852958436e-23
7.343750000000000000e-01 7.502313414952522727e-23
7.348632812500000000e-01 -2.156119573987664093e-22
7.353515625000000000e-01 -1.427790509057390774e-22
7.358398437500000000e-01 -3.043882908870896063e-24
7.363281250000000000e-01 -3.243751100526290703e-23
7.368164062500000000e-01 1.462432708689951828e-23
7.373046875000000000e-01 1.538227414200055987e-22
7.377929687500000000e-01 -1.908541136830919584e-22
7.382812500000000000e-01 -1.829670524308425311e-22
7.387695312500000000e-01 -1.763866624879529904e-22
7.392578125000000000e-01 3.045666247081360679e-23
7.397460937500000000e-01 8.905985576009669946e-24
7.402343750000000000e-01 1.330596117293109148e-22
7.407226562500000000e-01 -1.048811958726751084e-22
7.412109375000000000e-01 -1.767987810219058200e-22
7.416992187500000000e-01 -3.171275248846133405e-23
7.421875000000000000e-01 7.097834588770282383e-23
7.426757812500000000e-01 2.688183853699721520e-24
7.431640625000000000e-01 -2.242635354712662960e-22
7.436523437500000000e-01 8.361847491316272967e-23
7.441406250000000000e-01 2.173043960104735296e-23
7.446289062500000000e-01 -7.834001426934837884e-24
7.451171875000000000e-01 1.658137197746630682e-22
7.456054687500000000e-01 1.707887406449288048e-23
7.460937500000000000e-01 2.055310730563106329e-22
7.465820312500000000e-01 -1.662361751475433208e-22
7.470703125000000000e-01 1.088367107358184257e-22
7.475585937500000000e-01 3.013450463802174104e-23
7.480468750000000000e-01 1.483722060847333608e-22
7.485351562500000000e-01 1.253210972391879903e-22
7.490234375000000000e-01 -1.851270394211946580e-24
7.495117187500000000e-01 1.986707279695653140e-22
7.500000000000000000e-01 -1.260867851044746229e-22
7.504882812500000000e-01 2.279534094749998104e-22
7.509765625000000000e-01 4.921257811964625262e-23
7.514648437500000000e-01 -1.652285984195698476e-23
7.519531250000000000e-01 5.467032220319691051e-23
7.524414062500000000e-01 -9.890053330927658713e-23
7.529296875000000000e-01 -7.972412279566402466e-23
7.534179687500000000e-01 -1.304920930060730928e-22
7.539062500000000000e-01 7.197707458189719866e-23
7.543945312500000000e-01 -4.681806996518305795e-23
7.548828125000000000e-01 -1.600815806856649253e-22
7.553710937500000000e-01 6.053636641420554755e-23
7.558593750000000000e-01 -1.196143150580858971e-22
7.563476562500000000e-01 -3.202732094130719740e-23
7.568359375000000000e-01 7.425971367918187505e-24
7.573242187500000000e-01 7.642132758143553052e-23
7.578125000000000000e-01 1.383157400907743390e-22
7.583007812500000000e-01 -1.186505503214036560e-22
7.587890625000000000e-01 -2.321869069284574879e-23
7.592773437500000000e-01 -1.307021080671918257e-22
7.597656250000000000e-01 1.416421812853582522e-22
7.602539062500000000e-01 -7.729657474972225631e-23
7.607421875000000000e-01 1.878546061022725923e-22
7.612304687500000000e-01 -6.784779916990617164e-23
7.617187500000000000e-01 5.057404788498703471e-24
7.622070312500000000e-01 -5.789871525351174424e-24
7.626953125000000000e-01 2.818231204408203994e-23
7.631835937500000000e-01 -5.496046285443530679e-23
7.636718750000000000e-01 -1.030515043685878507e-22
7.641601562500000000e-01 -5.643320694659043574e-23
7.646484375000000000e-01 1.316657679680634111e-24
7.651367187500000000e-01 2.922576673702267160e-22
7.656250000000000000e-01 -6.306460268840336470e-23
7.661132812500000000e-01 -7.113095082642790676e-23
7.666015625000000000e-01 1.142605537190617666e-22
7.670898437500000000e-01 -4.594529439108719839e-23
7.675781250000000000e-01 6.347567429491444775e-23
7.680664062500000000e-01 2.213489015103454252e-22
7.685546875000000000e-01 -4.481165176575399819e-23
7.690429687500000000e-01 6.160580581630921142e-23
7.695312500000000000e-01 -1.996479919433369788e-22
7.700195312500000000e-01 8.237519263159053229e-23
7.705078125000000000e-01 -1.465841500687942732e-22
7.709960937500000000e-01 1.326447351945940372e-22
7.714843750000000000e-01 -9.751940782670373932e-23
7.719726562500000000e-01 -8.966149620121821845e-23
7.724609375000000000e-01 1.958332212886746359e-23
7.729492187500000000e-01 -6.796267891914077882e-23
7.734375000000000000e-01 -1.951978681041721547e-23
7.739257812500000000e-01 -3.762952842927758974e-23
7.744140625000000000e-01 2.632911634355159048e-24
7.749023437500000000e-01 -1.487431518410331210e-22
7.753906250000000000e-01 2.112635616956986014e-22
7.758789062500000000e-01 -9.932557357462061049e-23
7.763671875000000000e-01 3.405281990348511436e-23
7.768554687500000000e-01 7.183424969817278295e-23
7.773437500000000000e-01 -2.332749586670355936e-22
7.778320312500000000e-01 1.045012012747893738e-22
7.783203125000000000e-01 8.361950028957010922e-23
7.788085937500000000e-01 -6.594291765426922751e-23
7.792968750000000000e-01 1.561892637855990557e-22
7.797851562500000000e-01 -2.843746107611822674e-22
7.802734375000000000e-01 -2.091471953257231181e-23
7.807617187500000000e-01 2.931291985806160354e-23
7.812500000000000000e-01 -8.416230627872046409e-23
7.817382812500000000e-01 -2.078965658209714697e-22
7.822265625000000000e-01 1.148207517042200928e-22
7.827148437500000000e-01 -2.158328491008144324e-22
7.832031250000000000e-01 -8.773506251720740455e-24
7.836914062500000000e-01 2.275452266707640812e-22
7.841796875000000000e-01 -1.646471690775903477e-22
7.846679687500000000e-01 3.778397073101604581e-22
7.851562500000000000e-01 7.757003958210333749e-23
7.856445312500000000e-01 9.003968020076909676e-23
7.861328125000000000e-01 -4.137108169340296521e-23
7.866210937500000000e-01 1.179947295665607164e-22
7.871093750000000000e-01 -1.083973546648578867e-22
7.875976562500000000e-01 -4.848434782686330331e-23
7.880859375000000000e-01 2.589557957064678908e-22
7.885742187500000000e-01 4.140510546780441097e-23
7.890625000000000000e-01 -3.312226585510240450e-23
7.895507812500000000e-01 -1.908168742268964271e-22
7.900390625000000000e-01 1.270621624597777463e-22
7.905273437500000000e-01 -1.329313946924414579e-22
7.910156250000000000e-01 4.764795387335971025e-23
7.915039062500000000e-01 -1.171357509912834845e-22
7.919921875000000000e-01 -6.787621945670471431e-23
7.924804687500000000e-01 2.189856389310996802e-22
7.929687500000000000e-01 -7.817402444688859970e-23
7.934570312500000000e-01 5.091768454344980613e-23
7.939453125000000000e-01 1.925602861017509970e-23
7.944335937500000000e-01 5.831432927109134772e-23
7.949218750000000000e-01 -1.956935234206646113e-23
7.954101562500000000e-01 2.765013932545193710e-23
7.958984375000000000e-01 1.617032139155729117e-22
7.963867187500000000e-01 -1.751895978313980836e-22
7.968750000000000000e-01 9.675539778740108040e-23
7.973632812500000000e-01 -1.409135640185182410e-22
7.978515625000000000e-01 2.200603443437626874e-22
7.983398437500000000e-01 -3.009094996061295395e-23
7.988281250000000000e-01 1.125944918148261897e-22
7.993164062500000000e-01 -2.323956781096829487e-23
7.998046875000000000e-01 -4.557381282571518514e-23
8.002929687500000000e-01 1.386440693004385418e-22
8.007812500000000000e-01 -9.624761722877433877e-23
8.012695312500000000e-01 3.772330910297293418e-23
8.017578125000000000e-01 -1.276916627336060204e-22
8.022460937500000000e-01 1.177664507572399852e-22
8.027343750000000000e-01 -1.500035981926380892e-22
8.032226562500000000e-01 -1.600410935403701326e-22
8.037109375000000000e-01 -1.819611244070285372e-22
8.041992187500000000e-01 -6.025995024009169496e-23
8.046875000000000000e-01 -6.287539679423893710e-23
8.051757812500000000e-01 -5.180671122879423897e-23
8.056640625000000000e-01 2.394282730958308138e-23
8.061523437500000000e-01 5.219395138057371628e-23
8.066406250000000000e-01 6.738817969349382429e-23
8.071289062500000000e-01 -5.512584914643392714e-23
8.076171875000000000e-01 8.546418988864747779e-24
8.081054687500000000e-01 -3.592486673497989146e-23
8.085937500000000000e-01 6.574842635176445570e-23
8.090820312500000000e-01 1.275079809432757616e-22
8.095703125000000000e-01 -1.409633344805165112e-22
8.100585937500000000e-01 1.331311682389802664e-22
8.105468750000000000e-01 3.186080962489104398e-23
8.110351562500000000e-01 7.080800858260713215e-23
8.115234375000000000e-01 -3.254603413248045693e-23
8.120117187500000000e-01 -2.090338598560699390e-23
8.125000000000000000e-01 -1.532511841225335373e-22
8.129882812500000000e-01 1.247562926391393304e-22
8.134765625000000000e-01 -1.256842364642702890e-22
8.139648437500000000e-01 -1.083843329878607019e-23
8.144531250000000000e-01 3.029232048359022906e-22
8.149414062500000000e-01 1.041254438107290396e-23
8.154296875000000000e-01 -2.988695138391452737e-22
8.159179687500000000e-01 -1.658198861095879088e-23
8.164062500000000000e-01 -2.038562676502396604e-23
8.168945312500000000e-01 -1.461830787376977039e-22
8.173828125000000000e-01 9.171530593707983997e-23
8.178710937500000000e-01 1.802643508705918534e-23
8.183593750000000000e-01 -1.043620469017862444e-22
8.188476562500000000e-01 4.930455881501933416e-23
8.193359375000000000e-01 9.223850950121511965e-23
8.198242187500000000e-01 -1.408915489902657646e-22
8.203125000000000000e-01 2.642473065346709725e-22
8.208007812500000000e-01 3.273526369311580064e-23
8.212890625000000000e-01 7.218846235245061274e-23
8.217773437500000000e-01 2.453682526289223534e-23
8.222656250000000000e-01 -9.217663982117043043e-23
8.227539062500000000e-01 -1.938671268815314222e-22
8.232421875000000000e-01 3.458337891537818378e-23
8.237304687500000000e-01 2.212694768576140321e-23
8.242187500000000000e-01 -1.002669816321238110e-22
8.247070312500000000e-01 -1.305762207005977851e-22
8.251953125000000000e-01 1.634740805109043102e-22
8.256835937500000000e-01 1.833807098868892278e-22
8.261718750000000000e-01 2.525613897666535026e-23
8.266601562500000000e-01 1.700840630490100810e-23
8.271484375000000000e-01 -5.959657474319955219e-23
8.276367187500000000e-01 2.312036587969965441e-22
8.281250000000000000e-01 7.280162249807964965e-23
8.286132812500000000e-01 -1.052684856009232363e-22
8.291015625000000000e-01 3.385832217390495869e-23
8.295898437500000000e-01 4.291683733854942623e-23
8.300781250000000000e-01 1.816343077894752726e-22
8.305664062500000000e-01 -4.144508473705743348e-23
8.310546875000000000e-01 1.191348071449535818e-22
8.315429687500000000e-01 -1.359471734303149726e-22
8.320312500000000000e-01 -6.099653277092651587e-23
8.325195312500000000e-01 -1.801007582902104436e-22
8.330078125000000000e-01 -5.994551510326101773e-23
8.334960937500000000e-01 -8.611189516527555701e-23
8.339843750000000000e-01 2.139744342972133010e-22
8.344726562500000000e-01 2.276420553761860387e-23
8.349609375000000000e-01 -2.066384006447195939e-22
8.354492187500000000e-01 3.651354209455295796e-22
8.359375000000000000e-01 -6.654838569819664393e-23
8.364257812500000000e-01 -4.072534936056328977e-23
8.369140625000000000e-01 -6.646323535901376139e-23
8.374023437500000000e-01 -2.171166063836307819e-23
8.378906250000000000e-01 3.050654604332739464e-23
8.383789062500000000e-01 -1.170089993623005898e-22
8.388671875000000000e-01 1.131238363303862416e-22
8.393554687500000000e-01 5.565312264134807017e-23
8.398437500000000000e-01 -1.584290611706065540e-22
8.403320312500000000e-01 3.344085125333461984e-23
8.408203125000000000e-01 1.874109138772552467e-22
8.413085937500000000e-01 1.217364499729902925e-22
8.417968750000000000e-01 -7.730276381014696329e-23
8.422851562500000000e-01 -4.180396237667355094e-23
8.427734375000000000e-01 5.414408103688758648e-23
8.432617187500000000e-01 -1.341469164672418696e-22
8.437500000000000000e-01 -9.832410920515049536e-23
8.442382812500000000e-01 1.422213735211904422e-22
8.447265625000000000e-01 -3.276507534280167153e-22
8.452148437500000000e-01 -1.641777514273877650e-22
8.457031250000000000e-01 -2.120348209610269895e-22
8.461914062500000000e-01 7.355136164744451677e-23
8.466796875000000000e-01 -1.034850937498057386e-22
8.471679687500000000e-01 -6.088633742148229324e-23
8.476562500000000000e-01 -3.384696937107991084e-23
8.481445312500000000e-01 1.362459243497816040e-22
8.486328125000000000e-01 -3.768437149508541039e-23
8.491210937500000000e-01 -9.734493035691249840e-23
8.496093750000000000e-01 -4.939535885244648298e-23
8.500976562500000000e-01 9.864787623318086497e-23
8.505859375000000000e-01 8.987142692754522042e-23
8.510742187500000000e-01 -4.411470171109801320e-23
8.515625000000000000e-01 1.603442942978191353e-22
8.520507812500000000e-01 -2.802503471837154085e-22
8.525390625000000000e-01 1.181220798384280227e-22
8.530273437500000000e-01 -2.429800461091291039e-22
8.535156250000000000e-01 1.838803164508645032e-22
8.540039062500000000e-01 1.236277678414865419e-22
8.544921875000000000e-01 1.871555365637406310e-22
8.549804687500000000e-01 -2.033173570106091294e-22
8.554687500000000000e-01 3.468350269177124601e-24
8.559570312500000000e-01 2.218920635582390888e-22
8.564453125000000000e-01 1.315779110588800149e-22
8.569335937500000000e-01 -1.183325780271510438e-22
8.574218750000000000e-01 3.283264794115697331e-23
8.579101562500000000e-01 -2.211872833364141683e-22
8.583984375000000000e-01 5.157311085050318046e-23
8.588867187500000000e-01 1.443777358561876632e-22
8.593750000000000000e-01 2.014974054465281373e-22
8.598632812500000000e-01 2.003226637035029253e-22
8.603515625000000000e-01 3.411693137119289703e-22
8.608398437500000000e-01 -7.785479279006325810e-23
8.613281250000000000e-01 1.393191914669336638e-22
8.618164062500000000e-01 2.154926480565669154e-23
8.623046875000000000e-01 -1.652177635831618223e-22
8.627929687500000000e-01 6.834820022600916529e-24
8.632812500000000000e-01 1.890884243609212151e-22
8.637695312500000000e-01 1.922059901701589519e-22
8.642578125000000000e-01 -1.380954014458027166e-22
8.647460937500000000e-01 6.082069367170034260e-23
8.652343750000000000e-01 -7.056383380190796993e-23
8.657226562500000000e-01 -1.977793784717010316e-22
8.662109375000000000e-01 3.223394658354904809e-23
8.666992187500000000e-01 1.829230505417301786e-23
8.671875000000000000e-01 -1.023106105162300639e-22
8.676757812500000000e-01 1.278840709100260583e-22
8.681640625000000000e-01 -2.228663153868341857e-22
8.686523437500000000e-01 3.700297903485709672e-23
8.691406250000000000e-01 -7.763197748695382569e-23
8.696289062500000000e-01 1.254344248686268200e-22
8.701171875000000000e-01 -1.708456864045569616e-22
8.706054687500000000e-01 6.206410933333874408e-23
8.710937500000000000e-01 3.631429810391542329e-23
8.715820312500000000e-01 -2.032772110338071342e-22
8.720703125000000000e-01 5.119213184439980283e-23
8.725585937500000000e-01 -2.252856450355630836e-22
8.730468750000000000e-01 2.749394885073601784e-23
8.735351562500000000e-01 -1.482496482055011595e-22
8.740234375000000000e-01 4.178438694960675948e-23
8.745117187500000000e-01 -2.997487529639747363e-22
8.750000000000000000e-01 2.049885953640089300e-22
8.754882812500000000e-01 -1.065343279264695830e-22
8.759765625000000000e-01 -2.283893433429185369e-23
8.764648437500000000e-01 -2.771968010855295038e-22
8.769531250000000000e-01 -3.110464421021371632e-23
8.774414062500000000e-01 -1.636340864604297122e-22
8.779296875000000000e-01 -8.642799629557302976e-23
8.784179687500000000e-01 2.367984250484530905e-23
8.789062500000000000e-01 5.893060994850632555e-23
8.793945312500000000e-01 -3.470469675329265666e-22
8.798828125000000000e-01 2.350349149342365469e-22
8.803710937500000000e-01 -1.588788179165459122e-22
8.808593750000000000e-01 3.275663182938856907e-22
8.813476562500000000e-01 -1.932868013248531667e-23
8.818359375000000000e-01 1.056248705032134696e-22
8.823242187500000000e-01 2.666863479332451935e-23
8.828125000000000000e-01 2.058851232991446019e-23
8.833007812500000000e-01 9.531630004964518523e-23
8.837890625000000000e-01 7.610029798698124869e-23
8.842773437500000000e-01 1.289061330160848592e-22
8.847656250000000000e-01 1.596391809907111847e-22
8.852539062500000000e-01 1.225364403736232834e-22
8.857421875000000000e-01 4.714120283374755628e-23
8.862304687500000000e-01 -7.392765811257104087e-23
8.867187500000000000e-01 1.585275800394999664e-22
8.872070312500000000e-01 5.051998607774769512e-23
8.876953125000000000e-01 1.318887693100317030e-22
8.881835937500000000e-01 -2.874009188429439315e-22
8.886718750000000000e-01 -3.913534987676044023e-23
8.891601562500000000e-01 6.705776710148822405e-23
8.896484375000000000e-01 4.974702654141850482e-23
8.901367187500000000e-01 -4.514507170348506109e-23
8.906250000000000000e-01 -6.419115076421572856e-23
8.911132812500000000e-01 7.879008708456337189e-23
8.916015625000000000e-01 4.177557098363610722e-23
8.920898437500000000e-01 1.241072880845464229e-23
8.925781250000000000e-01 3.420995579021170871e-22
8.930664062500000000e-01 2.232301802841676514e-23
8.935546875000000000e-01 -7.621266618065706147e-23
8.940429687500000000e-01 7.219194239526798017e-23
8.945312500000000000e-01 1.124108069529003926e-22
8.950195312500000000e-01 4.090991399178311423e-23
8.955078125000000000e-01 -1.800710048808948138e-23
8.959960937500000000e-01 -3.863158804661483594e-23
8.964843750000000000e-01 -9.472354233007554224e-23
8.969726562500000000e-01 -9.819360217431259689e-24
8.974609375000000000e-01 3.177736931163254441e-22
8.979492187500000000e-01 -3.051122601929211222e-22
8.984375000000000000e-01 9.843213665081616165e-24
8.989257812500000000e-01 2.764773782589553174e-22
8.994140625000000000e-01 -2.317424742739647279e-22
8.999023437500000000e-01 -1.358024544127355583e-23
9.003906250000000000e-01 -1.417210761677619518e-22
9.008789062500000000e-01 4.015342015062137820e-23
9.013671875000000000e-01 4.182097807916496239e-23
9.018554687500000000e-01 -1.958357642546284170e-22
9.023437500000000000e-01 -1.799590733907817940e-22
9.028320312500000000e-01 1.102398265519285813e-22
9.033203125000000000e-01 -7.588192987947518883e-23
9.038085937500000000e-01 -7.774991017909565489e-23
9.042968750000000000e-01 2.005707795256277679e-23
9.047851562500000000e-01 -1.979767590097895457e-22
9.052734375000000000e-01 -2.361841194190787776e-22
9.057617187500000000e-01 -3.803314347703598395e-23
9.062500000000000000e-01 8.062122838220763344e-23
9.067382812500000000e-01 -1.878953229442377687e-22
9.072265625000000000e-01 2.478218792836993125e-22
9.077148437500000000e-01 -7.586081399816924548e-23
9.082031250000000000e-01 -1.167990524841761682e-22
9.086914062500000000e-01 1.806622034145605417e-22
9.091796875000000000e-01 -6.120470379294868936e-23
9.096679687500000000e-01 -2.384212343866981892e-22
9.101562500000000000e-01 2.977883304786658045e-23
9.106445312500000000e-01 -1.028421834809060472e-22
9.111328125000000000e-01 -1.594824145956860725e-22
9.116210937500000000e-01 8.588440228472223131e-23
9.121093750000000000e-01 -1.089872337280626538e-22
9.125976562500000000e-01 -1.216906951399671595e-22
9.130859375000000000e-01 -5.111817770536322170e-23
9.135742187500000000e-01 1.678923504480592120e-22
9.140625000000000000e-01 2.258978148241754188e-22
9.145507812500000000e-01 2.653278543758295529e-23
9.150390625000000000e-01 2.241793434999480280e-22
9.155273437500000000e-01 -8.141235729242930199e-23
9.160156250000000000e-01 4.716742321958507169e-23
9.165039062500000000e-01 3.339387012234068150e-23
9.169921875000000000e-01 -1.857125469595058721e-22
9.174804687500000000e-01 8.389050259037218945e-23
9.179687500000000000e-01 -9.856164342828640008e-23
9.184570312500000000e-01 -1.218777327843350309e-22
9.189453125000000000e-01 3.182795005954946186e-22
9.194335937500000000e-01 2.405549585949614270e-22
9.199218750000000000e-01 -1.020004451432634590e-22
9.204101562500000000e-01 1.565748530962452617e-22
9.208984375000000000e-01 1.363093391769854998e-22
9.213867187500000000e-01 4.419298168860934553e-23
9.218750000000000000e-01 -9.018643491551608409e-23
9.223632812500000000e-01 2.698290185027611049e-22
9.228515625000000000e-01 -3.533416113465907880e-23
9.233398437500000000e-01 3.496942206035876152e-22
9.238281250000000000e-01 -5.711183827769630417e-23
9.243164062500000000e-01 3.380203822478371640e-23
9.248046875000000000e-01 2.188045766767582466e-22
9.252929687500000000e-01 5.581102315765645666e-23
9.257812500000000000e-01 1.130735116037546476e-22
9.262695312500000000e-01 1.180061325491749684e-22
9.267578125000000000e-01 3.491391859975522050e-23
9.272460937500000000e-01 3.451895149134357980e-23
9.277343750000000000e-01 -9.881600889024290082e-23
9.282226562500000000e-01 9.060466449968833088e-23
9.287109375000000000e-01 -8.794239234870192573e-23
9.291992187500000000e-01 -2.171679924577391786e-22
9.296875000000000000e-01 -2.888455485057491354e-22
9.301757812500000000e-01 2.926235395737495463e-24
9.306640625000000000e-01 -1.098280463776006298e-22
9.311523437500000000e-01 -1.966482352731211125e-22
9.316406250000000000e-01 -1.388859425413969335e-22
9.321289062500000000e-01 6.343398888531395642e-23
9.326171875000000000e-01 -5.954973156676605955e-24
9.331054687500000000e-01 1.053246925158858203e-22
9.335937500000000000e-01 1.238831888539160516e-22
9.340820312500000000e-01 -1.840483975264221114e-22
9.345703125000000000e-01 -1.569045560393621080e-22
9.350585937500000000e-01 -5.107744989279731227e-23
9.355468750000000000e-01 1.483089044759609594e-22
9.360351562500000000e-01 -2.434936044760735854e-22
9.365234375000000000e-01 7.276587403522630900e-23
9.370117187500000000e-01 -7.795388577414418299e-23
9.375000000000000000e-01 -7.064198692666618259e-24
9.379882812500000000e-01 -2.706792901283485917e-22
9.384765625000000000e-01 2.708113762435704566e-23
9.389648437500000000e-01 -4.763987734422875313e-23
9.394531250000000000e-01 -3.562493691566990849e-22
9.399414062500000000e-01 -1.479960078747138602e-22
9.404296875000000000e-01 4.431362322600556949e-23
9.409179687500000000e-01 -1.211612463082743112e-22
9.414062500000000000e-01 -1.100994043300074849e-22
9.418945312500000000e-01 3.396898270738710939e-23
9.423828125000000000e-01 1.613003700335064823e-23
9.428710937500000000e-01 -2.688717655150339039e-22
9.433593750000000000e-01 7.209614592350989517e-23
9.438476562500000000e-01 -2.006181077883807475e-22
9.443359375000000000e-01 1.959937867091932211e-22
9.448242187500000000e-01 5.954476207862628504e-23
9.453125000000000000e-01 -2.740041134426104019e-23
9.458007812500000000e-01 6.078264278077410086e-23
9.462890625000000000e-01 7.052675482140028021e-23
9.467773437500000000e-01 1.239774288836355192e-22
9.472656250000000000e-01 2.809719063592639657e-22
9.477539062500000000e-01 -1.398277597151188193e-22
9.482421875000000000e-01 9.958775245375480984e-23
9.487304687500000000e-01 3.679835613380617215e-22
9.492187500000000000e-01 1.905762838933880516e-22
9.497070312500000000e-01 1.915594394964507568e-22
9.501953125000000000e-01 1.823723172067229790e-22
9.506835937500000000e-01 1.521494637371694149e-22
9.511718750000000000e-01 2.743188439160237689e-22
9.516601562500000000e-01 5.996094410021814728e-23
9.521484375000000000e-01 1.771919469819996744e-22
9.526367187500000000e-01 -9.911672410702066294e-23
9.531250000000000000e-01 8.480385148463315704e-23
9.536132812500000000e-01 2.906881456459933801e-22
9.541015625000000000e-01 -8.278913145300861252e-23
9.545898437500000000e-01 1.173009403155905889e-23
9.550781250000000000e-01 1.700912819398278316e-22
9.555664062500000000e-01 -1.515520403668050927e-22
9.560546875000000000e-01 6.955579751387057980e-23
9.565429687500000000e-01 2.567824368092129499e-22
9.570312500000000000e-01 -2.591491886156933340e-22
9.575195312500000000e-01 5.328803648561920942e-23
9.580078125000000000e-01 -9.280144118630389253e-23
9.584960937500000000e-01 -2.503581332025602687e-24
9.589843750000000000e-01 -5.007496969652824840e-23
9.594726562500000000e-01 -1.590474178368755418e-22
9.599609375000000000e-01 -2.671263249031932874e-23
9.604492187500000000e-01 -3.119977189591638965e-22
9.609375000000000000e-01 1.341522786788659116e-22
9.614257812500000000e-01 5.133435366641670527e-23
9.619140625000000000e-01 -5.557517462734463082e-22
9.624023437500000000e-01 8.159874575847995738e-23
9.628906250000000000e-01 -2.621571424696228544e-22
9.633789062500000000e-01 -5.618163421068060904e-23
9.638671875000000000e-01 -1.819510066753360692e-22
9.643554687500000000e-01 -1.098411615902206388e-22
9.648437500000000000e-01 -2.230685976825236851e-22
9.653320312500000000e-01 -2.136700339084319852e-22
9.658203125000000000e-01 -7.692364603679218457e-23
9.663085937500000000e-01 -1.122855754986373130e-22
9.667968750000000000e-01 -1.599306892388151927e-22
9.672851562500000000e-01 -1.303188500774042650e-22
9.677734375000000000e-01 -1.334677506384402852e-22
9.682617187500000000e-01 1.222857376242424760e-22
9.687500000000000000e-01 2.301510385856041455e-22
9.692382812500000000e-01 -5.485134511360761642e-23
9.697265625000000000e-01 9.955022750403787437e-23
9.702148437500000000e-01 -1.287651659828871352e-22
9.707031250000000000e-01 -8.822056157586677758e-23
9.711914062500000000e-01 -1.576710623663506033e-22
9.716796875000000000e-01 -3.622651377536927690e-23
9.721679687500000000e-01 1.711860014959747953e-22
9.726562500000000000e-01 -1.531622690426761852e-22
9.731445312500000000e-01 4.627885943981386064e-22
9.736328125000000000e-01 3.337381044977778450e-22
9.741210937500000000e-01 8.366595942270002873e-24
9.746093750000000000e-01 1.570539769052828081e-23
9.750976562500000000e-01 8.159101575045039896e-23
9.755859375000000000e-01 3.248824298446897547e-22
9.760742187500000000e-01 -7.702575796995402579e-23
9.765625000000000000e-01 1.104424303171325367e-22
9.770507812500000000e-01 4.558671894459435227e-23
9.775390625000000000e-01 2.458468791881437219e-22
9.780273437500000000e-01 -3.940864696762889328e-23
9.785156250000000000e-01 2.423256355876431208e-22
9.790039062500000000e-01 1.649243380406544415e-22
9.794921875000000000e-01 1.017664131185745307e-22
9.799804687500000000e-01 9.952052202250459069e-23
9.804687500000000000e-01 1.771096156358635367e-22
9.809570312500000000e-01 1.198759861123078989e-23
9.814453125000000000e-01 -1.296708284878709538e-22
9.819335937500000000e-01 8.155681962090221229e-23
9.824218750000000000e-01 1.551106695043948130e-22
9.829101562500000000e-01 6.723359595344620194e-23
9.833984375000000000e-01 -5.120941196269600063e-23
9.838867187500000000e-01 1.920398810510400266e-23
9.843750000000000000e-01 3.457568741709565860e-23
9.848632812500000000e-01 -1.717482527064909971e-22
9.853515625000000000e-01 1.433296448650274199e-22
9.858398437500000000e-01 -1.173068003178853869e-22
9.863281250000000000e-01 6.839430829887275089e-23
9.868164062500000000e-01 -2.132212912504320123e-22
9.873046875000000000e-01 2.367288520274264660e-23
9.877929687500000000e-01 -2.991383298223011597e-22
9.882812500000000000e-01 -1.739414273635225669e-22
9.887695312500000000e-01 -4.944379986207903270e-22
9.892578125000000000e-01 2.287479640125657334e-23
9.897460937500000000e-01 -1.424979152314224032e-22
9.902343750000000000e-01 -2.689266178636752448e-22
9.907226562500000000e-01 1.682272061017413500e-22
9.912109375000000000e-01 -2.210099723268251158e-23
9.916992187500000000e-01 -1.990131283400393994e-22
9.921875000000000000e-01 -1.954252707033642510e-22
9.926757812500000000e-01 1.029815706006226329e-23
9.931640625000000000e-01 4.944532600308739315e-23
9.936523437500000000e-01 1.757280194668179889e-22
9.941406250000000000e-01 -1.600816355110152272e-22
9.946289062500000000e-01 -1.553843841262163319e-22
9.951171875000000000e-01 -1.520082654867038674e-22
9.956054687500000000e-01 -1.589895711848572388e-22
9.960937500000000000e-01 1.171705111095437062e-22
9.965820312500000000e-01 -2.575056575275973467e-23
9.970703125000000000e-01 1.364850727329065263e-22
9.975585937500000000e-01 8.442933811375278579e-23
9.980468750000000000e-01 -1.798537807934598629e-22
9.985351562500000000e-01 2.781513725033024321e-22
9.990234375000000000e-01 -6.495892891867515642e-23
9.995117187500000000e-01 2.407957314728249334e-22
1.000000000000000000e+00 -6.097696351750120637e-23
1.000488281250000000e+00 1.228259921679545731e-22
1.000976562500000000e+00 2.227387592747440967e-22
1.001464843750000000e+00 -1.476809360434943775e-24
1.001953125000000000e+00 -2.191592862823769353e-22
1.002441406250000000e+00 1.310916578349437304e-22
1.002929687500000000e+00 1.837463474643628201e-22
1.003417968750000000e+00 3.711686678615451302e-23
1.003906250000000000e+00 3.650791127559381166e-22
1.004394531250000000e+00 1.771772782950941794e-22
1.004882812500000000e+00 2.232151114793467323e-22
1.005371093750000000e+00 -8.883916766228983325e-24
1.005859375000000000e+00 1.352960001540112646e-22
1.006347656250000000e+00 2.610822193380175042e-22
1.006835937500000000e+00 -1.254268648191379504e-22
1.007324218750000000e+00 1.416198058652601516e-22
1.007812500000000000e+00 -1.322004614083042264e-22
1.008300781250000000e+00 -3.760652093252122385e-24
1.008789062500000000e+00 -1.833856067533718779e-23
1.009277343750000000e+00 7.543204121632928774e-23
1.009765625000000000e+00 -3.014940812794423089e-22
1.010253906250000000e+00 1.117589995166320394e-22
1.010742187500000000e+00 2.301758752039572429e-23
1.011230468750000000e+00 6.810956080362565049e-23
1.011718750000000000e+00 -2.648114533914550806e-22
1.012207031250000000e+00 -9.875506621132718075e-23
1.012695312500000000e+00 -8.404254932450707058e-23
1.013183593750000000e+00 -2.741813898786827293e-24
1.013671875000000000e+00 -1.847190425030956345e-22
1.014160156250000000e+00 -1.397823150396240326e-23
1.014648437500000000e+00 -3.003854082739679659e-22
1.015136718750000000e+00 -2.672294267820216059e-22
1.015625000000000000e+00 -1.992139195471362834e-22
1.016113281250000000e+00 -9.796448640766573374e-23
1.016601562500000000e+00 -2.503833349945830463e-23
1.017089843750000000e+00 -7.920912208881483095e-23
1.017578125000000000e+00 -5.054674819560683725e-23
1.018066406250000000e+00 -2.063741935516363116e-23
1.018554687500000000e+00 9.814363448756721074e-23
1.019042968750000000e+00 -7.362690780701663704e-23
1.019531250000000000e+00 -5.540035294923324966e-23
1.020019531250000000e+00 1.758714816030803664e-22
1.020507812500000000e+00 -2.806834278851428322e-22
1.020996093750000000e+00 2.784448721934329070e-22
1.021484375000000000e+00 1.861832611654763607e-23
1.021972656250000000e+00 1.492109774821712615e-22
1.022460937500000000e+00 -4.168263093725626062e-23
1.022949218750000000e+00 1.546348102137119133e-25
1.023437500000000000e+00 -3.595266110219151799e-23
1.023925781250000000e+00 8.809143867956053244e-23
1.024414062500000000e+00 1.145912267306632390e-22
1.024902343750000000e+00 -7.156149572929484709e-23
1.025390625000000000e+00 1.337448928925794757e-22
1.025878906250000000e+00 2.162205124540150091e-22
1.026367187500000000e+00 -1.178405010416100082e-22
1.026855468750000000e+00 -3.801766283739865616e-23
1.027343750000000000e+00 3.383187485911183406e-22
1.027832031250000000e+00 -1.497712761402037245e-23
1.028320312500000000e+00 6.941229596772481242e-23
1.028808593750000000e+00 2.233714298308175353e-22
1.029296875000000000e+00 1.259288337911117889e-22
1.029785156250000000e+00 1.039354687516578309e-22
1.030273437500000000e+00 2.627958943128218430e-22
1.030761718750000000e+00 1.419025624117326850e-22
1.031250000000000000e+00 -1.617853012265628754e-22
1.031738281250000000e+00 6.734859438647681487e-23
1.032226562500000000e+00 5.940147579933609651e-23
1.032714843750000000e+00 -4.298150130469509616e-23
1.033203125000000000e+00 1.270626030700533496e-22
1.033691406250000000e+00 -1.247509151666573397e-22
1.034179687500000000e+00 -1.555571146940438924e-22
1.034667968750000000e+00 -1.919815960228252202e-22
1.035156250000000000e+00 2.955409848322676219e-23
1.035644531250000000e+00 -1.419049733773846743e-22
1.036132812500000000e+00 7.274215753094662923e-23
1.036621093750000000e+00 -7.177615945680434700e-23
1.037109375000000000e+00 -1.205764405359421244e-22
1.037597656250000000e+00 1.284963175620988093e-22
1.038085937500000000e+00 -4.611924052378345076e-22
1.038574218750000000e+00 -2.655090015612222118e-23
1.039062500000000000e+00 -2.087660482070868061e-22
1.039550781250000000e+00 -1.530774248095390039e-22
1.040039062500000000e+00 -1.403069667954069580e-22
1.040527343750000000e+00 1.265520783467979396e-22
1.041015625000000000e+00 -2.008165061162687326e-22
1.041503906250000000e+00 -1.719728567164762149e-22
1.041992187500000000e+00 -1.909173351745799331e-22
1.042480468750000000e+00 -1.422918292523699139e-22
1.042968750000000000e+00 1.425940680671148444e-22
1.043457031250000000e+00 9.738605742053687824e-23
1.043945312500000000e+00 -1.373797461599037890e-22
1.044433593750000000e+00 9.995246903622214366e-23
1.044921875000000000e+00 -2.859721526713819461e-22
1.045410156250000000e+00 1.822859191321886298e-22
1.045898437500000000e+00 -1.090138690438377137e-22
1.046386718750000000e+00 3.531707583106713690e-22
1.046875000000000000e+00 -1.775410929517144672e-22
1.047363281250000000e+00 1.140873749472373077e-22
1.047851562500000000e+00 1.996584560746964133e-22
1.048339843750000000e+00 2.968469226945032207e-22
1.048828125000000000e+00 9.583556972782635956e-23
1.049316406250000000e+00 2.550934717919324742e-22
1.049804687500000000e+00 1.136337053436789081e-22
1.050292968750000000e+00 1.815970296960989348e-22
1.050781250000000000e+00 2.715548167161601678e-22
1.051269531250000000e+00 1.608596392758959804e-23
1.051757812500000000e+00 2.455691035096818597e-23
1.052246093750000000e+00 2.038210807394793743e-22
1.052734375000000000e+00 -3.009380261100092287e-23
1.053222656250000000e+00 8.451499464717800478e-23
1.053710937500000000e+00 1.554295742063171582e-22
1.054199218750000000e+00 1.450206493358085327e-23
1.054687500000000000e+00 -6.381620621837039625e-24
1.055175781250000000e+00 -7.269134189441235191e-24
1.055664062500000000e+00 -1.262373566205745812e-22
1.056152343750000000e+00 -9.066301919126699152e-23
1.056640625000000000e+00 -1.620880164856592397e-23
1.057128906250000000e+00 -2.405811482944507767e-22
1.057617187500000000e+00 -8.740591622638626479e-23
1.058105468750000000e+00 -1.750178692848626319e-22
1.058593750000000000e+00 -7.426948068772846893e-23
1.059082031250000000e+00 -6.328034057359315641e-23
1.059570312500000000e+00 2.466449956064906893e-22
1.060058593750000000e+00 -1.930363372499443482e-22
1.060546875000000000e+00 3.484611504045858303e-24
1.061035156250000000e+00 -2.277471802325513094e-22
1.061523437500000000e+00 -2.683547112375060910e-22
1.062011718750000000e+00 -1.078130919000824180e-22
1.062500000000000000e+00 -8.155645763772610308e-23
1.062988281250000000e+00 -3.341272920644547683e-22
1.063476562500000000e+00 -7.878225039297729397e-23
1.063964843750000000e+00 -1.716964351068145708e-22
1.064453125000000000e+00 -2.029404306588741411e-23
1.064941406250000000e+00 -1.743690309674957783e-23
1.065429687500000000e+00 -5.316983389260872505e-23
1.065917968750000000e+00 2.459975058072273395e-22
1.066406250000000000e+00 8.379473715452138216e-23
1.066894531250000000e+00 -7.151133923865900568e-23
1.067382812500000000e+00 -2.680590178956689749e-23
1.067871093750000000e+00 2.581539094188322863e-23
1.068359375000000000e+00 3.378110683748497321e-22
1.068847656250000000e+00 1.122946727593173859e-22
1.069335937500000000e+00 1.591482053295798946e-22
1.069824218750000000e+00 -1.033567509868105259e-22
1.070312500000000000e+00 1.621938441948626463e-22
1.070800781250000000e+00 2.585662205899805637e-22
1.071289062500000000e+00 2.254396093373259094e-22
1.071777343750000000e+00 1.273922663088649443e-22
1.072265625000000000e+00 6.715081163889874537e-23
1.072753906250000000e+00 4.907224231046958386e-23
1.073242187500000000e+00 4.178215521752343809e-23
1.073730468750000000e+00 1.930389689876054891e-22
1.074218750000000000e+00 2.253983396336410316e-22
1.074707031250000000e+00 -6.226748899410269870e-23
1.075195312500000000e+00 1.096550371342340866e-22
1.075683593750000000e+00 -1.173778489699714152e-22
1.076171875000000000e+00 -7.525215954582659689e-23
1.076660156250000000e+00 2.174128961214511524e-23
1.077148437500000000e+00 -1.244212643571272923e-22
1.077636718750000000e+00 -2.334744483208537709e-22
1.078125000000000000e+00 -5.639055152546278030e-23
1.078613281250000000e+00 -2.665197737591340748e-22
1.079101562500000000e+00 3.774773713169146404e-23
1.079589843750000000e+00 -1.538716453143471425e-22
1.080078125000000000e+00 -1.844058808381967682e-22
1.080566406250000000e+00 -1.951184167703302529e-22
1.081054687500000000e+00 -4.678704146637978273e-23
1.081542968750000000e+00 1.291029861966050109e-24
1.082031250000000000e+00 1.134244604023935455e-22
1.082519531250000000e+00 -2.986424315296863840e-22
1.083007812500000000e+00 -1.398907470111398438e-22
1.083496093750000000e+00 -9.005989643071368959e-23
1.083984375000000000e+00 -1.188806577968812103e-22
1.084472656250000000e+00 -6.437955166786146834e-23
1.084960937500000000e+00 1.219958687380841360e-22
1.085449218750000000e+00 -1.810143268534855079e-22
1.085937500000000000e+00 3.094249995352056074e-22
1.086425781250000000e+00 2.136429740357754999e-22
1.086914062500000000e+00 1.781524778106274094e-22
1.087402343750000000e+00 4.890355851325787468e-23
1.087890625000000000e+00 2.636560851447918581e-22
1.088378906250000000e+00 8.581170664702032410e-23
1.088867187500000000e+00 2.320882969114999995e-22
1.089355468750000000e+00 9.335620317712360590e-23
1.089843750000000000e+00 5.630956508574547660e-23
1.090332031250000000e+00 -1.144102670345548981e-23
1.090820312500000000e+00 9.297372359586680977e-23
1.091308593750000000e+00 -3.393746263635008729e-24
1.091796875000000000e+00 3.681837241238468609e-23
1.092285156250000000e+00 7.621182893615102982e-23
1.092773437500000000e+00 -1.919403696274749510e-22
1.093261718750000000e+00 5.873898854902505921e-23
1.093750000000000000e+00 -3.177152807812691578e-23
1.094238281250000000e+00 -1.649415595935825765e-22
1.094726562500000000e+00 1.252875762228478571e-23
1.095214843750000000e+00 -3.596572698305221333e-22
1.095703125000000000e+00 -1.442071061418753191e-22
1.096191406250000000e+00 4.313051278576558336e-23
1.096679687500000000e+00 -4.350329563973397598e-22
1.097167968750000000e+00 1.769083580074151024e-22
1.097656250000000000e+00 -2.764971297384793374e-22
1.098144531250000000e+00 -9.145468286246608761e-23
1.098632812500000000e+00 1.121371825596580559e-22
1.099121093750000000e+00 1.361985451174173661e-22
1.099609375000000000e+00 -1.008156364706482106e-23
1.100097656250000000e+00 -9.912894168891404956e-23
1.100585937500000000e+00 2.474578910339169267e-22
1.101074218750000000e+00 6.114387811031127850e-24
1.101562500000000000e+00 1.937750147477243051e-22
1.102050781250000000e+00 -1.110806628041298416e-22
1.102539062500000000e+00 1.243756889902828879e-22
1.103027343750000000e+00 1.351335526852873523e-22
1.103515625000000000e+00 2.039653067464296866e-22
1.104003906250000000e+00 3.559816718424078258e-22
1.104492187500000000e+00 5.487694398205742912e-23
1.104980468750000000e+00 2.268914180992115649e-22
1.105468750000000000e+00 1.422554512517274178e-22
1.105957031250000000e+00 3.653880838315857352e-23
1.106445312500000000e+00 -2.518826393384799880e-22
1.106933593750000000e+00 -8.248679784441603165e-23
1.107421875000000000e+00 -1.304590226535147935e-22
1.107910156250000000e+00 2.570024209705174829e-23
1.108398437500000000e+00 1.523720691556614508e-22
1.108886718750000000e+00 -1.003908795019464326e-22
1.109375000000000000e+00 -3.982106842067273517e-22
1.109863281250000000e+00 -7.664258521460627007e-23
1.110351562500000000e+00 -4.151054722245299430e-22
1.110839843750000000e+00 -2.395527397422736738e-22
1.111328125000000000e+00 -4.044101212403358813e-22
1.111816406250000000e+00 -5.461255234555645460e-24
1.112304687500000000e+00 -3.168262298394496373e-22
1.112792968750000000e+00 2.806269266103345167e-23
1.113281250000000000e+00 5.346157418073612436e-23
1.113769531250000000e+00 1.852554434414308750e-22
1.114257812500000000e+00 1.608964174800662474e-24
1.114746093750000000e+00 3.207437926876182599e-22
1.115234375000000000e+00 2.135714113533126680e-22
1.115722656250000000e+00 2.199416724562415853e-22
1.116210937500000000e+00 2.731354178442704256e-22
1.116699218750000000e+00 1.512318318431109920e-22
1.117187500000000000e+00 3.363922635735052156e-22
1.117675781250000000e+00 7.985999870464549286e-23
1.118164062500000000e+00 1.539010210806582382e-22
1.118652343750000000e+00 1.213784581763453391e-22
1.119140625000000000e+00 1.501696506191462437e-22
1.119628906250000000e+00 6.269686450337051536e-23
1.120117187500000000e+00 -1.852671852331266884e-22
1.120605468750000000e+00 -2.705916023421935461e-22
1.121093750000000000e+00 -4.337439914586019393e-22
1.121582031250000000e+00 -2.043809323436703570e-22
1.122070312500000000e+00 -4.454224026207216889e-22
1.122558593750000000e+00 -2.173482180404344374e-22
1.123046875000000000e+00 -1.641724381821891736e-22
1.123535156250000000e+00 9.451271508312563394e-23
1.124023437500000000e+00 3.122788382072660873e-22
1.124511718750000000e+00 -1.207248480124881110e-22
1.125000000000000000e+00 4.321967455111091865e-23
1.125488281250000000e+00 3.085469058245764949e-22
1.125976562500000000e+00 9.113892050138618876e-23
1.126464843750000000e+00 1.967099088537934252e-22
1.126953125000000000e+00 6.063355209906418041e-23
1.127441406250000000e+00 -1.627350395225179160e-22
1.127929687500000000e+00 -2.951545792857839811e-22
1.128417968750000000e+00 -9.783010486331332711e-23
1.128906250000000000e+00 -3.976883670951801901e-22
1.129394531250000000e+00 1.381209647112455865e-22
1.129882812500000000e+00 3.520651166977215986e-22
1.130371093750000000e+00 3.592420798857959949e-22
1.130859375000000000e+00 3.485070502598643052e-22
1.131347656250000000e+00 -2.471154988298850379e-23
1.131835937500000000e+00 -1.391052199779675108e-22
1.132324218750000000e+00 -2.325490929486031482e-23
1.132812500000000000e+00 -2.028143471468245838e-22
1.133300781250000000e+00 4.666524054146040315e-23
1.133789062500000000e+00 2.097801149045079324e-22
1.134277343750000000e+00 7.720931271815796115e-23
1.134765625000000000e+00 -1.939466642735282292e-23
1.135253906250000000e+00 -7.969124664976966147e-23
1.135742187500000000e+00 -2.132064231841224362e-22
1.136230468750000000e+00 -6.186018485401449340e-24
1.136718750000000000e+00 -2.831339040460731881e-23
1.137207031250000000e+00 -9.171417649355209674e-23
1.137695312500000000e+00 2.282697733833707787e-22
1.138183593750000000e+00 -7.029753597710060366e-23
1.138671875000000000e+00 8.616958686383653826e-23
1.139160156250000000e+00 -1.876862128951298625e-22
1.139648437500000000e+00 2.130382201848867738e-23
1.140136718750000000e+00 1.179275890765092521e-22
1.140625000000000000e+00 2.937099746555677447e-23
1.141113281250000000e+00 1.425552488841241104e-22
1.141601562500000000e+00 -3.554820961099873880e-23
1.142089843750000000e+00 7.984084241709859647e-23
1.142578125000000000e+00 -1.128091139128804223e-22
1.143066406250000000e+00 -2.189287002808492614e-22
1.143554687500000000e+00 1.305938490215508298e-22
1.144042968750000000e+00 -1.020809339752260848e-22
1.144531250000000000e+00 -5.879005429504967569e-23
1.145019531250000000e+00 -1.002468327697895337e-22
1.145507812500000000e+00 -9.659043132129840837e-23
1.145996093750000000e+00 5.701677877713024178e-24
1.146484375000000000e+00 1.432839837092169396e-22
1.146972656250000000e+00 -2.109514827828836525e-22
1.147460937500000000e+00 1.892995864552099938e-22
1.147949218750000000e+00 -1.648935963109158139e-22
1.148437500000000000e+00 1.923952175040538363e-23
1.148925781250000000e+00 -1.400841234770818026e-22
1.149414062500000000e+00 2.359121623968981327e-22
1.149902343750000000e+00 -1.529659366930777756e-22
1.150390625000000000e+00 1.779688848596797656e-23
1.150878906250000000e+00 -2.329673998877958687e-22
1.151367187500000000e+00 5.704371836407947645e-23
1.151855468750000000e+00 2.620957437971633136e-22
1.152343750000000000e+00 -2.099252228754957223e-23
1.152832031250000000e+00 2.127586057589228368e-22
1.153320312500000000e+00 6.316619834346873665e-23
1.153808593750000000e+00 -1.240018509363888869e-22
1.154296875000000000e+00 2.450199704789835183e-23
1.154785156250000000e+00 4.925115927493923401e-23
1.155273437500000000e+00 -9.937415779800366091e-23
1.155761718750000000e+00 1.491460390812586096e-23
1.156250000000000000e+00 2.807980287281806277e-23
1.156738281250000000e+00 -1.425556725369276349e-22
1.157226562500000000e+00 4.210993165621411085e-23
1.157714843750000000e+00 -1.213106895003038976e-22
1.158203125000000000e+00 -1.275540997941717477e-22
1.158691406250000000e+00 -9.642686685810420279e-24
1.159179687500000000e+00 4.468934590699501145e-22
1.159667968750000000e+00 -1.067364529269392909e-22
1.160156250000000000e+00 1.683104060594481504e-22
1.160644531250000000e+00 1.385460564193551883e-22
1.161132812500000000e+00 -1.094175071510816082e-22
1.161621093750000000e+00 9.111078795761056550e-24
1.162109375000000000e+00 -1.278281503178304210e-22
1.162597656250000000e+00 -2.102208262383707867e-22
1.163085937500000000e+00 2.248912338091727171e-22
1.163574218750000000e+00 7.471921633064705951e-23
1.164062500000000000e+00 1.480554729872317045e-22
1.164550781250000000e+00 9.145477613621408460e-23
1.165039062500000000e+00 -1.694693244008450699e-22
1.165527343750000000e+00 2.255062579056653830e-22
1.166015625000000000e+00 -5.995073223189723788e-23
1.166503906250000000e+00 6.565365303535834018e-23
1.166992187500000000e+00 -5.517358829421388346e-23
1.167480468750000000e+00 -3.809253524436764708e-23
1.167968750000000000e+00 3.182363413038448452e-22
1.168457031250000000e+00 -4.990588648280994257e-23
1.168945312500000000e+00 -1.106211924174401004e-22
1.169433593750000000e+00 4.580886410419192007e-23
1.169921875000000000e+00 -1.452468518952635865e-23
1.170410156250000000e+00 -2.560012503215810186e-22
1.170898437500000000e+00 -1.025624351386862891e-22
1.171386718750000000e+00 -1.060982315511677430e-22
1.171875000000000000e+00 -1.786591156671256145e-22
1.172363281250000000e+00 1.000231472662674164e-22
1.172851562500000000e+00 -2.844058670537064439e-23
1.173339843750000000e+00 -2.677116598318988394e-22
1.173828125000000000e+00 -5.077551943828421349e-23
1.174316406250000000e+00 -1.734463124233071177e-22
1.174804687500000000e+00 2.340939386443891654e-23
1.175292968750000000e+00 -4.195952713050678494e-23
1.175781250000000000e+00 -1.409462266593273146e-22
1.176269531250000000e+00 3.184111701398843166e-23
1.176757812500000000e+00 1.606570210195693594e-22
1.177246093750000000e+00 8.271937702265792999e-23
1.177734375000000000e+00 1.174805337330497866e-22
1.178222656250000000e+00 6.510933552490093061e-23
1.178710937500000000e+00 1.557212605043531337e-22
1.179199218750000000e+00 6.372822633576585970e-23
1.179687500000000000e+00 -1.163417151195543046e-22
1.180175781250000000e+00 2.519524917402700185e-23
1.180664062500000000e+00 1.069487052319296256e-22
1.181152343750000000e+00 3.095801096814599246e-23
1.181640625000000000e+00 -5.444836942110894553e-23
1.182128906250000000e+00 1.623458357608417812e-22
1.182617187500000000e+00 -1.584929889504539718e-22
1.183105468750000000e+00 2.070407429403916168e-22
1.183593750000000000e+00 1.616348849806346573e-22
1.184082031250000000e+00 -8.535168111407392160e-23
1.184570312500000000e+00 7.959924498509625865e-23
1.185058593750000000e+00 1.632314938553463386e-24
1.185546875000000000e+00 -2.307698180097088851e-22
1.186035156250000000e+00 -9.486534438314081638e-23
1.186523437500000000e+00 3.017664527392660326e-23
1.187011718750000000e+00 -1.074682266613754545e-22
1.187500000000000000e+00 6.556557515044435763e-23
1.187988281250000000e+00 1.517036498336461368e-23
1.188476562500000000e+00 1.852871479877516387e-22
1.188964843750000000e+00 -7.041215932340049083e-23
1.189453125000000000e+00 -6.391814916921028437e-23
1.189941406250000000e+00 -2.409537526466432682e-22
1.190429687500000000e+00 -2.948682980667395344e-22
1.190917968750000000e+00 2.553435664315039360e-22
1.191406250000000000e+00 -1.545186717984040696e-22
1.191894531250000000e+00 1.628409023953819034e-22
1.192382812500000000e+00 -1.110400986212854480e-22
1.192871093750000000e+00 2.548710548024150109e-22
1.193359375000000000e+00 -1.097342895300455035e-22
1.193847656250000000e+00 1.122406994839584919e-22
1.194335937500000000e+00 -4.689085994876515431e-23
1.194824218750000000e+00 1.438864786012925968e-22
1.195312500000000000e+00 3.266135112434045871e-23
1.195800781250000000e+00 -2.078345189820689957e-22
1.196289062500000000e+00 2.503636294693000453e-22
1.196777343750000000e+00 5.779669014613184212e-23
1.197265625000000000e+00 -2.408602893452902441e-23
1.197753906250000000e+00 -1.308330681693149954e-23
1.198242187500000000e+00 1.807894138613995971e-22
1.198730468750000000e+00 -1.411067381741482348e-22
1.199218750000000000e+00 1.023486907028184295e-22
1.199707031250000000e+00 -1.660801512111651731e-23
1.200195312500000000e+00 9.557139661611305726e-23
1.200683593750000000e+00 6.853087636740849515e-23
1.201171875000000000e+00 -1.713515221102055359e-23
1.201660156250000000e+00 -7.231723087436861338e-23
1.202148437500000000e+00 4.771381049009835755e-23
1.202636718750000000e+00 3.691105942192832776e-23
1.203125000000000000e+00 2.154753978298412272e-23
1.203613281250000000e+00 -1.330532840642371019e-22
1.204101562500000000e+00 -1.512092351775740013e-22
1.204589843750000000e+00 6.067195240423590265e-23
1.205078125000000000e+00 -1.353040405732455756e-22
1.205566406250000000e+00 -1.218387919920971577e-22
1.206054687500000000e+00 4.050068152602456510e-24
1.206542968750000000e+00 -1.619591542207319946e-22
1.207031250000000000e+00 1.148901875990028327e-22
1.207519531250000000e+00 -3.550040724093366361e-22
1.208007812500000000e+00 1.038073450726749653e-22
1.208496093750000000e+00 3.146453841698605780e-23
1.208984375000000000e+00 8.852747076715750559e-23
1.209472656250000000e+00 6.208459762659195233e-23
1.209960937500000000e+00 -5.853847664205593677e-23
1.210449218750000000e+00 -4.619225392538964727e-23
1.210937500000000000e+00 6.854204693792764039e-23
1.211425781250000000e+00 5.452845656758465995e-23
1.211914062500000000e+00 -2.100643860138256213e-22
1.212402343750000000e+00 3.198049449743365349e-23
1.212890625000000000e+00 -3.336735605959645402e-24
1.213378906250000000e+00 6.470377311567428859e-23
1.213867187500000000e+00 1.381578608195663949e-22
1.214355468750000000e+00 1.275460376325711691e-22
1.214843750000000000e+00 7.238444234652675151e-23
1.215332031250000000e+00 -4.603781742082804010e-23
1.215820312500000000e+00 -1.100702406587335463e-22
1.216308593750000000e+00 -4.544094422513991997e-23
1.216796875000000000e+00 1.358997936055880659e-24
1.217285156250000000e+00 1.028068606917860906e-22
1.217773437500000000e+00 -8.000005237550306879e-24
1.218261718750000000e+00 -4.380394296359781416e-23
1.218750000000000000e+00 1.600349905537774170e-22
1.219238281250000000e+00 5.724514389908241421e-23
1.219726562500000000e+00 -2.039026374978034399e-22
1.220214843750000000e+00 -2.068148162842647240e-22
1.220703125000000000e+00 9.232428162643015988e-24
1.221191406250000000e+00 -6.542696522379816525e-23
1.221679687500000000e+00 1.293543857699288559e-22
1.222167968750000000e+00 -2.999532071641310801e-22
1.222656250000000000e+00 4.391451974129760478e-22
1.223144531250000000e+00 -5.372608780316725331e-23
1.223632812500000000e+00 9.170646798237344537e-23
1.224121093750000000e+00 -9.441050046628968945e-23
1.224609375000000000e+00 -3.460863273529300354e-23
1.225097656250000000e+00 2.257300633091540875e-22
1.225585937500000000e+00 1.470449796651795420e-23
1.226074218750000000e+00 1.601978800499241459e-22
1.226562500000000000e+00 1.498914893662428634e-22
1.227050781250000000e+00 -3.076415669819451884e-23
1.227539062500000000e+00 1.029784140664869850e-23
1.228027343750000000e+00 1.803784269543311940e-22
1.228515625000000000e+00 -4.776775064711817925e-23
1.229003906250000000e+00 -1.239671380619130124e-22
1.229492187500000000e+00 -1.304854198252919105e-22
1.229980468750000000e+00 3.945430443149210236e-23
1.230468750000000000e+00 -1.512200091170567832e-22
1.230957031250000000e+00 5.897840237149366930e-23
1.231445312500000000e+00 1.065766552594524127e-22
1.231933593750000000e+00 -1.850312524938167928e-22
1.232421875000000000e+00 9.959929655299915503e-23
1.232910156250000000e+00 -7.434862958545528424e-23
1.233398437500000000e+00 -1.540257069742308365e-22
1.233886718750000000e+00 -1.019631345486883194e-22
1.234375000000000000e+00 9.272281676511614357e-23
1.234863281250000000e+00 3.524887449064806281e-23
1.235351562500000000e+00 1.573966371572208147e-23
1.235839843750000000e+00 -5.402655742068872656e-23
1.236328125000000000e+00 -1.746612479474645733e-23
1.236816406250000000e+00 3.406760364683648357e-22
1.237304687500000000e+00 2.512673595013212763e-23
1.237792968750000000e+00 -2.016220986606207101e-22
1.238281250000000000e+00 -1.970836044077769231e-22
1.238769531250000000e+00 -1.391466656066452635e-22
1.239257812500000000e+00 -5.900875067225442950e-23
1.239746093750000000e+00 -7.696059835881644481e-23
1.240234375000000000e+00 1.209085640468024394e-22
1.240722656250000000e+00 7.207867254966712572e-23
1.241210937500000000e+00 2.087599335405210729e-23
1.241699218750000000e+00 -5.986857536859632095e-23
1.242187500000000000e+00 -1.900856818709781988e-22
1.242675781250000000e+00 -2.035116031127718235e-22
1.243164062500000000e+00 2.120172319386737783e-22
1.243652343750000000e+00 -6.615698428224423639e-23
1.244140625000000000e+00 -1.934324234869620048e-22
1.244628906250000000e+00 1.384054267582120872e-22
1.245117187500000000e+00 2.111908671494568640e-23
1.245605468750000000e+00 2.283719575844250956e-22
1.246093750000000000e+00 2.264449243650597613e-22
1.246582031250000000e+00 -2.037449268636587184e-22
1.247070312500000000e+00 1.634526558273348854e-22
1.247558593750000000e+00 -2.766345028006557532e-23
1.248046875000000000e+00 -7.934427553096148628e-23
1.248535156250000000e+00 5.856914692847736877e-23
1.249023437500000000e+00 -5.562268116689711001e-23
1.249511718750000000e+00 2.345258874785298088e-22
1.250000000000000000e+00 -5.435237548591487939e-23
1.250488281250000000e+00 7.214538438170065081e-23
1.250976562500000000e+00 9.714336882291206116e-23
1.251464843750000000e+00 2.218846702620638376e-24
1.251953125000000000e+00 -7.224821502384798826e-23
1.252441406250000000e+00 2.100979119143373766e-22
1.252929687500000000e+00 -1.050925824222379911e-22
1.253417968750000000e+00 1.637649104832932394e-22
1.253906250000000000e+00 -7.825375139669624381e-23
1.254394531250000000e+00 -1.451166099795652346e-24
1.254882812500000000e+00 -9.780470360243623834e-23
1.255371093750000000e+00 -1.624499203242113698e-22
1.255859375000000000e+00 -4.794557608301395445e-23
1.256347656250000000e+00 -7.681485156346908270e-24
1.256835937500000000e+00 -1.059011503036682817e-22
1.257324218750000000e+00 -3.852169429848378344e-23
1.257812500000000000e+00 9.923445438091815213e-23
1.258300781250000000e+00 1.035786688723386267e-23
1.258789062500000000e+00 2.279451487234823358e-22
1.259277343750000000e+00 -5.993362871203465202e-23
1.259765625000000000e+00 5.394700113730229460e-23
1.260253906250000000e+00 4.649566665317542254e-23
1.260742187500000000e+00 -1.246716072087839710e-22
1.261230468750000000e+00 2.045466295322050432e-22
1.261718750000000000e+00 2.212229607232308843e-23
1.262207031250000000e+00 -5.534698112479718754e-23
1.262695312500000000e+00 -5.547347517585502802e-23
1.263183593750000000e+00 -1.183132762448409012e-22
1.263671875000000000e+00 3.145236955487782494e-23
1.264160156250000000e+00 -2.584649908882941305e-22
1.264648437500000000e+00 1.045876137069534063e-22
1.265136718750000000e+00 -6.029889871958805196e-23
1.265625000000000000e+00 -1.450877579469579894e-22
1.266113281250000000e+00 5.358367710891671282e-23
1.266601562500000000e+00 -2.579446296741603034e-22
1.267089843750000000e+00 2.731268949190441360e-23
1.267578125000000000e+00 1.205829137936126747e-22
1.268066406250000000e+00 -2.647848385252774975e-23
1.268554687500000000e+00 1.806063977343855355e-22
1.269042968750000000e+00 -1.949258921024539615e-23
1.269531250000000000e+00 9.853491504566755816e-23
1.270019531250000000e+00 2.070278956895765555e-22
1.270507812500000000e+00 -2.668011149134116905e-22
1.270996093750000000e+00 3.329311570932502325e-23
1.271484375000000000e+00 -1.375801206541154915e-22
1.271972656250000000e+00 1.031227260709771105e-22
1.272460937500000000e+00 1.508590091514860571e-22
1.272949218750000000e+00 -1.280528154038938501e-22
1.273437500000000000e+00 -1.138346867344989206e-22
1.273925781250000000e+00 3.111446930954047628e-22
1.274414062500000000e+00 3.719192746064429760e-23
1.274902343750000000e+00 -1.969111211766218136e-22
1.275390625000000000e+00 -8.980446548708518602e-23
1.275878906250000000e+00 1.538315437623377241e-22
1.276367187500000000e+00 1.520114712343872596e-22
1.276855468750000000e+00 -2.044048955114621179e-22
1.277343750000000000e+00 6.771918347652881672e-23
1.277832031250000000e+00 -2.721447050393612036e-23
1.278320312500000000e+00 8.102062358825579402e-24
1.278808593750000000e+00 -4.228935226905795318e-23
1.279296875000000000e+00 1.045362282297846918e-22
1.279785156250000000e+00 -6.085038109136692536e-23
1.280273437500000000e+00 7.129358013506187933e-23
1.280761718750000000e+00 1.165158461615789713e-23
1.281250000000000000e+00 7.715515165182856754e-23
1.281738281250000000e+00 -1.453302554567216623e-22
1.282226562500000000e+00 1.762503424510030603e-23
1.282714843750000000e+00 -2.257700988276347417e-22
1.283203125000000000e+00 2.542735167326453884e-22
1.283691406250000000e+00 -1.664487503406269592e-22
1.284179687500000000e+00 1.264457360171537163e-23
1.284667968750000000e+00 6.254944840802067038e-23
1.285156250000000000e+00 2.137878269812916991e-23
1.285644531250000000e+00 3.547535111786158396e-23
1.286132812500000000e+00 -1.490600631037863376e-22
1.286621093750000000e+00 4.035652642953123983e-24
1.287109375000000000e+00 8.643106510269780688e-24
1.287597656250000000e+00 -1.400941927131825027e-22
1.288085937500000000e+00 -1.411446796898323716e-23
1.288574218750000000e+00 5.885196508132798661e-23
1.289062500000000000e+00 1.871239199918573760e-22
1.289550781250000000e+00 -2.570485382648845522e-22
1.290039062500000000e+00 1.239452760341980105e-22
1.290527343750000000e+00 6.266893417914830194e-23
1.291015625000000000e+00 -5.465165952783930228e-23
1.291503906250000000e+00 4.093801399030308346e-23
1.291992187500000000e+00 9.953408034517158901e-23
1.292480468750000000e+00 8.483750563618703038e-23
1.292968750000000000e+00 1.444783108837468421e-22
1.293457031250000000e+00 8.534108754276616840e-23
1.293945312500000000e+00 -9.895916720141631028e-23
1.294433593750000000e+00 1.317596325075352465e-22
1.294921875000000000e+00 1.202801238252347863e-22
1.295410156250000000e+00 -3.062390040508042376e-22
1.295898437500000000e+00 -2.331930151745400257e-24
1.296386718750000000e+00 -7.579280574019413613e-23
1.296875000000000000e+00 -4.279227071585551383e-23
1.297363281250000000e+00 -1.163092076715537854e-22
1.297851562500000000e+00 -2.144936223647121961e-22
1.298339843750000000e+00 1.373596787544738669e-22
1.298828125000000000e+00 1.422288971384478090e-22
1.299316406250000000e+00 9.424928512666889172e-23
1.299804687500000000e+00 -4.671924722302677961e-23
1.300292968750000000e+00 2.568628738433691849e-22
1.300781250000000000e+00 -1.797294423691421421e-23
1.301269531250000000e+00 3.700688475255940362e-23
1.301757812500000000e+00 -2.677888708708454693e-22
1.302246093750000000e+00 -1.698279531979194765e-22
1.302734375000000000e+00 5.766183800120693739e-23
1.303222656250000000e+00 -1.714691309629386143e-22
1.303710937500000000e+00 -9.239047558621505933e-23
1.304199218750000000e+00 -2.570746903774718954e-23
1.304687500000000000e+00 -5.543835382296129654e-24
1.305175781250000000e+00 5.652194887233084318e-23
1.305664062500000000e+00 6.780420446425135096e-23
1.306152343750000000e+00 -8.224756829384185848e-23
1.306640625000000000e+00 1.011504532662493154e-22
1.307128906250000000e+00 -7.345982657317083598e-23
1.307617187500000000e+00 -1.331765036462396155e-22
1.308105468750000000e+00 1.912050258529649970e-22
1.308593750000000000e+00 1.072348248112354468e-22
1.309082031250000000e+00 8.144069805293310048e-23
1.309570312500000000e+00 -2.109032742338083975e-22
1.310058593750000000e+00 3.856273631812885205e-22
1.310546875000000000e+00 6.763572118156635498e-23
1.311035156250000000e+00 1.721739879832152809e-22
1.311523437500000000e+00 8.729113385117978555e-23
1.312011718750000000e+00 6.307034813277107342e-24
1.312500000000000000e+00 -1.483648543925839136e-22
1.312988281250000000e+00 1.038671374969298585e-22
1.313476562500000000e+00 -9.837506928154237311e-23
1.313964843750000000e+00 1.270440357681459488e-23
1.314453125000000000e+00 -9.563286530119919283e-23
1.314941406250000000e+00 -2.125743816929086051e-23
1.315429687500000000e+00 -2.058271012731129817e-22
1.315917968750000000e+00 -1.389985343690885449e-22
1.316406250000000000e+00 -2.031754809561242699e-22
1.316894531250000000e+00 -1.454823426906137265e-23
1.317382812500000000e+00 1.355792204907392733e-22
1.317871093750000000e+00 1.342390406449784829e-23
1.318359375000000000e+00 -3.358785404004559939e-23
1.318847656250000000e+00 1.256359742466496454e-23
1.319335937500000000e+00 -4.341454080621458797e-23
1.319824218750000000e+00 1.641231488997406096e-22
1.320312500000000000e+00 -1.656011185200396084e-22
1.320800781250000000e+00 -5.925075271680018480e-23
1.321289062500000000e+00 1.738494386685493455e-22
1.321777343750000000e+00 7.740400349882505505e-23
1.322265625000000000e+00 -1.526336348931895895e-22
1.322753906250000000e+00 4.311668446049055291e-23
1.323242187500000000e+00 2.239669156200993761e-22
1.323730468750000000e+00 -1.639760348195285161e-22
1.324218750000000000e+00 3.495130766079818672e-22
1.324707031250000000e+00 8.532009249439469666e-23
1.325195312500000000e+00 -1.680092142669815466e-22
1.325683593750000000e+00 -4.310806847482709009e-23
1.326171875000000000e+00 1.055397379266777519e-22
1.326660156250000000e+00 -5.893950734946973028e-23
1.327148437500000000e+00 9.372666226944086684e-23
1.327636718750000000e+00 -2.878644557189577037e-22
1.328125000000000000e+00 8.097760897742481670e-23
1.328613281250000000e+00 1.157639202442779100e-22
1.329101562500000000e+00 -1.143247118565045111e-22
1.329589843750000000e+00 -8.053890220264155315e-23
1.330078125000000000e+00 3.844735790854548509e-23
1.330566406250000000e+00 -1.720022586008939654e-22
1.331054687500000000e+00 1.290220174945120884e-22
1.331542968750000000e+00 -1.864478660031609066e-22
1.332031250000000000e+00 2.458149494750942167e-23
1.332519531250000000e+00 -1.871969138270329583e-22
1.333007812500000000e+00 1.945154039882329451e-23
1.333496093750000000e+00 -8.277508990156816969e-23
1.333984375000000000e+00 3.216714172025534797e-23
1.334472656250000000e+00 -1.395328642718996328e-22
1.334960937500000000e+00 2.507816494099535946e-23
1.335449218750000000e+00 3.648186907959584701e-22
1.335937500000000000e+00 2.533764039103972255e-22
1.336425781250000000e+00 1.659726019085962480e-22
1.336914062500000000e+00 -1.114290835294323980e-22
1.337402343750000000e+00 1.033560406250039379e-22
1.337890625000000000e+00 1.299171853774826137e-22
1.338378906250000000e+00 -7.882812415807087829e-23
1.338867187500000000e+00 2.851205118375321686e-23
1.339355468750000000e+00 2.265871013851583453e-22
1.339843750000000000e+00 -1.483912620849068009e-22
1.340332031250000000e+00 1.188960466526105954e-22
1.340820312500000000e+00 -1.306577437339596088e-22
1.341308593750000000e+00 5.723837417598185983e-23
1.341796875000000000e+00 -1.823519081878027199e-22
1.342285156250000000e+00 -1.751886633478388756e-22
1.342773437500000000e+00 1.177821432350456561e-22
1.343261718750000000e+00 1.712814293660297625e-22
1.343750000000000000e+00 -1.242924745369285915e-22
1.344238281250000000e+00 -5.175357966062391217e-23
1.344726562500000000e+00 -2.142942076226188039e-23
1.345214843750000000e+00 -7.268022705622855394e-23
1.345703125000000000e+00 -3.463765051620806985e-23
1.346191406250000000e+00 -1.865850966681905338e-22
1.346679687500000000e+00 1.891243716383388547e-23
1.347167968750000000e+00 -2.290198899583235954e-23
1.347656250000000000e+00 -1.731755630844630104e-22
1.348144531250000000e+00 3.749655650546839347e-23
1.348632812500000000e+00 1.569906169531914400e-22
1.349121093750000000e+00 -1.059856748499955694e-22
1.349609375000000000e+00 -4.794040590583853601e-23
1.350097656250000000e+00 -3.424776735147975126e-22
1.350585937500000000e+00 -6.712930954366256174e-24
1.351074218750000000e+00 1.851971239014188742e-22
1.351562500000000000e+00 -7.702726359474741110e-23
1.352050781250000000e+00 1.541000285840301594e-22
1.352539062500000000e+00 1.411142407535633626e-22
1.353027343750000000e+00 -1.213736457322255870e-22
1.353515625000000000e+00 9.595034463702464394e-23
1.354003906250000000e+00 -4.705022838718789931e-24
1.354492187500000000e+00 4.659858361216075478e-23
1.354980468750000000e+00 -1.708524797188374194e-22
1.355468750000000000e+00 -2.408217696649110800e-24
1.355957031250000000e+00 2.835315063687536197e-23
1.356445312500000000e+00 1.304076077741263209e-22
1.356933593750000000e+00 5.128052631497047628e-23
1.357421875000000000e+00 -1.084791423376676338e-22
1.357910156250000000e+00 1.062764956146347925e-22
1.358398437500000000e+00 -1.234583909550179721e-22
1.358886718750000000e+00 1.393800415848329639e-22
1.359375000000000000e+00 -1.156416250253860864e-22
1.359863281250000000e+00 1.966950201115528814e-22
1.360351562500000000e+00 -1.143758412880935254e-22
1.360839843750000000e+00 2.826533442578467068e-22
1.361328125000000000e+00 1.156520335556771400e-22
1.361816406250000000e+00 8.164680402898360519e-23
1.362304687500000000e+00 -4.100999860953024787e-23
1.362792968750000000e+00 1.935009968477528961e-22
1.363281250000000000e+00 1.336550874086779365e-22
1.363769531250000000e+00 -2.768637429889598744e-22
1.364257812500000000e+00 8.067809891603437232e-23
1.364746093750000000e+00 7.782820918940108879e-23
1.365234375000000000e+00 -2.086417387005230760e-23
1.365722656250000000e+00 9.255053789213974679e-23
1.366210937500000000e+00 -2.718536258581019139e-23
1.366699218750000000e+00 -1.745215452633692933e-22
1.367187500000000000e+00 1.563976000899141817e-22
1.367675781250000000e+00 -2.030370900099365311e-22
1.368164062500000000e+00 -2.785990494019725945e-24
1.368652343750000000e+00 3.055375066414816162e-23
1.369140625000000000e+00 -4.145043062954695133e-23
1.369628906250000000e+00 -2.505091560524264215e-23
1.370117187500000000e+00 -2.511694706540378399e-23
1.370605468750000000e+00 -1.446643877302931444e-22
1.371093750000000000e+00 -5.780666910547397268e-23
1.371582031250000000e+00 -1.076708941668534072e-22
1.372070312500000000e+00 -5.930038407214723378e-23
1.372558593750000000e+00 7.576314028497840525e-23
1.373046875000000000e+00 -2.653386965950183045e-22
1.373535156250000000e+00 2.760831877515971112e-22
1.374023437500000000e+00 -1.193108807601723646e-23
1.374511718750000000e+00 -8.438499351786574133e-23
1.375000000000000000e+00 1.441960994718444438e-22
1.375488281250000000e+00 -2.015236881729679882e-22
1.375976562500000000e+00 -1.084170878407258450e-22
1.376464843750000000e+00 -7.444828300823461607e-23
1.376953125000000000e+00 -4.375502042418379894e-23
1.377441406250000000e+00 -2.738830193815021521e-22
1.377929687500000000e+00 1.070396084714521217e-22
1.378417968750000000e+00 -1.998836238761086390e-22
1.378906250000000000e+00 2.344181816548580598e-22
1.379394531250000000e+00 -6.600858680658351097e-23
1.379882812500000000e+00 1.537654914179286170e-22
1.380371093750000000e+00 6.368904224260984273e-23
1.380859375000000000e+00 -1.921655711724528040e-23
1.381347656250000000e+00 2.064463291769946457e-22
1.381835937500000000e+00 4.916776030735677432e-23
1.382324218750000000e+00 1.412083097205260534e-22
1.382812500000000000e+00 -5.051141883612269685e-23
1.383300781250000000e+00 7.235895149837322569e-23
1.383789062500000000e+00 -7.943779480158679252e-24
1.384277343750000000e+00 1.386335253119422539e-22
1.384765625000000000e+00 1.427605262141462257e-22
1.385253906250000000e+00 -2.236840202945770103e-23
1.385742187500000000e+00 -7.522013944774600620e-23
1.386230468750000000e+00 -4.253507998220305309e-23
1.386718750000000000e+00 1.229472361834773925e-22
1.387207031250000000e+00 -1.971453812294119864e-22
1.387695312500000000e+00 -1.363961813612845936e-22
1.388183593750000000e+00 6.681232809880433599e-23
1.388671875000000000e+00 -1.219948650748067633e-22
1.389160156250000000e+00 1.819291475678082078e-22
1.389648437500000000e+00 -1.234707882433418662e-22
1.390136718750000000e+00 1.539650036840170615e-22
1.390625000000000000e+00 -8.262762733433298111e-24
1.391113281250000000e+00 4.487725573875335948e-23
1.391601562500000000e+00 -1.338978898182580613e-22
1.392089843750000000e+00 3.845046831409964274e-22
1.392578125000000000e+00 1.425218389944286111e-22
1.393066406250000000e+00 -2.844251935105610595e-22
1.393554687500000000e+00 -1.178824888437221042e-22
1.394042968750000000e+00 3.822226932905338096e-24
1.394531250000000000e+00 6.547790894660060975e-23
1.395019531250000000e+00 1.230467767213924348e-23
1.395507812500000000e+00 -1.155078716046444505e-22
1.395996093750000000e+00 -1.411342153210134451e-22
1.396484375000000000e+00 1.797744316246729846e-22
1.396972656250000000e+00 -1.012629972839382305e-22
1.397460937500000000e+00 2.816761489025115343e-22
1.397949218750000000e+00 -3.787974524292029173e-23
1.398437500000000000e+00 -4.252818762221219608e-23
1.398925781250000000e+00 -5.344372640199056546e-24
1.399414062500000000e+00 3.690170258309166901e-23
1.399902343750000000e+00 -1.108873815516668684e-22
1.400390625000000000e+00 -3.517648425446519506e-23
1.400878906250000000e+00 -1.255207288842789250e-22
1.401367187500000000e+00 1.946429401272420617e-22
1.401855468750000000e+00 -4.094209454877601961e-23
1.402343750000000000e+00 -8.730977858585849454e-23
1.402832031250000000e+00 -8.821287780174199171e-23
1.403320312500000000e+00 -2.302447481406245172e-22
1.403808593750000000e+00 4.577512149959753701e-23
1.404296875000000000e+00 -8.473655774969026960e-23
1.404785156250000000e+00 -4.158852062433771757e-23
1.405273437500000000e+00 2.696246349445118381e-22
1.405761718750000000e+00 -7.259919454867604078e-23
1.406250000000000000e+00 -1.755631274803374123e-23
1.406738281250000000e+00 -8.453430954746603841e-24
1.407226562500000000e+00 6.856141362890151375e-23
1.407714843750000000e+00 1.201316163459153268e-22
1.408203125000000000e+00 -1.087848065969111058e-22
1.408691406250000000e+00 2.155430962069788599e-22
1.409179687500000000e+00 -1.591858353788963174e-22
1.409667968750000000e+00 -7.409620002222382397e-23
1.410156250000000000e+00 1.213034650957339448e-23
1.410644531250000000e+00 -1.642887907656795518e-22
1.411132812500000000e+00 -2.004282468671277203e-23
1.411621093750000000e+00 1.000800823460230753e-22
1.412109375000000000e+00 2.667557145645103076e-24
1.412597656250000000e+00 5.851985382410253441e-24
1.413085937500000000e+00 -4.278890483628810118e-23
1.413574218750000000e+00 -9.653878536179558991e-25
1.414062500000000000e+00 -6.441820888762303271e-23
1.414550781250000000e+00 1.055781032156131060e-22
1.415039062500000000e+00 9.405829975684986846e-23
1.415527343750000000e+00 -1.404465926495162866e-22
1.416015625000000000e+00 -6.170696847196521277e-23
1.416503906250000000e+00 1.523024344742331726e-22
1.416992187500000000e+00 9.218747658949595689e-23
1.417480468750000000e+00 4.122238566960157401e-22
1.417968750000000000e+00 -1.110855102372033727e-22
1.418457031250000000e+00 -6.186125689180013851e-23
1.418945312500000000e+00 4.626486051820087098e-23
1.419433593750000000e+00 -2.133534787756832368e-23
1.419921875000000000e+00 -2.334046299278222038e-23
1.420410156250000000e+00 2.074276661202053470e-22
1.420898437500000000e+00 -2.195651841395959046e-22
1.421386718750000000e+00 1.177182731762805904e-23
1.421875000000000000e+00 -1.136891920698246530e-22
1.422363281250000000e+00 -5.862852663688244798e-24
1.422851562500000000e+00 5.129846449303736748e-24
1.423339843750000000e+00 8.551323975277950306e-23
1.423828125000000000e+00 -2.130339905894120415e-23
1.424316406250000000e+00 -4.390783320684340003e-23
1.424804687500000000e+00 -9.636621417218394529e-25
1.425292968750000000e+00 -7.334624085546100160e-23
1.425781250000000000e+00 1.527625273239011416e-22
1.426269531250000000e+00 -2.409857251036176956e-22
1.426757812500000000e+00 -9.642916339960730855e-23
1.427246093750000000e+00 -2.309748914957494398e-22
1.427734375000000000e+00 1.064504792164156142e-22
1.428222656250000000e+00 -3.609574067570968413e-23
1.428710937500000000e+00 -2.389759860298849768e-22
1.429199218750000000e+00 3.305055672728009382e-22
1.429687500000000000e+00 2.093453306878676188e-22
1.430175781250000000e+00 1.064524302110526835e-22
1.430664062500000000e+00 3.673311310599082075e-23
1.431152343750000000e+00 2.635789413940914667e-22
1.431640625000000000e+00 -2.456460717652182250e-23
1.432128906250000000e+00 -1.311372218259125671e-22
1.432617187500000000e+00 -1.200416274674144238e-22
1.433105468750000000e+00 3.669781938046474206e-23
1.433593750000000000e+00 3.469397946060600409e-24
1.434082031250000000e+00 -6.228419996830913237e-23
1.434570312500000000e+00 -7.006711404827717593e-23
1.435058593750000000e+00 1.036114441512201894e-22
1.435546875000000000e+00 5.641838672551807054e-23
1.436035156250000000e+00 -1.306336622028988592e-23
1.436523437500000000e+00 -3.313971046061645895e-24
1.437011718750000000e+00 7.296154073791124040e-23
1.437500000000000000e+00 -1.710437355533368573e-23
1.437988281250000000e+00 1.810184009287084362e-22
1.438476562500000000e+00 -3.431666771580192422e-22
1.438964843750000000e+00 2.160827435611834971e-22
1.439453125000000000e+00 -3.879328422416473628e-22
1.439941406250000000e+00 3.328254944438861006e-22
1.440429687500000000e+00 -2.583125505498525792e-22
1.440917968750000000e+00 1.475210729977629981e-22
1.441406250000000000e+00 -2.457334363999057496e-22
1.441894531250000000e+00 1.289783375102453238e-23
1.442382812500000000e+00 8.739244103747819725e-23
1.442871093750000000e+00 -2.707622567586803228e-22
1.443359375000000000e+00 1.312732776729904522e-22
1.443847656250000000e+00 4.692861845657673670e-23
1.444335937500000000e+00 -1.804887109518377213e-22
1.444824218750000000e+00 1.816557404344129003e-22
1.445312500000000000e+00 -7.883776846464154022e-23
1.445800781250000000e+00 8.085652430616901478e-23
1.446289062500000000e+00 -1.483705462307704806e-22
1.446777343750000000e+00 -3.028121250527033976e-23
1.447265625000000000e+00 -2.942576263070144098e-22
1.447753906250000000e+00 1.114950581253779118e-22
1.448242187500000000e+00 5.987625156285063825e-23
1.448730468750000000e+00 7.328967495782254951e-23
1.449218750000000000e+00 -5.628220809028026378e-23
1.449707031250000000e+00 -1.440079193440546021e-24
1.450195312500000000e+00 -1.166265959203446116e-23
1.450683593750000000e+00 8.996342151656296177e-23
1.451171875000000000e+00 -1.733845871763842876e-22
1.451660156250000000e+00 5.919009594491403057e-23
1.452148437500000000e+00 1.662976077636668620e-22
1.452636718750000000e+00 6.753689693918959617e-23
1.453125000000000000e+00 -3.181333768918863598e-23
1.453613281250000000e+00 2.249889331663165337e-22
1.454101562500000000e+00 -2.558484697249429711e-23
1.454589843750000000e+00 3.002931932778719659e-22
1.455078125000000000e+00 1.435859195296778085e-22
1.455566406250000000e+00 5.248395677935407028e-24
1.456054687500000000e+00 2.803105097178277580e-22
1.456542968750000000e+00 -1.415081144150112279e-22
1.457031250000000000e+00 1.021049315704712515e-22
1.457519531250000000e+00 -4.992863271352117525e-23
1.458007812500000000e+00 -5.770604230324667652e-24
1.458496093750000000e+00 8.608670440777456778e-23
1.458984375000000000e+00 7.793626495895052023e-24
1.459472656250000000e+00 1.084261168252317917e-22
1.459960937500000000e+00 -5.761052440209286713e-23
1.460449218750000000e+00 -3.211456078775305604e-22
1.460937500000000000e+00 -5.409945499975385453e-23
1.461425781250000000e+00 -4.426844603623273069e-23
1.461914062500000000e+00 1.159647461661223927e-22
1.462402343750000000e+00 -2.407852024774324439e-22
1.462890625000000000e+00 1.236933349981461047e-22
1.463378906250000000e+00 -2.037763678542666560e-22
1.463867187500000000e+00 7.344095254528313115e-23
1.464355468750000000e+00 -1.060350494537147202e-22
1.464843750000000000e+00 9.015395691969852308e-23
1.465332031250000000e+00 -2.464521973963175865e-22
1.465820312500000000e+00 -1.740344987326092594e-22
1.466308593750000000e+00 1.853050290025475117e-22
1.466796875000000000e+00 -2.148662161226368253e-22
1.467285156250000000e+00 1.303379634476403670e-24
1.467773437500000000e+00 -1.323926744078895404e-22
1.468261718750000000e+00 -1.967575087865046118e-22
1.468750000000000000e+00 1.758856628929120819e-22
1.469238281250000000e+00 -1.005740702364140559e-22
1.469726562500000000e+00 1.652175638898278924e-22
1.470214843750000000e+00 -3.439852589053058489e-23
1.470703125000000000e+00 9.800964712112752318e-23
1.471191406250000000e+00 -1.299204895226848164e-22
1.471679687500000000e+00 -4.834671195054036207e-23
1.472167968750000000e+00 -3.120266663262649389e-23
1.472656250000000000e+00 -1.447245558046225717e-24
1.473144531250000000e+00 -4.397590540949876093e-23
1.473632812500000000e+00 4.387570856411322229e-22
1.474121093750000000e+00 -4.707392905909428202e-23
1.474609375000000000e+00 2.250660456271089045e-23
1.475097656250000000e+00 -6.627485717943219797e-23
1.475585937500000000e+00 1.043540729778671410e-22
1.476074218750000000e+00 2.208645879389312103e-23
1.476562500000000000e+00 1.751303653325669613e-22
1.477050781250000000e+00 1.274360360242774755e-22
1.477539062500000000e+00 -2.170805705192199379e-22
1.478027343750000000e+00 9.982969166829223571e-23
1.478515625000000000e+00 1.059275317582798624e-23
1.479003906250000000e+00 -9.535139352151196151e-23
1.479492187500000000e+00 9.816333106316259927e-23
1.479980468750000000e+00 -1.344632728560688334e-22
1.480468750000000000e+00 -7.992459361528008055e-23
1.480957031250000000e+00 1.168469888940006300e-22
1.481445312500000000e+00 -1.239852461958614978e-22
1.481933593750000000e+00 1.220221533072881056e-22
1.482421875000000000e+00 1.708758120046964416e-22
1.482910156250000000e+00 9.561296772157144464e-23
1.483398437500000000e+00 8.482265098858509210e-23
1.483886718750000000e+00 -1.172406626531169361e-22
1.484375000000000000e+00 1.752612369690445720e-23
1.484863281250000000e+00 -3.025637723284166198e-22
1.485351562500000000e+00 1.771525793121873844e-22
1.485839843750000000e+00 5.149681479776853470e-23
1.486328125000000000e+00 2.336356591566740401e-22
1.486816406250000000e+00 -2.810035175021596869e-22
1.487304687500000000e+00 1.141133842056958640e-22
1.487792968750000000e+00 -6.578134454758480675e-23
1.488281250000000000e+00 1.607699064947070732e-22
1.488769531250000000e+00 3.326140970293200105e-23
1.489257812500000000e+00 -6.173881776739683310e-23
1.489746093750000000e+00 1.901879697140815090e-22
1.490234375000000000e+00 -1.199277261519823045e-23
1.490722656250000000e+00 1.019189053902587708e-22
1.491210937500000000e+00 -3.516463370719713952e-22
1.491699218750000000e+00 1.691879130193154216e-22
1.492187500000000000e+00 9.905079713997714497e-24
1.492675781250000000e+00 2.849519134507849363e-23
1.493164062500000000e+00 -2.075578399146497113e-22
1.493652343750000000e+00 -2.313573837139312900e-22
1.494140625000000000e+00 -5.342351525284841222e-23
1.494628906250000000e+00 -1.949991812834861317e-22
1.495117187500000000e+00 -1.369281633239934028e-22
1.495605468750000000e+00 1.778607888688460818e-23
1.496093750000000000e+00 2.332439059255136532e-23
1.496582031250000000e+00 -1.313674439472754225e-22
1.497070312500000000e+00 -5.011765841696870847e-23
1.497558593750000000e+00 -8.880197022519403191e-23
1.498046875000000000e+00 4.633056316662258762e-23
1.498535156250000000e+00 -2.943254879814083852e-22
1.499023437500000000e+00 -2.469825366507187216e-22
1.499511718750000000e+00 1.847991811548162271e-22
1.500000000000000000e+00 1.197615029908572854e-22
1.500488281250000000e+00 2.457533155501075339e-22
1.500976562500000000e+00 -4.494814811118010606e-23
1.501464843750000000e+00 2.618192934416181125e-22
1.501953125000000000e+00 5.176520799337448738e-23
1.502441406250000000e+00 3.860164127422422412e-23
1.502929687500000000e+00 1.785490580144812349e-22
1.503417968750000000e+00 3.955560766747374577e-23
1.503906250000000000e+00 2.296457792054800540e-22
1.504394531250000000e+00 -2.914964098576681585e-23
1.504882812500000000e+00 1.077892473060539852e-22
1.505371093750000000e+00 -6.846258669508542974e-23
1.505859375000000000e+00 3.578236188336585454e-22
1.506347656250000000e+00 9.847791725135876774e-23
1.506835937500000000e+00 -1.159147742038013981e-22
1.507324218750000000e+00 -1.037231171958817925e-24
1.507812500000000000e+00 -1.324394548463222451e-22
1.508300781250000000e+00 -1.117807784814488965e-22
1.508789062500000000e+00 -2.660390862609211218e-23
1.509277343750000000e+00 -5.874062137206988390e-23
1.509765625000000000e+00 3.814761748535898498e-23
1.510253906250000000e+00 -3.509325104698062227e-23
1.510742187500000000e+00 -7.321020583006319385e-23
1.511230468750000000e+00 -6.736567877612731568e-23
1.511718750000000000e+00 1.093523302065919956e-22
1.512207031250000000e+00 -7.003070182450216379e-23
1.512695312500000000e+00 -1.346380907634885893e-22
1.513183593750000000e+00 4.464540953356062284e-23
1.513671875000000000e+00 -1.082544383906923342e-22
1.514160156250000000e+00 1.719676181962802208e-22
1.514648437500000000e+00 -1.476190233847101070e-22
1.515136718750000000e+00 -5.597387766115575649e-23
1.515625000000000000e+00 4.527032145151504478e-23
1.516113281250000000e+00 -2.083139791878841118e-23
1.516601562500000000e+00 -7.249549985250077801e-24
1.517089843750000000e+00 -7.215459120527224630e-24
1.517578125000000000e+00 1.184226593559702299e-22
1.518066406250000000e+00 1.377618437906304767e-22
1.518554687500000000e+00 4.068153933517068491e-23
1.519042968750000000e+00 -3.213477361834645572e-23
1.519531250000000000e+00 -4.466496080526103320e-23
1.520019531250000000e+00 -6.330392124549915712e-23
1.520507812500000000e+00 -1.968376272027126614e-22
1.520996093750000000e+00 -1.615476243698769716e-22
1.521484375000000000e+00 1.654935030970541787e-22
1.521972656250000000e+00 -2.850397020817312371e-22
1.522460937500000000e+00 2.224787628016182244e-22
1.522949218750000000e+00 -2.766767916707589973e-22
1.523437500000000000e+00 7.237476634629107371e-23
1.523925781250000000e+00 -4.329359222698941060e-23
1.524414062500000000e+00 1.392701985336293252e-22
1.524902343750000000e+00 8.841983268134993263e-23
1.525390625000000000e+00 2.287744093973793721e-23
1.525878906250000000e+00 -1.567941535771279818e-22
1.526367187500000000e+00 1.971029112422577072e-22
1.526855468750000000e+00 1.129096863642389624e-23
1.527343750000000000e+00 1.850017154925287089e-22
1.527832031250000000e+00 6.786671105971787970e-23
1.528320312500000000e+00 4.642354326305833138e-23
1.528808593750000000e+00 -3.460623882556414219e-23
1.529296875000000000e+00 8.841400663208132444e-23
1.529785156250000000e+00 1.947854067831203065e-25
1.530273437500000000e+00 -1.573323924474760595e-22
1.530761718750000000e+00 3.651838613195302512e-23
1.531250000000000000e+00 1.162906174629123668e-22
1.531738281250000000e+00 -2.102110784513831328e-22
1.532226562500000000e+00 1.674187620939933822e-22
1.532714843750000000e+00 8.411283036059760808e-23
1.533203125000000000e+00 1.336202056425759457e-22
1.533691406250000000e+00 -1.158602401338591859e-22
1.534179687500000000e+00 -9.500303570709587188e-23
1.534667968750000000e+00 -2.103992175809677656e-23
1.535156250000000000e+00 -1.045728601714533242e-22
1.535644531250000000e+00 -1.448805364054576646e-22
1.536132812500000000e+00 -9.776950346620014892e-23
1.536621093750000000e+00 -1.929069257936417433e-22
1.537109375000000000e+00 1.172383134745701155e-22
1.537597656250000000e+00 -2.196213464884675647e-22
1.538085937500000000e+00 -9.563221883668524665e-23
1.538574218750000000e+00 2.221732540485262078e-22
1.539062500000000000e+00 1.754938140646088858e-22
1.539550781250000000e+00 4.617924091213864086e-23
1.540039062500000000e+00 1.417633677142446516e-23
1.540527343750000000e+00 2.035896065182858773e-22
1.541015625000000000e+00 -2.105118270181316169e-23
1.541503906250000000e+00 1.745670412379512880e-22
1.541992187500000000e+00 -7.234229428461353374e-23
1.542480468750000000e+00 2.968360306698735309e-22
1.542968750000000000e+00 -4.565240290821497994e-23
1.543457031250000000e+00 2.845775495016755256e-23
1.543945312500000000e+00 -1.760203285133082363e-22
1.544433593750000000e+00 4.997765345314467933e-24
1.544921875000000000e+00 4.681476279719625049e-23
1.545410156250000000e+00 2.428768036510990100e-22
1.545898437500000000e+00 -2.479033013284650624e-22
1.546386718750000000e+00 -4.900588129344980216e-23
1.546875000000000000e+00 -2.070616099443015836e-22
1.547363281250000000e+00 1.872169149995242891e-22
1.547851562500000000e+00 -2.169095311674722917e-22
1.548339843750000000e+00 -5.353967122574062932e-23
1.548828125000000000e+00 -1.700258242360035274e-22
1.549316406250000000e+00 -7.928433183891660510e-23
1.549804687500000000e+00 -4.997180849168607659e-23
1.550292968750000000e+00 -8.190179223906546277e-23
1.550781250000000000e+00 7.073662354363238030e-23
1.551269531250000000e+00 -9.523221920035493810e-23
1.551757812500000000e+00 2.543532979752249477e-23
1.552246093750000000e+00 -1.374014873747410741e-22
1.552734375000000000e+00 6.530860537780974907e-23
1.553222656250000000e+00 3.086351580074449459e-22
1.553710937500000000e+00 -5.630597400724107847e-24
1.554199218750000000e+00 4.435700221099250421e-24
1.554687500000000000e+00 -2.703181172863659600e-23
1.555175781250000000e+00 2.239287508652551694e-22
1.555664062500000000e+00 -3.610106687395408243e-23
1.556152343750000000e+00 1.766563899295150889e-22
1.556640625000000000e+00 -2.333998981586499972e-22
1.557128906250000000e+00 8.946781167105445303e-23
1.557617187500000000e+00 -9.855981721924739812e-23
1.558105468750000000e+00 1.089774434167248288e-22
1.558593750000000000e+00 -3.907204060760773410e-22
1.559082031250000000e+00 1.954619145652396831e-22
1.559570312500000000e+00 1.523931600786075330e-22
1.560058593750000000e+00 -1.695681448295511300e-22
1.560546875000000000e+00 2.927764842621707128e-23
1.561035156250000000e+00 2.530863689465725775e-22
1.561523437500000000e+00 1.203589550368130004e-22
1.562011718750000000e+00 1.429545537675925908e-22
1.562500000000000000e+00 5.797843952146409195e-23
1.562988281250000000e+00 -7.868822137455963943e-23
1.563476562500000000e+00 -5.659021056022797972e-23
1.563964843750000000e+00 2.958803846812594255e-23
1.564453125000000000e+00 -5.171704064900995795e-23
1.564941406250000000e+00 -9.525100247538625653e-23
1.565429687500000000e+00 -5.790845840619397037e-23
1.565917968750000000e+00 -2.786884125587415880e-23
1.566406250000000000e+00 1.223204125569790449e-22
1.566894531250000000e+00 -6.034448299710631655e-23
1.567382812500000000e+00 4.229835309911818260e-23
1.567871093750000000e+00 -8.771290546122342296e-23
1.568359375000000000e+00 -3.417857735218404908e-23
1.568847656250000000e+00 1.302132618207963875e-22
1.569335937500000000e+00 -1.769310199680826080e-22
1.569824218750000000e+00 1.790055873891922963e-22
1.570312500000000000e+00 -1.526976780815342132e-22
1.570800781250000000e+00 -1.157911436463471930e-22
1.571289062500000000e+00 -2.634124365591403741e-23
1.571777343750000000e+00 8.693162852765200180e-24
1.572265625000000000e+00 -2.740125506041358801e-22
1.572753906250000000e+00 1.193987426480608443e-22
1.573242187500000000e+00 4.976370160847565961e-23
1.573730468750000000e+00 2.367313707804844790e-24
1.574218750000000000e+00 7.114644599109970144e-23
1.574707031250000000e+00 -8.892303953317160316e-23
1.575195312500000000e+00 1.501265913483278638e-22
1.575683593750000000e+00 -1.369143683626843595e-22
1.576171875000000000e+00 1.367468374208006819e-22
1.576660156250000000e+00 1.346475996131015102e-23
1.577148437500000000e+00 -5.693049472690083994e-23
1.577636718750000000e+00 9.377591380996719068e-23
1.578125000000000000e+00 -2.783494131702871113e-23
1.578613281250000000e+00 -3.280274079640450218e-23
1.579101562500000000e+00 3.300989826783929500e-23
1.579589843750000000e+00 -3.283248787159337862e-23
1.580078125000000000e+00 1.056389783399363504e-22
1.580566406250000000e+00 -2.690263338662454388e-22
1.581054687500000000e+00 1.102966231331866705e-22
1.581542968750000000e+00 5.464986457355639226e-24
1.582031250000000000e+00 -8.615872974396024628e-24
1.582519531250000000e+00 -1.882878422629834302e-22
1.583007812500000000e+00 1.706263156496500410e-23
1.583496093750000000e+00 -8.178924722408379614e-24
1.583984375000000000e+00 -1.527074834117945885e-23
1.584472656250000000e+00 1.699845222474117959e-22
1.584960937500000000e+00 1.057823475685757732e-22
1.585449218750000000e+00 4.119537624701875235e-23
1.585937500000000000e+00 9.855550540982004422e-23
1.586425781250000000e+00 -9.383904017701751412e-24
1.586914062500000000e+00 -1.370893925827128210e-22
1.587402343750000000e+00 2.384627994402378285e-22
1.587890625000000000e+00 -1.633323215313039841e-23
1.588378906250000000e+00 -8.635578060828790668e-23
1.588867187500000000e+00 6.790441690490722235e-23
1.589355468750000000e+00 -1.071772250236087140e-22
1.589843750000000000e+00 1.792097182347299814e-22
1.590332031250000000e+00 2.082788465755120765e-22
1.590820312500000000e+00 -4.235871644945541715e-23
1.591308593750000000e+00 5.300071257969788888e-23
1.591796875000000000e+00 -3.481867013356205895e-23
1.592285156250000000e+00 -1.347670642064093411e-22
1.592773437500000000e+00 -2.448699269696536955e-22
1.593261718750000000e+00 2.399327222125999426e-22
1.593750000000000000e+00 -1.497940563941276812e-22
1.594238281250000000e+00 -2.993958809036380612e-23
1.594726562500000000e+00 7.716221478835503476e-23
1.595214843750000000e+00 5.539679029068374665e-23
1.595703125000000000e+00 -6.184632148944196455e-23
1.596191406250000000e+00 2.058867848806346100e-22
1.596679687500000000e+00 -3.608577676952181586e-23
1.597167968750000000e+00 -1.509218536608900503e-22
1.597656250000000000e+00 5.725219257082381032e-24
1.598144531250000000e+00 -4.036874203240430725e-22
1.598632812500000000e+00 4.787057223683325030e-23
1.599121093750000000e+00 -1.355603809786701173e-22
1.599609375000000000e+00 -2.583162979933116647e-22
1.600097656250000000e+00 2.357480598783007873e-23
1.600585937500000000e+00 1.326693261978800823e-22
1.601074218750000000e+00 9.768937645893986686e-23
1.601562500000000000e+00 3.339051591514411175e-23
1.602050781250000000e+00 2.481875497432141967e-23
1.602539062500000000e+00 3.363048932226980824e-23
1.603027343750000000e+00 -6.431735962959316161e-25
1.603515625000000000e+00 -1.390215246106140767e-22
1.604003906250000000e+00 -2.124977566491350495e-22
1.604492187500000000e+00 1.653786757109950755e-23
1.604980468750000000e+00 2.479013437463607309e-22
1.605468750000000000e+00 1.629985031654529901e-22
1.605957031250000000e+00 1.577712575671147546e-22
1.606445312500000000e+00 -1.912675595979912975e-23
1.606933593750000000e+00 -1.140133107734526001e-22
1.607421875000000000e+00 1.670925686567960050e-23
1.607910156250000000e+00 -2.684990555135364034e-23
1.608398437500000000e+00 5.073899869158972671e-23
1.608886718750000000e+00 8.400417980909993944e-23
1.609375000000000000e+00 -2.387940367897354889e-23
1.609863281250000000e+00 -5.680756667837574290e-23
1.610351562500000000e+00 1.964134067387818121e-22
1.610839843750000000e+00 -4.251725907142397958e-23
1.611328125000000000e+00 -1.419463674262376866e-23
1.611816406250000000e+00 9.331820600812920980e-23
1.612304687500000000e+00 5.996165016747700064e-23
1.612792968750000000e+00 1.172468821248858618e-22
1.613281250000000000e+00 -1.644399660494116534e-22
1.613769531250000000e+00 2.445897445695885883e-22
1.614257812500000000e+00 -1.654163696371153089e-22
1.614746093750000000e+00 1.370803058806572825e-23
1.615234375000000000e+00 2.810082801804391657e-23
1.615722656250000000e+00 1.289120179706302978e-22
1.616210937500000000e+00 -1.183317070630470094e-22
1.616699218750000000e+00 5.597503597316846086e-23
1.617187500000000000e+00 -2.062846863291903523e-23
1.617675781250000000e+00 3.671128568895700862e-23
1.618164062500000000e+00 7.898940583330395076e-23
1.618652343750000000e+00 -3.384406240276816335e-22
1.619140625000000000e+00 9.508706011879273509e-23
1.619628906250000000e+00 -2.042099269017391742e-22
1.620117187500000000e+00 -2.045808319432159849e-23
1.620605468750000000e+00 -4.914921107885413924e-23
1.621093750000000000e+00 -1.320606831298540031e-22
1.621582031250000000e+00 3.073075736795659499e-22
1.622070312500000000e+00 -2.132758578628199005e-22
1.622558593750000000e+00 -1.197667835273920318e-22
1.623046875000000000e+00 1.318870576703360989e-22
1.623535156250000000e+00 -2.751885626353659830e-22
1.624023437500000000e+00 3.539955313231150488e-23
1.624511718750000000e+00 -5.833105285383522287e-23
1.625000000000000000e+00 3.013745066067906233e-23
1.625488281250000000e+00 5.479195681330986009e-23
1.625976562500000000e+00 2.163685985204267309e-22
1.626464843750000000e+00 1.297050127302013672e-22
1.626953125000000000e+00 -1.848969733255122644e-22
1.627441406250000000e+00 9.922368549665243464e-23
1.627929687500000000e+00 -1.596416197534666842e-22
1.628417968750000000e+00 -8.465621530420907898e-23
1.628906250000000000e+00 1.170237344201597500e-22
1.629394531250000000e+00 -2.362111883792102207e-22
1.629882812500000000e+00 6.656928196335271677e-23
1.630371093750000000e+00 1.943101375517174360e-22
1.630859375000000000e+00 -5.567356046290321366e-23
1.631347656250000000e+00 3.260549716451584664e-23
1.631835937500000000e+00 -1.885062607048524193e-24
1.632324218750000000e+00 2.248042272807735337e-22
1.632812500000000000e+00 -6.893545299336660261e-23
1.633300781250000000e+00 3.884657604554327669e-23
1.633789062500000000e+00 1.202238722820113335e-22
1.634277343750000000e+00 7.150123079221396497e-23
1.634765625000000000e+00 4.494954170966797064e-23
1.635253906250000000e+00 -2.287000107618916565e-22
1.635742187500000000e+00 -1.519519913267086446e-23
1.636230468750000000e+00 -1.111975529278245364e-22
1.636718750000000000e+00 1.240295424585019129e-22
1.637207031250000000e+00 -1.571779482831266485e-22
1.637695312500000000e+00 -4.516446924365903108e-24
1.638183593750000000e+00 1.488364806746985831e-23
1.638671875000000000e+00 -4.184645818770569820e-23
1.639160156250000000e+00 -5.173239024246738081e-23
1.639648437500000000e+00 6.532990968654619427e-23
1.640136718750000000e+00 1.703211479922772362e-22
1.640625000000000000e+00 1.836950450318725699e-22
1.641113281250000000e+00 7.563867223668066717e-23
1.641601562500000000e+00 2.111047789733698549e-22
1.642089843750000000e+00 -1.293820850752372851e-23
1.642578125000000000e+00 -2.712670166901780343e-23
1.643066406250000000e+00 -2.043155976145754772e-22
1.643554687500000000e+00 3.212095655125907297e-23
1.644042968750000000e+00 6.858191436405627074e-23
1.644531250000000000e+00 -1.383729256008229428e-22
1.645019531250000000e+00 -1.684047538080172652e-23
1.645507812500000000e+00 -6.522353136288647336e-24
1.645996093750000000e+00 -5.621815833165272998e-23
1.646484375000000000e+00 4.567362780273655847e-23
1.646972656250000000e+00 -4.802756280854741119e-23
1.647460937500000000e+00 9.681569413984487048e-23
1.647949218750000000e+00 -1.760499905164319924e-22
1.648437500000000000e+00 -6.276532326720817391e-23
1.648925781250000000e+00 -8.104337567023168675e-23
1.649414062500000000e+00 3.195980499404585160e-23
1.649902343750000000e+00 -2.426437795060894414e-22
1.650390625000000000e+00 -1.986285320767572918e-23
1.650878906250000000e+00 -3.353216168434067648e-23
1.651367187500000000e+00 5.915237405179434873e-23
1.651855468750000000e+00 -1.757145667179024872e-22
1.652343750000000000e+00 -3.948105056708509531e-23
1.652832031250000000e+00 -3.424222543398843513e-23
1.653320312500000000e+00 1.171391504039061337e-22
1.653808593750000000e+00 4.996826709262479644e-23
1.654296875000000000e+00 2.028939021841931165e-22
1.654785156250000000e+00 2.454894950403472440e-22
1.655273437500000000e+00 8.319304038602114697e-25
1.655761718750000000e+00 2.732027611135518817e-23
1.656250000000000000e+00 9.822465014848972109e-23
1.656738281250000000e+00 -8.833763018013152817e-23
1.657226562500000000e+00 -1.586590898274443454e-22
1.657714843750000000e+00 -1.451781327153732190e-23
1.658203125000000000e+00 2.909686371992599533e-22
1.658691406250000000e+00 4.811461893529306414e-23
1.659179687500000000e+00 -1.687816367827593710e-22
1.659667968750000000e+00 1.688124202596690452e-22
1.660156250000000000e+00 -2.879038308121313592e-22
1.660644531250000000e+00 -1.733430268047922126e-24
1.661132812500000000e+00 1.096339915211387425e-23
1.661621093750000000e+00 8.499495323834341261e-23
1.662109375000000000e+00 -9.810640704042131952e-23
1.662597656250000000e+00 2.048450465246032691e-22
1.663085937500000000e+00 -3.967806324372812608e-23
1.663574218750000000e+00 -2.376438320979214492e-22
1.664062500000000000e+00 1.321276580385846195e-22
1.664550781250000000e+00 -1.428419001047079589e-22
1.665039062500000000e+00 -1.979541328458501580e-23
1.665527343750000000e+00 -2.337951453429306474e-22
1.666015625000000000e+00 3.992229233662810619e-24
1.666503906250000000e+00 9.328393299555771304e-23
1.666992187500000000e+00 -1.073259395620149595e-22
1.667480468750000000e+00 7.873291631859655349e-23
1.667968750000000000e+00 9.714668039191193772e-23
1.668457031250000000e+00 -6.773901961551861127e-23
1.668945312500000000e+00 1.768674125151693958e-22
1.669433593750000000e+00 2.498294889817070047e-22
1.669921875000000000e+00 -1.019785923318652248e-22
1.670410156250000000e+00 1.420413601730654007e-22
1.670898437500000000e+00 4.650017411834587131e-23
1.671386718750000000e+00 -6.965439737851481350e-23
1.671875000000000000e+00 2.230931913056799282e-22
1.672363281250000000e+00 2.123544293851260635e-22
1.672851562500000000e+00 -7.424475694038342152e-23
1.673339843750000000e+00 -1.585329687004298407e-22
1.673828125000000000e+00 -2.083123139852729296e-22
1.674316406250000000e+00 -1.957268045580792786e-22
1.674804687500000000e+00 4.594871558309729301e-23
1.675292968750000000e+00 -2.466756523237949503e-22
1.675781250000000000e+00 1.626418021557246978e-22
1.676269531250000000e+00 -9.125398813029655609e-23
1.676757812500000000e+00 5.677687087276863409e-23
1.677246093750000000e+00 1.571488637139929458e-23
1.677734375000000000e+00 -7.340302017900049332e-23
1.678222656250000000e+00 -1.676350816843641126e-22
1.678710937500000000e+00 -6.765827738175733146e-23
1.679199218750000000e+00 1.550437750814785624e-22
1.679687500000000000e+00 9.227214287180493662e-23
1.680175781250000000e+00 1.335704866925482034e-22
1.680664062500000000e+00 -6.239219794438721251e-23
1.681152343750000000e+00 7.911263958318535749e-23
1.681640625000000000e+00 1.038891802022287514e-22
1.682128906250000000e+00 -8.350311605021990652e-23
1.682617187500000000e+00 -2.175658883199617729e-22
1.683105468750000000e+00 3.426486948602076472e-23
1.683593750000000000e+00 -7.161028969207795459e-23
1.684082031250000000e+00 1.320495141622682714e-22
1.684570312500000000e+00 5.756107928030252409e-23
1.685058593750000000e+00 1.538222226155022522e-22
1.685546875000000000e+00 8.456107514210878441e-24
1.686035156250000000e+00 1.178989887886855190e-22
1.686523437500000000e+00 -5.935412108792879066e-23
1.687011718750000000e+00 -7.175454159625775823e-23
1.687500000000000000e+00 5.841822718415579495e-23
1.687988281250000000e+00 -1.022012102250698894e-22
1.688476562500000000e+00 -8.674882515571347665e-24
1.688964843750000000e+00 -4.341121211544292312e-23
1.689453125000000000e+00 9.123443810629221014e-23
1.689941406250000000e+00 1.792912884381645927e-22
1.690429687500000000e+00 -3.126173305693459177e-22
1.690917968750000000e+00 9.830279586986275456e-23
1.691406250000000000e+00 -1.581157281765929659e-22
1.691894531250000000e+00 4.924237136730144334e-23
1.692382812500000000e+00 1.797782769056326765e-22
1.692871093750000000e+00 -1.761436229789906495e-22
1.693359375000000000e+00 5.177267849747606673e-23
1.693847656250000000e+00 8.133794520729773202e-24
1.694335937500000000e+00 -3.746220061899000821e-23
1.694824218750000000e+00 5.353294160116004958e-24
1.695312500000000000e+00 3.774895816581748015e-23
1.695800781250000000e+00 -1.074092214355808160e-22
1.696289062500000000e+00 1.505276283606768540e-22
1.696777343750000000e+00 -1.108128939499545378e-22
1.697265625000000000e+00 1.566172471521435732e-22
1.697753906250000000e+00 -2.683164353947463098e-22
1.698242187500000000e+00 4.834442665302174519e-24
1.698730468750000000e+00 -9.500571410166603707e-23
1.699218750000000000e+00 -2.217299408806681712e-22
1.699707031250000000e+00 2.109005641068208293e-23
1.700195312500000000e+00 -5.888932763267426586e-25
1.700683593750000000e+00 -1.338763827443654538e-22
1.701171875000000000e+00 -7.851677525496284941e-24
1.701660156250000000e+00 7.562399463076491770e-23
1.702148437500000000e+00 6.792020990113913295e-23
1.702636718750000000e+00 8.533854551780312653e-23
1.703125000000000000e+00 2.048829004302845552e-23
1.703613281250000000e+00 1.681743811436125251e-22
1.704101562500000000e+00 1.204053173899565751e-22
1.704589843750000000e+00 1.758546802029045872e-22
1.705078125000000000e+00 1.228461294308458238e-22
1.705566406250000000e+00 -6.560838385229082304e-23
1.706054687500000000e+00 -6.972968222065940848e-23
1.706542968750000000e+00 -7.362743184352242940e-23
1.707031250000000000e+00 9.599189435875555275e-23
1.707519531250000000e+00 -9.311710178365438825e-23
1.708007812500000000e+00 -1.288812528684615559e-22
1.708496093750000000e+00 2.506020019428023414e-22
1.708984375000000000e+00 1.837655391345214249e-22
1.709472656250000000e+00 -1.676721676455080119e-22
1.709960937500000000e+00 1.470845907446359269e-22
1.710449218750000000e+00 -1.231583296115546263e-22
1.710937500000000000e+00 1.283111315536893136e-22
1.711425781250000000e+00 -6.299377149119749824e-23
1.711914062500000000e+00 7.784780026541893282e-23
1.712402343750000000e+00 -1.545800315919019771e-22
1.712890625000000000e+00 1.119453595317572131e-22
1.713378906250000000e+00 5.123773266859250416e-23
1.713867187500000000e+00 3.605289106010106296e-23
1.714355468750000000e+00 -3.365559759153773977e-23
1.714843750000000000e+00 -9.057235591774698577e-23
1.715332031250000000e+00 -1.945617701168838540e-22
1.715820312500000000e+00 1.583901450583597011e-22
1.716308593750000000e+00 4.869487682477499571e-23
1.716796875000000000e+00 -3.494498988715423328e-22
1.717285156250000000e+00 7.629963717341220491e-23
1.717773437500000000e+00 -1.865059112066641640e-22
1.718261718750000000e+00 -6.827607603953221438e-23
1.718750000000000000e+00 1.135232635979893594e-22
1.719238281250000000e+00 1.796530682763824539e-22
1.719726562500000000e+00 -1.439795362949899293e-23
1.720214843750000000e+00 -1.257775684974792474e-22
1.720703125000000000e+00 -7.480994303495047995e-23
1.721191406250000000e+00 1.876175462276332158e-23
1.721679687500000000e+00 -4.390559471689321998e-23
1.722167968750000000e+00 1.405948922436584562e-22
1.722656250000000000e+00 -1.528631572055508715e-22
1.723144531250000000e+00 -6.861523239059300920e-23
1.723632812500000000e+00 -9.014115190223756136e-23
1.724121093750000000e+00 -1.141474159363435899e-22
1.724609375000000000e+00 3.392188896387250023e-22
1.725097656250000000e+00 -8.095685540373745367e-23
1.725585937500000000e+00 -7.029736722155165292e-23
1.726074218750000000e+00 1.301566086245962826e-22
1.726562500000000000e+00 -2.300728344537416004e-22
1.727050781250000000e+00 5.774322013974326125e-23
1.727539062500000000e+00 1.137337800720137327e-22
1.728027343750000000e+00 -2.216107192219742493e-22
1.728515625000000000e+00 1.357252900926233242e-22
1.729003906250000000e+00 6.538868008666380741e-23
1.729492187500000000e+00 1.413613695067193625e-22
1.729980468750000000e+00 1.654367934685789672e-22
1.730468750000000000e+00 -1.196406587685237869e-23
1.730957031250000000e+00 -8.050990908799117739e-23
1.731445312500000000e+00 -1.673207376100149985e-22
1.731933593750000000e+00 -1.042640663749963080e-22
1.732421875000000000e+00 5.995682153580564002e-23
1.732910156250000000e+00 -6.129507711710754316e-23
1.733398437500000000e+00 2.569426262722587058e-23
1.733886718750000000e+00 1.118770246820250474e-22
1.734375000000000000e+00 7.235358340465848904e-23
1.734863281250000000e+00 3.126026874780170693e-23
1.735351562500000000e+00 2.722463458274174472e-22
1.735839843750000000e+00 -3.548478279396264882e-23
1.736328125000000000e+00 -3.579355814554098040e-22
1.736816406250000000e+00 -8.570027573820487584e-23
1.737304687500000000e+00 -4.199676948449480818e-23
1.737792968750000000e+00 3.158773083917874633e-22
1.738281250000000000e+00 1.330214140187784382e-22
1.738769531250000000e+00 -7.109283254040929067e-23
1.739257812500000000e+00 3.141980317424369484e-23
1.739746093750000000e+00 1.535668903733963221e-23
1.740234375000000000e+00 3.039293624750343952e-22
1.740722656250000000e+00 -1.839597245971091135e-22
1.741210937500000000e+00 8.899615497245379382e-23
1.741699218750000000e+00 2.307189456862900050e-22
1.742187500000000000e+00 -2.002649268867051605e-23
1.742675781250000000e+00 -2.691608096184096051e-23
1.743164062500000000e+00 -1.042951536728505450e-22
1.743652343750000000e+00 2.503535386562996826e-22
1.744140625000000000e+00 -9.701751481843141697e-23
1.744628906250000000e+00 -5.623700835355461216e-23
1.745117187500000000e+00 -1.717548379363208832e-22
1.745605468750000000e+00 8.205879454226464336e-23
1.746093750000000000e+00 -1.615738810076883687e-22
1.746582031250000000e+00 -3.602004258823073225e-23
1.747070312500000000e+00 2.464207458541150761e-22
1.747558593750000000e+00 -1.362484783756206505e-22
1.748046875000000000e+00 -3.538228232738721841e-23
1.748535156250000000e+00 -1.718369687920131306e-22
1.749023437500000000e+00 7.604682246709417839e-23
1.749511718750000000e+00 -1.792981488277786288e-22
1.750000000000000000e+00 -1.665621055803611710e-22
1.750488281250000000e+00 -1.363942329923392876e-22
1.750976562500000000e+00 1.047850977751634096e-22
1.751464843750000000e+00 -2.666911419910589357e-22
1.751953125000000000e+00 -1.487686639577110240e-22
1.752441406250000000e+00 1.239508356217113287e-22
1.752929687500000000e+00 -1.816858066232239152e-22
1.753417968750000000e+00 9.150280639712300012e-23
1.753906250000000000e+00 4.775429349469236624e-24
1.754394531250000000e+00 -2.036337230163702400e-23
1.754882812500000000e+00 1.837227541342378262e-22
1.755371093750000000e+00 -1.908769021866209987e-22
1.755859375000000000e+00 1.063090610948415723e-22
1.756347656250000000e+00 -1.755977832749324638e-23
1.756835937500000000e+00 -7.984394408260792985e-24
1.757324218750000000e+00 -2.710005190555994265e-23
1.757812500000000000e+00 6.380767075920346026e-23
1.758300781250000000e+00 -3.113324408218200773e-23
1.758789062500000000e+00 3.688057322054775406e-23
1.759277343750000000e+00 -8.565996567207424094e-23
1.759765625000000000e+00 8.525712018784807302e-23
1.760253906250000000e+00 1.106029503094020243e-22
1.760742187500000000e+00 6.820501433549795789e-23
1.761230468750000000e+00 2.404959147947413936e-22
1.761718750000000000e+00 -6.719653335833842127e-23
1.762207031250000000e+00 1.856736932805378878e-23
1.762695312500000000e+00 1.942288786789495489e-22
1.763183593750000000e+00 1.712537432274982385e-22
1.763671875000000000e+00 -2.484216937136919610e-22
1.764160156250000000e+00 2.145715322354014865e-22
1.764648437500000000e+00 4.813907482888967098e-23
1.765136718750000000e+00 9.757932427041341907e-24
1.765625000000000000e+00 3.221197869160329348e-22
1.766113281250000000e+00 2.943604367615545252e-23
1.766601562500000000e+00 -3.431237598059050520e-23
1.767089843750000000e+00 -1.242795776126816655e-22
1.767578125000000000e+00 -8.090116548396635095e-24
1.768066406250000000e+00 -1.770583779292568851e-22
1.768554687500000000e+00 1.073373679626566875e-22
1.769042968750000000e+00 -4.006851706815415013e-23
1.769531250000000000e+00 -3.505916531160358797e-23
1.770019531250000000e+00 -3.975483036190048006e-23
1.770507812500000000e+00 -1.754428151778461167e-22
1.770996093750000000e+00 2.457296474896411353e-23
1.771484375000000000e+00 -2.677538990311863520e-22
1.771972656250000000e+00 5.429280248145583279e-23
1.772460937500000000e+00 -9.816780282056325689e-23
1.772949218750000000e+00 -9.405008535621076205e-23
1.773437500000000000e+00 2.451240369451865926e-23
1.773925781250000000e+00 2.213443683146527127e-22
1.774414062500000000e+00 -2.190230087147303510e-22
1.774902343750000000e+00 1.156512577716514301e-22
1.775390625000000000e+00 2.974019912228399493e-22
1.775878906250000000e+00 -1.019599897149767077e-22
1.776367187500000000e+00 5.662649492595681191e-23
1.776855468750000000e+00 3.149145394763164069e-23
1.777343750000000000e+00 -9.567997197714484454e-23
1.777832031250000000e+00 1.983881279803881881e-22
1.778320312500000000e+00 -2.174307317082455752e-23
1.778808593750000000e+00 -5.219011898066741730e-24
1.779296875000000000e+00 -1.348850095462234636e-23
1.779785156250000000e+00 -4.166240436052426338e-23
1.780273437500000000e+00 -1.041178083018456901e-22
1.780761718750000000e+00 -1.046382644870431796e-22
1.781250000000000000e+00 -8.111108429995019682e-23
1.781738281250000000e+00 -1.441178565781044634e-22
1.782226562500000000e+00 4.964269837683510063e-23
1.782714843750000000e+00 9.560216614167655108e-23
1.783203125000000000e+00 -3.037079511935803370e-25
1.783691406250000000e+00 3.846746803854226490e-23
1.784179687500000000e+00 -2.298134795863408779e-22
1.784667968750000000e+00 -2.561075795265485465e-23
1.785156250000000000e+00 -1.257705159606817777e-22
1.785644531250000000e+00 9.987635021990417068e-23
1.786132812500000000e+00 1.142465953915130941e-22
1.786621093750000000e+00 -1.274755102014240124e-22
1.787109375000000000e+00 2.032680307703606130e-23
1.787597656250000000e+00 2.628880849021816753e-22
1.788085937500000000e+00 -7.877067982426767056e-23
1.788574218750000000e+00 -2.103817064053952492e-22
1.789062500000000000e+00 3.223255529621660163e-23
1.789550781250000000e+00 1.295399720040454909e-22
1.790039062500000000e+00 9.418996285597836808e-23
1.790527343750000000e+00 -1.225849196094077954e-22
1.791015625000000000e+00 -1.687638881536559087e-22
1.791503906250000000e+00 3.194425854874471989e-23
1.791992187500000000e+00 6.849844275274304805e-23
1.792480468750000000e+00 6.277163266250900896e-23
1.792968750000000000e+00 -9.368814924078280270e-23
1.793457031250000000e+00 1.411980761552707104e-22
1.793945312500000000e+00 2.312379771103644632e-23
1.794433593750000000e+00 5.318246456968169428e-23
1.794921875000000000e+00 7.720604314064593421e-23
1.795410156250000000e+00 1.205756285340271847e-22
1.795898437500000000e+00 -5.544898504286885943e-24
1.796386718750000000e+00 5.190745318512439408e-24
1.796875000000000000e+00 1.835348786427907900e-22
1.797363281250000000e+00 -1.307635551965405472e-22
1.797851562500000000e+00 8.469954616045760685e-23
1.798339843750000000e+00 -1.360372867603446667e-22
1.798828125000000000e+00 -1.377982980665738263e-23
1.799316406250000000e+00 -8.144947405747213040e-24
1.799804687500000000e+00 -7.114160591398909799e-23
1.800292968750000000e+00 9.647255144800569743e-23
1.800781250000000000e+00 1.103293287766145763e-22
1.801269531250000000e+00 5.079229757346802249e-23
1.801757812500000000e+00 -7.300958309196723620e-23
1.802246093750000000e+00 -1.535609491954122107e-22
1.802734375000000000e+00 -1.784229939857823020e-23
1.803222656250000000e+00 1.821144655627009479e-22
1.803710937500000000e+00 1.399134793263152735e-22
1.804199218750000000e+00 -1.785438838551354787e-22
1.804687500000000000e+00 -2.282388901940029627e-24
1.805175781250000000e+00 7.052686233509648210e-23
1.805664062500000000e+00 7.786550022785790159e-23
1.806152343750000000e+00 1.104722284915053742e-22
1.806640625000000000e+00 1.371998543472611007e-22
1.807128906250000000e+00 -1.620065861507745584e-22
1.807617187500000000e+00 3.567434054877418958e-23
1.808105468750000000e+00 -2.527396352997154270e-22
1.808593750000000000e+00 -9.876087198992811252e-23
1.809082031250000000e+00 -1.158177894421068148e-22
1.809570312500000000e+00 9.976633507927088607e-24
1.810058593750000000e+00 -1.949534969419800322e-22
1.810546875000000000e+00 1.127121313765339192e-22
1.811035156250000000e+00 -2.236624819824738656e-23
1.811523437500000000e+00 5.265671779128737228e-23
1.812011718750000000e+00 8.149328144315607176e-24
1.812500000000000000e+00 -4.441810027180531296e-23
1.812988281250000000e+00 -6.999138842500133048e-23
1.813476562500000000e+00 1.017469141226469938e-22
1.813964843750000000e+00 -2.275854223578513934e-23
1.814453125000000000e+00 2.581807094064781899e-23
1.814941406250000000e+00 -6.745765475972835770e-23
1.815429687500000000e+00 1.451353825374200314e-22
1.815917968750000000e+00 8.745033425934817774e-23
1.816406250000000000e+00 6.142442719944282213e-25
1.816894531250000000e+00 -1.762630078070783146e-22
1.817382812500000000e+00 8.682133682204346572e-23
1.817871093750000000e+00 9.736886874999943025e-24
1.818359375000000000e+00 -4.492259666693527355e-23
1.818847656250000000e+00 -1.737271383533493244e-22
1.819335937500000000e+00 -2.909550950554204793e-23
1.819824218750000000e+00 -1.640169073926042507e-22
1.820312500000000000e+00 2.044725787112990790e-22
1.820800781250000000e+00 -3.870733233731198058e-23
1.821289062500000000e+00 2.537044983857043273e-23
1.821777343750000000e+00 -2.310456056399183699e-22
1.822265625000000000e+00 7.559298306665449225e-23
1.822753906250000000e+00 -9.739042098346206792e-23
1.823242187500000000e+00 4.134776728657442898e-23
1.823730468750000000e+00 5.768937656104542952e-23
1.824218750000000000e+00 -6.524332051315888833e-23
1.824707031250000000e+00 1.350541971785687277e-22
1.825195312500000000e+00 5.218433259534281281e-23
1.825683593750000000e+00 -6.051146737076403841e-23
1.826171875000000000e+00 2.271621177925432559e-22
1.826660156250000000e+00 1.378141565221692165e-23
1.827148437500000000e+00 1.091202612767690532e-22
1.827636718750000000e+00 -1.137124259320157342e-22
1.828125000000000000e+00 -4.211479775427326983e-23
1.828613281250000000e+00 2.336548675753119845e-23
1.829101562500000000e+00 -1.394759503780594748e-22
1.829589843750000000e+00 1.083995978526403243e-22
1.830078125000000000e+00 -1.600750932227597113e-24
1.830566406250000000e+00 3.429397232946351918e-22
1.831054687500000000e+00 8.717234522348586918e-23
1.831542968750000000e+00 1.041690920884347101e-22
1.832031250000000000e+00 -2.116908676497167462e-22
1.832519531250000000e+00 2.127387068703323350e-22
1.833007812500000000e+00 -1.227453554168061973e-22
1.833496093750000000e+00 -9.038960743893301192e-23
1.833984375000000000e+00 5.837386720509049367e-23
1.834472656250000000e+00 8.909973133084731853e-23
1.834960937500000000e+00 1.613859542662055995e-22
1.835449218750000000e+00 -2.826807108969327798e-22
1.835937500000000000e+00 1.266743943965512861e-22
1.836425781250000000e+00 -1.625870240437538156e-23
1.836914062500000000e+00 -8.520650801216776962e-23
1.837402343750000000e+00 7.260139436007377306e-23
1.837890625000000000e+00 -2.497857747800290785e-22
1.838378906250000000e+00 7.713005185398430126e-23
1.838867187500000000e+00 6.985872875811759719e-23
1.839355468750000000e+00 -1.195658898720733272e-22
1.839843750000000000e+00 1.404444364702443278e-22
1.840332031250000000e+00 -1.326161591403510524e-22
1.840820312500000000e+00 -1.548778349634277394e-23
1.841308593750000000e+00 -2.352017141416663794e-23
1.841796875000000000e+00 5.932574620191690582e-23
1.842285156250000000e+00 -1.002058365898267524e-22
1.842773437500000000e+00 1.113679701170255256e-23
1.843261718750000000e+00 3.934969095174257745e-23
1.843750000000000000e+00 2.112455562097807268e-22
1.844238281250000000e+00 -2.072109263470767565e-22
1.844726562500000000e+00 8.212815056830974077e-23
1.845214843750000000e+00 -1.431640399294543551e-22
1.845703125000000000e+00 -2.573575308478443546e-22
1.846191406250000000e+00 6.557834053082763576e-23
1.846679687500000000e+00 -3.834483881807617106e-23
1.847167968750000000e+00 -2.020421306298635959e-22
1.847656250000000000e+00 -1.018625760655885287e-22
1.848144531250000000e+00 1.512393490056130217e-22
1.848632812500000000e+00 2.266773142906470989e-22
1.849121093750000000e+00 1.287736421832254447e-22
1.849609375000000000e+00 5.030421812047601861e-23
1.850097656250000000e+00 -5.240385389682987955e-23
1.850585937500000000e+00 -2.118395250207823033e-22
1.851074218750000000e+00 -9.293700060470373144e-24
1.851562500000000000e+00 -1.414230442953821912e-22
1.852050781250000000e+00 2.141765441584812024e-22
1.852539062500000000e+00 4.588875134258865430e-23
1.853027343750000000e+00 6.794301222184644949e-23
1.853515625000000000e+00 1.246135356527550004e-22
1.854003906250000000e+00 -3.665484431112020187e-22
1.854492187500000000e+00 5.787493637047205240e-24
1.854980468750000000e+00 7.167277527080970299e-23
1.855468750000000000e+00 -2.410332811831521249e-22
1.855957031250000000e+00 3.704287245748077923e-24
1.856445312500000000e+00 -4.627997954125580152e-23
1.856933593750000000e+00 1.002833992756226232e-22
1.857421875000000000e+00 1.018289996357173605e-22
1.857910156250000000e+00 -9.435280477931336866e-23
1.858398437500000000e+00 -4.433081432071293396e-23
1.858886718750000000e+00 1.241439251568178068e-22
1.859375000000000000e+00 -1.969865842067234651e-22
1.859863281250000000e+00 4.871983260909544227e-23
1.860351562500000000e+00 1.031542884979184494e-22
1.860839843750000000e+00 1.740779109442128546e-22
1.861328125000000000e+00 1.780693472992810474e-22
1.861816406250000000e+00 -2.551866689793480253e-23
1.862304687500000000e+00 5.059305782733464085e-23
1.862792968750000000e+00 1.214608467895002540e-22
1.863281250000000000e+00 1.593719970383497743e-22
1.863769531250000000e+00 -3.748729906775453770e-23
1.864257812500000000e+00 -6.202426789592693154e-23
1.864746093750000000e+00 2.793993054545707753e-22
1.865234375000000000e+00 -2.410297707217750252e-22
1.865722656250000000e+00 2.347310392834767270e-22
1.866210937500000000e+00 1.230232146124100411e-22
1.866699218750000000e+00 3.314401517048084589e-23
1.867187500000000000e+00 -1.448507135142054304e-22
1.867675781250000000e+00 -5.784852379370550569e-23
1.868164062500000000e+00 2.146856200328594311e-23
1.868652343750000000e+00 2.612804447216436091e-23
1.869140625000000000e+00 -8.701141698754022222e-24
1.869628906250000000e+00 -1.663882175225260618e-22
1.870117187500000000e+00 1.643949075222475398e-22
1.870605468750000000e+00 -1.789554077182672516e-22
1.871093750000000000e+00 1.158574992608030610e-22
1.871582031250000000e+00 -2.271312237577527828e-22
1.872070312500000000e+00 4.415726547996382445e-24
1.872558593750000000e+00 -5.412613740825699496e-23
1.873046875000000000e+00 -1.036350134512339965e-24
1.873535156250000000e+00 2.609707110499761905e-22
1.874023437500000000e+00 -6.942045419672113594e-23
1.874511718750000000e+00 1.014632570529809234e-22
1.875000000000000000e+00 -3.992849636313055350e-23
1.875488281250000000e+00 -2.686198219525676447e-22
1.875976562500000000e+00 -5.261841106863632587e-23
1.876464843750000000e+00 -1.841424792276343468e-22
1.876953125000000000e+00 -9.709900532184545007e-24
1.877441406250000000e+00 -1.357206744144118789e-22
1.877929687500000000e+00 -9.138610227925491556e-23
1.878417968750000000e+00 -2.954540947389138583e-22
1.878906250000000000e+00 -1.994663564827401022e-22
1.879394531250000000e+00 -8.423660917201031387e-23
1.879882812500000000e+00 1.322115346014900827e-22
1.880371093750000000e+00 1.038715237933041951e-22
1.880859375000000000e+00 -1.802092988089861032e-22
1.881347656250000000e+00 2.085626272087532110e-22
1.881835937500000000e+00 1.428693732778864800e-22
1.882324218750000000e+00 -4.265167091112890560e-23
1.882812500000000000e+00 5.259215307732354063e-23
1.883300781250000000e+00 2.980607737363960876e-22
1.883789062500000000e+00 -1.364142824907685998e-22
1.884277343750000000e+00 2.217945809871520388e-22
1.884765625000000000e+00 8.401099389784039637e-23
1.885253906250000000e+00 1.651736619956550482e-23
1.885742187500000000e+00 1.175805199247263276e-23
1.886230468750000000e+00 1.047931239216805889e-22
1.886718750000000000e+00 -2.322412178029667095e-22
1.887207031250000000e+00 2.261681122164462153e-22
1.887695312500000000e+00 1.436790790036637330e-22
1.888183593750000000e+00 -9.649368280341861742e-23
1.888671875000000000e+00 -1.059504838436908606e-22
1.889160156250000000e+00 2.137195145375149080e-23
1.889648437500000000e+00 8.770055223435084550e-23
1.890136718750000000e+00 1.019570537933814870e-23
1.890625000000000000e+00 1.046992841366046871e-22
1.891113281250000000e+00 -4.321849697891301778e-23
1.891601562500000000e+00 7.436286006448030255e-23
1.892089843750000000e+00 -9.905637984293643871e-25
1.892578125000000000e+00 6.736946740178460557e-23
1.893066406250000000e+00 -7.098760885136850312e-23
1.893554687500000000e+00 1.081562485821613883e-22
1.894042968750000000e+00 -6.048953452612205305e-23
1.894531250000000000e+00 1.487484403137569578e-22
1.895019531250000000e+00 -2.098110126742465179e-22
1.895507812500000000e+00 -5.454805732847448198e-23
1.895996093750000000e+00 -2.142100053896580429e-22
1.896484375000000000e+00 -1.256333765156016791e-22
1.896972656250000000e+00 -1.031659750548110255e-23
1.897460937500000000e+00 3.443742163498159007e-23
1.897949218750000000e+00 1.046625180324809822e-22
1.898437500000000000e+00 -9.881021565154251873e-23
1.898925781250000000e+00 -7.397205113951849296e-23
1.899414062500000000e+00 1.152884895059585533e-22
1.899902343750000000e+00 -4.382336867465855750e-23
1.900390625000000000e+00 7.156166948905204820e-23
1.900878906250000000e+00 4.556433750381263374e-23
1.901367187500000000e+00 -1.072139676689423435e-22
1.901855468750000000e+00 -3.320902138728487291e-23
1.902343750000000000e+00 -6.093034728513527378e-23
1.902832031250000000e+00 3.333688413330924456e-23
1.903320312500000000e+00 -2.259897562369682746e-23
1.903808593750000000e+00 -3.755067454916218456e-23
1.904296875000000000e+00 8.594289044514763521e-23
1.904785156250000000e+00 7.252669766798261444e-23
1.905273437500000000e+00 -3.751483320819877322e-23
1.905761718750000000e+00 1.216406029716048995e-22
1.906250000000000000e+00 -6.870253489621880987e-23
1.906738281250000000e+00 8.232223088721950164e-23
1.907226562500000000e+00 1.004235602820718741e-22
1.907714843750000000e+00 -2.515287411684962764e-23
1.908203125000000000e+00 1.900929730951114565e-22
1.908691406250000000e+00 -1.135274697667326271e-23
1.909179687500000000e+00 2.943818556105840237e-23
1.909667968750000000e+00 9.516910061074064212e-23
1.910156250000000000e+00 6.305200015397760241e-24
1.910644531250000000e+00 -1.992204151577051659e-23
1.911132812500000000e+00 -2.595071607531698017e-22
1.911621093750000000e+00 1.733214014846288886e-22
1.912109375000000000e+00 -5.990718713386486542e-23
1.912597656250000000e+00 4.330255404411254862e-23
1.913085937500000000e+00 -1.536203931414716365e-23
1.913574218750000000e+00 -1.822323743837898351e-22
1.914062500000000000e+00 2.696299123501635780e-23
1.914550781250000000e+00 -1.976277924256894009e-22
1.915039062500000000e+00 4.963852568469816748e-24
1.915527343750000000e+00 -1.247251692190865580e-22
1.916015625000000000e+00 -4.363237535371858583e-23
1.916503906250000000e+00 -7.065375734610015399e-23
1.916992187500000000e+00 -1.228251706278690506e-23
1.917480468750000000e+00 -1.083759189597166952e-22
1.917968750000000000e+00 6.423041737365151069e-23
1.918457031250000000e+00 2.055891862760011510e-23
1.918945312500000000e+00 8.636308406064564058e-23
1.919433593750000000e+00 1.932793910563182771e-22
1.919921875000000000e+00 -1.137382425835828050e-22
1.920410156250000000e+00 9.914308350720371155e-23
1.920898437500000000e+00 -1.862156666064674951e-22
1.921386718750000000e+00 -1.264274756572989704e-22
1.921875000000000000e+00 1.947614079407060965e-23
1.922363281250000000e+00 -6.990495706627487200e-23
1.922851562500000000e+00 1.663905447984436647e-22
1.923339843750000000e+00 3.651803450622794663e-23
1.923828125000000000e+00 9.064786491273248809e-25
1.924316406250000000e+00 -1.155629867169578590e-22
1.924804687500000000e+00 -5.438284906119305209e-23
1.925292968750000000e+00 2.594891860210480250e-23
1.925781250000000000e+00 -2.142590057292314950e-22
1.926269531250000000e+00 2.262576341868068533e-22
1.926757812500000000e+00 -2.509630530869147404e-23
1.927246093750000000e+00 4.834009443237964823e-23
1.927734375000000000e+00 1.300919419119537652e-22
1.928222656250000000e+00 1.912317779216598614e-22
1.928710937500000000e+00 1.567182636985919483e-22
1.929199218750000000e+00 -1.386810852415207858e-22
1.929687500000000000e+00 2.047208612918697661e-22
1.930175781250000000e+00 5.232187091336144229e-23
1.930664062500000000e+00 4.024086448148161782e-23
1.931152343750000000e+00 -8.327112570740743421e-23
1.931640625000000000e+00 2.004767646713798751e-22
1.932128906250000000e+00 -1.879124697939843841e-23
1.932617187500000000e+00 -1.854260685133121044e-22
1.933105468750000000e+00 1.378645301270124925e-22
1.933593750000000000e+00 -1.110597229419088188e-22
1.934082031250000000e+00 2.310803931585634555e-22
1.934570312500000000e+00 8.245300399093593112e-23
1.935058593750000000e+00 -3.498971628866632614e-23
1.935546875000000000e+00 3.818694321261312493e-23
1.936035156250000000e+00 -5.913570130511969611e-23
1.936523437500000000e+00 6.565004558029164490e-23
1.937011718750000000e+00 6.127791943324442217e-23
1.937500000000000000e+00 -2.859095941262091075e-22
1.937988281250000000e+00 -8.648147637074134495e-23
1.938476562500000000e+00 1.841017253135159874e-22
1.938964843750000000e+00 -2.253779808116192440e-22
1.939453125000000000e+00 1.754265914001512040e-22
1.939941406250000000e+00 -3.360450377959504350e-23
1.940429687500000000e+00 -2.413828571919375287e-22
1.940917968750000000e+00 -6.317446627384050838e-23
1.941406250000000000e+00 -1.179965061970095708e-22
1.941894531250000000e+00 1.348383543332596587e-22
1.942382812500000000e+00 -4.366440498386072103e-23
1.942871093750000000e+00 -1.548741748335468885e-22
1.943359375000000000e+00 -1.003722034909399835e-22
1.943847656250000000e+00 -1.483282382754189624e-22
1.944335937500000000e+00 -5.245262097783223898e-23
1.944824218750000000e+00 1.089323743371255229e-22
1.945312500000000000e+00 2.380528149521131000e-22
1.945800781250000000e+00 -2.433090610813964281e-22
1.946289062500000000e+00 1.849056675916267098e-25
1.946777343750000000e+00 -9.145222572524268789e-23
1.947265625000000000e+00 1.718561683957718466e-22
1.947753906250000000e+00 -8.220901070581337147e-23
1.948242187500000000e+00 -1.206438603859999862e-22
1.948730468750000000e+00 -1.364125069286147948e-23
1.949218750000000000e+00 4.051477235280357079e-23
1.949707031250000000e+00 1.616719622652084871e-22
1.950195312500000000e+00 -2.438129880261214166e-22
1.950683593750000000e+00 3.550374025463347108e-22
1.951171875000000000e+00 -3.055646773262445095e-23
1.951660156250000000e+00 4.423139718955535015e-23
1.952148437500000000e+00 3.074361002288313413e-22
1.952636718750000000e+00 7.856768324370252120e-25
1.953125000000000000e+00 -1.308664191377697928e-22
1.953613281250000000e+00 -1.277264696505313863e-22
1.954101562500000000e+00 -7.543065264892538878e-23
1.954589843750000000e+00 7.990292819512508057e-23
1.955078125000000000e+00 -9.408291565660911802e-24
1.955566406250000000e+00 -6.853370143896253002e-23
1.956054687500000000e+00 -1.835909632465560217e-22
1.956542968750000000e+00 3.060078273803104027e-22
1.957031250000000000e+00 -1.261073084988036585e-22
1.957519531250000000e+00 3.199234635280709112e-25
1.958007812500000000e+00 1.511917419877556789e-22
1.958496093750000000e+00 2.754365409346562002e-22
1.958984375000000000e+00 -1.340722549399369568e-22
1.959472656250000000e+00 -6.415793009925701068e-23
1.959960937500000000e+00 -7.262776507890556287e-23
1.960449218750000000e+00 -7.032035943118955578e-23
1.960937500000000000e+00 -1.600255286072485095e-22
1.961425781250000000e+00 1.059626919171712157e-22
1.961914062500000000e+00 5.230798392766268604e-23
1.962402343750000000e+00 4.038664704306764849e-23
1.962890625000000000e+00 -1.151363494769600468e-22
1.963378906250000000e+00 -1.040673466760321916e-22
1.963867187500000000e+00 3.219184705971689474e-22
1.964355468750000000e+00 2.981212508619351533e-23
1.964843750000000000e+00 -1.733913118742727082e-23
1.965332031250000000e+00 -1.912402663025618994e-22
1.965820312500000000e+00 1.130513862618107870e-22
1.966308593750000000e+00 1.797156531405868459e-22
1.966796875000000000e+00 1.564704407610506879e-22
1.967285156250000000e+00 -1.080700132148340831e-22
1.967773437500000000e+00 3.733323570482576013e-24
1.968261718750000000e+00 7.974139346837074603e-23
1.968750000000000000e+00 -1.032526840915644061e-23
1.969238281250000000e+00 -1.298296471891336626e-22
1.969726562500000000e+00 2.534269024305435853e-22
1.970214843750000000e+00 2.121038863228838277e-22
1.970703125000000000e+00 -1.389787442500707451e-22
1.971191406250000000e+00 2.893083297460660519e-22
1.971679687500000000e+00 -3.809079160282005007e-23
1.972167968750000000e+00 6.136957807021158149e-23
1.972656250000000000e+00 -2.550799853305423128e-22
1.973144531250000000e+00 -5.772405196934810391e-23
1.973632812500000000e+00 -8.650710509930682553e-23
1.974121093750000000e+00 1.669077637103015927e-22
1.974609375000000000e+00 -3.456032345890477562e-22
1.975097656250000000e+00 -6.420911322228780415e-24
1.975585937500000000e+00 -2.279731210890871499e-22
1.976074218750000000e+00 -3.442836725713937336e-23
1.976562500000000000e+00 6.801445016781365265e-24
1.977050781250000000e+00 -1.680277909145570253e-22
1.977539062500000000e+00 8.734763786366293397e-23
1.978027343750000000e+00 -3.117710424606431272e-24
1.978515625000000000e+00 1.996131272218251043e-23
1.979003906250000000e+00 -1.180812026143505970e-22
1.979492187500000000e+00 -1.477802060222272821e-22
1.979980468750000000e+00 -7.053784277651829733e-23
1.980468750000000000e+00 -6.918794361430452002e-23
1.980957031250000000e+00 5.451215615630048449e-23
1.981445312500000000e+00 2.222807674836615293e-22
1.981933593750000000e+00 -7.001769876524023018e-23
1.982421875000000000e+00 -2.213692990354350654e-22
1.982910156250000000e+00 -4.114253823657025487e-23
1.983398437500000000e+00 -4.849728375101683059e-23
1.983886718750000000e+00 7.309991003736421996e-23
1.984375000000000000e+00 3.237332829442697828e-25
1.984863281250000000e+00 -3.842520768014359075e-23
1.985351562500000000e+00 -2.614304150512498354e-23
1.985839843750000000e+00 -1.574174063032161935e-22
1.986328125000000000e+00 5.232714134247965366e-23
1.986816406250000000e+00 2.948331024329012561e-23
1.987304687500000000e+00 7.222878106264784038e-23
1.987792968750000000e+00 8.871767787370938304e-23
1.988281250000000000e+00 4.033649286452552596e-22
1.988769531250000000e+00 -1.843255924623029337e-22
1.989257812500000000e+00 6.707535351065459267e-23
1.989746093750000000e+00 -5.962895037416534850e-23
1.990234375000000000e+00 6.486594532773347408e-23
1.990722656250000000e+00 1.445752547398077015e-22
1.991210937500000000e+00 2.537060365695326349e-22
1.991699218750000000e+00 -1.424589802678065005e-22
1.992187500000000000e+00 1.346151565955226858e-23
1.992675781250000000e+00 7.452957922966884455e-23
1.993164062500000000e+00 1.532009838785245672e-24
1.993652343750000000e+00 2.914290972962125664e-22
1.994140625000000000e+00 -4.327813348730549336e-23
1.994628906250000000e+00 -6.202464801433923250e-23
1.995117187500000000e+00 1.845551350117563410e-22
1.995605468750000000e+00 2.571573712639286035e-23
1.996093750000000000e+00 -4.226131999094053820e-24
1.996582031250000000e+00 -1.203830858841888323e-22
1.997070312500000000e+00 1.344788882669689539e-22
1.997558593750000000e+00 1.413433555672521782e-22
1.998046875000000000e+00 -8.383749910641550668e-23
1.998535156250000000e+00 -6.497767476294540648e-23
1.999023437500000000e+00 -2.147678173135442003e-22
1.999511718750000000e+00 9.682769343030007259e-23
