# time, h1
0.000000000000000000e+00 -5.504671355540022371e-23
4.882812500000000000e-04 2.018808683919560124e-22
9.765625000000000000e-04 -2.106164884809192396e-23
1.464843750000000000e-03 6.189019616546167379e-23
1.953125000000000000e-03 1.304972604210594607e-22
2.441406250000000000e-03 7.963058473348160407e-23
2.929687500000000000e-03 3.369415455274576608e-23
3.417968750000000000e-03 2.044249824002783465e-22
3.906250000000000000e-03 2.110044125002846388e-22
4.394531250000000000e-03 -5.506465684335447325e-23
4.882812500000000000e-03 1.457700396415215817e-22
5.371093750000000000e-03 1.499492277900037305e-22
5.859375000000000000e-03 -5.679558546981051844e-23
6.347656250000000000e-03 6.060069388828734688e-23
6.835937500000000000e-03 -2.417086098871729022e-22
7.324218750000000000e-03 -9.124566509671863921e-23
7.812500000000000000e-03 -8.895849068220932812e-23
8.300781250000000000e-03 1.157816266274321799e-22
8.789062500000000000e-03 -2.575767131652162591e-22
9.277343750000000000e-03 9.900355348051305010e-23
9.765625000000000000e-03 -1.443536342201230901e-22
1.025390625000000000e-02 -1.826119879275833424e-23
1.074218750000000000e-02 1.972608468591503645e-22
1.123046875000000000e-02 -6.181489555583836827e-23
1.171875000000000000e-02 -1.306017492802858250e-22
1.220703125000000000e-02 -1.924709361950336262e-22
1.269531250000000000e-02 -5.348265446181425216e-23
1.318359375000000000e-02 1.282611514838258655e-22
1.367187500000000000e-02 -1.289650345847728213e-22
1.416015625000000000e-02 1.677320670138442611e-22
1.464843750000000000e-02 -1.231147218432457862e-22
1.513671875000000000e-02 4.035144712302795405e-24
1.562500000000000000e-02 -1.889315771916801695e-22
1.611328125000000000e-02 1.081960940117496874e-22
1.660156250000000000e-02 7.426804684529842212e-23
1.708984375000000000e-02 -2.814012347633142155e-22
1.757812500000000000e-02 2.829331065558771258e-23
1.806640625000000000e-02 -8.540552349233204880e-23
1.855468750000000000e-02 -4.293941160699638562e-23
1.904296875000000000e-02 -1.565805510894182858e-22
1.953125000000000000e-02 9.600802055353641532e-23
2.001953125000000000e-02 2.156636618056760975e-22
2.050781250000000000e-02 7.471696361669831381e-24
2.099609375000000000e-02 -5.487879699266869745e-23
2.148437500000000000e-02 1.087035959183347321e-22
2.197265625000000000e-02 7.687360996915097197e-23
2.246093750000000000e-02 6.752798086078377939e-23
2.294921875000000000e-02 -8.702938113899397731e-24
2.343750000000000000e-02 1.605129763646037485e-22
2.392578125000000000e-02 -3.201785057605232440e-23
2.441406250000000000e-02 -9.655132054605187273e-23
2.490234375000000000e-02 1.655574845234482488e-22
2.539062500000000000e-02 1.514963816162270927e-22
2.587890625000000000e-02 -6.405449886189035209e-23
2.636718750000000000e-02 -2.352050136678998115e-23
2.685546875000000000e-02 9.785938705386386802e-23
2.734375000000000000e-02 7.659072212989690464e-23
2.783203125000000000e-02 3.841454171660567735e-22
2.832031250000000000e-02 -1.867691171503459930e-22
2.880859375000000000e-02 -4.832821815900192438e-23
2.929687500000000000e-02 1.753908153965622537e-23
2.978515625000000000e-02 -1.360491327593658518e-22
3.027343750000000000e-02 -1.916037614936580002e-22
3.076171875000000000e-02 1.354185559365935853e-22
3.125000000000000000e-02 -1.128667250272784211e-22
3.173828125000000000e-02 -2.299151080839233075e-22
3.222656250000000000e-02 4.020557398524446745e-23
3.271484375000000000e-02 -1.557655196097459300e-22
3.320312500000000000e-02 -1.339038600500651535e-22
3.369140625000000000e-02 -1.301134266250391970e-22
3.417968750000000000e-02 2.323140965457073755e-22
3.466796875000000000e-02 -5.724400633544540702e-24
3.515625000000000000e-02 -9.617670587204244452e-23
3.564453125000000000e-02 -3.782445748495887161e-23
3.613281250000000000e-02 -1.361657811853347661e-22
3.662109375000000000e-02 1.422621401814987592e-22
3.710937500000000000e-02 -7.904607109183597467e-23
3.759765625000000000e-02 1.975369305686986633e-22
3.808593750000000000e-02 -4.187001262962033391e-23
3.857421875000000000e-02 8.280585674492588171e-23
3.906250000000000000e-02 7.666213439855716691e-23
3.955078125000000000e-02 8.225440829678701779e-24
4.003906250000000000e-02 2.543061090310128933e-22
4.052734375000000000e-02 1.439040421996743977e-22
4.101562500000000000e-02 -4.850237119144160647e-23
4.150390625000000000e-02 -2.732140712002187885e-22
4.199218750000000000e-02 1.362569905475319532e-22
4.248046875000000000e-02 -1.434440066282768028e-22
4.296875000000000000e-02 -4.141262999569851987e-23
4.345703125000000000e-02 1.599515844463515503e-22
4.394531250000000000e-02 1.317942753116897941e-22
4.443359375000000000e-02 -1.424162495697122253e-22
4.492187500000000000e-02 -5.257170650183850077e-24
4.541015625000000000e-02 8.239044773760973455e-23
4.589843750000000000e-02 2.057880572640522393e-23
4.638671875000000000e-02 3.587629358637486760e-23
4.687500000000000000e-02 4.664554370552825136e-23
4.736328125000000000e-02 -3.298673889196847588e-23
4.785156250000000000e-02 -1.431760035452721147e-22
4.833984375000000000e-02 -4.506668481587099501e-23
4.882812500000000000e-02 -1.105914494430725819e-23
4.931640625000000000e-02 -1.833580209140390247e-22
4.980468750000000000e-02 4.647224384645217013e-23
5.029296875000000000e-02 -1.113921194357309267e-22
5.078125000000000000e-02 1.345576888807333635e-22
5.126953125000000000e-02 1.060541030143626112e-22
5.175781250000000000e-02 4.512262433121169635e-23
5.224609375000000000e-02 1.099031187508006415e-22
5.273437500000000000e-02 1.889001965282417228e-22
5.322265625000000000e-02 -1.396900448523996942e-22
5.371093750000000000e-02 8.838804110550718704e-23
5.419921875000000000e-02 -6.939257825862071737e-23
5.468750000000000000e-02 -9.581017680746532421e-23
5.517578125000000000e-02 -1.330830259216637826e-22
5.566406250000000000e-02 -2.840709783075431529e-24
5.615234375000000000e-02 -9.839729265848047057e-23
5.664062500000000000e-02 4.195763323697100929e-23
5.712890625000000000e-02 -1.822137102218108642e-22
5.761718750000000000e-02 6.682036936254680829e-23
5.810546875000000000e-02 4.384363591643174159e-23
5.859375000000000000e-02 7.355390846370414786e-23
5.908203125000000000e-02 -7.863203810771459032e-23
5.957031250000000000e-02 -6.074063914410568403e-23
6.005859375000000000e-02 -8.149107856067944268e-23
6.054687500000000000e-02 2.122384134243875148e-22
6.103515625000000000e-02 7.769759218653202510e-23
6.152343750000000000e-02 -2.883673837117855491e-22
6.201171875000000000e-02 4.675528947867596979e-23
6.250000000000000000e-02 1.740751953627077374e-22
6.298828125000000000e-02 5.262620847322031501e-23
6.347656250000000000e-02 -8.481233737169851563e-23
6.396484375000000000e-02 3.083096243739168319e-23
6.445312500000000000e-02 -1.340905176822560258e-22
6.494140625000000000e-02 9.897880049541322267e-23
6.542968750000000000e-02 -2.824817818409057432e-23
6.591796875000000000e-02 -3.209925229242485024e-22
6.640625000000000000e-02 1.540292715477076450e-22
6.689453125000000000e-02 -2.234864024683857285e-23
6.738281250000000000e-02 4.029651606991947507e-23
6.787109375000000000e-02 2.213801222091417174e-22
6.835937500000000000e-02 -2.430262956923850960e-22
6.884765625000000000e-02 -1.179591790794997789e-22
6.933593750000000000e-02 4.345775280233980126e-23
6.982421875000000000e-02 -2.825327253540014649e-23
7.031250000000000000e-02 5.402754735672662377e-23
7.080078125000000000e-02 2.299482324404363996e-22
7.128906250000000000e-02 -1.272762599137792899e-22
7.177734375000000000e-02 8.763256638071595802e-23
7.226562500000000000e-02 -7.927294580318288694e-23
7.275390625000000000e-02 2.894350098602838290e-22
7.324218750000000000e-02 1.728993479033429555e-23
7.373046875000000000e-02 -1.564544587141944381e-23
7.421875000000000000e-02 1.391813778978933857e-22
7.470703125000000000e-02 -1.212835631550809121e-22
7.519531250000000000e-02 9.540899923541881933e-23
7.568359375000000000e-02 -1.557831479947074162e-22
7.617187500000000000e-02 8.511464238228009742e-23
7.666015625000000000e-02 1.347760608650665536e-22
7.714843750000000000e-02 1.627449171919197424e-23
7.763671875000000000e-02 1.922052590627907414e-22
7.812500000000000000e-02 -1.720321763034781529e-22
7.861328125000000000e-02 2.268450969205267869e-22
7.910156250000000000e-02 1.132383639434666535e-22
7.958984375000000000e-02 -1.638003448733960492e-22
8.007812500000000000e-02 5.662220733893605105e-23
8.056640625000000000e-02 -1.717954503009045199e-22
8.105468750000000000e-02 -1.010585876049483787e-22
8.154296875000000000e-02 -1.254092140220079907e-22
8.203125000000000000e-02 2.348140663396951417e-22
8.251953125000000000e-02 8.745150102782962610e-23
8.300781250000000000e-02 5.772841625837566039e-23
8.349609375000000000e-02 -6.808543286332326158e-23
8.398437500000000000e-02 4.269013142257764236e-23
8.447265625000000000e-02 -3.526540458279917006e-23
8.496093750000000000e-02 6.291756342699626055e-23
8.544921875000000000e-02 7.065208369625787074e-24
8.593750000000000000e-02 -2.255859532349939369e-22
8.642578125000000000e-02 -3.460254210255666332e-22
8.691406250000000000e-02 -7.292440820387690486e-23
8.740234375000000000e-02 -8.553053759108897853e-23
8.789062500000000000e-02 1.396614962776154149e-23
8.837890625000000000e-02 -3.164259509335196375e-22
8.886718750000000000e-02 -3.942058569659933210e-24
8.935546875000000000e-02 -2.061005902979983366e-22
8.984375000000000000e-02 -3.570402010028659137e-23
9.033203125000000000e-02 -6.195238974965165070e-24
9.082031250000000000e-02 1.563770322903372083e-22
9.130859375000000000e-02 2.864319561909639313e-23
9.179687500000000000e-02 1.232350623555555830e-22
9.228515625000000000e-02 -1.960249654934761723e-23
9.277343750000000000e-02 -1.013450934166015684e-22
9.326171875000000000e-02 -2.873137820197898150e-24
9.375000000000000000e-02 5.230363342071449040e-23
9.423828125000000000e-02 -3.733724469996843514e-23
9.472656250000000000e-02 2.048947562759465061e-22
9.521484375000000000e-02 2.920943345573640814e-23
9.570312500000000000e-02 -5.925945719121311901e-23
9.619140625000000000e-02 -4.411407148642875837e-23
9.667968750000000000e-02 1.210831703163623565e-23
9.716796875000000000e-02 1.013010029608820517e-22
9.765625000000000000e-02 2.074260462423698314e-22
9.814453125000000000e-02 6.237486168330229232e-23
9.863281250000000000e-02 3.708990650371283270e-23
9.912109375000000000e-02 -1.548155760921617115e-22
9.960937500000000000e-02 1.661652002389505773e-22
1.000976562500000000e-01 -5.065790048089422585e-23
1.005859375000000000e-01 1.422671344362951673e-22
1.010742187500000000e-01 -6.880506141886452164e-23
1.015625000000000000e-01 5.046225128426813583e-23
1.020507812500000000e-01 4.362318189882840385e-23
1.025390625000000000e-01 1.228900045610614687e-22
1.030273437500000000e-01 -7.120977733227594015e-23
1.035156250000000000e-01 2.591552525977655859e-22
1.040039062500000000e-01 1.427047094387082761e-23
1.044921875000000000e-01 -8.220995384987432296e-23
1.049804687500000000e-01 1.395502531469920845e-22
1.054687500000000000e-01 -2.295813387547587601e-23
1.059570312500000000e-01 -1.399071210891322616e-22
1.064453125000000000e-01 1.721855744312299793e-22
1.069335937500000000e-01 -2.278997704424825105e-22
1.074218750000000000e-01 -1.289939221362090375e-23
1.079101562500000000e-01 1.754504367521536287e-22
1.083984375000000000e-01 -5.536924296229564380e-23
1.088867187500000000e-01 2.359753290962278868e-22
1.093750000000000000e-01 -1.472430926414115638e-22
1.098632812500000000e-01 -3.224522147225886305e-23
1.103515625000000000e-01 -3.297880763584147986e-22
1.108398437500000000e-01 1.205604185472681044e-22
1.113281250000000000e-01 5.329824550438603592e-23
1.118164062500000000e-01 -8.101191231277973997e-23
1.123046875000000000e-01 2.756881251786228664e-23
1.127929687500000000e-01 6.483544696007069346e-23
1.132812500000000000e-01 -1.983212626254130875e-22
1.137695312500000000e-01 3.505643333001792445e-23
1.142578125000000000e-01 1.489970901088903113e-22
1.147460937500000000e-01 -2.912646007832093012e-22
1.152343750000000000e-01 2.192581769927361777e-23
1.157226562500000000e-01 8.630611079968103587e-23
1.162109375000000000e-01 -1.392498210939651035e-23
1.166992187500000000e-01 6.055587369825159474e-23
1.171875000000000000e-01 -6.291731641539536990e-23
1.176757812500000000e-01 1.181417843772428649e-22
1.181640625000000000e-01 -2.562242559568517265e-22
1.186523437500000000e-01 -5.858629715654609477e-23
1.191406250000000000e-01 -3.372287668886100127e-22
1.196289062500000000e-01 3.644609205678522872e-23
1.201171875000000000e-01 6.093794633620761099e-23
1.206054687500000000e-01 -9.371291918071026990e-23
1.210937500000000000e-01 -5.056404323720137680e-23
1.215820312500000000e-01 2.014894648376145646e-22
1.220703125000000000e-01 -1.266203827363082672e-22
1.225585937500000000e-01 8.255093448437431294e-23
1.230468750000000000e-01 4.261736343237982189e-23
1.235351562500000000e-01 -1.507096264053023430e-22
1.240234375000000000e-01 1.931183588852765509e-22
1.245117187500000000e-01 -2.979958329107211142e-22
1.250000000000000000e-01 7.757931447579703654e-23
1.254882812500000000e-01 -1.811714146715558095e-22
1.259765625000000000e-01 4.976788395782289646e-23
1.264648437500000000e-01 -1.685256966872825489e-22
1.269531250000000000e-01 1.078095813065177108e-22
1.274414062500000000e-01 -6.802231603779094679e-23
1.279296875000000000e-01 -1.683723911936550152e-22
1.284179687500000000e-01 3.859578670457219842e-22
1.289062500000000000e-01 -2.230006087111297036e-22
1.293945312500000000e-01 1.452851713041310215e-22
1.298828125000000000e-01 1.871568026923386494e-22
1.303710937500000000e-01 1.112456129926100141e-23
1.308593750000000000e-01 2.197563963528529892e-22
1.313476562500000000e-01 5.438002520398031776e-23
1.318359375000000000e-01 2.633073485459439618e-22
1.323242187500000000e-01 1.414313187419095018e-23
1.328125000000000000e-01 9.643592180933384702e-23
1.333007812500000000e-01 1.405587348886508643e-22
1.337890625000000000e-01 -2.863521591202947101e-23
1.342773437500000000e-01 1.815094066877486267e-22
1.347656250000000000e-01 2.193624121153007301e-22
1.352539062500000000e-01 3.243134288265483295e-23
1.357421875000000000e-01 1.162483793885245411e-22
1.362304687500000000e-01 1.483662858593695939e-22
1.367187500000000000e-01 -1.010584803577521216e-22
1.372070312500000000e-01 3.434396147040578910e-23
1.376953125000000000e-01 -5.560370982443021132e-23
1.381835937500000000e-01 7.762785459008630166e-23
1.386718750000000000e-01 8.481353175989168472e-24
1.391601562500000000e-01 -2.390102240250841195e-22
1.396484375000000000e-01 6.011080475652442075e-23
1.401367187500000000e-01 -2.205615650104907617e-22
1.406250000000000000e-01 -2.355211473306813332e-22
1.411132812500000000e-01 3.875874336597748482e-23
1.416015625000000000e-01 -8.287206332947674795e-23
1.420898437500000000e-01 -5.544133812639406432e-23
1.425781250000000000e-01 -2.397075343913570343e-23
1.430664062500000000e-01 -2.349068289527413533e-22
1.435546875000000000e-01 4.740773223575956304e-23
1.440429687500000000e-01 -4.043599903386630732e-22
1.445312500000000000e-01 7.966862552866725518e-23
1.450195312500000000e-01 -1.419384270955830930e-22
1.455078125000000000e-01 1.761177802153466927e-22
1.459960937500000000e-01 -3.693989045831581540e-22
1.464843750000000000e-01 6.008475243958918638e-23
1.469726562500000000e-01 4.693474017269610293e-23
1.474609375000000000e-01 -2.038923906633464016e-22
1.479492187500000000e-01 4.408697972558356031e-23
1.484375000000000000e-01 -3.119842759371230547e-23
1.489257812500000000e-01 -7.875530108847328876e-23
1.494140625000000000e-01 -6.424931137487293098e-23
1.499023437500000000e-01 2.931487856041218422e-22
1.503906250000000000e-01 -2.748563343053432684e-22
1.508789062500000000e-01 2.063711642312180500e-22
1.513671875000000000e-01 1.270724039609398494e-22
1.518554687500000000e-01 2.631328626618377097e-22
1.523437500000000000e-01 -2.784035059765085887e-23
1.528320312500000000e-01 1.018404298945303060e-22
1.533203125000000000e-01 -1.177944314806662690e-22
1.538085937500000000e-01 -1.646515245048016564e-22
1.542968750000000000e-01 6.973998005279687613e-23
1.547851562500000000e-01 1.656950791803637229e-22
1.552734375000000000e-01 9.920806816258265391e-23
1.557617187500000000e-01 -1.009912361282856549e-22
1.562500000000000000e-01 -4.443638283707067227e-24
1.567382812500000000e-01 -3.262921518747568806e-23
1.572265625000000000e-01 1.852944598341677361e-22
1.577148437500000000e-01 -7.631301942431847658e-23
1.582031250000000000e-01 3.183330084676794339e-22
1.586914062500000000e-01 1.940176627878549303e-22
1.591796875000000000e-01 1.136282443947150738e-22
1.596679687500000000e-01 -2.506236511612300233e-23
1.601562500000000000e-01 -5.171794960124184913e-23
1.606445312500000000e-01 6.233893335913161747e-23
1.611328125000000000e-01 -1.976908989249654603e-22
1.616210937500000000e-01 4.580626669395309522e-23
1.621093750000000000e-01 -1.422229142065815304e-22
1.625976562500000000e-01 -7.132563298773633527e-23
1.630859375000000000e-01 -9.965704055378371913e-23
1.635742187500000000e-01 2.642227967027585955e-23
1.640625000000000000e-01 -4.069672993037416482e-23
1.645507812500000000e-01 -2.033868519590964789e-23
1.650390625000000000e-01 -1.398389180559807254e-22
1.655273437500000000e-01 -1.136105481027223033e-22
1.660156250000000000e-01 -8.451718151218980510e-23
1.665039062500000000e-01 8.699682427599527836e-23
1.669921875000000000e-01 -1.783827173625363777e-22
1.674804687500000000e-01 1.336901303759517199e-22
1.679687500000000000e-01 -8.008570886656915490e-24
1.684570312500000000e-01 1.477427859785811108e-23
1.689453125000000000e-01 1.952533155387338044e-22
1.694335937500000000e-01 3.041297633745718784e-23
1.699218750000000000e-01 2.380816134829357472e-22
1.704101562500000000e-01 -3.820324844598135619e-23
1.708984375000000000e-01 -1.219423335338897894e-22
1.713867187500000000e-01 1.946746147547808323e-22
1.718750000000000000e-01 4.474978673207473868e-23
1.723632812500000000e-01 -2.195750537903641394e-23
1.728515625000000000e-01 5.580439006640188566e-23
1.733398437500000000e-01 7.481299735918460484e-23
1.738281250000000000e-01 -2.071309560167449865e-22
1.743164062500000000e-01 3.659215052262760722e-22
1.748046875000000000e-01 -2.082924940237993014e-22
1.752929687500000000e-01 1.612991220756034662e-22
1.757812500000000000e-01 -2.087026328869175605e-22
1.762695312500000000e-01 3.109895209947715257e-23
1.767578125000000000e-01 2.340901643837650809e-23
1.772460937500000000e-01 -3.622045521389491464e-23
1.777343750000000000e-01 -1.681474629672974997e-22
1.782226562500000000e-01 -1.347784081321883718e-23
1.787109375000000000e-01 1.681259305829340443e-22
1.791992187500000000e-01 5.236217307485980859e-23
1.796875000000000000e-01 6.796728503667405719e-23
1.801757812500000000e-01 -1.877853352442523392e-22
1.806640625000000000e-01 -1.128774769793179050e-22
1.811523437500000000e-01 -4.563376085226180777e-23
1.816406250000000000e-01 -1.948556724279187492e-22
1.821289062500000000e-01 1.379408305220650061e-22
1.826171875000000000e-01 5.424192954160278982e-23
1.831054687500000000e-01 -6.205583210270144100e-23
1.835937500000000000e-01 7.661255498901422158e-23
1.840820312500000000e-01 -5.064567024269443297e-22
1.845703125000000000e-01 1.540265219615628614e-23
1.850585937500000000e-01 -1.704403016317502227e-22
1.855468750000000000e-01 -1.877369991539778599e-22
1.860351562500000000e-01 -7.432542991982747285e-24
1.865234375000000000e-01 1.694930683477544237e-22
1.870117187500000000e-01 2.791485153362293690e-23
1.875000000000000000e-01 -4.713236121098223376e-23
1.879882812500000000e-01 5.215595714752234021e-23
1.884765625000000000e-01 -2.508414039438824840e-23
1.889648437500000000e-01 1.768820210458798777e-22
1.894531250000000000e-01 -1.382428290957677348e-22
1.899414062500000000e-01 -6.509577359027967024e-24
1.904296875000000000e-01 1.384303201157482304e-22
1.909179687500000000e-01 1.301589915462467730e-22
1.914062500000000000e-01 1.468795168614372554e-22
1.918945312500000000e-01 1.840658597850725239e-23
1.923828125000000000e-01 9.737671459402501652e-23
1.928710937500000000e-01 1.233122036228558510e-22
1.933593750000000000e-01 -7.407465964428986240e-23
1.938476562500000000e-01 -1.161090567238698455e-22
1.943359375000000000e-01 -2.249824650909865670e-22
1.948242187500000000e-01 9.146687808858119270e-23
1.953125000000000000e-01 -6.679463362418753355e-23
1.958007812500000000e-01 2.057103185325065929e-22
1.962890625000000000e-01 2.632363476916838601e-24
1.967773437500000000e-01 1.107297284779640153e-22
1.972656250000000000e-01 1.543310062209609306e-22
1.977539062500000000e-01 3.677880686604297948e-23
1.982421875000000000e-01 1.723920358487031543e-22
1.987304687500000000e-01 -1.066317104262555540e-22
1.992187500000000000e-01 9.415664266721801910e-23
1.997070312500000000e-01 -2.037848926396209555e-24
2.001953125000000000e-01 -1.044040505129852134e-22
2.006835937500000000e-01 8.308380561991258669e-23
2.011718750000000000e-01 7.666713102865782399e-23
2.016601562500000000e-01 2.104679802020117660e-23
2.021484375000000000e-01 3.001137491889508755e-23
2.026367187500000000e-01 2.373146006936433264e-22
2.031250000000000000e-01 1.030863297493551749e-22
2.036132812500000000e-01 1.077177506327137159e-23
2.041015625000000000e-01 -2.528476400408528454e-23
2.045898437500000000e-01 -1.745186630548026300e-22
2.050781250000000000e-01 1.552966796631465600e-22
2.055664062500000000e-01 -7.173217754390729325e-23
2.060546875000000000e-01 -1.061150460031677474e-22
2.065429687500000000e-01 8.026914941201899624e-24
2.070312500000000000e-01 1.030311595329052880e-22
2.075195312500000000e-01 6.507864482378012157e-23
2.080078125000000000e-01 -1.815210165119979505e-22
2.084960937500000000e-01 -3.052713387213983882e-22
2.089843750000000000e-01 -7.569328634390659309e-23
2.094726562500000000e-01 -1.195551609286390991e-22
2.099609375000000000e-01 -2.902101031104194613e-23
2.104492187500000000e-01 -2.646607009539933572e-22
2.109375000000000000e-01 -5.558160647750599199e-23
2.114257812500000000e-01 -1.352706041360001672e-24
2.119140625000000000e-01 -3.056813280837995919e-22
2.124023437500000000e-01 -1.140925993835246133e-22
2.128906250000000000e-01 -1.902736897781249602e-22
2.133789062500000000e-01 -1.456124259627965916e-22
2.138671875000000000e-01 2.751250555301490236e-23
2.143554687500000000e-01 -1.339835730986527056e-22
2.148437500000000000e-01 1.219865614640120479e-22
2.153320312500000000e-01 -1.195317355638390357e-22
2.158203125000000000e-01 3.144420644161485592e-22
2.163085937500000000e-01 1.077477696104825562e-22
2.167968750000000000e-01 1.243783462536534406e-22
2.172851562500000000e-01 1.252145494560994595e-22
2.177734375000000000e-01 1.390739905712233963e-22
2.182617187500000000e-01 -2.464318332524416094e-23
2.187500000000000000e-01 1.078926157335519415e-23
2.192382812500000000e-01 -8.987941904222982254e-23
2.197265625000000000e-01 1.513633289534571780e-22
2.202148437500000000e-01 -2.517093465003133932e-22
2.207031250000000000e-01 2.523056128899926379e-22
2.211914062500000000e-01 -4.478467385256023310e-23
2.216796875000000000e-01 1.262739357317668458e-22
2.221679687500000000e-01 1.693980532799718017e-22
2.226562500000000000e-01 -2.701139859757560896e-23
2.231445312500000000e-01 -1.372707661427843180e-23
2.236328125000000000e-01 2.944427550366018132e-23
2.241210937500000000e-01 -6.564590123214581324e-23
2.246093750000000000e-01 3.194688137690996586e-22
2.250976562500000000e-01 1.419425671580255273e-22
2.255859375000000000e-01 9.006786273226163265e-23
2.260742187500000000e-01 1.075280271329981522e-22
2.265625000000000000e-01 -1.501099957314851960e-22
2.270507812500000000e-01 1.364456054435566543e-22
2.275390625000000000e-01 2.206399766552955287e-23
2.280273437500000000e-01 -2.697063206447113615e-22
2.285156250000000000e-01 5.854271626036349130e-25
2.290039062500000000e-01 5.429128565363493097e-23
2.294921875000000000e-01 4.428798580160245626e-23
2.299804687500000000e-01 -1.711685676021024914e-24
2.304687500000000000e-01 -6.985823233770434890e-23
2.309570312500000000e-01 1.715363943926325248e-22
2.314453125000000000e-01 -8.197087118188958356e-23
2.319335937500000000e-01 2.374468731297506304e-22
2.324218750000000000e-01 -3.459255041799197367e-23
2.329101562500000000e-01 -1.618952158365292978e-23
2.333984375000000000e-01 -2.219359255530463243e-22
2.338867187500000000e-01 -9.926692838850406811e-23
2.343750000000000000e-01 9.204863996798810005e-23
2.348632812500000000e-01 -1.686752381239608913e-22
2.353515625000000000e-01 -2.482056728429689860e-22
2.358398437500000000e-01 -5.943808509866129601e-23
2.363281250000000000e-01 1.472244442520859942e-22
2.368164062500000000e-01 -1.211451333900511406e-22
2.373046875000000000e-01 5.840985081828142025e-23
2.377929687500000000e-01 5.649450097617329097e-23
2.382812500000000000e-01 5.887037062277961043e-23
2.387695312500000000e-01 1.502704409740103047e-23
2.392578125000000000e-01 6.482137272919558106e-24
2.397460937500000000e-01 -9.354467275242791985e-23
2.402343750000000000e-01 3.607232345194984293e-23
2.407226562500000000e-01 -1.745588102776888223e-22
2.412109375000000000e-01 -2.553955019564215057e-23
2.416992187500000000e-01 -1.097172020276367085e-22
2.421875000000000000e-01 -5.000073046490796298e-24
2.426757812500000000e-01 -7.285678836938555102e-23
2.431640625000000000e-01 -1.358967750778138905e-22
2.436523437500000000e-01 1.057317492886670045e-22
2.441406250000000000e-01 -1.486127320694189274e-23
2.446289062500000000e-01 -7.036157174957833174e-23
2.451171875000000000e-01 -6.274516318455050600e-24
2.456054687500000000e-01 5.558393073111305521e-23
2.460937500000000000e-01 -1.043716158516223684e-22
2.465820312500000000e-01 -8.896301673212314524e-23
2.470703125000000000e-01 -1.295317714649473473e-22
2.475585937500000000e-01 2.811937210766680944e-22
2.480468750000000000e-01 -1.571598897572567266e-22
2.485351562500000000e-01 1.231830686103629304e-22
2.490234375000000000e-01 -6.283900014565196646e-23
2.495117187500000000e-01 5.705171512596639561e-23
2.500000000000000000e-01 1.791814139515390696e-23
2.504882812500000000e-01 7.432163626086799485e-23
2.509765625000000000e-01 -1.497137796023015717e-22
2.514648437500000000e-01 2.234352225496052107e-22
2.519531250000000000e-01 -3.516021688083361890e-24
2.524414062500000000e-01 1.689385760849956924e-22
2.529296875000000000e-01 1.651064871288138788e-22
2.534179687500000000e-01 -1.132302861957231901e-22
2.539062500000000000e-01 1.249795412623559967e-22
2.543945312500000000e-01 1.808743394843327371e-24
2.548828125000000000e-01 1.850541420177397814e-22
2.553710937500000000e-01 8.230022215566159507e-23
2.558593750000000000e-01 8.190772270682628528e-24
2.563476562500000000e-01 1.885701847595159362e-22
2.568359375000000000e-01 6.691779637342400349e-23
2.573242187500000000e-01 -1.679319122535831280e-22
2.578125000000000000e-01 3.093672967235151677e-22
2.583007812500000000e-01 -1.223681292518087025e-22
2.587890625000000000e-01 -3.076809402429583661e-23
2.592773437500000000e-01 7.282291716301087010e-23
2.597656250000000000e-01 -2.452644569442587215e-22
2.602539062500000000e-01 -2.479942744825185032e-22
2.607421875000000000e-01 -4.065777367931034187e-23
2.612304687500000000e-01 3.107392596078991402e-22
2.617187500000000000e-01 -1.622158780548718017e-22
2.622070312500000000e-01 1.291646589800354022e-22
2.626953125000000000e-01 -7.439385468995700403e-23
2.631835937500000000e-01 1.423520267286508265e-25
2.636718750000000000e-01 -1.529163212198513457e-22
2.641601562500000000e-01 9.296765169105104230e-23
2.646484375000000000e-01 3.505472297011656869e-23
2.651367187500000000e-01 -2.920731903375368116e-23
2.656250000000000000e-01 2.610273108334069225e-23
2.661132812500000000e-01 9.478243561244167846e-23
2.666015625000000000e-01 2.414337471171220077e-23
2.670898437500000000e-01 -7.661851519086989758e-23
2.675781250000000000e-01 -4.427640490674022673e-23
2.680664062500000000e-01 7.509260887627787966e-24
2.685546875000000000e-01 -1.993922312734329610e-22
2.690429687500000000e-01 -2.875130767419726618e-23
2.695312500000000000e-01 -2.027811839979473752e-22
2.700195312500000000e-01 5.989397627983464037e-23
2.705078125000000000e-01 -4.260874837248933888e-22
2.709960937500000000e-01 3.107381057449101737e-23
2.714843750000000000e-01 -9.205250113462091964e-23
2.719726562500000000e-01 -7.183873820963437998e-23
2.724609375000000000e-01 1.131979144052920998e-22
2.729492187500000000e-01 5.838081950520926432e-23
2.734375000000000000e-01 -2.103030624143343967e-23
2.739257812500000000e-01 9.166167016671314175e-23
2.744140625000000000e-01 -3.299848815206284602e-24
2.749023437500000000e-01 -8.887935743914877189e-23
2.753906250000000000e-01 5.276598891602215803e-23
2.758789062500000000e-01 -9.398866810816466584e-23
2.763671875000000000e-01 -1.411400515476533033e-23
2.768554687500000000e-01 -4.828623808172301263e-23
2.773437500000000000e-01 1.357248651833600781e-22
2.778320312500000000e-01 -2.509765347586510425e-22
2.783203125000000000e-01 6.152011858397358304e-23
2.788085937500000000e-01 1.606419698091742995e-22
2.792968750000000000e-01 3.098935209288919103e-23
2.797851562500000000e-01 -9.913923348936694134e-23
2.802734375000000000e-01 2.202962280118181918e-22
2.807617187500000000e-01 -4.165635635044102517e-23
2.812500000000000000e-01 1.888012871248249894e-22
2.817382812500000000e-01 2.245251444723992028e-22
2.822265625000000000e-01 3.887053300927070390e-22
2.827148437500000000e-01 1.727303428563954897e-22
2.832031250000000000e-01 -1.197003279927845214e-22
2.836914062500000000e-01 9.392633044615486646e-23
2.841796875000000000e-01 -1.933325109701984804e-22
2.846679687500000000e-01 -1.157565590803757029e-22
2.851562500000000000e-01 1.457884168981900383e-22
2.856445312500000000e-01 6.772330055003257986e-24
2.861328125000000000e-01 2.735982899513623202e-22
2.866210937500000000e-01 -1.514843501265073353e-22
2.871093750000000000e-01 3.164479607426414840e-23
2.875976562500000000e-01 -1.798299558436407686e-23
2.880859375000000000e-01 9.011083951449639890e-23
2.885742187500000000e-01 -5.284836909185180102e-23
2.890625000000000000e-01 1.117660251859948585e-22
2.895507812500000000e-01 -2.111748754680417106e-22
2.900390625000000000e-01 -6.577294809764859294e-23
2.905273437500000000e-01 -1.256000342445507313e-22
2.910156250000000000e-01 9.873398728890898053e-23
2.915039062500000000e-01 -2.089411859599398496e-22
2.919921875000000000e-01 1.922827798095780497e-22
2.924804687500000000e-01 -1.914734894710109392e-22
2.929687500000000000e-01 9.092438024897517305e-23
2.934570312500000000e-01 -8.323239857476202792e-23
2.939453125000000000e-01 -3.091929273002382398e-23
2.944335937500000000e-01 1.849797718339520513e-23
2.949218750000000000e-01 -1.492995041262383843e-22
2.954101562500000000e-01 -2.458397767986968026e-22
2.958984375000000000e-01 -1.123426896385383192e-22
2.963867187500000000e-01 8.298426009450521752e-23
2.968750000000000000e-01 4.547128544948480888e-24
2.973632812500000000e-01 2.394608592219470587e-23
2.978515625000000000e-01 -1.224957514269175820e-22
2.983398437500000000e-01 -6.421602055408900237e-23
2.988281250000000000e-01 4.788897913882553977e-25
2.993164062500000000e-01 -4.838784731051325254e-23
2.998046875000000000e-01 3.861853280445209358e-23
3.002929687500000000e-01 -5.632750161311969723e-24
3.007812500000000000e-01 -2.845312538915406514e-22
3.012695312500000000e-01 4.256670778703824910e-23
3.017578125000000000e-01 1.533582254820489624e-24
3.022460937500000000e-01 -5.077918583716661538e-23
3.027343750000000000e-01 2.648827997493012183e-22
3.032226562500000000e-01 6.118749192109599122e-23
3.037109375000000000e-01 -1.291030497405914115e-22
3.041992187500000000e-01 -5.373490687933754823e-23
3.046875000000000000e-01 1.463571914670201187e-22
3.051757812500000000e-01 2.190131875698183066e-22
3.056640625000000000e-01 -6.481324536957261370e-23
3.061523437500000000e-01 1.259716801808521644e-22
3.066406250000000000e-01 -3.898799031407906723e-23
3.071289062500000000e-01 6.555658813321563791e-23
3.076171875000000000e-01 1.931472519391970684e-22
3.081054687500000000e-01 2.191690142530921064e-23
3.085937500000000000e-01 -1.027114782798624864e-22
3.090820312500000000e-01 1.722734898082844675e-22
3.095703125000000000e-01 1.126539097038326150e-22
3.100585937500000000e-01 1.357879034782837287e-22
3.105468750000000000e-01 2.339982030735740047e-23
3.110351562500000000e-01 -7.234037621388401033e-23
3.115234375000000000e-01 2.899347059560205873e-23
3.120117187500000000e-01 -1.145904031875575538e-22
3.125000000000000000e-01 -1.501127103288509261e-23
3.129882812500000000e-01 3.859829996711901003e-23
3.134765625000000000e-01 1.717083897115283941e-22
3.139648437500000000e-01 -1.087172256069978933e-22
3.144531250000000000e-01 -9.680461317865898547e-23
3.149414062500000000e-01 -7.672981173308992768e-23
3.154296875000000000e-01 9.809933066812942387e-23
3.159179687500000000e-01 1.416904950613161694e-22
3.164062500000000000e-01 2.135118382114670491e-22
3.168945312500000000e-01 -2.327940611898752432e-22
3.173828125000000000e-01 -5.741344574210427788e-24
3.178710937500000000e-01 -1.833429293906538675e-22
3.183593750000000000e-01 1.462399801735349030e-23
3.188476562500000000e-01 -1.465438034876901461e-22
3.193359375000000000e-01 1.486302945129270582e-22
3.198242187500000000e-01 -1.425778334598509672e-22
3.203125000000000000e-01 -3.797670431203623488e-25
3.208007812500000000e-01 -1.569161653971208245e-22
3.212890625000000000e-01 -5.339112707758175593e-23
3.217773437500000000e-01 -2.994634172045802124e-23
3.222656250000000000e-01 9.663019504451155912e-23
3.227539062500000000e-01 -9.494133484813897458e-23
3.232421875000000000e-01 2.101749571298642197e-22
3.237304687500000000e-01 -2.566169388856421158e-22
3.242187500000000000e-01 5.697411557193747015e-23
3.247070312500000000e-01 -2.196072764560171545e-24
3.251953125000000000e-01 -1.361773329191812668e-22
3.256835937500000000e-01 1.719916006560844224e-22
3.261718750000000000e-01 1.694416801154366003e-23
3.266601562500000000e-01 -1.853304374258151471e-22
3.271484375000000000e-01 -6.704409694666124537e-23
3.276367187500000000e-01 -8.166141629249783915e-23
3.281250000000000000e-01 -1.373265124917662192e-22
3.286132812500000000e-01 -1.126127692705086261e-24
3.291015625000000000e-01 2.234488085410529842e-22
3.295898437500000000e-01 -1.614794248902353364e-22
3.300781250000000000e-01 -1.362970719507725534e-22
3.305664062500000000e-01 2.881637611923947553e-22
3.310546875000000000e-01 -9.493183658294219185e-23
3.315429687500000000e-01 1.232468199688396871e-22
3.320312500000000000e-01 1.901860690757944059e-23
3.325195312500000000e-01 2.315342953590616852e-22
3.330078125000000000e-01 -2.063333176796998745e-22
3.334960937500000000e-01 2.901626346830175886e-22
3.339843750000000000e-01 2.308234274381955702e-23
3.344726562500000000e-01 -2.225397105697460587e-22
3.349609375000000000e-01 1.915829567002865092e-22
3.354492187500000000e-01 1.604807376536388255e-22
3.359375000000000000e-01 1.025675483861961498e-22
3.364257812500000000e-01 -1.526350188180247821e-22
3.369140625000000000e-01 -4.797014550297043576e-23
3.374023437500000000e-01 -3.473653341913871108e-23
3.378906250000000000e-01 1.184592289085185559e-22
3.383789062500000000e-01 -2.439040695675620433e-22
3.388671875000000000e-01 1.979444002784460837e-22
3.393554687500000000e-01 -8.640541066132760424e-23
3.398437500000000000e-01 8.116117867238770998e-23
3.403320312500000000e-01 -3.066771949831213977e-22
3.408203125000000000e-01 2.721289023231023227e-22
3.413085937500000000e-01 -1.298626536977401857e-22
3.417968750000000000e-01 2.720301577005833930e-22
3.422851562500000000e-01 -1.785592115809983643e-23
3.427734375000000000e-01 6.185438850116758179e-23
3.432617187500000000e-01 -3.513075594144023203e-23
3.437500000000000000e-01 -2.337182372667558967e-22
3.442382812500000000e-01 1.437095326527902766e-22
3.447265625000000000e-01 9.116787455264224210e-23
3.452148437500000000e-01 -1.687707800715623246e-23
3.457031250000000000e-01 1.484765580990430598e-22
3.461914062500000000e-01 1.165338076083712615e-23
3.466796875000000000e-01 -3.396338384241896764e-23
3.471679687500000000e-01 -1.985380248508241548e-22
3.476562500000000000e-01 2.174278708629313066e-22
3.481445312500000000e-01 -2.100048185367118468e-23
3.486328125000000000e-01 4.850007181272072261e-23
3.491210937500000000e-01 5.194962336159177195e-23
3.496093750000000000e-01 -1.317961684358548252e-22
3.500976562500000000e-01 -3.250450294495541095e-23
3.505859375000000000e-01 9.586984590629256239e-23
3.510742187500000000e-01 -2.247429606695390472e-22
3.515625000000000000e-01 7.283763897402999919e-23
3.520507812500000000e-01 -1.553780311316884013e-22
3.525390625000000000e-01 4.868556800123362200e-23
3.530273437500000000e-01 2.046271379821867348e-23
3.535156250000000000e-01 -1.325072300808109555e-22
3.540039062500000000e-01 -2.446991622319370188e-22
3.544921875000000000e-01 9.347139063993542682e-24
3.549804687500000000e-01 3.022821302816066566e-24
3.554687500000000000e-01 -1.556250799006479167e-22
3.559570312500000000e-01 -2.637265694069270060e-23
3.564453125000000000e-01 -5.476706891127414962e-23
3.569335937500000000e-01 -2.001359210198997747e-22
3.574218750000000000e-01 -6.423644476107794332e-23
3.579101562500000000e-01 -5.605188836787841087e-23
3.583984375000000000e-01 -2.571806230685049138e-23
3.588867187500000000e-01 3.428297430614289992e-23
3.593750000000000000e-01 2.248996206452473324e-22
3.598632812500000000e-01 1.307166751971422051e-22
3.603515625000000000e-01 1.876740300575193224e-22
3.608398437500000000e-01 1.144444204923300999e-23
3.613281250000000000e-01 1.260304695975996269e-22
3.618164062500000000e-01 2.445913989897100717e-23
3.623046875000000000e-01 6.522902369553408814e-24
3.627929687500000000e-01 5.002960767307339688e-23
3.632812500000000000e-01 -6.047182390566966791e-23
3.637695312500000000e-01 5.133613228391161831e-23
3.642578125000000000e-01 -3.936754061314767524e-23
3.647460937500000000e-01 2.840014101862789965e-23
3.652343750000000000e-01 -3.758087079946630144e-23
3.657226562500000000e-01 -1.704700015414284756e-23
3.662109375000000000e-01 2.904544237105907666e-22
3.666992187500000000e-01 -3.944260029431452199e-22
3.671875000000000000e-01 6.062074513707421477e-23
3.676757812500000000e-01 3.082855371437391002e-22
3.681640625000000000e-01 -1.350189370477567080e-22
3.686523437500000000e-01 1.689626361650168421e-22
3.691406250000000000e-01 -3.072405761965934839e-22
3.696289062500000000e-01 1.841017648290029451e-22
3.701171875000000000e-01 7.351838059289793330e-23
3.706054687500000000e-01 -2.423381778348007927e-23
3.710937500000000000e-01 1.936627661545364408e-22
3.715820312500000000e-01 2.031647083347642107e-22
3.720703125000000000e-01 7.497854238858556773e-23
3.725585937500000000e-01 1.009651302184423160e-22
3.730468750000000000e-01 -9.359299381715493327e-23
3.735351562500000000e-01 7.116111990546644893e-23
3.740234375000000000e-01 -3.076542237338812671e-23
3.745117187500000000e-01 1.468071366526546990e-23
3.750000000000000000e-01 -8.470768704747085498e-23
3.754882812500000000e-01 -1.347945210923427424e-22
3.759765625000000000e-01 -1.863453982153330722e-22
3.764648437500000000e-01 9.103937652377669335e-23
3.769531250000000000e-01 -1.590231760911386180e-22
3.774414062500000000e-01 -1.230320303451971150e-22
3.779296875000000000e-01 -8.171222062849452824e-23
3.784179687500000000e-01 -7.392763790009954481e-24
3.789062500000000000e-01 -1.258075025406499728e-22
3.793945312500000000e-01 -4.161133574474488166e-23
3.798828125000000000e-01 -3.481407148350586143e-23
3.803710937500000000e-01 1.329708661152203428e-22
3.808593750000000000e-01 -1.035651552534232498e-22
3.813476562500000000e-01 1.204835417976553982e-24
3.818359375000000000e-01 -1.765770654197917405e-22
3.823242187500000000e-01 1.430206564549484777e-22
3.828125000000000000e-01 -9.148068543419520634e-23
3.833007812500000000e-01 -1.735539400555144286e-22
3.837890625000000000e-01 1.096196389739939745e-22
3.842773437500000000e-01 1.624995003801126733e-23
3.847656250000000000e-01 -6.291921268669076124e-23
3.852539062500000000e-01 2.165100195339207653e-23
3.857421875000000000e-01 -5.981336553962382830e-23
3.862304687500000000e-01 -2.598356592511931318e-23
3.867187500000000000e-01 8.847743316985143052e-23
3.872070312500000000e-01 -1.205432888727824843e-22
3.876953125000000000e-01 2.143486789637485739e-22
3.881835937500000000e-01 -6.907664173756579469e-23
3.886718750000000000e-01 3.027155106676879129e-22
3.891601562500000000e-01 -3.033987508228062708e-22
3.896484375000000000e-01 7.782715908339536965e-23
3.901367187500000000e-01 1.512560832940066458e-22
3.906250000000000000e-01 8.737420305116967388e-24
3.911132812500000000e-01 9.337098947368834394e-23
3.916015625000000000e-01 6.970178463161519678e-23
3.920898437500000000e-01 2.992650630634475271e-23
3.925781250000000000e-01 1.312206518863937559e-22
3.930664062500000000e-01 -7.495949982034736826e-23
3.935546875000000000e-01 2.680891397516361208e-22
3.940429687500000000e-01 -1.182163343173343479e-22
3.945312500000000000e-01 2.046260218028466685e-22
3.950195312500000000e-01 -2.176838885452685907e-22
3.955078125000000000e-01 1.145192429276949379e-22
3.959960937500000000e-01 -3.236152196474911100e-22
3.964843750000000000e-01 3.105154373377932851e-24
3.969726562500000000e-01 5.529977003559481173e-23
3.974609375000000000e-01 1.583749400615989665e-22
3.979492187500000000e-01 -1.313692949377478214e-22
3.984375000000000000e-01 -1.352310009884336167e-22
3.989257812500000000e-01 1.937369438493741889e-23
3.994140625000000000e-01 1.889959945915359926e-22
3.999023437500000000e-01 2.294654647209365751e-23
4.003906250000000000e-01 1.824079310958592318e-22
4.008789062500000000e-01 -8.049905905658262715e-23
4.013671875000000000e-01 -1.440829321675227033e-22
4.018554687500000000e-01 1.561675112567752516e-22
4.023437500000000000e-01 -1.727249223694975701e-22
4.028320312500000000e-01 1.913108995485232347e-22
4.033203125000000000e-01 -1.522733450835638881e-22
4.038085937500000000e-01 -2.571838291608519013e-23
4.042968750000000000e-01 1.491912760119578618e-24
4.047851562500000000e-01 -1.019524891095612381e-22
4.052734375000000000e-01 -8.466013994310948456e-23
4.057617187500000000e-01 -9.121933981039051949e-23
4.062500000000000000e-01 2.338359228366752467e-23
4.067382812500000000e-01 -2.415868720515181479e-22
4.072265625000000000e-01 -1.264207681883076539e-23
4.077148437500000000e-01 2.044626929570640805e-23
4.082031250000000000e-01 1.305388334795199563e-22
4.086914062500000000e-01 -1.275603840187167852e-22
4.091796875000000000e-01 1.017952517709376608e-22
4.096679687500000000e-01 -6.671005678890337445e-24
4.101562500000000000e-01 -1.098756674656111438e-22
4.106445312500000000e-01 6.064508688773693864e-24
4.111328125000000000e-01 1.362134397919140014e-22
4.116210937500000000e-01 3.205026177416737242e-24
4.121093750000000000e-01 1.147529096307436387e-25
4.125976562500000000e-01 7.500439059613809013e-23
4.130859375000000000e-01 1.772869274312021724e-22
4.135742187500000000e-01 6.423055590606047019e-23
4.140625000000000000e-01 -8.215915030054825222e-23
4.145507812500000000e-01 -2.118851033401951440e-22
4.150390625000000000e-01 1.376618602337335164e-22
4.155273437500000000e-01 -5.503455823468397567e-23
4.160156250000000000e-01 2.357027284153637613e-23
4.165039062500000000e-01 2.574761603067530468e-22
4.169921875000000000e-01 -2.395969987364499873e-22
4.174804687500000000e-01 1.137213867424307283e-23
4.179687500000000000e-01 -8.724896661686274611e-25
4.184570312500000000e-01 -4.776434261689787270e-23
4.189453125000000000e-01 -8.404896517931473167e-23
4.194335937500000000e-01 -1.799176193883455484e-22
4.199218750000000000e-01 9.842790905478456875e-23
4.204101562500000000e-01 2.084743565931560567e-22
4.208984375000000000e-01 2.789404353329867704e-22
4.213867187500000000e-01 -1.254447627842282985e-23
4.218750000000000000e-01 -2.089122230749156431e-22
4.223632812500000000e-01 1.996382895752778807e-22
4.228515625000000000e-01 -1.628906534298361024e-22
4.233398437500000000e-01 2.161427393138355626e-22
4.238281250000000000e-01 -4.688766005803294077e-23
4.243164062500000000e-01 1.211113127991984565e-22
4.248046875000000000e-01 -5.731472017619675792e-23
4.252929687500000000e-01 1.027591894985612211e-22
4.257812500000000000e-01 -1.163800190282618997e-22
4.262695312500000000e-01 -4.355637226270664714e-23
4.267578125000000000e-01 -5.713494425785024730e-23
4.272460937500000000e-01 -8.413087750823624795e-23
4.277343750000000000e-01 -1.266666446202601252e-22
4.282226562500000000e-01 2.502890636156851405e-23
4.287109375000000000e-01 -2.052908859521939228e-22
4.291992187500000000e-01 8.679283414766494447e-23
4.296875000000000000e-01 1.254254237738135127e-22
4.301757812500000000e-01 -1.994612281290349646e-22
4.306640625000000000e-01 3.381782085071346903e-23
4.311523437500000000e-01 -9.820452600527240579e-23
4.316406250000000000e-01 -1.626027926952523480e-22
4.321289062500000000e-01 8.169344553179832950e-24
4.326171875000000000e-01 -1.325661509982174880e-22
4.331054687500000000e-01 3.190207473350798176e-22
4.335937500000000000e-01 -5.970804492584007968e-23
4.340820312500000000e-01 4.781162757210986116e-23
4.345703125000000000e-01 1.335554360317569379e-22
4.350585937500000000e-01 -1.031244128922655653e-22
4.355468750000000000e-01 -1.390433832225369924e-22
4.360351562500000000e-01 2.286294153402474742e-22
4.365234375000000000e-01 -4.838867719243139968e-23
4.370117187500000000e-01 1.775864711486236114e-22
4.375000000000000000e-01 -3.157694269480752028e-23
4.379882812500000000e-01 7.507206939593475073e-23
4.384765625000000000e-01 1.891598153314236986e-22
4.389648437500000000e-01 -1.634009955181823858e-22
4.394531250000000000e-01 -8.920087338173283046e-23
4.399414062500000000e-01 1.329647150704186170e-22
4.404296875000000000e-01 1.174543903573626093e-22
4.409179687500000000e-01 -1.896834418189664478e-22
4.414062500000000000e-01 1.311706488943843777e-22
4.418945312500000000e-01 -5.276379234283713119e-23
4.423828125000000000e-01 5.963102532730006691e-23
4.428710937500000000e-01 -9.059568916319007029e-23
4.433593750000000000e-01 4.111372180385414452e-23
4.438476562500000000e-01 -2.296376561891302994e-22
4.443359375000000000e-01 2.167955588004977349e-23
4.448242187500000000e-01 2.009975826527817050e-22
4.453125000000000000e-01 -3.814936915608245943e-23
4.458007812500000000e-01 2.237931733476839491e-22
4.462890625000000000e-01 -1.718118413362345166e-22
4.467773437500000000e-01 -7.304264666236271913e-23
4.472656250000000000e-01 -5.392860967947466624e-23
4.477539062500000000e-01 5.199448961894852530e-23
4.482421875000000000e-01 5.428448030198163757e-23
4.487304687500000000e-01 -2.097617908408716620e-23
4.492187500000000000e-01 2.707054025296538068e-24
4.497070312500000000e-01 1.641161453654049451e-22
4.501953125000000000e-01 -6.004350504092607234e-23
4.506835937500000000e-01 -3.028976745409935260e-23
4.511718750000000000e-01 -1.589956717551064940e-22
4.516601562500000000e-01 4.201904868401988209e-24
4.521484375000000000e-01 2.916549480656616813e-23
4.526367187500000000e-01 6.391249998573478964e-23
4.531250000000000000e-01 -1.349337726215781713e-22
4.536132812500000000e-01 6.636313944963053514e-23
4.541015625000000000e-01 -1.896469413840355077e-22
4.545898437500000000e-01 -8.176763155413208522e-24
4.550781250000000000e-01 2.961904724574569856e-22
4.555664062500000000e-01 -1.793643651034570072e-22
4.560546875000000000e-01 -2.582679771056511521e-23
4.565429687500000000e-01 7.714006601794243470e-23
4.570312500000000000e-01 9.612954930996292228e-25
4.575195312500000000e-01 -2.061833378959085573e-22
4.580078125000000000e-01 -2.905074408061591409e-22
4.584960937500000000e-01 8.468821050058040783e-23
4.589843750000000000e-01 -2.400990766621847964e-23
4.594726562500000000e-01 5.087946125866541414e-23
4.599609375000000000e-01 -1.712719998290286357e-22
4.604492187500000000e-01 1.632569260376986840e-22
4.609375000000000000e-01 5.050043056499583958e-23
4.614257812500000000e-01 1.851741630694274143e-22
4.619140625000000000e-01 -1.711833991307764195e-22
4.624023437500000000e-01 1.326650392758568235e-22
4.628906250000000000e-01 -8.439350669333632651e-23
4.633789062500000000e-01 2.353711981517839876e-22
4.638671875000000000e-01 -3.620900471950127098e-23
4.643554687500000000e-01 3.716953245842404860e-23
4.648437500000000000e-01 -1.168366989601529160e-22
4.653320312500000000e-01 6.402504609075371373e-23
4.658203125000000000e-01 8.842425918040307330e-23
4.663085937500000000e-01 -2.910014589840723733e-23
4.667968750000000000e-01 1.156286173675909459e-23
4.672851562500000000e-01 -5.146841665962506398e-23
4.677734375000000000e-01 3.376090771094403384e-22
4.682617187500000000e-01 -1.193213394953778502e-22
4.687500000000000000e-01 1.498093632171545064e-22
4.692382812500000000e-01 -2.717238106776080054e-22
4.697265625000000000e-01 -1.163664538833954410e-22
4.702148437500000000e-01 5.691472849745583757e-24
4.707031250000000000e-01 6.707037849274917962e-23
4.711914062500000000e-01 2.189158827053277964e-23
4.716796875000000000e-01 3.108661381989439804e-23
4.721679687500000000e-01 -1.296858453426015877e-22
4.726562500000000000e-01 1.551092635421408383e-22
4.731445312500000000e-01 8.408950023063915356e-23
4.736328125000000000e-01 3.791085206578250649e-22
4.741210937500000000e-01 -9.364456027396175607e-23
4.746093750000000000e-01 9.353418916917289668e-24
4.750976562500000000e-01 -6.964338429920778402e-23
4.755859375000000000e-01 -6.758585816604076283e-23
4.760742187500000000e-01 -1.577439365089723794e-23
4.765625000000000000e-01 1.306787658612686211e-22
4.770507812500000000e-01 1.033894024495338867e-22
4.775390625000000000e-01 -1.609145477144767580e-22
4.780273437500000000e-01 -1.750911355022147187e-22
4.785156250000000000e-01 -7.141051438365498672e-23
4.790039062500000000e-01 2.472246575237247638e-23
4.794921875000000000e-01 -2.895092913245816508e-23
4.799804687500000000e-01 -7.021941472055798537e-24
4.804687500000000000e-01 -1.169783808522139336e-22
4.809570312500000000e-01 -2.840512813296121299e-22
4.814453125000000000e-01 6.246826468259266867e-23
4.819335937500000000e-01 8.021034640137759837e-23
4.824218750000000000e-01 -1.982552175352314571e-22
4.829101562500000000e-01 -1.666728820101706362e-22
4.833984375000000000e-01 1.582560643297856442e-23
4.838867187500000000e-01 -7.563293115062513877e-24
4.843750000000000000e-01 9.824302760254263988e-23
4.848632812500000000e-01 6.412643244432598614e-23
4.853515625000000000e-01 1.081686706756382393e-22
4.858398437500000000e-01 6.127318945321464896e-23
4.863281250000000000e-01 -5.680070557200475527e-23
4.868164062500000000e-01 -1.257314511367743534e-22
4.873046875000000000e-01 1.509674217864078873e-22
4.877929687500000000e-01 -2.060614610208488638e-22
4.882812500000000000e-01 1.163037413079411443e-22
4.887695312500000000e-01 -5.610395529446393239e-23
4.892578125000000000e-01 1.467115916521130225e-22
4.897460937500000000e-01 1.302230423202131241e-23
4.902343750000000000e-01 1.338431104552853012e-22
4.907226562500000000e-01 -3.951411442740259474e-23
4.912109375000000000e-01 1.500094444313256854e-22
4.916992187500000000e-01 -2.919047522847201725e-23
4.921875000000000000e-01 8.190170131409548574e-23
4.926757812500000000e-01 -1.008766161743249549e-22
4.931640625000000000e-01 -9.274207440546974597e-23
4.936523437500000000e-01 3.234826091909113590e-22
4.941406250000000000e-01 3.059361013911116889e-23
4.946289062500000000e-01 -2.761825647063434172e-23
4.951171875000000000e-01 -4.596083911582767543e-23
4.956054687500000000e-01 9.391984985951514685e-23
4.960937500000000000e-01 1.406570833552283981e-22
4.965820312500000000e-01 -9.433268172603738460e-23
4.970703125000000000e-01 -9.295044762399764667e-23
4.975585937500000000e-01 -6.226713990179680323e-23
4.980468750000000000e-01 -1.404778188395470994e-22
4.985351562500000000e-01 -7.018619067667187139e-23
4.990234375000000000e-01 7.060651201639634571e-23
4.995117187500000000e-01 -1.027568752140478100e-22
5.000000000000000000e-01 8.516850429829397776e-23
5.004882812500000000e-01 -1.170456999505747910e-22
5.009765625000000000e-01 1.481130721442768942e-23
5.014648437500000000e-01 -3.175512992004126786e-23
5.019531250000000000e-01 1.184176088521925619e-22
5.024414062500000000e-01 -6.090148639350620566e-23
5.029296875000000000e-01 5.690690828936347327e-23
5.034179687500000000e-01 3.833685991719742754e-22
5.039062500000000000e-01 -3.274919818654366516e-22
5.043945312500000000e-01 -2.137154966483256993e-22
5.048828125000000000e-01 -3.098183013958421506e-23
5.053710937500000000e-01 -4.259117505557578228e-23
5.058593750000000000e-01 1.367079603054920486e-22
5.063476562500000000e-01 -8.776744512708960047e-23
5.068359375000000000e-01 -4.130827839562833405e-23
5.073242187500000000e-01 -9.768614124872898990e-24
5.078125000000000000e-01 1.188074873839615865e-22
5.083007812500000000e-01 9.361951475308250306e-23
5.087890625000000000e-01 -1.827457072326753987e-22
5.092773437500000000e-01 1.932705719025574204e-22
5.097656250000000000e-01 -1.262370262810969963e-22
5.102539062500000000e-01 1.197038670897840195e-22
5.107421875000000000e-01 1.325661028484443562e-22
5.112304687500000000e-01 9.382912234024726466e-23
5.117187500000000000e-01 7.156070894017255853e-23
5.122070312500000000e-01 -1.594370204296733830e-22
5.126953125000000000e-01 6.357411285847060964e-23
5.131835937500000000e-01 4.060586207488665391e-24
5.136718750000000000e-01 -1.718151511299268288e-22
5.141601562500000000e-01 -4.052422464141094759e-23
5.146484375000000000e-01 4.863426789995257071e-24
5.151367187500000000e-01 1.154424167915004742e-22
5.156250000000000000e-01 -7.693443820607595250e-23
5.161132812500000000e-01 2.451435367406218633e-22
5.166015625000000000e-01 -2.649303083354801433e-22
5.170898437500000000e-01 1.265336823890802527e-22
5.175781250000000000e-01 -1.534568998598881919e-22
5.180664062500000000e-01 1.967028532617115533e-22
5.185546875000000000e-01 -2.019724280215984818e-22
5.190429687500000000e-01 -1.243061693786408061e-22
5.195312500000000000e-01 -2.498947946372787116e-22
5.200195312500000000e-01 1.450225427888631828e-22
5.205078125000000000e-01 -2.180422053427636813e-23
5.209960937500000000e-01 9.257330256050687323e-23
5.214843750000000000e-01 -6.696177427601650826e-23
5.219726562500000000e-01 1.658043973152506325e-23
5.224609375000000000e-01 1.130696082544559500e-22
5.229492187500000000e-01 1.721786284299260764e-22
5.234375000000000000e-01 4.166626500611814227e-23
5.239257812500000000e-01 -1.443293068697851651e-23
5.244140625000000000e-01 1.572454943459743549e-24
5.249023437500000000e-01 -5.050499881489985877e-23
5.253906250000000000e-01 7.558486413464866811e-23
5.258789062500000000e-01 -4.389155020597171701e-23
5.263671875000000000e-01 -2.742845509671096829e-22
5.268554687500000000e-01 1.725304026891013096e-23
5.273437500000000000e-01 -1.892541261886143222e-22
5.278320312500000000e-01 2.045955033205153262e-22
5.283203125000000000e-01 4.922788394021992960e-23
5.288085937500000000e-01 -6.688412390075195876e-23
5.292968750000000000e-01 1.135794848612153465e-22
5.297851562500000000e-01 3.245702055629289165e-24
5.302734375000000000e-01 -1.582389808766683023e-22
5.307617187500000000e-01 2.425034678737590678e-22
5.312500000000000000e-01 7.823670512795045334e-23
5.317382812500000000e-01 1.150361194382081290e-22
5.322265625000000000e-01 1.046408530476216731e-23
5.327148437500000000e-01 8.590120614684363398e-23
5.332031250000000000e-01 5.780144945702606861e-23
5.336914062500000000e-01 -6.692965681199915218e-23
5.341796875000000000e-01 1.622663601285401537e-23
5.346679687500000000e-01 -8.485963423264660984e-23
5.351562500000000000e-01 5.274739451785694808e-23
5.356445312500000000e-01 2.016860575861433914e-23
5.361328125000000000e-01 -1.788503893717028793e-22
5.366210937500000000e-01 -9.620125766138326894e-23
5.371093750000000000e-01 -2.014887284198733003e-22
5.375976562500000000e-01 -8.443740548666361845e-23
5.380859375000000000e-01 -1.015798527094463735e-22
5.385742187500000000e-01 3.388444702818399182e-23
5.390625000000000000e-01 1.719593037981248755e-22
5.395507812500000000e-01 1.222088607685913103e-23
5.400390625000000000e-01 1.715037093905770639e-22
5.405273437500000000e-01 1.388088905714931393e-22
5.410156250000000000e-01 1.653965987408012747e-22
5.415039062500000000e-01 -4.936916411710545076e-23
5.419921875000000000e-01 -2.051577643279478424e-22
5.424804687500000000e-01 -5.406502948710610181e-23
5.429687500000000000e-01 -1.208536788334257401e-22
5.434570312500000000e-01 -1.953252714056236128e-22
5.439453125000000000e-01 -4.445455267715593750e-23
5.444335937500000000e-01 1.198942954608557170e-22
5.449218750000000000e-01 -3.661971601715573765e-23
5.454101562500000000e-01 4.843626738691965700e-23
5.458984375000000000e-01 -4.545945634188549790e-23
5.463867187500000000e-01 1.249097743589960590e-22
5.468750000000000000e-01 1.322855353308090327e-22
5.473632812500000000e-01 6.419915414783218483e-23
5.478515625000000000e-01 9.869791328108393191e-23
5.483398437500000000e-01 -4.630106692247995176e-23
5.488281250000000000e-01 -1.260163990280374009e-22
5.493164062500000000e-01 1.696910157997728059e-22
5.498046875000000000e-01 -4.648503312459406145e-24
5.502929687500000000e-01 -7.618555754577962966e-23
5.507812500000000000e-01 -1.425814051500810942e-22
5.512695312500000000e-01 -8.323370819642702456e-23
5.517578125000000000e-01 1.655355823697752093e-22
5.522460937500000000e-01 2.038696016708771864e-22
5.527343750000000000e-01 -2.037313887715042156e-23
5.532226562500000000e-01 -2.555662436718562614e-22
5.537109375000000000e-01 2.696996523006799142e-22
5.541992187500000000e-01 -2.854477711377692967e-22
5.546875000000000000e-01 1.350524028189922238e-22
5.551757812500000000e-01 1.173526994896099237e-22
5.556640625000000000e-01 -2.891165281516296875e-22
5.561523437500000000e-01 -6.148608808012074454e-23
5.566406250000000000e-01 1.136183217631724981e-22
5.571289062500000000e-01 -1.034649191170281694e-22
5.576171875000000000e-01 2.913311105203368626e-22
5.581054687500000000e-01 -2.808096216839772370e-23
5.585937500000000000e-01 6.697338845920544275e-23
5.590820312500000000e-01 -9.885829437086246862e-23
5.595703125000000000e-01 1.329057121646043617e-22
5.600585937500000000e-01 -1.745918920187163364e-24
5.605468750000000000e-01 -1.459200816591973979e-22
5.610351562500000000e-01 1.271868459457155341e-22
5.615234375000000000e-01 -1.014808276419225160e-22
5.620117187500000000e-01 5.288539762164241321e-23
5.625000000000000000e-01 -4.125804228384072048e-23
5.629882812500000000e-01 -3.821547695021115310e-23
5.634765625000000000e-01 2.364240963316643214e-23
5.639648437500000000e-01 -1.165568012602152136e-22
5.644531250000000000e-01 1.271316240868623015e-22
5.649414062500000000e-01 -4.189531723439767937e-23
5.654296875000000000e-01 1.773644610595345272e-23
5.659179687500000000e-01 -8.946641447701252236e-23
5.664062500000000000e-01 4.343508932885532944e-23
5.668945312500000000e-01 5.302981988200385077e-23
5.673828125000000000e-01 -1.900250432950249929e-22
5.678710937500000000e-01 -1.924039032852356650e-22
5.683593750000000000e-01 9.475315055170904484e-23
5.688476562500000000e-01 -6.846289726079621943e-23
5.693359375000000000e-01 -7.070909663939546367e-23
5.698242187500000000e-01 -3.736840208352477837e-23
5.703125000000000000e-01 -2.153040362396483152e-22
5.708007812500000000e-01 -2.630026017470968156e-23
5.712890625000000000e-01 1.770315195482067396e-22
5.717773437500000000e-01 -2.582315195399870976e-23
5.722656250000000000e-01 -1.412727012242120581e-23
5.727539062500000000e-01 1.362103244561627184e-23
5.732421875000000000e-01 -2.348056451421993755e-23
5.737304687500000000e-01 1.747727798209063137e-22
5.742187500000000000e-01 -1.793389653764937346e-22
5.747070312500000000e-01 2.083238945471890149e-22
5.751953125000000000e-01 1.184129549654984919e-22
5.756835937500000000e-01 3.828204551196280276e-22
5.761718750000000000e-01 -5.709463357071934749e-23
5.766601562500000000e-01 1.756163234540907504e-22
5.771484375000000000e-01 8.506384682455975285e-23
5.776367187500000000e-01 -1.583432540458190388e-22
5.781250000000000000e-01 -8.941001852861226114e-23
5.786132812500000000e-01 5.244112553464468514e-23
5.791015625000000000e-01 -2.181452563101078086e-22
5.795898437500000000e-01 -1.309414855234180120e-22
5.800781250000000000e-01 3.246508557864000150e-22
5.805664062500000000e-01 3.237203681375464915e-22
5.810546875000000000e-01 8.990365264406956743e-23
5.815429687500000000e-01 2.241271079396350665e-22
5.820312500000000000e-01 -1.019008736826888936e-22
5.825195312500000000e-01 -1.689831721056543998e-22
5.830078125000000000e-01 -9.711136301231218829e-23
5.834960937500000000e-01 1.456952410147621714e-22
5.839843750000000000e-01 5.762673821031511300e-23
5.844726562500000000e-01 -2.354102532163387013e-22
5.849609375000000000e-01 1.507047333075194572e-22
5.854492187500000000e-01 1.029292765074039195e-22
5.859375000000000000e-01 -2.131709365656067327e-22
5.864257812500000000e-01 -1.226574281041073772e-22
5.869140625000000000e-01 1.396491526262567892e-23
5.874023437500000000e-01 2.824739444273305060e-23
5.878906250000000000e-01 7.103121631821619809e-23
5.883789062500000000e-01 -3.015681057128042071e-22
5.888671875000000000e-01 -5.333665684550697287e-23
5.893554687500000000e-01 -1.928558249408890995e-23
5.898437500000000000e-01 -6.340165625212925700e-23
5.903320312500000000e-01 -6.706373017868624839e-23
5.908203125000000000e-01 -2.225933978097407088e-22
5.913085937500000000e-01 -2.693638977530184032e-23
5.917968750000000000e-01 -1.003727880567111808e-22
5.922851562500000000e-01 -1.751929946355081612e-22
5.927734375000000000e-01 5.003815206874243704e-23
5.932617187500000000e-01 -2.335182530989855725e-22
5.937500000000000000e-01 1.254976134259871131e-22
5.942382812500000000e-01 -2.391081383917843525e-22
5.947265625000000000e-01 -1.982256706615216242e-22
5.952148437500000000e-01 1.465829489906656644e-23
5.957031250000000000e-01 1.497270784296871101e-22
5.961914062500000000e-01 7.759664911304669604e-24
5.966796875000000000e-01 -1.054247932425687933e-22
5.971679687500000000e-01 4.110064484672237552e-23
5.976562500000000000e-01 1.799999870231238269e-22
5.981445312500000000e-01 3.953170250155845172e-23
5.986328125000000000e-01 2.595765337804389012e-22
5.991210937500000000e-01 5.294690336866719731e-23
5.996093750000000000e-01 1.457530342003518591e-22
6.000976562500000000e-01 6.518995937575035839e-23
6.005859375000000000e-01 1.035491848017332254e-23
6.010742187500000000e-01 5.471648448544250704e-23
6.015625000000000000e-01 2.769035420636734066e-22
6.020507812500000000e-01 2.507887359990485279e-23
6.025390625000000000e-01 1.581022134889093796e-22
6.030273437500000000e-01 8.459127895658434894e-23
6.035156250000000000e-01 9.997962337218267512e-23
6.040039062500000000e-01 3.340391697553997267e-23
6.044921875000000000e-01 1.415347259679933075e-22
6.049804687500000000e-01 -1.098905578094650680e-22
6.054687500000000000e-01 -1.173826893525466507e-22
6.059570312500000000e-01 2.828354263624806965e-22
6.064453125000000000e-01 -3.082698397085424270e-22
6.069335937500000000e-01 1.439094928564328978e-22
6.074218750000000000e-01 6.415107235817680306e-23
6.079101562500000000e-01 4.007106024380443902e-23
6.083984375000000000e-01 1.457514001884765591e-23
6.088867187500000000e-01 -1.412913242077617651e-22
6.093750000000000000e-01 1.884914957784958022e-22
6.098632812500000000e-01 -1.278722617409281201e-22
6.103515625000000000e-01 1.953815117204702015e-22
6.108398437500000000e-01 -9.110349223706815840e-23
6.113281250000000000e-01 -1.530177873218058031e-22
6.118164062500000000e-01 -2.734958347876399982e-23
6.123046875000000000e-01 -2.003764387137708171e-23
6.127929687500000000e-01 -3.332824987062068557e-23
6.132812500000000000e-01 -1.638684655041960393e-22
6.137695312500000000e-01 9.561426440482533336e-24
6.142578125000000000e-01 -2.096488709520545738e-22
6.147460937500000000e-01 5.200431125741248519e-23
6.152343750000000000e-01 -1.188659760591065793e-22
6.157226562500000000e-01 -9.776329264741099010e-23
6.162109375000000000e-01 -9.831199743050655216e-24
6.166992187500000000e-01 -1.649376214025316386e-22
6.171875000000000000e-01 -1.456505706797586897e-22
6.176757812500000000e-01 -2.935418554584087930e-22
6.181640625000000000e-01 -2.865442141631380678e-23
6.186523437500000000e-01 -8.249222582755765340e-24
6.191406250000000000e-01 -1.056793917248718770e-23
6.196289062500000000e-01 -5.426451242028956420e-23
6.201171875000000000e-01 2.456365484192508216e-24
6.206054687500000000e-01 -2.256668784886639576e-22
6.210937500000000000e-01 2.664032294887936073e-22
6.215820312500000000e-01 4.675419158610635333e-23
6.220703125000000000e-01 2.065747289855770972e-22
6.225585937500000000e-01 2.752130567007987432e-23
6.230468750000000000e-01 1.616316158058681421e-23
6.235351562500000000e-01 -7.658855941781537328e-23
6.240234375000000000e-01 7.368206782485889284e-23
6.245117187500000000e-01 8.524885845351961989e-24
6.250000000000000000e-01 2.190391717978449042e-22
6.254882812500000000e-01 1.165039505179067399e-22
6.259765625000000000e-01 5.788226903978923224e-23
6.264648437500000000e-01 1.264252499302939859e-22
6.269531250000000000e-01 7.910197683820902725e-23
6.274414062500000000e-01 -5.413063337351683447e-24
6.279296875000000000e-01 9.412410893338214224e-23
6.284179687500000000e-01 -8.182262587120249615e-23
6.289062500000000000e-01 3.736097219631969313e-23
6.293945312500000000e-01 -2.413674712393269797e-24
6.298828125000000000e-01 7.249191269210818086e-23
6.303710937500000000e-01 -2.482241269102152181e-23
6.308593750000000000e-01 -1.104978039681651978e-22
6.313476562500000000e-01 3.757825110611573439e-23
6.318359375000000000e-01 2.572245559724471078e-23
6.323242187500000000e-01 5.159111012755211303e-24
6.328125000000000000e-01 1.202131353825446124e-22
6.333007812500000000e-01 -2.477925947123685292e-22
6.337890625000000000e-01 2.179986661918223154e-22
6.342773437500000000e-01 -7.410793751166432732e-23
6.347656250000000000e-01 -1.725507032052006965e-22
6.352539062500000000e-01 -2.254069276337074323e-22
6.357421875000000000e-01 1.225314436450065137e-22
6.362304687500000000e-01 2.026854685133482235e-22
6.367187500000000000e-01 -3.076195736752394113e-23
6.372070312500000000e-01 -1.079065987019102624e-23
6.376953125000000000e-01 1.578195094826962130e-23
6.381835937500000000e-01 5.476490159979435334e-23
6.386718750000000000e-01 -2.661075630119994811e-23
6.391601562500000000e-01 1.934656313539375670e-23
6.396484375000000000e-01 -2.084028597325132933e-22
6.401367187500000000e-01 -9.332514766370261428e-23
6.406250000000000000e-01 8.912476370987528943e-23
6.411132812500000000e-01 6.769731077872860044e-23
6.416015625000000000e-01 4.806960992931266175e-23
6.420898437500000000e-01 6.805819337349989793e-24
6.425781250000000000e-01 9.728936849760673894e-23
6.430664062500000000e-01 -1.051545695866345812e-23
6.435546875000000000e-01 8.636625550479954451e-24
6.440429687500000000e-01 2.824463483748140329e-23
6.445312500000000000e-01 -5.350685373415835582e-23
6.450195312500000000e-01 -4.825728626422038260e-23
6.455078125000000000e-01 -1.167036538879190828e-22
6.459960937500000000e-01 -7.918769683838832879e-23
6.464843750000000000e-01 1.036360362188013588e-22
6.469726562500000000e-01 3.063562985130822829e-23
6.474609375000000000e-01 -7.333829277330664070e-23
6.479492187500000000e-01 -3.921881887383911985e-23
6.484375000000000000e-01 5.271783809944582666e-23
6.489257812500000000e-01 1.234512267155618430e-22
6.494140625000000000e-01 -2.945127758965262887e-23
6.499023437500000000e-01 6.181345808275598064e-24
6.503906250000000000e-01 1.380741267462183623e-22
6.508789062500000000e-01 -1.456371445227189231e-22
6.513671875000000000e-01 -6.090255814075653772e-23
6.518554687500000000e-01 1.586676031919663722e-22
6.523437500000000000e-01 -1.495083390528330227e-22
6.528320312500000000e-01 -2.394738078400094331e-22
6.533203125000000000e-01 1.745309337014507008e-22
6.538085937500000000e-01 -1.755496922106240915e-22
6.542968750000000000e-01 9.845127948880761556e-23
6.547851562500000000e-01 -2.783464180162034887e-22
6.552734375000000000e-01 6.557191510497706266e-23
6.557617187500000000e-01 -1.518428562543885782e-23
6.562500000000000000e-01 1.593975569784518390e-22
6.567382812500000000e-01 -2.185276129627053430e-22
6.572265625000000000e-01 8.323262076786926455e-23
6.577148437500000000e-01 -4.465753151595718170e-24
6.582031250000000000e-01 7.108220820414611316e-24
6.586914062500000000e-01 -6.519799477194214311e-23
6.591796875000000000e-01 7.208047702580628066e-23
6.596679687500000000e-01 7.482120302084945611e-23
6.601562500000000000e-01 -1.688020814389398435e-22
6.606445312500000000e-01 2.227824301820994011e-22
6.611328125000000000e-01 3.762210742627523254e-24
6.616210937500000000e-01 9.226619441077263666e-23
6.621093750000000000e-01 -1.793401596865052034e-23
6.625976562500000000e-01 -1.651373657539175572e-22
6.630859375000000000e-01 3.514037512366549411e-23
6.635742187500000000e-01 6.127481307322168966e-23
6.640625000000000000e-01 -1.010462395532944996e-22
6.645507812500000000e-01 2.985345708572713492e-22
6.650390625000000000e-01 5.163157757439896043e-25
6.655273437500000000e-01 4.180520508897102432e-23
6.660156250000000000e-01 2.445028760785194993e-22
6.665039062500000000e-01 -1.898792108481903859e-23
6.669921875000000000e-01 -1.599941907602148852e-22
6.674804687500000000e-01 6.226978506888092996e-23
6.679687500000000000e-01 2.545798796329789150e-22
6.684570312500000000e-01 -9.297709075073952233e-23
6.689453125000000000e-01 -4.082343111635411068e-23
6.694335937500000000e-01 1.183441517170082912e-24
6.699218750000000000e-01 -2.449796738778604988e-23
6.704101562500000000e-01 6.456279335330631060e-24
6.708984375000000000e-01 1.412721800003146552e-22
6.713867187500000000e-01 -1.585879051484533592e-22
6.718750000000000000e-01 -1.873831568475190497e-22
6.723632812500000000e-01 1.607553478111961905e-22
6.728515625000000000e-01 4.045068591215907870e-23
6.733398437500000000e-01 -1.756630507016341246e-23
6.738281250000000000e-01 -1.695652677312132445e-22
6.743164062500000000e-01 -1.025503383565252540e-22
6.748046875000000000e-01 5.092783769333841827e-23
6.752929687500000000e-01 -9.270303311702416905e-23
6.757812500000000000e-01 -9.244669629870903025e-24
6.762695312500000000e-01 7.245702889946693605e-24
6.767578125000000000e-01 6.162654080684070535e-23
6.772460937500000000e-01 -1.324062206497659611e-23
6.777343750000000000e-01 -2.337307285684138477e-24
6.782226562500000000e-01 -1.792406510582746043e-22
6.787109375000000000e-01 4.828231496772247387e-23
6.791992187500000000e-01 -1.056928387738914730e-23
6.796875000000000000e-01 -2.776501214947583376e-25
6.801757812500000000e-01 2.640918993554641383e-22
6.806640625000000000e-01 -9.226996838725039631e-23
6.811523437500000000e-01 -5.669392289631195805e-23
6.816406250000000000e-01 4.622446967594911434e-23
6.821289062500000000e-01 1.460449075637689531e-22
6.826171875000000000e-01 -1.584652074036428658e-22
6.831054687500000000e-01 -6.080904052273993139e-24
6.835937500000000000e-01 -6.911529199360657199e-23
6.840820312500000000e-01 -4.185536125278093876e-23
6.845703125000000000e-01 1.074486758166262356e-22
6.850585937500000000e-01 -1.966396483046283052e-22
6.855468750000000000e-01 6.941458766125654686e-23
6.860351562500000000e-01 1.363664547337720542e-22
6.865234375000000000e-01 -6.141303756014486967e-23
6.870117187500000000e-01 8.439545973281123533e-23
6.875000000000000000e-01 8.026676366641178815e-23
6.879882812500000000e-01 -1.473490514297893620e-22
6.884765625000000000e-01 -8.251713157777498125e-23
6.889648437500000000e-01 -1.107097229285014607e-22
6.894531250000000000e-01 -8.935289356488654335e-23
6.899414062500000000e-01 -3.793717507387703946e-24
6.904296875000000000e-01 1.016880898544044412e-22
6.909179687500000000e-01 -3.021217176057045096e-22
6.914062500000000000e-01 7.385075454861777816e-23
6.918945312500000000e-01 1.589377171002549072e-22
6.923828125000000000e-01 1.029045943376260320e-22
6.928710937500000000e-01 3.537385061074886370e-23
6.933593750000000000e-01 -1.027120449580881283e-22
6.938476562500000000e-01 1.122861949679387034e-22
6.943359375000000000e-01 1.612267568542439436e-22
6.948242187500000000e-01 -3.361007443018803301e-23
6.953125000000000000e-01 2.816116486925700433e-23
6.958007812500000000e-01 -1.495274711469469696e-22
6.962890625000000000e-01 -2.681562698765414040e-23
6.967773437500000000e-01 1.066711427526144852e-22
6.972656250000000000e-01 9.057240475369725369e-24
6.977539062500000000e-01 -1.997504957113433125e-23
6.982421875000000000e-01 -2.288329341724145095e-22
6.987304687500000000e-01 -4.344643220893170079e-23
6.992187500000000000e-01 2.889644860156198698e-22
6.997070312500000000e-01 4.354153660616936048e-23
7.001953125000000000e-01 -7.838072548890613716e-23
7.006835937500000000e-01 4.510461506199283659e-23
7.011718750000000000e-01 3.391601667049802316e-23
7.016601562500000000e-01 -9.824388125824777811e-23
7.021484375000000000e-01 1.408807338949127719e-23
7.026367187500000000e-01 2.182540910306133841e-22
7.031250000000000000e-01 -2.407021713876112585e-23
7.036132812500000000e-01 1.457585148973170865e-22
7.041015625000000000e-01 -1.128494679858948799e-23
7.045898437500000000e-01 -3.242522359590229370e-23
7.050781250000000000e-01 3.363439782616456048e-22
7.055664062500000000e-01 2.122883755355263094e-23
7.060546875000000000e-01 -6.314871742130474433e-23
7.065429687500000000e-01 4.041959264848981464e-23
7.070312500000000000e-01 5.288078484332415057e-24
7.075195312500000000e-01 3.706906319659155625e-23
7.080078125000000000e-01 -6.387311390777438235e-23
7.084960937500000000e-01 -6.047401419529165460e-23
7.089843750000000000e-01 -1.433384435745499960e-22
7.094726562500000000e-01 3.842722727306220846e-23
7.099609375000000000e-01 6.705997590955666456e-24
7.104492187500000000e-01 -4.279107501037616251e-23
7.109375000000000000e-01 9.257903035338518258e-23
7.114257812500000000e-01 -3.283362857587176101e-22
7.119140625000000000e-01 -1.526424486016658116e-22
7.124023437500000000e-01 -6.958120462194213240e-23
7.128906250000000000e-01 -1.217718736407938982e-22
7.133789062500000000e-01 -8.771115222152144741e-23
7.138671875000000000e-01 -5.045431898403361578e-23
7.143554687500000000e-01 3.094430247022746877e-23
7.148437500000000000e-01 -1.519401188840531230e-22
7.153320312500000000e-01 3.245799020413869573e-25
7.158203125000000000e-01 1.124222900924074946e-22
7.163085937500000000e-01 2.803584625504065652e-22
7.167968750000000000e-01 -2.009980494356648948e-23
7.172851562500000000e-01 -6.194615618634751736e-23
7.177734375000000000e-01 1.094038708065956945e-22
7.182617187500000000e-01 -2.401948827852488063e-22
7.187500000000000000e-01 8.636282004051607309e-23
7.192382812500000000e-01 -1.232162116122963492e-24
7.197265625000000000e-01 4.293029880495048804e-23
7.202148437500000000e-01 2.026684916340861187e-23
7.207031250000000000e-01 8.685116812631712651e-23
7.211914062500000000e-01 -6.943102889417545349e-23
7.216796875000000000e-01 2.185195256314301454e-23
7.221679687500000000e-01 -1.274129275101342110e-22
7.226562500000000000e-01 -8.573949273175022918e-23
7.231445312500000000e-01 -1.802107315390872937e-22
7.236328125000000000e-01 1.355160593286428029e-22
7.241210937500000000e-01 -3.923725216007400391e-25
7.246093750000000000e-01 1.875803164136956766e-22
7.250976562500000000e-01 3.576270906594876463e-23
7.255859375000000000e-01 6.070741715149290025e-23
7.260742187500000000e-01 3.013411835342401300e-23
7.265625000000000000e-01 1.846944135326379522e-23
7.270507812500000000e-01 7.462438149822579042e-23
7.275390625000000000e-01 8.270275952209482322e-23
7.280273437500000000e-01 3.603096232612754350e-22
7.285156250000000000e-01 -3.321674637082892223e-22
7.290039062500000000e-01 -2.332277252484697284e-23
7.294921875000000000e-01 1.166922803038742909e-22
7.299804687500000000e-01 1.382181866265755881e-22
7.304687500000000000e-01 -1.645079422416189866e-22
7.309570312500000000e-01 -4.447440206104438719e-23
7.314453125000000000e-01 -5.838587268900659583e-24
7.319335937500000000e-01 6.892970909136486850e-23
7.324218750000000000e-01 -1.830764404729024842e-22
7.329101562500000000e-01 -1.421024059793202348e-22
7.333984375000000000e-01 1.343155865933904611e-22
7.338867187500000000e-01 1.853461299510743965e-22
7.343750000000000000e-01 -6.759744395712279087e-23
7.348632812500000000e-01 7.548238445427845897e-23
7.353515625000000000e-01 -9.905029861638692787e-23
7.358398437500000000e-01 4.249487050164387083e-22
7.363281250000000000e-01 -2.610556151931174090e-22
7.368164062500000000e-01 8.540569797885345529e-23
7.373046875000000000e-01 -2.598271497996084343e-23
7.377929687500000000e-01 2.807979842107856858e-23
7.382812500000000000e-01 4.732384016951200271e-23
7.387695312500000000e-01 -8.351479919104322072e-23
7.392578125000000000e-01 -6.163969080106597668e-23
7.397460937500000000e-01 -8.159186659745510217e-23
7.402343750000000000e-01 -1.932914597908196337e-23
7.407226562500000000e-01 -2.872769138937133414e-22
7.412109375000000000e-01 -9.219844393517491503e-23
7.416992187500000000e-01 -6.626828799046010125e-23
7.421875000000000000e-01 -1.885652234169572010e-22
7.426757812500000000e-01 9.610431408798519007e-23
7.431640625000000000e-01 1.075781016956999891e-22
7.436523437500000000e-01 1.909866937386894028e-22
7.441406250000000000e-01 1.912179520011809519e-22
7.446289062500000000e-01 2.614137260512709166e-23
7.451171875000000000e-01 -2.577903728659814541e-23
7.456054687500000000e-01 -8.055627269229555670e-23
7.460937500000000000e-01 -2.456646396589406112e-22
7.465820312500000000e-01 1.087555605594334358e-22
7.470703125000000000e-01 -6.185739749967966131e-23
7.475585937500000000e-01 1.729402949648449502e-22
7.480468750000000000e-01 -8.849280066940243422e-23
7.485351562500000000e-01 4.619417342641015052e-23
7.490234375000000000e-01 -1.805213253617451573e-22
7.495117187500000000e-01 -1.312817220328625217e-22
7.500000000000000000e-01 1.429822587706213442e-22
7.504882812500000000e-01 1.757823887053720763e-23
7.509765625000000000e-01 -7.292289979638728829e-23
7.514648437500000000e-01 1.047834599993861491e-22
7.519531250000000000e-01 -9.313652863400959316e-23
7.524414062500000000e-01 1.273126301162028186e-22
7.529296875000000000e-01 -6.637160482083276757e-23
7.534179687500000000e-01 6.101211550223936111e-23
7.539062500000000000e-01 1.111444617781091782e-22
7.543945312500000000e-01 1.294467363277306986e-22
7.548828125000000000e-01 -5.631124580265168315e-23
7.553710937500000000e-01 5.389382416233935668e-23
7.558593750000000000e-01 -2.387037359582052165e-23
7.563476562500000000e-01 8.402453652332634963e-23
7.568359375000000000e-01 -1.181937785591965091e-22
7.573242187500000000e-01 2.235254272865425311e-22
7.578125000000000000e-01 -6.152241228055907007e-23
7.583007812500000000e-01 -1.069055495549617269e-22
7.587890625000000000e-01 -1.166228901461277301e-23
7.592773437500000000e-01 -2.051908996119803581e-23
7.597656250000000000e-01 -2.171192962017689302e-22
7.602539062500000000e-01 1.537525394494450546e-22
7.607421875000000000e-01 -8.602496200941045434e-23
7.612304687500000000e-01 -1.751633218842100078e-23
7.617187500000000000e-01 7.105220442267888790e-23
7.622070312500000000e-01 -1.164501167789890834e-22
7.626953125000000000e-01 6.554461052674540030e-23
7.631835937500000000e-01 -9.089999264713872491e-23
7.636718750000000000e-01 5.744010424073544457e-23
7.641601562500000000e-01 -6.999887618293599888e-23
7.646484375000000000e-01 -3.008099488347525711e-23
7.651367187500000000e-01 1.430347704682501775e-22
7.656250000000000000e-01 8.747051750204218344e-23
7.661132812500000000e-01 -1.918616181173222953e-23
7.666015625000000000e-01 1.777296605984654505e-22
7.670898437500000000e-01 -2.545968812115807712e-22
7.675781250000000000e-01 1.905734963395733798e-22
7.680664062500000000e-01 -1.528063436512618132e-22
7.685546875000000000e-01 2.122792799003793695e-23
7.690429687500000000e-01 -5.735841053371580688e-23
7.695312500000000000e-01 -2.768751435264780977e-23
7.700195312500000000e-01 1.007622448266914104e-22
7.705078125000000000e-01 9.835549928398824409e-23
7.709960937500000000e-01 9.446652415824824844e-23
7.714843750000000000e-01 -1.454797624982447109e-23
7.719726562500000000e-01 9.437439750864304960e-24
7.724609375000000000e-01 -2.753204721519456798e-23
7.729492187500000000e-01 -1.057279557861412185e-23
7.734375000000000000e-01 -6.114794805720162023e-23
7.739257812500000000e-01 -2.011914341295727261e-22
7.744140625000000000e-01 7.384155996070530211e-23
7.749023437500000000e-01 -2.107268409630065781e-23
7.753906250000000000e-01 2.641175528334535758e-22
7.758789062500000000e-01 -5.370829076056917164e-23
7.763671875000000000e-01 4.885658875519266321e-23
7.768554687500000000e-01 -1.866178136042328725e-22
7.773437500000000000e-01 -8.954402955252253951e-23
7.778320312500000000e-01 2.183396169493309584e-22
7.783203125000000000e-01 -9.493418008861609379e-23
7.788085937500000000e-01 3.123309171977327941e-23
7.792968750000000000e-01 -2.564357073449782164e-22
7.797851562500000000e-01 1.691781278639951941e-22
7.802734375000000000e-01 2.412196703910850067e-22
7.807617187500000000e-01 -8.554629929532156413e-23
7.812500000000000000e-01 -1.162165630365561788e-22
7.817382812500000000e-01 9.309734404582925411e-23
7.822265625000000000e-01 1.025264593351414809e-23
7.827148437500000000e-01 -2.607724673294372845e-22
7.832031250000000000e-01 2.468845827806773733e-22
7.836914062500000000e-01 -7.728844166004367471e-23
7.841796875000000000e-01 3.000882179440313920e-23
7.846679687500000000e-01 -3.290092357952355954e-22
7.851562500000000000e-01 1.786889682243034838e-22
7.856445312500000000e-01 5.944192183702878197e-24
7.861328125000000000e-01 5.305990347630430553e-23
7.866210937500000000e-01 -1.643723892046657759e-22
7.871093750000000000e-01 1.781769451646164876e-22
7.875976562500000000e-01 -2.061510663671642441e-22
7.880859375000000000e-01 2.789079826603793598e-22
7.885742187500000000e-01 -2.559643586059818124e-22
7.890625000000000000e-01 1.822984806018184010e-22
7.895507812500000000e-01 -7.060052452760809069e-23
7.900390625000000000e-01 -1.763528136693483751e-22
7.905273437500000000e-01 -8.471453673162184581e-23
7.910156250000000000e-01 7.982796372400620297e-23
7.915039062500000000e-01 1.649587442093795115e-22
7.919921875000000000e-01 -1.492227416052080396e-22
7.924804687500000000e-01 1.254773171047547389e-23
7.929687500000000000e-01 1.254240788429899172e-23
7.934570312500000000e-01 -6.960979926378593014e-23
7.939453125000000000e-01 1.209791218404622984e-22
7.944335937500000000e-01 -9.290946660809935588e-24
7.949218750000000000e-01 7.836508499153149487e-23
7.954101562500000000e-01 -2.163155166817509681e-22
7.958984375000000000e-01 -4.617285537191851287e-25
7.963867187500000000e-01 1.814017301181517981e-22
7.968750000000000000e-01 3.320666395523576535e-22
7.973632812500000000e-01 -1.370042931789145158e-22
7.978515625000000000e-01 1.492094488093978972e-22
7.983398437500000000e-01 -1.336667024963277950e-22
7.988281250000000000e-01 1.343979068244358869e-22
7.993164062500000000e-01 -4.517801777153995024e-23
7.998046875000000000e-01 -1.178246706625798789e-23
8.002929687500000000e-01 -1.149054807813594757e-22
8.007812500000000000e-01 -1.315002390468871370e-22
8.012695312500000000e-01 -1.130935166060773205e-23
8.017578125000000000e-01 3.393513613862107644e-23
8.022460937500000000e-01 -7.641043560266597783e-23
8.027343750000000000e-01 1.185738355013839833e-22
8.032226562500000000e-01 6.166644594478923432e-23
8.037109375000000000e-01 9.541339608510658356e-23
8.041992187500000000e-01 3.014181598104773465e-23
8.046875000000000000e-01 2.087206168051560329e-23
8.051757812500000000e-01 9.107730248862098540e-23
8.056640625000000000e-01 9.955289905880877209e-23
8.061523437500000000e-01 -1.861770922789335804e-22
8.066406250000000000e-01 2.067945884687509591e-22
8.071289062500000000e-01 3.542444622415705469e-23
8.076171875000000000e-01 -8.803862444805498524e-25
8.081054687500000000e-01 -5.615822970546623690e-23
8.085937500000000000e-01 -1.912309107433794524e-22
8.090820312500000000e-01 3.755336105836639613e-23
8.095703125000000000e-01 -4.827816372929489410e-23
8.100585937500000000e-01 -4.481566509710531473e-23
8.105468750000000000e-01 8.536864512025014877e-23
8.110351562500000000e-01 1.172327150902602267e-23
8.115234375000000000e-01 1.590097018011228520e-22
8.120117187500000000e-01 -2.332966697465048055e-22
8.125000000000000000e-01 -2.450977226544552235e-22
8.129882812500000000e-01 6.188853813062610711e-23
8.134765625000000000e-01 -1.136178711467516842e-22
8.139648437500000000e-01 -1.385119969084959001e-22
8.144531250000000000e-01 -3.181795424740350520e-22
8.149414062500000000e-01 4.519395765100563890e-24
8.154296875000000000e-01 7.663476842630837390e-23
8.159179687500000000e-01 1.752879254107901181e-22
8.164062500000000000e-01 -1.817536377479923721e-22
8.168945312500000000e-01 1.627479862128028099e-23
8.173828125000000000e-01 8.101302647722927810e-23
8.178710937500000000e-01 3.601473051984326279e-23
8.183593750000000000e-01 1.930037129476014080e-22
8.188476562500000000e-01 2.638436930753578183e-23
8.193359375000000000e-01 1.850884492112700309e-22
8.198242187500000000e-01 1.528823334743274317e-22
8.203125000000000000e-01 -7.412418879403945213e-23
8.208007812500000000e-01 5.620409380332268000e-23
8.212890625000000000e-01 -1.731626180573518776e-22
8.217773437500000000e-01 3.219577016863690695e-22
8.222656250000000000e-01 -9.559023729289587032e-23
8.227539062500000000e-01 7.039209903784099254e-23
8.232421875000000000e-01 -8.852271594300004955e-23
8.237304687500000000e-01 -3.340252964282026790e-23
8.242187500000000000e-01 1.516055544284922295e-23
8.247070312500000000e-01 -2.722270748782979132e-23
8.251953125000000000e-01 -3.842383708602031559e-23
8.256835937500000000e-01 8.299096469617033723e-24
8.261718750000000000e-01 -1.494670951715001859e-22
8.266601562500000000e-01 -4.388323747647173320e-23
8.271484375000000000e-01 -1.896357996068129669e-22
8.276367187500000000e-01 -1.242930052945373628e-23
8.281250000000000000e-01 -1.518943424014362052e-22
8.286132812500000000e-01 1.869908801142798983e-22
8.291015625000000000e-01 3.143344318593482782e-23
8.295898437500000000e-01 3.684255638607848910e-25
8.300781250000000000e-01 8.640935676564864296e-23
8.305664062500000000e-01 2.011655740230646843e-22
8.310546875000000000e-01 -2.842642058764657791e-23
8.315429687500000000e-01 1.620389637073429357e-23
8.320312500000000000e-01 2.552217643314085001e-22
8.325195312500000000e-01 -1.357647153823304368e-22
8.330078125000000000e-01 -2.626192538759048944e-22
8.334960937500000000e-01 4.840521183524283650e-23
8.339843750000000000e-01 2.732418889490411344e-22
8.344726562500000000e-01 -2.289731110632394713e-22
8.349609375000000000e-01 -1.081934324556118096e-23
8.354492187500000000e-01 -1.272567808544359533e-22
8.359375000000000000e-01 8.262997566281956902e-23
8.364257812500000000e-01 -1.412618323859653930e-22
8.369140625000000000e-01 7.189834378595387381e-23
8.374023437500000000e-01 6.148703704399217261e-23
8.378906250000000000e-01 -6.638241796439122561e-23
8.383789062500000000e-01 2.038154425757374435e-22
8.388671875000000000e-01 9.507823448775630302e-23
8.393554687500000000e-01 1.315877298022539972e-22
8.398437500000000000e-01 -5.704548234123443571e-23
8.403320312500000000e-01 1.370276313491318317e-22
8.408203125000000000e-01 -1.434839591007996905e-22
8.413085937500000000e-01 -5.548235164119845202e-23
8.417968750000000000e-01 -1.721099105244799299e-22
8.422851562500000000e-01 -3.162229762474211583e-24
8.427734375000000000e-01 -7.904342625928114204e-23
8.432617187500000000e-01 1.463744345698857141e-23
8.437500000000000000e-01 6.881070262383022591e-23
8.442382812500000000e-01 -3.978011939664404463e-23
8.447265625000000000e-01 1.137178932582078324e-22
8.452148437500000000e-01 2.133508581879446685e-22
8.457031250000000000e-01 -6.909568409242067766e-23
8.461914062500000000e-01 9.651781230533589930e-23
8.466796875000000000e-01 -3.249831788301218954e-24
8.471679687500000000e-01 -1.569337688216932172e-22
8.476562500000000000e-01 -1.673775034941812621e-22
8.481445312500000000e-01 -3.073548627705174265e-23
8.486328125000000000e-01 1.333529389745555645e-22
8.491210937500000000e-01 2.877336981284692083e-22
8.496093750000000000e-01 -1.348489144182723120e-22
8.500976562500000000e-01 -5.612380041102386565e-23
8.505859375000000000e-01 -9.289705737891204952e-23
8.510742187500000000e-01 -1.846942705740834958e-22
8.515625000000000000e-01 -1.418548809325728443e-23
8.520507812500000000e-01 -1.073394809435320764e-22
8.525390625000000000e-01 -3.282831022893925517e-24
8.530273437500000000e-01 4.394207737475943958e-23
8.535156250000000000e-01 -1.530293206429881606e-22
8.540039062500000000e-01 -3.665458102890798187e-23
8.544921875000000000e-01 1.145780341807705465e-22
8.549804687500000000e-01 3.412055980120195851e-23
8.554687500000000000e-01 -5.391191668600448806e-23
8.559570312500000000e-01 -1.505367495017735278e-23
8.564453125000000000e-01 -2.034881617906001892e-22
8.569335937500000000e-01 -8.130203884852786426e-23
8.574218750000000000e-01 1.245261183490134893e-22
8.579101562500000000e-01 -4.124423012532554826e-23
8.583984375000000000e-01 1.009914968254510831e-24
8.588867187500000000e-01 1.253139169034619441e-23
8.593750000000000000e-01 2.335534014684257876e-22
8.598632812500000000e-01 -5.437801212017277755e-23
8.603515625000000000e-01 7.064823586913821509e-23
8.608398437500000000e-01 6.765532328596507563e-23
8.613281250000000000e-01 3.882295258858754878e-23
8.618164062500000000e-01 -5.092692271440895661e-23
8.623046875000000000e-01 2.104891195119014592e-22
8.627929687500000000e-01 7.849332994987885245e-23
8.632812500000000000e-01 6.285682254466893071e-25
8.637695312500000000e-01 5.659918638533204585e-23
8.642578125000000000e-01 2.109518604128987801e-22
8.647460937500000000e-01 1.682445606242259490e-23
8.652343750000000000e-01 -1.617777409614424034e-22
8.657226562500000000e-01 7.525280140857753616e-23
8.662109375000000000e-01 2.460808614094349209e-23
8.666992187500000000e-01 -2.368143081614326583e-23
8.671875000000000000e-01 -2.642885364424041925e-22
8.676757812500000000e-01 1.112266911431732962e-22
8.681640625000000000e-01 1.157398764085353282e-22
8.686523437500000000e-01 -1.111521979412417087e-22
8.691406250000000000e-01 -3.367288151406087919e-25
8.696289062500000000e-01 -1.139627735407324588e-23
8.701171875000000000e-01 -5.011552122722624094e-23
8.706054687500000000e-01 -5.015555682102408024e-23
8.710937500000000000e-01 5.969264237289490826e-23
8.715820312500000000e-01 -1.705077232509433044e-22
8.720703125000000000e-01 2.344938383166135763e-22
8.725585937500000000e-01 -1.942023159544882486e-22
8.730468750000000000e-01 -1.962467209585962393e-23
8.735351562500000000e-01 2.534906424039232797e-22
8.740234375000000000e-01 1.897422838588958226e-22
8.745117187500000000e-01 -2.108725958808059879e-22
8.750000000000000000e-01 -1.680376594641112143e-22
8.754882812500000000e-01 -6.217150741332037021e-23
8.759765625000000000e-01 -8.566771564490378436e-24
8.764648437500000000e-01 5.388624148110259574e-23
8.769531250000000000e-01 -7.648542298099487201e-23
8.774414062500000000e-01 -9.518910117574194669e-23
8.779296875000000000e-01 -1.923707201048234295e-23
8.784179687500000000e-01 2.229138970364565062e-23
8.789062500000000000e-01 -8.833617257623497587e-23
8.793945312500000000e-01 1.442649635785806959e-23
8.798828125000000000e-01 2.152277145766559918e-23
8.803710937500000000e-01 -3.148726073488648330e-22
8.808593750000000000e-01 1.041294800334505040e-22
8.813476562500000000e-01 2.501730029645331755e-22
8.818359375000000000e-01 1.944734958001034164e-22
8.823242187500000000e-01 -1.800514218175884208e-22
8.828125000000000000e-01 2.840716964702302568e-22
8.833007812500000000e-01 7.129602986807356277e-23
8.837890625000000000e-01 -2.137837623112887678e-23
8.842773437500000000e-01 -1.298640658556412962e-22
8.847656250000000000e-01 5.025955198555462442e-24
8.852539062500000000e-01 -1.756826812735602686e-22
8.857421875000000000e-01 7.852989900236192515e-24
8.862304687500000000e-01 -7.421265394135414149e-23
8.867187500000000000e-01 -9.762254373038731186e-23
8.872070312500000000e-01 3.063250514954270000e-23
8.876953125000000000e-01 8.358452664430071132e-23
8.881835937500000000e-01 2.479443609576193296e-23
8.886718750000000000e-01 -3.131240256771239945e-22
8.891601562500000000e-01 2.234114057397883359e-22
8.896484375000000000e-01 1.107873272396967202e-22
8.901367187500000000e-01 2.036077996359734546e-22
8.906250000000000000e-01 -1.179972134657733147e-22
8.911132812500000000e-01 6.431785903671703554e-23
8.916015625000000000e-01 1.880689998440915045e-22
8.920898437500000000e-01 8.904298048906482085e-23
8.925781250000000000e-01 9.489281602794105356e-23
8.930664062500000000e-01 4.980664736434283141e-23
8.935546875000000000e-01 -1.867117637427815087e-22
8.940429687500000000e-01 -7.398785870714431052e-23
8.945312500000000000e-01 -1.510342825485039090e-23
8.950195312500000000e-01 -1.923037854958849536e-22
8.955078125000000000e-01 2.971619523873091566e-23
8.959960937500000000e-01 -1.658110483626751904e-22
8.964843750000000000e-01 -6.099901565071648836e-23
8.969726562500000000e-01 -3.234674079507606760e-22
8.974609375000000000e-01 1.667850736190589041e-22
8.979492187500000000e-01 -7.432348019344454761e-23
8.984375000000000000e-01 2.047831694773111768e-22
8.989257812500000000e-01 4.566945595651098595e-23
8.994140625000000000e-01 1.763554317880001446e-23
8.999023437500000000e-01 2.026357066458740200e-22
9.003906250000000000e-01 -1.503538805776166733e-22
9.008789062500000000e-01 -1.585511213902121448e-22
9.013671875000000000e-01 -2.367290086066481639e-23
9.018554687500000000e-01 -2.383890778676669920e-23
9.023437500000000000e-01 2.585713763988742277e-22
9.028320312500000000e-01 1.516038278603116205e-22
9.033203125000000000e-01 -9.671161509351097493e-23
9.038085937500000000e-01 1.132109140591000909e-22
9.042968750000000000e-01 5.639881511659398144e-23
9.047851562500000000e-01 7.280881460082937755e-23
9.052734375000000000e-01 4.196526390200184027e-23
9.057617187500000000e-01 8.641133819600113800e-23
9.062500000000000000e-01 -2.777620528499576315e-22
9.067382812500000000e-01 -4.262988655210674003e-23
9.072265625000000000e-01 6.668499828387927732e-23
9.077148437500000000e-01 7.977614719918612996e-23
9.082031250000000000e-01 -3.154546562564739208e-24
9.086914062500000000e-01 -9.136543765846521042e-25
9.091796875000000000e-01 -4.912658223824006013e-24
9.096679687500000000e-01 1.763843498889803412e-23
9.101562500000000000e-01 3.194654581251412007e-23
9.106445312500000000e-01 6.600302305505633332e-23
9.111328125000000000e-01 -1.497607538727145016e-22
9.116210937500000000e-01 1.830693052964487007e-23
9.121093750000000000e-01 5.025651631312425131e-23
9.125976562500000000e-01 4.100883778067817933e-23
9.130859375000000000e-01 1.329241713235291420e-23
9.135742187500000000e-01 -8.001711397936240399e-23
9.140625000000000000e-01 -1.503148415187150333e-22
9.145507812500000000e-01 -2.846092549184272396e-22
9.150390625000000000e-01 2.045313550615651713e-22
9.155273437500000000e-01 -2.110371017633029381e-22
9.160156250000000000e-01 4.132635388912541283e-23
9.165039062500000000e-01 1.894561453190061475e-22
9.169921875000000000e-01 7.525211850120324371e-23
9.174804687500000000e-01 -1.528180218251470539e-22
9.179687500000000000e-01 4.905775972266659901e-23
9.184570312500000000e-01 1.038399882648523749e-22
9.189453125000000000e-01 -4.819871713006866628e-23
9.194335937500000000e-01 8.003546126677296372e-23
9.199218750000000000e-01 -1.687952743663843791e-22
9.204101562500000000e-01 -9.444999716264633219e-23
9.208984375000000000e-01 -3.007814275065958555e-22
9.213867187500000000e-01 3.559206275020252569e-23
9.218750000000000000e-01 9.271144560705199674e-23
9.223632812500000000e-01 2.551614826304696619e-22
9.228515625000000000e-01 -1.563151670837380924e-22
9.233398437500000000e-01 1.343927152215733781e-22
9.238281250000000000e-01 -1.498694163831423752e-22
9.243164062500000000e-01 1.034812165720991708e-22
9.248046875000000000e-01 -1.336670682573573252e-22
9.252929687500000000e-01 5.163482472111660896e-23
9.257812500000000000e-01 8.026740266534464358e-23
9.262695312500000000e-01 9.409493132513250048e-23
9.267578125000000000e-01 -2.891697299944206253e-22
9.272460937500000000e-01 1.056370967960746881e-22
9.277343750000000000e-01 6.097301196352800735e-23
9.282226562500000000e-01 -1.145276220124125144e-22
9.287109375000000000e-01 -7.491860538901007779e-24
9.291992187500000000e-01 1.462681904274868403e-22
9.296875000000000000e-01 4.651019628759427779e-23
9.301757812500000000e-01 2.173612741762693226e-22
9.306640625000000000e-01 1.435777849149466163e-22
9.311523437500000000e-01 2.373807358843753832e-22
9.316406250000000000e-01 -1.914658144560366876e-22
9.321289062500000000e-01 1.265181296160048567e-22
9.326171875000000000e-01 -1.972402757511266027e-22
9.331054687500000000e-01 -2.604571527001456490e-23
9.335937500000000000e-01 -1.752976555711805014e-22
9.340820312500000000e-01 -1.020971466739733161e-22
9.345703125000000000e-01 5.229259235143979911e-23
9.350585937500000000e-01 -3.975543311476513747e-23
9.355468750000000000e-01 -9.550372657192014703e-23
9.360351562500000000e-01 9.885595806216795224e-24
9.365234375000000000e-01 1.525259696501334185e-22
9.370117187500000000e-01 1.329439939217098147e-22
9.375000000000000000e-01 6.980047283519774221e-23
9.379882812500000000e-01 -1.363468562251183117e-22
9.384765625000000000e-01 8.381209878389949988e-24
9.389648437500000000e-01 1.291286104061828697e-22
9.394531250000000000e-01 -1.895914233805229562e-22
9.399414062500000000e-01 2.178046603969058765e-22
9.404296875000000000e-01 1.080595131950022881e-22
9.409179687500000000e-01 8.285998236232463236e-23
9.414062500000000000e-01 -1.604457996032434659e-22
9.418945312500000000e-01 -1.513852373096361513e-22
9.423828125000000000e-01 -1.615440433110346863e-23
9.428710937500000000e-01 1.219156112512744204e-22
9.433593750000000000e-01 7.566120065744889679e-23
9.438476562500000000e-01 1.907808922069312233e-23
9.443359375000000000e-01 8.059110979036894078e-23
9.448242187500000000e-01 -1.453186533438682823e-22
9.453125000000000000e-01 -4.673130003741957745e-23
9.458007812500000000e-01 9.414370853765004595e-23
9.462890625000000000e-01 8.929339281465804791e-23
9.467773437500000000e-01 -1.573171867749745919e-22
9.472656250000000000e-01 -1.665557862906005129e-22
9.477539062500000000e-01 -3.478575059602309306e-23
9.482421875000000000e-01 -7.297573729364108344e-23
9.487304687500000000e-01 -8.210026643265294206e-23
9.492187500000000000e-01 -8.016474808694660385e-23
9.497070312500000000e-01 -2.471102793275807276e-23
9.501953125000000000e-01 6.683751564998772530e-24
9.506835937500000000e-01 1.384631746570228581e-23
9.511718750000000000e-01 9.164741821758336865e-23
9.516601562500000000e-01 3.796383843789866255e-23
9.521484375000000000e-01 -6.221814602920938958e-23
9.526367187500000000e-01 3.503507343986477777e-23
9.531250000000000000e-01 -2.384791921535852058e-23
9.536132812500000000e-01 1.198190919209468456e-22
9.541015625000000000e-01 -2.581099158783081774e-22
9.545898437500000000e-01 -3.695691041703419126e-22
9.550781250000000000e-01 -7.803212088065920670e-23
9.555664062500000000e-01 -1.936554574922358467e-22
9.560546875000000000e-01 9.036662218718116535e-23
9.565429687500000000e-01 9.290801160685371086e-23
9.570312500000000000e-01 2.226815964032639081e-23
9.575195312500000000e-01 -2.021136921183043818e-23
9.580078125000000000e-01 2.001537839828905437e-22
9.584960937500000000e-01 -8.577649445406557152e-23
9.589843750000000000e-01 6.397018278404850564e-22
9.594726562500000000e-01 -2.820351205477199528e-22
9.599609375000000000e-01 1.635710207694680584e-22
9.604492187500000000e-01 -1.516029129928249478e-22
9.609375000000000000e-01 2.711083388442829829e-22
9.614257812500000000e-01 1.504639286389753995e-22
9.619140625000000000e-01 1.370184964959715731e-22
9.624023437500000000e-01 5.071242434972946509e-23
9.628906250000000000e-01 8.184106685946104430e-23
9.633789062500000000e-01 6.148099202598650578e-23
9.638671875000000000e-01 -2.888886454183784380e-23
9.643554687500000000e-01 6.436780801947298611e-23
9.648437500000000000e-01 1.686021677347584527e-22
9.653320312500000000e-01 -1.190619195943384228e-23
9.658203125000000000e-01 -9.730815130065744476e-23
9.663085937500000000e-01 -2.321603356425007554e-23
9.667968750000000000e-01 -3.787852005272578228e-23
9.672851562500000000e-01 9.199117663339124408e-24
9.677734375000000000e-01 2.489971930643583735e-23
9.682617187500000000e-01 -1.615164378854268454e-22
9.687500000000000000e-01 -6.688940588393035131e-23
9.692382812500000000e-01 5.529340661651556481e-23
9.697265625000000000e-01 -9.673336304627941041e-24
9.702148437500000000e-01 -2.003872285103364941e-22
9.707031250000000000e-01 -4.295252111389195291e-23
9.711914062500000000e-01 2.498404237514421304e-23
9.716796875000000000e-01 -2.140267878465735214e-22
9.721679687500000000e-01 -2.109611163618309673e-23
9.726562500000000000e-01 7.304470571829086774e-25
9.731445312500000000e-01 -9.444858329124612595e-23
9.736328125000000000e-01 8.434032681124927002e-23
9.741210937500000000e-01 5.217464950941782992e-24
9.746093750000000000e-01 -1.185610412574932221e-22
9.750976562500000000e-01 -4.019056005165027970e-23
9.755859375000000000e-01 -1.382627307842930572e-22
9.760742187500000000e-01 6.438260593510404185e-23
9.765625000000000000e-01 -2.063996258744508250e-23
9.770507812500000000e-01 -3.998115862108638099e-23
9.775390625000000000e-01 -1.114528369011805555e-22
9.780273437500000000e-01 8.205893662012440867e-23
9.785156250000000000e-01 -1.069022256121931943e-23
9.790039062500000000e-01 2.214758511797092710e-22
9.794921875000000000e-01 -1.224279817332861810e-22
9.799804687500000000e-01 4.746689905266491806e-23
9.804687500000000000e-01 1.777702919888626566e-23
9.809570312500000000e-01 -1.075134786657305279e-23
9.814453125000000000e-01 1.097488459858655456e-22
9.819335937500000000e-01 -5.066531174893571078e-23
9.824218750000000000e-01 -1.594949319369003519e-22
9.829101562500000000e-01 1.023014680833262197e-22
9.833984375000000000e-01 -1.211663583062506629e-22
9.838867187500000000e-01 1.592956876718001489e-22
9.843750000000000000e-01 1.677201496752259183e-22
9.848632812500000000e-01 -5.353051795763024360e-23
9.853515625000000000e-01 7.773639179734686217e-23
9.858398437500000000e-01 1.391315128372863328e-22
9.863281250000000000e-01 1.006033238317091563e-22
9.868164062500000000e-01 1.228109139065750873e-22
9.873046875000000000e-01 -1.809423697375919034e-22
9.877929687500000000e-01 -2.403007990360609382e-22
9.882812500000000000e-01 1.116185906440793075e-22
9.887695312500000000e-01 1.069864790793133381e-22
9.892578125000000000e-01 -1.770415676893574987e-22
9.897460937500000000e-01 1.932863904827316516e-22
9.902343750000000000e-01 -1.623989078167317532e-22
9.907226562500000000e-01 7.423400657386335456e-23
9.912109375000000000e-01 -4.507296016496246333e-23
9.916992187500000000e-01 3.910433016109337933e-23
9.921875000000000000e-01 2.212725056014181078e-22
9.926757812500000000e-01 -1.624302757556913879e-22
9.931640625000000000e-01 2.529784121656616018e-22
9.936523437500000000e-01 -4.378431283357550833e-23
9.941406250000000000e-01 -7.348734736717833692e-24
9.946289062500000000e-01 6.260127824034277170e-23
9.951171875000000000e-01 5.551959190094448897e-23
9.956054687500000000e-01 -6.524787991252273628e-23
9.960937500000000000e-01 -2.749821608874550240e-22
9.965820312500000000e-01 -5.566461836405129467e-23
9.970703125000000000e-01 1.373639426531186800e-22
9.975585937500000000e-01 -1.481053954696239906e-22
9.980468750000000000e-01 -3.927060410924664898e-23
9.985351562500000000e-01 5.150794574123810927e-23
9.990234375000000000e-01 -1.855947269468665365e-22
9.995117187500000000e-01 8.683146665340804207e-23
1.000000000000000000e+00 -1.541283475532631169e-22
1.000488281250000000e+00 1.663870590557162327e-22
1.000976562500000000e+00 4.875085795307551078e-23
1.001464843750000000e+00 2.482191422387122891e-23
1.001953125000000000e+00 -3.365490017051450956e-22
1.002441406250000000e+00 1.030194244623036080e-22
1.002929687500000000e+00 1.762119834036544132e-23
1.003417968750000000e+00 1.031798772225022510e-22
1.003906250000000000e+00 -1.942734599009161067e-22
1.004394531250000000e+00 5.658454630794012660e-23
1.004882812500000000e+00 -1.270236230905957546e-22
1.005371093750000000e+00 2.682729360199006919e-22
1.005859375000000000e+00 -1.098242872798456727e-22
1.006347656250000000e+00 3.250782795311623311e-23
1.006835937500000000e+00 -6.846307428701799247e-23
1.007324218750000000e+00 1.475710753722839949e-22
1.007812500000000000e+00 8.947478326955597393e-23
1.008300781250000000e+00 -1.339188613864447198e-22
1.008789062500000000e+00 -1.843591790265021504e-24
1.009277343750000000e+00 5.881915451647103634e-23
1.009765625000000000e+00 9.595336840857571895e-23
1.010253906250000000e+00 -1.728310173864036798e-22
1.010742187500000000e+00 2.094701281977855473e-22
1.011230468750000000e+00 9.144751030410578306e-25
1.011718750000000000e+00 -4.109410795608903037e-23
1.012207031250000000e+00 -2.103996061579518640e-22
1.012695312500000000e+00 3.153389917838332693e-22
1.013183593750000000e+00 -2.481023358871733953e-22
1.013671875000000000e+00 2.648267984572818185e-22
1.014160156250000000e+00 -3.028568198473074966e-22
1.014648437500000000e+00 -8.982972363366694219e-23
1.015136718750000000e+00 1.046667409297237942e-22
1.015625000000000000e+00 -8.317454930107687792e-23
1.016113281250000000e+00 2.116414140467470223e-23
1.016601562500000000e+00 1.178900703193820211e-23
1.017089843750000000e+00 -1.460959487971472533e-25
1.017578125000000000e+00 -2.210524117863262463e-24
1.018066406250000000e+00 2.104677379913906346e-22
1.018554687500000000e+00 2.333661075233159967e-22
1.019042968750000000e+00 3.300992379584499392e-23
1.019531250000000000e+00 2.461284350511567714e-23
1.020019531250000000e+00 1.065475945086181693e-22
1.020507812500000000e+00 -6.024014004005261323e-24
1.020996093750000000e+00 -2.010329436290314902e-22
1.021484375000000000e+00 6.882034414284706722e-23
1.021972656250000000e+00 1.813007028441889501e-22
1.022460937500000000e+00 1.365193418785901561e-22
1.022949218750000000e+00 -2.345854006609074581e-22
1.023437500000000000e+00 -2.953241031267201611e-23
1.023925781250000000e+00 -1.344560191795253248e-22
1.024414062500000000e+00 1.262398048668983925e-22
1.024902343750000000e+00 -3.226111870931762508e-22
1.025390625000000000e+00 1.374377151740084520e-22
1.025878906250000000e+00 -1.165483663643670520e-22
1.026367187500000000e+00 1.849103807900867776e-22
1.026855468750000000e+00 -2.698808039911271425e-23
1.027343750000000000e+00 1.453359352695502802e-23
1.027832031250000000e+00 -2.075171920507172329e-22
1.028320312500000000e+00 -2.681350710890071207e-22
1.028808593750000000e+00 -4.483140294352506841e-23
1.029296875000000000e+00 1.530839437502416980e-24
1.029785156250000000e+00 -1.838181701463593586e-22
1.030273437500000000e+00 -5.300330737797481855e-23
1.030761718750000000e+00 1.277612066064070293e-22
1.031250000000000000e+00 -2.980263283697385338e-23
1.031738281250000000e+00 9.565346142801274694e-23
1.032226562500000000e+00 1.093826873804021803e-22
1.032714843750000000e+00 -3.558407756830507015e-22
1.033203125000000000e+00 6.287369943784686112e-23
1.033691406250000000e+00 5.843352731818879247e-25
1.034179687500000000e+00 9.786166837444862922e-23
1.034667968750000000e+00 2.286598335557685062e-22
1.035156250000000000e+00 -2.734782058715512084e-22
1.035644531250000000e+00 1.131379159605553863e-22
1.036132812500000000e+00 6.933895306086916978e-23
1.036621093750000000e+00 7.167750816382044248e-24
1.037109375000000000e+00 1.745781148322138890e-22
1.037597656250000000e+00 1.971137944881310863e-23
1.038085937500000000e+00 3.356645280055207014e-23
1.038574218750000000e+00 9.554393971737364423e-23
1.039062500000000000e+00 2.062223411772620153e-23
1.039550781250000000e+00 9.715620523371162182e-23
1.040039062500000000e+00 -6.526431429202985698e-23
1.040527343750000000e+00 1.166553683000952931e-22
1.041015625000000000e+00 1.071628876523959955e-22
1.041503906250000000e+00 8.908301743030609411e-25
1.041992187500000000e+00 6.257044548110661156e-23
1.042480468750000000e+00 1.483885793933938666e-23
1.042968750000000000e+00 7.188222134255444059e-23
1.043457031250000000e+00 -6.319152084884891709e-23
1.043945312500000000e+00 1.666187331901764897e-22
1.044433593750000000e+00 -1.159952981432100080e-23
1.044921875000000000e+00 -1.646083686722330533e-22
1.045410156250000000e+00 -3.504872532488976744e-23
1.045898437500000000e+00 9.574445174883034556e-23
1.046386718750000000e+00 1.478922278936765559e-22
1.046875000000000000e+00 -1.422000704770611287e-22
1.047363281250000000e+00 -1.253694508876792356e-23
1.047851562500000000e+00 -6.538968288517284471e-23
1.048339843750000000e+00 -2.013770746191506330e-23
1.048828125000000000e+00 -1.164272202127486286e-22
1.049316406250000000e+00 6.916960024750712657e-23
1.049804687500000000e+00 -1.684579657378126608e-22
1.050292968750000000e+00 1.077557034312827014e-22
1.050781250000000000e+00 -1.206782731169420180e-22
1.051269531250000000e+00 6.780308332192502925e-23
1.051757812500000000e+00 -4.488110309615824017e-22
1.052246093750000000e+00 4.283258658889364699e-23
1.052734375000000000e+00 1.584329061596059398e-23
1.053222656250000000e+00 -8.806365338779724590e-23
1.053710937500000000e+00 -5.845889861796837198e-23
1.054199218750000000e+00 -2.482819500717851315e-22
1.054687500000000000e+00 4.260351961511670019e-23
1.055175781250000000e+00 -5.528718564084915351e-23
1.055664062500000000e+00 -1.090863256593517363e-22
1.056152343750000000e+00 6.180670217962708847e-23
1.056640625000000000e+00 7.753048688462574207e-23
1.057128906250000000e+00 1.590585175399411125e-22
1.057617187500000000e+00 6.128415470167943035e-23
1.058105468750000000e+00 1.447002681090423517e-22
1.058593750000000000e+00 -8.352952319182700539e-23
1.059082031250000000e+00 1.649714283642317282e-22
1.059570312500000000e+00 9.594922264855905088e-24
1.060058593750000000e+00 -2.594740248259400849e-23
1.060546875000000000e+00 1.573486454972464021e-22
1.061035156250000000e+00 2.202391675411672066e-23
1.061523437500000000e+00 6.501423538666934613e-23
1.062011718750000000e+00 8.825684720405647687e-23
1.062500000000000000e+00 -2.985528044077334264e-23
1.062988281250000000e+00 5.275897439792814649e-23
1.063476562500000000e+00 -8.606089778752510798e-23
1.063964843750000000e+00 -4.491759995836855828e-23
1.064453125000000000e+00 -4.836679785661161031e-23
1.064941406250000000e+00 -5.048709162954597362e-23
1.065429687500000000e+00 -2.180543288426683604e-24
1.065917968750000000e+00 -2.031724712389521605e-22
1.066406250000000000e+00 1.040683988923872730e-22
1.066894531250000000e+00 7.731506626296219438e-23
1.067382812500000000e+00 -7.773727956466868226e-23
1.067871093750000000e+00 2.076886519681791914e-22
1.068359375000000000e+00 -3.436504064968675534e-23
1.068847656250000000e+00 1.082753423690527900e-22
1.069335937500000000e+00 6.596001117215507036e-23
1.069824218750000000e+00 -2.982444307302006717e-23
1.070312500000000000e+00 -3.265446254865087612e-22
1.070800781250000000e+00 1.500620453693146430e-22
1.071289062500000000e+00 -1.121672664099269899e-22
1.071777343750000000e+00 4.260278185031276391e-22
1.072265625000000000e+00 -1.961787723312387890e-22
1.072753906250000000e+00 1.058120896691573160e-22
1.073242187500000000e+00 -1.950958752872384589e-22
1.073730468750000000e+00 5.687478717103513055e-23
1.074218750000000000e+00 3.138821842162542844e-23
1.074707031250000000e+00 1.581166017330329123e-22
1.075195312500000000e+00 -2.864842666049134609e-23
1.075683593750000000e+00 -3.905551907161265676e-23
1.076171875000000000e+00 -2.742668045774368879e-22
1.076660156250000000e+00 5.599192942480202030e-23
1.077148437500000000e+00 -2.580029212871300245e-22
1.077636718750000000e+00 2.552799414490538219e-23
1.078125000000000000e+00 -1.587807800261504248e-22
1.078613281250000000e+00 7.149792138248043726e-23
1.079101562500000000e+00 2.283594739931667129e-23
1.079589843750000000e+00 2.951091704004515534e-22
1.080078125000000000e+00 1.610784941352576910e-22
1.080566406250000000e+00 1.272953987565684995e-22
1.081054687500000000e+00 -3.234973299123237731e-23
1.081542968750000000e+00 -1.163809417483076344e-22
1.082031250000000000e+00 8.792816078962918316e-23
1.082519531250000000e+00 2.462359190667853269e-22
1.083007812500000000e+00 6.128395987449224494e-23
1.083496093750000000e+00 1.833848430620281640e-22
1.083984375000000000e+00 -1.816936514222004317e-23
1.084472656250000000e+00 -2.497068641727798501e-22
1.084960937500000000e+00 -1.320677570099368440e-22
1.085449218750000000e+00 9.881248511061434724e-23
1.085937500000000000e+00 -8.392115638563803564e-23
1.086425781250000000e+00 -2.865088328210904815e-22
1.086914062500000000e+00 -2.473028324909091452e-22
1.087402343750000000e+00 6.947046956744992334e-23
1.087890625000000000e+00 -1.644493998566277701e-22
1.088378906250000000e+00 8.407964312099257784e-23
1.088867187500000000e+00 -2.067525144214041260e-23
1.089355468750000000e+00 6.408024405447702072e-24
1.089843750000000000e+00 -1.432128430652941456e-22
1.090332031250000000e+00 -1.161422345685376037e-22
1.090820312500000000e+00 9.749656474764000985e-23
1.091308593750000000e+00 -2.502801371508110034e-22
1.091796875000000000e+00 1.242630628049403591e-22
1.092285156250000000e+00 -5.011598788817321530e-23
1.092773437500000000e+00 7.531922376237741864e-24
1.093261718750000000e+00 1.553799060802434060e-22
1.093750000000000000e+00 7.619161411324822947e-25
1.094238281250000000e+00 1.078669989387686218e-22
1.094726562500000000e+00 -2.901341364006916369e-23
1.095214843750000000e+00 -2.771231562091813078e-23
1.095703125000000000e+00 1.414230217197080488e-22
1.096191406250000000e+00 -7.572437975821028016e-23
1.096679687500000000e+00 -1.735627367473506985e-22
1.097167968750000000e+00 1.002792856705120498e-22
1.097656250000000000e+00 -9.934444559013458524e-23
1.098144531250000000e+00 2.390061795769000625e-22
1.098632812500000000e+00 2.028913696788288576e-23
1.099121093750000000e+00 2.693440357316781017e-22
1.099609375000000000e+00 4.578961580006481906e-23
1.100097656250000000e+00 8.093234392666032991e-23
1.100585937500000000e+00 -4.556665020878992940e-23
1.101074218750000000e+00 2.159265972756877190e-22
1.101562500000000000e+00 -2.505479713270384404e-22
1.102050781250000000e+00 -4.967019092472688018e-23
1.102539062500000000e+00 2.500152196081450539e-22
1.103027343750000000e+00 -1.390057610983721912e-22
1.103515625000000000e+00 9.099075405602791292e-23
1.104003906250000000e+00 1.063190087796732418e-22
1.104492187500000000e+00 -1.557515334976844203e-22
1.104980468750000000e+00 -1.008759034559228687e-23
1.105468750000000000e+00 -7.565182511151160981e-23
1.105957031250000000e+00 6.745643357303584669e-23
1.106445312500000000e+00 -7.544047355900567060e-23
1.106933593750000000e+00 9.521318395214120696e-23
1.107421875000000000e+00 1.402094666502852200e-22
1.107910156250000000e+00 -1.497144093582456691e-22
1.108398437500000000e+00 9.319681633503489618e-23
1.108886718750000000e+00 2.091608675782045315e-22
1.109375000000000000e+00 1.224433891557476632e-22
1.109863281250000000e+00 -1.998739359304491393e-22
1.110351562500000000e+00 6.997929725379334971e-24
1.110839843750000000e+00 -3.315369328284371530e-23
1.111328125000000000e+00 -3.432491609010435915e-23
1.111816406250000000e+00 -9.632270111099358185e-24
1.112304687500000000e+00 3.598560826814460675e-23
1.112792968750000000e+00 -1.292284524324073484e-22
1.113281250000000000e+00 -1.263443865791808464e-23
1.113769531250000000e+00 -2.549367864448169366e-22
1.114257812500000000e+00 -2.354879615405912880e-23
1.114746093750000000e+00 -2.670499897371417500e-23
1.115234375000000000e+00 -6.857837975214631111e-23
1.115722656250000000e+00 -7.068345226337182010e-23
1.116210937500000000e+00 -1.837064539494507117e-22
1.116699218750000000e+00 -1.176335784737597157e-22
1.117187500000000000e+00 -4.044422809372321904e-23
1.117675781250000000e+00 -8.747813191466296437e-23
1.118164062500000000e+00 2.997305372832894301e-23
1.118652343750000000e+00 1.121238905469218129e-22
1.119140625000000000e+00 5.948276840091037414e-23
1.119628906250000000e+00 1.739385893468081234e-25
1.120117187500000000e+00 6.991041702978622160e-23
1.120605468750000000e+00 -2.543905150855230327e-23
1.121093750000000000e+00 1.926569453214089877e-22
1.121582031250000000e+00 2.692950502441185278e-23
1.122070312500000000e+00 -5.977356198442595662e-23
1.122558593750000000e+00 7.632271277077036126e-23
1.123046875000000000e+00 1.870500941326104148e-22
1.123535156250000000e+00 -2.023458067844212991e-22
1.124023437500000000e+00 -5.070894125378717262e-24
1.124511718750000000e+00 2.167013664796436279e-22
1.125000000000000000e+00 5.939884486038213065e-23
1.125488281250000000e+00 -4.866343763666710991e-23
1.125976562500000000e+00 -9.887025968333282062e-23
1.126464843750000000e+00 -4.514409284707125699e-24
1.126953125000000000e+00 2.235545021273104358e-22
1.127441406250000000e+00 -1.516780589300424268e-22
1.127929687500000000e+00 -5.277210886209060610e-23
1.128417968750000000e+00 -1.008133037005628878e-22
1.128906250000000000e+00 -2.707536385944483532e-23
1.129394531250000000e+00 -7.189762758304972326e-23
1.129882812500000000e+00 3.541170713784570794e-22
1.130371093750000000e+00 -1.449945615824303844e-22
1.130859375000000000e+00 1.586537284991730399e-22
1.131347656250000000e+00 -7.671429058420805474e-23
1.131835937500000000e+00 -2.424338004980255376e-22
1.132324218750000000e+00 3.065743792930614635e-24
1.132812500000000000e+00 -2.669279518780776966e-23
1.133300781250000000e+00 -4.160526941042798297e-23
1.133789062500000000e+00 -4.243597544291487023e-23
1.134277343750000000e+00 -2.722414122658218854e-23
1.134765625000000000e+00 -8.386511446502329288e-23
1.135253906250000000e+00 1.314677907077694142e-22
1.135742187500000000e+00 -1.037022549664954682e-22
1.136230468750000000e+00 1.189399606140751691e-22
1.136718750000000000e+00 2.676343235561390721e-23
1.137207031250000000e+00 1.834078263860084192e-22
1.137695312500000000e+00 1.411573069680950985e-23
1.138183593750000000e+00 1.529177205361214322e-25
1.138671875000000000e+00 2.109238248972034971e-22
1.139160156250000000e+00 9.104540511064938496e-23
1.139648437500000000e+00 -4.337121317619450659e-24
1.140136718750000000e+00 1.937238400211734993e-22
1.140625000000000000e+00 -9.187423002424638064e-23
1.141113281250000000e+00 -1.027367286489231328e-22
1.141601562500000000e+00 2.308006081116966331e-22
1.142089843750000000e+00 2.035763059712815726e-22
1.142578125000000000e+00 2.545325414677745081e-23
1.143066406250000000e+00 -2.347264958137908728e-22
1.143554687500000000e+00 -5.237960582646702384e-23
1.144042968750000000e+00 -1.138101496489609563e-22
1.144531250000000000e+00 -7.262170092869394923e-23
1.145019531250000000e+00 -3.476259951576493686e-23
1.145507812500000000e+00 1.847934521600674015e-22
1.145996093750000000e+00 4.671728039447854191e-23
1.146484375000000000e+00 -1.732206382349997284e-22
1.146972656250000000e+00 6.145447339046682102e-23
1.147460937500000000e+00 -2.409291230951698260e-22
1.147949218750000000e+00 -3.662793864461620225e-23
1.148437500000000000e+00 -1.746820699872081261e-22
1.148925781250000000e+00 -1.820583785545492434e-23
1.149414062500000000e+00 -3.072206168562862207e-22
1.149902343750000000e+00 1.947103849357141630e-22
1.150390625000000000e+00 -2.664147448423843810e-23
1.150878906250000000e+00 -3.864487699437148724e-23
1.151367187500000000e+00 1.111856427220733296e-22
1.151855468750000000e+00 -1.120922224499834143e-22
1.152343750000000000e+00 -1.534060002043538685e-22
1.152832031250000000e+00 -9.157513388168200556e-23
1.153320312500000000e+00 -2.573590877633213211e-23
1.153808593750000000e+00 1.072559716856812093e-22
1.154296875000000000e+00 1.871615557981261609e-22
1.154785156250000000e+00 1.856209274394470982e-22
1.155273437500000000e+00 -6.934654515541036075e-23
1.155761718750000000e+00 7.950144246256773040e-24
1.156250000000000000e+00 -1.784414792120445828e-22
1.156738281250000000e+00 4.924184044102848141e-23
1.157226562500000000e+00 8.030692285944964264e-23
1.157714843750000000e+00 -9.183922904731607960e-23
1.158203125000000000e+00 1.423181627499621708e-22
1.158691406250000000e+00 -3.586393658562999220e-23
1.159179687500000000e+00 3.187978815056657060e-23
1.159667968750000000e+00 -4.887516161370730496e-23
1.160156250000000000e+00 -7.776011588175126995e-23
1.160644531250000000e+00 1.719822615759085215e-22
1.161132812500000000e+00 -1.080066829862718050e-22
1.161621093750000000e+00 6.107694665742644622e-23
1.162109375000000000e+00 -9.644931005377696415e-23
1.162597656250000000e+00 -9.676136187994692639e-23
1.163085937500000000e+00 1.986278387997340283e-22
1.163574218750000000e+00 -6.254684046122116375e-24
1.164062500000000000e+00 1.189046680614525576e-22
1.164550781250000000e+00 1.273208843654996932e-22
1.165039062500000000e+00 2.069201100240583134e-22
1.165527343750000000e+00 -3.482111230077033831e-23
1.166015625000000000e+00 -1.597732672090809807e-22
1.166503906250000000e+00 -1.784520763134229149e-22
1.166992187500000000e+00 -6.105383690872591749e-23
1.167480468750000000e+00 1.162216727040673254e-22
1.167968750000000000e+00 1.074909344464470310e-22
1.168457031250000000e+00 -1.152958166489157883e-22
1.168945312500000000e+00 5.624534459806820189e-23
1.169433593750000000e+00 2.112691668568075846e-23
1.169921875000000000e+00 3.696619230904859658e-23
1.170410156250000000e+00 -3.650132438470945158e-23
1.170898437500000000e+00 -3.538461514336456359e-23
1.171386718750000000e+00 1.058075657817011621e-22
1.171875000000000000e+00 1.734246973006999597e-23
1.172363281250000000e+00 1.874526043594136247e-22
1.172851562500000000e+00 -1.730600911979545174e-22
1.173339843750000000e+00 4.674355006230252563e-23
1.173828125000000000e+00 -6.320349069480181172e-24
1.174316406250000000e+00 5.057522313193402364e-23
1.174804687500000000e+00 -3.264823137287326245e-23
1.175292968750000000e+00 2.924512785853023746e-22
1.175781250000000000e+00 -7.290458329683242263e-23
1.176269531250000000e+00 7.807789122293102554e-23
1.176757812500000000e+00 -3.753405382033813691e-23
1.177246093750000000e+00 -2.235999205741657877e-23
1.177734375000000000e+00 -2.345926545745604495e-22
1.178222656250000000e+00 1.240434290783582098e-22
1.178710937500000000e+00 -1.353023997013941531e-22
1.179199218750000000e+00 -3.610698837177694835e-23
1.179687500000000000e+00 -2.028365388318415701e-22
1.180175781250000000e+00 1.234989672777217049e-23
1.180664062500000000e+00 -1.556340495210554448e-22
1.181152343750000000e+00 -9.726348352529307655e-23
1.181640625000000000e+00 -2.157782026417603245e-23
1.182128906250000000e+00 -2.799844798942987933e-23
1.182617187500000000e+00 2.862544986068722641e-22
1.183105468750000000e+00 -1.679183867550290012e-22
1.183593750000000000e+00 -2.881862714794126768e-22
1.184082031250000000e+00 1.360591706294492747e-22
1.184570312500000000e+00 1.830874160537782801e-23
1.185058593750000000e+00 1.734886613000129511e-22
1.185546875000000000e+00 4.063810578645988755e-23
1.186035156250000000e+00 1.228672547662809221e-23
1.186523437500000000e+00 5.399508314260048108e-23
1.187011718750000000e+00 -2.325185277525302746e-23
1.187500000000000000e+00 2.125065823431144786e-22
1.187988281250000000e+00 -5.862914407743043064e-23
1.188476562500000000e+00 1.287418818555909804e-22
1.188964843750000000e+00 -2.283854465097681665e-22
1.189453125000000000e+00 2.696488872350784587e-22
1.189941406250000000e+00 1.322905511806982471e-23
1.190429687500000000e+00 -6.031135135675365779e-23
1.190917968750000000e+00 -1.001806490295127871e-22
1.191406250000000000e+00 9.059818651075244176e-23
1.191894531250000000e+00 -2.013269197116551373e-22
1.192382812500000000e+00 -1.560286285093327775e-22
1.192871093750000000e+00 -1.306601104007637401e-23
1.193359375000000000e+00 -1.298110399897215605e-22
1.193847656250000000e+00 -1.175272941313026674e-22
1.194335937500000000e+00 -6.542552002393035588e-23
1.194824218750000000e+00 1.566410453156495227e-22
1.195312500000000000e+00 -8.695809900339749583e-23
1.195800781250000000e+00 -7.501164774212148974e-24
1.196289062500000000e+00 -1.500352973209896272e-22
1.196777343750000000e+00 1.418304347594186216e-22
1.197265625000000000e+00 -1.076142980110619242e-22
1.197753906250000000e+00 8.663485820924875901e-23
1.198242187500000000e+00 1.526912834070380129e-22
1.198730468750000000e+00 3.642134292001866007e-23
1.199218750000000000e+00 -2.197920399562507345e-23
1.199707031250000000e+00 -1.310569644301399754e-22
1.200195312500000000e+00 6.552553162869279445e-23
1.200683593750000000e+00 -9.921917063493776651e-23
1.201171875000000000e+00 -1.228071945386403331e-22
1.201660156250000000e+00 5.749611308443046961e-24
1.202148437500000000e+00 3.020079359877688739e-22
1.202636718750000000e+00 -1.870918488849774254e-23
1.203125000000000000e+00 3.562483662141639893e-22
1.203613281250000000e+00 9.890815528692315324e-23
1.204101562500000000e+00 -1.205804638302361778e-22
1.204589843750000000e+00 3.271022878652083476e-22
1.205078125000000000e+00 3.744289077503928517e-23
1.205566406250000000e+00 4.141406200343020470e-22
1.206054687500000000e+00 -1.107272600603729411e-23
1.206542968750000000e+00 -3.865138379046723215e-23
1.207031250000000000e+00 -7.365797195791632789e-23
1.207519531250000000e+00 -1.506444971906385306e-22
1.208007812500000000e+00 -3.986471084547431543e-23
1.208496093750000000e+00 1.875556440701624878e-22
1.208984375000000000e+00 8.732235664004782149e-23
1.209472656250000000e+00 4.695611092986128717e-24
1.209960937500000000e+00 -1.165975273187910194e-22
1.210449218750000000e+00 -5.127210786299855387e-23
1.210937500000000000e+00 9.045555315281505321e-23
1.211425781250000000e+00 -2.381912735962372569e-22
1.211914062500000000e+00 -2.030710893098865988e-22
1.212402343750000000e+00 4.639318305228239563e-23
1.212890625000000000e+00 7.648219476032823010e-23
1.213378906250000000e+00 -4.909670791694674901e-23
1.213867187500000000e+00 9.611795895089521792e-23
1.214355468750000000e+00 -1.198645003726448617e-22
1.214843750000000000e+00 -1.392119181176595382e-22
1.215332031250000000e+00 -1.001586210390302077e-22
1.215820312500000000e+00 -5.215693685477417514e-23
1.216308593750000000e+00 -1.040343169995782384e-22
1.216796875000000000e+00 -6.603274100766727641e-23
1.217285156250000000e+00 -7.009489300305608237e-23
1.217773437500000000e+00 -2.692810108664438510e-22
1.218261718750000000e+00 3.075400050523307467e-23
1.218750000000000000e+00 -2.002434173931466988e-22
1.219238281250000000e+00 1.505443414697342192e-22
1.219726562500000000e+00 7.462087086918849577e-23
1.220214843750000000e+00 1.151913886594838697e-22
1.220703125000000000e+00 -9.208148575175143222e-23
1.221191406250000000e+00 1.584026835384839778e-22
1.221679687500000000e+00 5.583852679790276564e-23
1.222167968750000000e+00 -3.429319024927630033e-22
1.222656250000000000e+00 1.719611715899514548e-22
1.223144531250000000e+00 4.297377816537587718e-23
1.223632812500000000e+00 -1.411501557771068290e-22
1.224121093750000000e+00 -3.773110648812226951e-23
1.224609375000000000e+00 1.156433223822874923e-22
1.225097656250000000e+00 -1.947995391188816989e-22
1.225585937500000000e+00 1.330890534040104201e-22
1.226074218750000000e+00 5.134876920580025410e-23
1.226562500000000000e+00 -2.268809036123487434e-22
1.227050781250000000e+00 3.410732331453070969e-23
1.227539062500000000e+00 -7.074906570693542238e-23
1.228027343750000000e+00 -5.255419913747283219e-23
1.228515625000000000e+00 3.611453058019649158e-22
1.229003906250000000e+00 -2.942685673747344454e-22
1.229492187500000000e+00 9.609719739560767803e-23
1.229980468750000000e+00 2.592501734593504020e-22
1.230468750000000000e+00 -2.794210114789385913e-23
1.230957031250000000e+00 2.147031801431250868e-23
1.231445312500000000e+00 5.068109880084347581e-23
1.231933593750000000e+00 4.094627751604879255e-23
1.232421875000000000e+00 3.428913328407748722e-22
1.232910156250000000e+00 -1.199744889002165647e-22
1.233398437500000000e+00 -5.361103377936785865e-24
1.233886718750000000e+00 -2.883559293413633238e-25
1.234375000000000000e+00 2.668697189973251421e-22
1.234863281250000000e+00 -6.368633400966783396e-23
1.235351562500000000e+00 -3.279031634393738890e-23
1.235839843750000000e+00 2.505103611087458730e-22
1.236328125000000000e+00 8.463625315850293301e-23
1.236816406250000000e+00 -4.484767331462998188e-24
1.237304687500000000e+00 -4.443409736827362557e-23
1.237792968750000000e+00 1.009360988516775043e-22
1.238281250000000000e+00 -3.858883177360786471e-23
1.238769531250000000e+00 2.155431302124378225e-22
1.239257812500000000e+00 7.090393403277083109e-23
1.239746093750000000e+00 -1.331097028467970473e-22
1.240234375000000000e+00 4.115401250384667585e-23
1.240722656250000000e+00 -6.083634453334458225e-24
1.241210937500000000e+00 6.641946662511900620e-23
1.241699218750000000e+00 -1.321289897848389451e-22
1.242187500000000000e+00 -1.885542949836003471e-22
1.242675781250000000e+00 1.141371747454892378e-22
1.243164062500000000e+00 -1.653236146277880658e-22
1.243652343750000000e+00 -6.808426947780392911e-23
1.244140625000000000e+00 6.834291131330600971e-23
1.244628906250000000e+00 -1.835805127798653094e-22
1.245117187500000000e+00 -2.003474963609994546e-22
1.245605468750000000e+00 1.711004254903617928e-22
1.246093750000000000e+00 -1.340147675424009421e-22
1.246582031250000000e+00 -3.452002363931763796e-23
1.247070312500000000e+00 -4.945462381163698249e-23
1.247558593750000000e+00 1.557723621969010528e-22
1.248046875000000000e+00 -1.787109074231602454e-22
1.248535156250000000e+00 2.989530272751072690e-22
1.249023437500000000e+00 -2.521445790354838864e-22
1.249511718750000000e+00 4.136191623920953463e-23
1.250000000000000000e+00 7.894745092168442209e-23
1.250488281250000000e+00 -1.263718165095668033e-23
1.250976562500000000e+00 -3.200757327498257564e-22
1.251464843750000000e+00 8.455891638322483474e-23
1.251953125000000000e+00 4.040545391192227504e-23
1.252441406250000000e+00 -2.023959304342253539e-22
1.252929687500000000e+00 -3.391817042661929841e-22
1.253417968750000000e+00 -8.718715064863214054e-23
1.253906250000000000e+00 -7.496843369353276998e-23
1.254394531250000000e+00 2.896338439295246137e-23
1.254882812500000000e+00 -6.857155066915399751e-23
1.255371093750000000e+00 4.359080893638950834e-23
1.255859375000000000e+00 -1.426393021886621190e-22
1.256347656250000000e+00 -3.471308596223116055e-23
1.256835937500000000e+00 5.977254917116941760e-23
1.257324218750000000e+00 -1.365265779843396970e-23
1.257812500000000000e+00 7.064325969039238715e-23
1.258300781250000000e+00 2.250861451213684090e-22
1.258789062500000000e+00 7.731567103957270801e-23
1.259277343750000000e+00 -8.909406090573334160e-23
1.259765625000000000e+00 1.190886991106423317e-22
1.260253906250000000e+00 -1.365262518991580168e-23
1.260742187500000000e+00 9.187185664977049531e-23
1.261230468750000000e+00 -1.264151878695053834e-24
1.261718750000000000e+00 2.610572784096445572e-22
1.262207031250000000e+00 1.712084283025745892e-22
1.262695312500000000e+00 5.447056479881163678e-23
1.263183593750000000e+00 -2.229993292986177377e-22
1.263671875000000000e+00 3.503562665243055182e-23
1.264160156250000000e+00 -1.621641105994230484e-23
1.264648437500000000e+00 -6.025306549302210519e-23
1.265136718750000000e+00 1.579770320844739948e-22
1.265625000000000000e+00 2.323831558838323273e-22
1.266113281250000000e+00 -2.415196023345994383e-22
1.266601562500000000e+00 3.006064976629294800e-22
1.267089843750000000e+00 -1.544174219468198029e-22
1.267578125000000000e+00 6.018476315363461619e-23
1.268066406250000000e+00 2.007195171014173927e-22
1.268554687500000000e+00 2.710704492862987703e-23
1.269042968750000000e+00 6.343875881584709251e-24
1.269531250000000000e+00 1.743465587008646464e-22
1.270019531250000000e+00 2.855249313997529346e-22
1.270507812500000000e+00 -8.012935751457340170e-23
1.270996093750000000e+00 1.041780395937323073e-22
1.271484375000000000e+00 9.127418437879025704e-23
1.271972656250000000e+00 -7.987090422687202130e-23
1.272460937500000000e+00 -1.236266244577655676e-22
1.272949218750000000e+00 -1.678075218595293259e-23
1.273437500000000000e+00 -7.193193238652473903e-23
1.273925781250000000e+00 1.648273032887756416e-22
1.274414062500000000e+00 -9.070007085344022826e-23
1.274902343750000000e+00 -5.424237956848184812e-23
1.275390625000000000e+00 -1.180608755634837882e-22
1.275878906250000000e+00 7.374501197785055362e-23
1.276367187500000000e+00 -3.084707689270556090e-23
1.276855468750000000e+00 -1.834280405738092175e-22
1.277343750000000000e+00 1.086115151504980370e-23
1.277832031250000000e+00 -5.203495448290696019e-23
1.278320312500000000e+00 7.713862575101388747e-23
1.278808593750000000e+00 -5.072572545939244568e-23
1.279296875000000000e+00 -1.033529927963650917e-22
1.279785156250000000e+00 -1.228396844066685307e-22
1.280273437500000000e+00 -6.252269035118625458e-23
1.280761718750000000e+00 -1.607497426156271966e-22
1.281250000000000000e+00 -3.336987706644409745e-23
1.281738281250000000e+00 1.791768346197325113e-22
1.282226562500000000e+00 -3.143546560419433844e-22
1.282714843750000000e+00 -6.683142227494829591e-23
1.283203125000000000e+00 -7.560646360780802722e-23
1.283691406250000000e+00 -1.107131401151316165e-22
1.284179687500000000e+00 -1.750107500349650348e-22
1.284667968750000000e+00 -1.560873740516645096e-22
1.285156250000000000e+00 -2.122470409381974035e-22
1.285644531250000000e+00 -9.413699168195963327e-24
1.286132812500000000e+00 -2.039123991002397947e-22
1.286621093750000000e+00 -8.177776106968926616e-23
1.287109375000000000e+00 3.237863579950586948e-23
1.287597656250000000e+00 1.887213412522280921e-22
1.288085937500000000e+00 2.096186535701328445e-22
1.288574218750000000e+00 -8.534728937211047388e-23
1.289062500000000000e+00 -1.371642065732279949e-22
1.289550781250000000e+00 -3.106030985912191513e-23
1.290039062500000000e+00 1.933263829949809327e-23
1.290527343750000000e+00 1.617586286370179085e-22
1.291015625000000000e+00 3.124725274949382674e-22
1.291503906250000000e+00 2.202534838237487482e-22
1.291992187500000000e+00 6.706899297261057796e-23
1.292480468750000000e+00 1.173833367720548710e-22
1.292968750000000000e+00 -6.553557393137741743e-23
1.293457031250000000e+00 1.391272725704506926e-22
1.293945312500000000e+00 -4.368375598305085514e-23
1.294433593750000000e+00 -4.211478181965020645e-24
1.294921875000000000e+00 1.458316627709156241e-22
1.295410156250000000e+00 5.763436252160511525e-23
1.295898437500000000e+00 9.396675525006863507e-23
1.296386718750000000e+00 1.647617433963145689e-22
1.296875000000000000e+00 1.040371607721989126e-22
1.297363281250000000e+00 -1.829728419015778682e-22
1.297851562500000000e+00 1.559493683324427700e-22
1.298339843750000000e+00 2.013007285587916723e-22
1.298828125000000000e+00 -1.324587313755974632e-23
1.299316406250000000e+00 1.533393354536119924e-22
1.299804687500000000e+00 -2.101334593845967992e-22
1.300292968750000000e+00 -2.987582815393469060e-23
1.300781250000000000e+00 2.245984821930391154e-22
1.301269531250000000e+00 -1.894569631988397407e-23
1.301757812500000000e+00 1.632705223557997713e-22
1.302246093750000000e+00 1.219455936955491967e-22
1.302734375000000000e+00 -8.848686631719738688e-23
1.303222656250000000e+00 -1.355852297348824913e-23
1.303710937500000000e+00 -9.775469939151898734e-23
1.304199218750000000e+00 -4.776271882774980797e-23
1.304687500000000000e+00 1.337546465589059920e-22
1.305175781250000000e+00 -2.775931253159727169e-23
1.305664062500000000e+00 -1.329734662517115457e-22
1.306152343750000000e+00 -9.143461488068973361e-23
1.306640625000000000e+00 -1.707865004009297112e-22
1.307128906250000000e+00 -6.270643740473556566e-23
1.307617187500000000e+00 -3.965724666790005271e-23
1.308105468750000000e+00 -7.383476578771467765e-23
1.308593750000000000e+00 4.606563821992212173e-23
1.309082031250000000e+00 -4.468188466907748546e-24
1.309570312500000000e+00 -4.071461869549213613e-23
1.310058593750000000e+00 1.493737490386131648e-22
1.310546875000000000e+00 -9.752966224837099759e-23
1.311035156250000000e+00 -1.502719255724528134e-22
1.311523437500000000e+00 2.078140452742659150e-22
1.312011718750000000e+00 -9.045598352527941904e-23
1.312500000000000000e+00 -3.241010524538970284e-22
1.312988281250000000e+00 -1.179137598290672612e-22
1.313476562500000000e+00 -1.221901718669618598e-22
1.313964843750000000e+00 -7.263725054550279603e-23
1.314453125000000000e+00 3.701981822013608983e-23
1.314941406250000000e+00 -1.255932561476851247e-23
1.315429687500000000e+00 -1.734758971313450367e-22
1.315917968750000000e+00 6.935554512903519319e-23
1.316406250000000000e+00 -3.014548919479003358e-23
1.316894531250000000e+00 -2.187849918803007434e-22
1.317382812500000000e+00 1.606799617104275423e-22
1.317871093750000000e+00 -1.189002050464673796e-22
1.318359375000000000e+00 5.177055690632908927e-24
1.318847656250000000e+00 4.996066021179095819e-23
1.319335937500000000e+00 -1.558514605741371957e-22
1.319824218750000000e+00 3.247780706156648819e-23
1.320312500000000000e+00 -1.109172605185914704e-22
1.320800781250000000e+00 6.194694037256951457e-23
1.321289062500000000e+00 4.842993681229977814e-23
1.321777343750000000e+00 -7.542783485329554123e-23
1.322265625000000000e+00 9.283125271378525905e-23
1.322753906250000000e+00 -1.779376733174535660e-22
1.323242187500000000e+00 -4.850420683809963365e-23
1.323730468750000000e+00 7.212312595134300673e-23
1.324218750000000000e+00 3.951789643238502574e-22
1.324707031250000000e+00 3.378983793907984220e-23
1.325195312500000000e+00 1.007131038130706571e-22
1.325683593750000000e+00 1.235465047887956196e-22
1.326171875000000000e+00 4.374595634240960398e-23
1.326660156250000000e+00 -1.902316511890599569e-22
1.327148437500000000e+00 1.824290574947296567e-22
1.327636718750000000e+00 1.570655993490679569e-22
1.328125000000000000e+00 -8.890368715742570966e-23
1.328613281250000000e+00 -8.119157521677244795e-23
1.329101562500000000e+00 1.235206688125861951e-22
1.329589843750000000e+00 9.755510772576807870e-23
1.330078125000000000e+00 2.565267275382281011e-22
1.330566406250000000e+00 -1.963415073693708650e-23
1.331054687500000000e+00 1.527244211629289960e-22
1.331542968750000000e+00 1.654321371751093966e-22
1.332031250000000000e+00 -2.751243764087148834e-22
1.332519531250000000e+00 1.743073528613427070e-22
1.333007812500000000e+00 1.126474590888413363e-22
1.333496093750000000e+00 -4.697391465113944582e-23
1.333984375000000000e+00 1.071742252888854477e-23
1.334472656250000000e+00 1.842030556377405727e-22
1.334960937500000000e+00 2.667009765012167704e-22
1.335449218750000000e+00 -2.011599925052023460e-22
1.335937500000000000e+00 3.386658829497636975e-22
1.336425781250000000e+00 3.195771251748413945e-23
1.336914062500000000e+00 7.889326777597868000e-23
1.337402343750000000e+00 -1.392365526668627640e-22
1.337890625000000000e+00 3.701390568443855998e-23
1.338378906250000000e+00 -1.714426210171269234e-23
1.338867187500000000e+00 -9.947310968988345169e-24
1.339355468750000000e+00 -3.438932749582863067e-23
1.339843750000000000e+00 -2.734549932289684700e-22
1.340332031250000000e+00 7.313704706591984920e-23
1.340820312500000000e+00 -6.646015149906553253e-23
1.341308593750000000e+00 -2.846185985863165685e-22
1.341796875000000000e+00 -7.857234225439322311e-23
1.342285156250000000e+00 4.458598229050432186e-23
1.342773437500000000e+00 -2.396652468109589195e-22
1.343261718750000000e+00 -2.327226599429293469e-22
1.343750000000000000e+00 -3.768291993514087890e-22
1.344238281250000000e+00 -5.984883163169995402e-23
1.344726562500000000e+00 7.856467757028833682e-24
1.345214843750000000e+00 1.228215426491370206e-22
1.345703125000000000e+00 -4.741478776585957501e-23
1.346191406250000000e+00 -1.948876436903488348e-22
1.346679687500000000e+00 9.825313591685836573e-23
1.347167968750000000e+00 -1.955663556164013182e-22
1.347656250000000000e+00 -1.189295626987460857e-22
1.348144531250000000e+00 9.988383141750019973e-23
1.348632812500000000e+00 -5.433907718051342618e-23
1.349121093750000000e+00 -4.210162833221287492e-23
1.349609375000000000e+00 -1.036235217625079787e-22
1.350097656250000000e+00 -2.755690413514351504e-23
1.350585937500000000e+00 6.829475951573800068e-23
1.351074218750000000e+00 -1.991825808837907869e-22
1.351562500000000000e+00 -6.097652413491242022e-23
1.352050781250000000e+00 -1.466082198991950680e-22
1.352539062500000000e+00 -1.293378311538618622e-22
1.353027343750000000e+00 -2.332085839897871023e-23
1.353515625000000000e+00 3.104503766502478919e-24
1.354003906250000000e+00 -5.084406141113640960e-23
1.354492187500000000e+00 1.466735929700680836e-22
1.354980468750000000e+00 -7.169799275195478311e-23
1.355468750000000000e+00 5.796447171378893164e-23
1.355957031250000000e+00 1.549599192647330366e-22
1.356445312500000000e+00 2.503557881088089918e-22
1.356933593750000000e+00 8.887630144051614921e-23
1.357421875000000000e+00 1.675962524044572231e-22
1.357910156250000000e+00 1.133423808756502707e-22
1.358398437500000000e+00 7.615530172807305990e-23
1.358886718750000000e+00 4.066934959150844413e-22
1.359375000000000000e+00 5.266579366721418912e-23
1.359863281250000000e+00 3.556101711336814774e-22
1.360351562500000000e+00 1.123937910101787020e-22
1.360839843750000000e+00 2.323089164866395675e-22
1.361328125000000000e+00 9.836875705610749169e-23
1.361816406250000000e+00 1.605397255073361511e-22
1.362304687500000000e+00 2.619614288554254505e-23
1.362792968750000000e+00 1.896594846682689564e-22
1.363281250000000000e+00 6.357411585640569875e-23
1.363769531250000000e+00 5.824204283424401299e-23
1.364257812500000000e+00 -8.654130348263136546e-23
1.364746093750000000e+00 1.228796215806554669e-22
1.365234375000000000e+00 -7.387541421098472540e-23
1.365722656250000000e+00 1.128978179969480316e-22
1.366210937500000000e+00 1.623045501941187776e-23
1.366699218750000000e+00 -2.230666258713373714e-22
1.367187500000000000e+00 -1.018115484371433723e-22
1.367675781250000000e+00 1.169789038101981578e-22
1.368164062500000000e+00 1.024289977248476056e-22
1.368652343750000000e+00 -1.472921285201011136e-22
1.369140625000000000e+00 -2.068241976006225643e-22
1.369628906250000000e+00 -2.052520301183437486e-22
1.370117187500000000e+00 -5.264888528538114867e-23
1.370605468750000000e+00 -3.750198790530245485e-22
1.371093750000000000e+00 -6.278626714699142420e-24
1.371582031250000000e+00 -2.817350990388905160e-23
1.372070312500000000e+00 -1.698732760275401347e-22
1.372558593750000000e+00 -3.625875115513513687e-23
1.373046875000000000e+00 1.148936290626359339e-22
1.373535156250000000e+00 -3.177859912140402172e-22
1.374023437500000000e+00 -5.921435069854838982e-23
1.374511718750000000e+00 1.600405546286411372e-23
1.375000000000000000e+00 1.069781609268170213e-22
1.375488281250000000e+00 -1.682661235838822359e-22
1.375976562500000000e+00 -2.770342333095937356e-22
1.376464843750000000e+00 1.546133964957182653e-22
1.376953125000000000e+00 -2.286081169363243703e-22
1.377441406250000000e+00 -2.602691181139114046e-22
1.377929687500000000e+00 -5.810858094836416163e-23
1.378417968750000000e+00 -2.747721854395153869e-23
1.378906250000000000e+00 -1.974525499812539566e-22
1.379394531250000000e+00 2.015008714491635369e-23
1.379882812500000000e+00 -9.298862839924957922e-23
1.380371093750000000e+00 -2.311436013953316138e-22
1.380859375000000000e+00 4.856365680368811272e-23
1.381347656250000000e+00 -4.200851732196334442e-23
1.381835937500000000e+00 -1.630815920056094216e-23
1.382324218750000000e+00 5.154720247653681400e-23
1.382812500000000000e+00 1.717634143058468600e-22
1.383300781250000000e+00 3.895421143429790416e-23
1.383789062500000000e+00 3.094466983068028660e-23
1.384277343750000000e+00 2.255141202786536067e-22
1.384765625000000000e+00 -7.549309895937153982e-23
1.385253906250000000e+00 1.279774122394135893e-22
1.385742187500000000e+00 9.223326692146226843e-23
1.386230468750000000e+00 3.519233890649913455e-22
1.386718750000000000e+00 1.048508850300583224e-22
1.387207031250000000e+00 -7.482092987310097582e-23
1.387695312500000000e+00 1.813958278982596852e-22
1.388183593750000000e+00 3.346710569228410475e-23
1.388671875000000000e+00 2.730506842319069640e-22
1.389160156250000000e+00 -2.385560612117084067e-22
1.389648437500000000e+00 2.676069739786045233e-22
1.390136718750000000e+00 2.782671249822043070e-22
1.390625000000000000e+00 7.844208406335156266e-23
1.391113281250000000e+00 2.751205304787574957e-22
1.391601562500000000e+00 -1.300009736326236990e-22
1.392089843750000000e+00 -7.884059526073105811e-23
1.392578125000000000e+00 4.872718171848010290e-22
1.393066406250000000e+00 9.710331844674848391e-23
1.393554687500000000e+00 8.094133191208473659e-23
1.394042968750000000e+00 -3.531551442047556591e-24
1.394531250000000000e+00 1.508667178847436974e-22
1.395019531250000000e+00 2.504624066049905628e-23
1.395507812500000000e+00 -1.145540096066811244e-22
1.395996093750000000e+00 -2.235788655098366841e-24
1.396484375000000000e+00 -7.344182332282086012e-23
1.396972656250000000e+00 -9.426886956230525361e-23
1.397460937500000000e+00 -6.675929984411341780e-23
1.397949218750000000e+00 1.034752363866676382e-23
1.398437500000000000e+00 3.752321246545402934e-23
1.398925781250000000e+00 -5.645370140058934166e-24
1.399414062500000000e+00 4.068143379317892386e-23
1.399902343750000000e+00 -1.602192577283544660e-22
1.400390625000000000e+00 -1.486022367584496824e-22
1.400878906250000000e+00 -1.943157304429859577e-22
1.401367187500000000e+00 -2.246433349783839703e-22
1.401855468750000000e+00 7.587711418621481858e-23
1.402343750000000000e+00 -2.830019937273170210e-22
1.402832031250000000e+00 -1.954148987437113312e-22
1.403320312500000000e+00 -4.617145818824258745e-22
1.403808593750000000e+00 -2.092933936807234249e-22
1.404296875000000000e+00 -1.935593221016632972e-22
1.404785156250000000e+00 -8.561195430966667942e-23
1.405273437500000000e+00 -2.162535574514951535e-22
1.405761718750000000e+00 8.458840992318357084e-23
1.406250000000000000e+00 -1.263235174450773566e-22
1.406738281250000000e+00 3.268831118004816073e-22
1.407226562500000000e+00 -2.255467273502470459e-22
1.407714843750000000e+00 1.270269424773394540e-22
1.408203125000000000e+00 -2.986055132010945213e-23
1.408691406250000000e+00 -8.385513625573290995e-23
1.409179687500000000e+00 -8.631988891004631765e-23
1.409667968750000000e+00 1.040931415660623159e-22
1.410156250000000000e+00 -7.479786410468640612e-23
1.410644531250000000e+00 -8.316757640455692604e-23
1.411132812500000000e+00 2.277472694562410548e-23
1.411621093750000000e+00 1.469609073275448773e-23
1.412109375000000000e+00 -1.575014035874289748e-23
1.412597656250000000e+00 2.308183097663259473e-22
1.413085937500000000e+00 2.051940598160895644e-22
1.413574218750000000e+00 2.780384725086480101e-22
1.414062500000000000e+00 7.588428078566116192e-23
1.414550781250000000e+00 9.356594493451827721e-23
1.415039062500000000e+00 1.331241837515664469e-22
1.415527343750000000e+00 8.480376848074854328e-23
1.416015625000000000e+00 2.340646749321695439e-22
1.416503906250000000e+00 1.229665036633927985e-22
1.416992187500000000e+00 2.708754521371889877e-22
1.417480468750000000e+00 -1.334355058213332345e-22
1.417968750000000000e+00 1.484114849925970335e-22
1.418457031250000000e+00 1.537739324759940070e-22
1.418945312500000000e+00 1.323761910497148771e-22
1.419433593750000000e+00 -3.459500982373626969e-23
1.419921875000000000e+00 1.751155498966917920e-22
1.420410156250000000e+00 -1.043911013938958314e-22
1.420898437500000000e+00 1.036694860401117900e-22
1.421386718750000000e+00 1.475064547013314238e-22
1.421875000000000000e+00 2.475672726919198166e-22
1.422363281250000000e+00 -4.616253302842374313e-22
1.422851562500000000e+00 -1.237494355734864526e-22
1.423339843750000000e+00 7.011850797223423857e-24
1.423828125000000000e+00 5.003302678833732803e-23
1.424316406250000000e+00 -3.979047075490864256e-23
1.424804687500000000e+00 -2.608160539521577325e-23
1.425292968750000000e+00 -1.803419949859903356e-22
1.425781250000000000e+00 2.125872985644817690e-22
1.426269531250000000e+00 -2.260131660738673191e-22
1.426757812500000000e+00 7.334193293597783723e-23
1.427246093750000000e+00 -3.478327618155870198e-22
1.427734375000000000e+00 2.598481311275488821e-23
1.428222656250000000e+00 -3.949449993010902927e-22
1.428710937500000000e+00 -1.953370722474256007e-22
1.429199218750000000e+00 1.370405302028273093e-22
1.429687500000000000e+00 -1.893926397800052717e-22
1.430175781250000000e+00 -3.564233453492421996e-23
1.430664062500000000e+00 5.031513651099945477e-23
1.431152343750000000e+00 -3.754629024800299276e-23
1.431640625000000000e+00 -1.241152117984705665e-22
1.432128906250000000e+00 -1.190624341038098956e-22
1.432617187500000000e+00 -1.903064275890696581e-22
1.433105468750000000e+00 -9.342183081127306691e-23
1.433593750000000000e+00 -2.547968900498030732e-22
1.434082031250000000e+00 1.371211413815829021e-22
1.434570312500000000e+00 -1.108685280122516021e-22
1.435058593750000000e+00 9.823088067671325550e-23
1.435546875000000000e+00 1.517291264997701214e-22
1.436035156250000000e+00 1.815668751941684129e-22
1.436523437500000000e+00 -9.684688700303268931e-23
1.437011718750000000e+00 2.231612879353482172e-22
1.437500000000000000e+00 6.044864356128245294e-23
1.437988281250000000e+00 6.666708186589698293e-23
1.438476562500000000e+00 2.390844182828399259e-22
1.438964843750000000e+00 -1.436196901770010122e-22
1.439453125000000000e+00 6.368193724636750222e-23
1.439941406250000000e+00 -3.844767169917805350e-23
1.440429687500000000e+00 1.646216063122895026e-22
1.440917968750000000e+00 1.963514211581341829e-22
1.441406250000000000e+00 1.217234862224861562e-22
1.441894531250000000e+00 1.353782041321094044e-23
1.442382812500000000e+00 3.096430398501408053e-22
1.442871093750000000e+00 3.630352667653659703e-23
1.443359375000000000e+00 1.199158406933347405e-22
1.443847656250000000e+00 6.476337927431353584e-23
1.444335937500000000e+00 5.314395491608290927e-23
1.444824218750000000e+00 -3.575613065472921972e-23
1.445312500000000000e+00 4.178311571411210188e-23
1.445800781250000000e+00 -2.891510226739860551e-23
1.446289062500000000e+00 -1.523068268284161423e-22
1.446777343750000000e+00 1.333535873168133085e-22
1.447265625000000000e+00 9.206684981532675953e-23
1.447753906250000000e+00 -2.380518459488626066e-22
1.448242187500000000e+00 -1.703908107078495293e-22
1.448730468750000000e+00 -5.178762105495463682e-23
1.449218750000000000e+00 2.463094203948687157e-22
1.449707031250000000e+00 -1.195507218727106590e-22
1.450195312500000000e+00 -3.311246753900212573e-22
1.450683593750000000e+00 9.915335473926598312e-23
1.451171875000000000e+00 -2.134671119754887031e-22
1.451660156250000000e+00 -1.462310538794837636e-22
1.452148437500000000e+00 -1.464533268065788700e-22
1.452636718750000000e+00 -1.908594438481306347e-23
1.453125000000000000e+00 -1.900536084292236345e-22
1.453613281250000000e+00 1.124370127983065634e-22
1.454101562500000000e+00 -1.016948376413270163e-22
1.454589843750000000e+00 -9.987092469087576542e-23
1.455078125000000000e+00 -9.017754884855479912e-23
1.455566406250000000e+00 -3.328330442151839501e-22
1.456054687500000000e+00 5.207982993413308241e-23
1.456542968750000000e+00 6.003370242317733953e-23
1.457031250000000000e+00 -3.624464684899022544e-23
1.457519531250000000e+00 1.420753097907791275e-22
1.458007812500000000e+00 2.389042390087712779e-22
1.458496093750000000e+00 -5.005373785732903822e-23
1.458984375000000000e+00 -1.460417535966364235e-22
1.459472656250000000e+00 1.687002985747476266e-22
1.459960937500000000e+00 -1.197389786289081845e-22
1.460449218750000000e+00 3.331033474421286792e-23
1.460937500000000000e+00 1.398476120265290828e-22
1.461425781250000000e+00 1.030890743853631317e-22
1.461914062500000000e+00 2.947987775323750123e-22
1.462402343750000000e+00 9.081334161070431935e-23
1.462890625000000000e+00 1.123808117452982207e-22
1.463378906250000000e+00 5.282168887147695162e-23
1.463867187500000000e+00 3.559625511085722119e-23
1.464355468750000000e+00 8.577999838016930944e-23
1.464843750000000000e+00 1.828960584402660494e-22
1.465332031250000000e+00 7.707568355985789288e-23
1.465820312500000000e+00 1.929978890621405066e-22
1.466308593750000000e+00 5.706250397119583115e-23
1.466796875000000000e+00 7.071625576195909040e-23
1.467285156250000000e+00 1.223173053857665041e-23
1.467773437500000000e+00 6.788676409719901790e-23
1.468261718750000000e+00 2.446735077487458040e-24
1.468750000000000000e+00 -2.495511016060499119e-22
1.469238281250000000e+00 -4.335367648513337242e-23
1.469726562500000000e+00 6.471735366749505837e-23
1.470214843750000000e+00 -1.161525591973078047e-22
1.470703125000000000e+00 -8.126910588201212431e-23
1.471191406250000000e+00 3.451410241319463365e-23
1.471679687500000000e+00 -1.947028456398773379e-22
1.472167968750000000e+00 -1.201963119799091591e-22
1.472656250000000000e+00 -1.250637743359284149e-22
1.473144531250000000e+00 -1.136828270927275729e-22
1.473632812500000000e+00 -1.768348800348777089e-22
1.474121093750000000e+00 1.633425734703292541e-22
1.474609375000000000e+00 -4.324695458279012465e-22
1.475097656250000000e+00 1.075121004030919999e-22
1.475585937500000000e+00 -1.269332206781239871e-22
1.476074218750000000e+00 -5.149769088823061634e-23
1.476562500000000000e+00 -6.993075772497690765e-23
1.477050781250000000e+00 -1.180835104461620245e-22
1.477539062500000000e+00 -2.778942571493013241e-23
1.478027343750000000e+00 -1.647841434501074796e-22
1.478515625000000000e+00 -5.266436279841151288e-23
1.479003906250000000e+00 1.657705352832136119e-23
1.479492187500000000e+00 -5.755020459562420877e-23
1.479980468750000000e+00 1.194836087174880316e-22
1.480468750000000000e+00 -3.136482808402373521e-24
1.480957031250000000e+00 6.057515647278412445e-23
1.481445312500000000e+00 1.376986016428224946e-22
1.481933593750000000e+00 2.592988358686556462e-22
1.482421875000000000e+00 2.330983522586640344e-22
1.482910156250000000e+00 1.451438810585161654e-22
1.483398437500000000e+00 2.701323485013588334e-22
1.483886718750000000e+00 8.668783665965061765e-23
1.484375000000000000e+00 1.221140673440065432e-22
1.484863281250000000e+00 -4.959384783333497211e-24
1.485351562500000000e+00 1.396532704532754180e-22
1.485839843750000000e+00 -1.320925114727200100e-22
1.486328125000000000e+00 1.465579179043720893e-22
1.486816406250000000e+00 5.644861318684927948e-23
1.487304687500000000e+00 -1.072606010269655728e-22
1.487792968750000000e+00 1.593001112000885769e-22
1.488281250000000000e+00 -1.251529667791471365e-22
1.488769531250000000e+00 7.350395031724346520e-23
1.489257812500000000e+00 4.256536511012541290e-23
1.489746093750000000e+00 8.661075063586091437e-23
1.490234375000000000e+00 -2.874705685821557744e-22
1.490722656250000000e+00 -1.756975065989941078e-22
1.491210937500000000e+00 1.043854011040107236e-22
1.491699218750000000e+00 -2.860645681822678996e-22
1.492187500000000000e+00 -1.922511003466232836e-22
1.492675781250000000e+00 -2.465918023263961332e-22
1.493164062500000000e+00 -2.091777457199563737e-22
1.493652343750000000e+00 -2.964625336556144957e-22
1.494140625000000000e+00 1.400187585912626328e-22
1.494628906250000000e+00 -2.657358968402920047e-22
1.495117187500000000e+00 2.113888048147863146e-23
1.495605468750000000e+00 -6.653927809026134336e-23
1.496093750000000000e+00 1.550024678225815835e-22
1.496582031250000000e+00 -1.289444522369941858e-22
1.497070312500000000e+00 1.977227752108890509e-22
1.497558593750000000e+00 9.402485657044889908e-23
1.498046875000000000e+00 2.714933321239861482e-22
1.498535156250000000e+00 -1.243985742168458068e-23
1.499023437500000000e+00 -1.574684574644741031e-22
1.499511718750000000e+00 1.638329609034621228e-22
1.500000000000000000e+00 1.292205167790561320e-22
1.500488281250000000e+00 2.594574165966872977e-22
1.500976562500000000e+00 2.139169688394087262e-22
1.501464843750000000e+00 3.102963960758777661e-22
1.501953125000000000e+00 3.231995048755519015e-22
1.502441406250000000e+00 1.698261454267131861e-22
1.502929687500000000e+00 1.832285943985406162e-22
1.503417968750000000e+00 1.590386712195173890e-22
1.503906250000000000e+00 -9.191836107050344710e-23
1.504394531250000000e+00 -1.577910957068933768e-23
1.504882812500000000e+00 3.209882677858988375e-23
1.505371093750000000e+00 -2.251659736784568912e-22
1.505859375000000000e+00 1.212212984934502884e-22
1.506347656250000000e+00 -3.850097837427117024e-22
1.506835937500000000e+00 -1.016248205706528028e-22
1.507324218750000000e+00 -3.570972144460326693e-22
1.507812500000000000e+00 -2.112658365290312726e-22
1.508300781250000000e+00 -4.049245371229861349e-22
1.508789062500000000e+00 -2.628854387966740772e-22
1.509277343750000000e+00 -2.336344542540666967e-22
1.509765625000000000e+00 -1.182392506360754004e-22
1.510253906250000000e+00 -1.188940622471548144e-22
1.510742187500000000e+00 -1.222050664727078272e-22
1.511230468750000000e+00 -1.943998991464190054e-22
1.511718750000000000e+00 2.377563215805110469e-23
1.512207031250000000e+00 1.554497175491835389e-23
1.512695312500000000e+00 2.420423717561392942e-22
1.513183593750000000e+00 1.021746020693061802e-22
1.513671875000000000e+00 1.265768770485022352e-22
1.514160156250000000e+00 2.965359610477785489e-22
1.514648437500000000e+00 3.045035268500364367e-22
1.515136718750000000e+00 2.874591642926463222e-22
1.515625000000000000e+00 2.901099072403247243e-22
1.516113281250000000e+00 1.698561560083665948e-22
1.516601562500000000e+00 5.199800485093421888e-23
1.517089843750000000e+00 2.272295747074272800e-22
1.517578125000000000e+00 -1.822715278750331105e-22
1.518066406250000000e+00 -1.293894806454704224e-22
1.518554687500000000e+00 -1.210523547846655985e-22
1.519042968750000000e+00 5.368364101452633643e-23
1.519531250000000000e+00 -8.618906367917695779e-23
1.520019531250000000e+00 -2.105436543282838538e-22
1.520507812500000000e+00 -2.202178649687342124e-22
1.520996093750000000e+00 -3.186151673451567260e-22
1.521484375000000000e+00 -3.598231283251431051e-22
1.521972656250000000e+00 1.659139952161277854e-22
1.522460937500000000e+00 -3.432564347842458177e-23
1.522949218750000000e+00 1.239751212535518527e-22
1.523437500000000000e+00 1.081376865958836229e-22
1.523925781250000000e+00 4.422601002030786129e-22
1.524414062500000000e+00 3.789618350210160169e-22
1.524902343750000000e+00 1.934099113131541041e-22
1.525390625000000000e+00 6.036217427045027651e-23
1.525878906250000000e+00 8.716472012569330901e-23
1.526367187500000000e+00 -5.194801088393744352e-23
1.526855468750000000e+00 -4.552119778727922109e-23
1.527343750000000000e+00 -2.056699409032818134e-22
1.527832031250000000e+00 -5.746505112500361101e-22
1.528320312500000000e+00 -2.976798638389055858e-22
1.528808593750000000e+00 1.603957356474173030e-22
1.529296875000000000e+00 -5.419572550681521894e-23
1.529785156250000000e+00 3.127775967441417186e-22
1.530273437500000000e+00 2.521343790655068161e-22
1.530761718750000000e+00 3.596073756270980437e-23
1.531250000000000000e+00 -1.350909220332106126e-22
1.531738281250000000e+00 -1.252438656892296640e-22
1.532226562500000000e+00 -3.137772711905248537e-22
1.532714843750000000e+00 -1.389836852208029448e-22
1.533203125000000000e+00 -7.751069912746364248e-23
1.533691406250000000e+00 2.797450880335851563e-22
1.534179687500000000e+00 1.395020324535283282e-22
1.534667968750000000e+00 8.500062106364767266e-23
1.535156250000000000e+00 3.305585943535245550e-23
1.535644531250000000e+00 -5.844498255185983858e-23
1.536132812500000000e+00 5.827285840596131073e-23
1.536621093750000000e+00 -1.005050367879354578e-22
1.537109375000000000e+00 1.268775662608509578e-22
1.537597656250000000e+00 -4.376109587550200472e-23
1.538085937500000000e+00 1.133460338429649856e-23
1.538574218750000000e+00 -2.732869920749514755e-23
1.539062500000000000e+00 2.927293087426363439e-23
1.539550781250000000e+00 -1.102595509607405121e-22
1.540039062500000000e+00 -9.410216756319141849e-23
1.540527343750000000e+00 -4.159118395759577196e-23
1.541015625000000000e+00 1.590419320186652737e-22
1.541503906250000000e+00 8.369922964550066652e-23
1.541992187500000000e+00 -9.855061752215739480e-24
1.542480468750000000e+00 -7.075785877316835826e-24
1.542968750000000000e+00 1.146545289443017870e-23
1.543457031250000000e+00 -1.034810548472896663e-23
1.543945312500000000e+00 3.078691117537121312e-23
1.544433593750000000e+00 -1.301505342042315734e-22
1.544921875000000000e+00 1.852804860901345967e-22
1.545410156250000000e+00 -1.277653349018490979e-22
1.545898437500000000e+00 -9.353053138723712805e-23
1.546386718750000000e+00 -5.992734242768960101e-23
1.546875000000000000e+00 -5.255166519889690728e-25
1.547363281250000000e+00 1.860744375060052493e-22
1.547851562500000000e+00 -1.105181044461475583e-22
1.548339843750000000e+00 1.528179240340446906e-22
1.548828125000000000e+00 -2.003756958786049893e-23
1.549316406250000000e+00 -8.144183345748831144e-24
1.549804687500000000e+00 5.974766711257970463e-24
1.550292968750000000e+00 -6.664374166970284598e-23
1.550781250000000000e+00 -1.039562766823817790e-22
1.551269531250000000e+00 1.857695093857938012e-22
1.551757812500000000e+00 1.592404724645816762e-23
1.552246093750000000e+00 -1.613345681507956857e-23
1.552734375000000000e+00 7.490374868273932473e-23
1.553222656250000000e+00 1.309108045100048612e-22
1.553710937500000000e+00 -3.049056586224075192e-22
1.554199218750000000e+00 9.105874235974699237e-23
1.554687500000000000e+00 -4.270694299290924038e-23
1.555175781250000000e+00 -5.021368729141140385e-23
1.555664062500000000e+00 5.042560576415424979e-23
1.556152343750000000e+00 8.510099902061224272e-24
1.556640625000000000e+00 3.833976320262636644e-23
1.557128906250000000e+00 1.093701593498519565e-22
1.557617187500000000e+00 -4.328774791310733966e-24
1.558105468750000000e+00 1.166543728791575144e-23
1.558593750000000000e+00 -3.188607302832106469e-23
1.559082031250000000e+00 1.181576482040270844e-23
1.559570312500000000e+00 -9.335374646342871665e-23
1.560058593750000000e+00 2.114700549570320447e-23
1.560546875000000000e+00 -1.547053740076221010e-22
1.561035156250000000e+00 -1.309501341391818366e-22
1.561523437500000000e+00 8.893403032795194201e-23
1.562011718750000000e+00 2.332169257341588214e-22
1.562500000000000000e+00 -2.140086824825946837e-23
1.562988281250000000e+00 -8.700333253923797102e-23
1.563476562500000000e+00 2.506104874207632105e-23
1.563964843750000000e+00 2.625687579352849672e-22
1.564453125000000000e+00 -8.639350442713112786e-23
1.564941406250000000e+00 -2.647870498594200005e-22
1.565429687500000000e+00 1.878876211491282298e-23
1.565917968750000000e+00 1.030717572119264572e-22
1.566406250000000000e+00 -2.369010530067472384e-22
1.566894531250000000e+00 -1.769733195052616481e-23
1.567382812500000000e+00 -2.262568459665115880e-22
1.567871093750000000e+00 -1.428278242597642071e-22
1.568359375000000000e+00 -8.775462182820614751e-23
1.568847656250000000e+00 7.597226896635512212e-23
1.569335937500000000e+00 -4.106614907176760307e-23
1.569824218750000000e+00 1.717686062090670068e-22
1.570312500000000000e+00 6.794020816148600862e-23
1.570800781250000000e+00 -3.746657218028830382e-24
1.571289062500000000e+00 1.857905922156081678e-22
1.571777343750000000e+00 -1.503813370154683201e-22
1.572265625000000000e+00 1.053734639312724305e-22
1.572753906250000000e+00 1.646115242783184003e-22
1.573242187500000000e+00 2.803029901748863793e-22
1.573730468750000000e+00 8.614619667655178464e-23
1.574218750000000000e+00 2.594385971973484895e-22
1.574707031250000000e+00 -1.045806676342251853e-22
1.575195312500000000e+00 6.745292387436324846e-24
1.575683593750000000e+00 6.937708030200246776e-23
1.576171875000000000e+00 7.117067394949692130e-23
1.576660156250000000e+00 -8.268235652297604404e-23
1.577148437500000000e+00 -1.731110654593775376e-22
1.577636718750000000e+00 2.658580448939268414e-22
1.578125000000000000e+00 -2.894251432117893918e-22
1.578613281250000000e+00 -9.709433438931322370e-23
1.579101562500000000e+00 1.286790571284471287e-22
1.579589843750000000e+00 -1.373601263323172036e-22
1.580078125000000000e+00 7.729031644048737670e-23
1.580566406250000000e+00 -1.041216875492044423e-22
1.581054687500000000e+00 -1.105227149039138595e-23
1.581542968750000000e+00 1.267756050078106402e-22
1.582031250000000000e+00 -2.240082531386877495e-23
1.582519531250000000e+00 -3.182611251791968803e-23
1.583007812500000000e+00 -1.788346219771223467e-22
1.583496093750000000e+00 -3.427915235750869940e-23
1.583984375000000000e+00 -4.869359129647073998e-23
1.584472656250000000e+00 -5.905153560292715708e-23
1.584960937500000000e+00 -1.957465890904058338e-22
1.585449218750000000e+00 2.358792790483573844e-23
1.585937500000000000e+00 2.755636842168596067e-23
1.586425781250000000e+00 8.759894001148831434e-23
1.586914062500000000e+00 -1.997550369509017908e-22
1.587402343750000000e+00 1.243193105526188952e-23
1.587890625000000000e+00 -2.690016277281212812e-23
1.588378906250000000e+00 3.092183328403662377e-23
1.588867187500000000e+00 9.841055962296846858e-23
1.589355468750000000e+00 1.814272235301589843e-22
1.589843750000000000e+00 -8.213834359451504478e-23
1.590332031250000000e+00 1.266608251638985909e-22
1.590820312500000000e+00 -1.000670966535162559e-22
1.591308593750000000e+00 -4.355031195810101021e-23
1.591796875000000000e+00 1.790604074256277374e-22
1.592285156250000000e+00 -1.157490959426885536e-22
1.592773437500000000e+00 -1.342035859808275217e-22
1.593261718750000000e+00 -4.794111284296125178e-23
1.593750000000000000e+00 -4.571745912004604272e-23
1.594238281250000000e+00 1.508001925565398895e-22
1.594726562500000000e+00 -1.870464333988953898e-22
1.595214843750000000e+00 -9.192418084115262717e-23
1.595703125000000000e+00 2.059631466498269270e-22
1.596191406250000000e+00 -1.266516691793522277e-22
1.596679687500000000e+00 2.039010184381468635e-23
1.597167968750000000e+00 4.063332754501467104e-23
1.597656250000000000e+00 6.520756462464704277e-23
1.598144531250000000e+00 1.919011525219367478e-22
1.598632812500000000e+00 9.287061774121056275e-24
1.599121093750000000e+00 -5.969724209003650103e-23
1.599609375000000000e+00 1.392253070004309412e-22
1.600097656250000000e+00 4.568469517447107154e-23
1.600585937500000000e+00 -7.134907612020250109e-23
1.601074218750000000e+00 2.175367775667436329e-22
1.601562500000000000e+00 -4.822507282129760887e-23
1.602050781250000000e+00 -1.049861845611161188e-22
1.602539062500000000e+00 4.436248067926306004e-23
1.603027343750000000e+00 1.828966167481375182e-23
1.603515625000000000e+00 1.498877387274683526e-22
1.604003906250000000e+00 -1.310278341025713327e-22
1.604492187500000000e+00 2.052645524802385864e-22
1.604980468750000000e+00 -2.445566595336647734e-23
1.605468750000000000e+00 -1.352593031356263263e-22
1.605957031250000000e+00 8.958080965016448371e-23
1.606445312500000000e+00 -2.340654548415453055e-22
1.606933593750000000e+00 -6.380364446280036064e-23
1.607421875000000000e+00 -3.092314362686873002e-24
1.607910156250000000e+00 3.120944058918202813e-22
1.608398437500000000e+00 2.095608175750410841e-23
1.608886718750000000e+00 1.463586577936359670e-22
1.609375000000000000e+00 -2.466371091597368747e-22
1.609863281250000000e+00 4.134573739292590359e-23
1.610351562500000000e+00 -2.217945281468865067e-22
1.610839843750000000e+00 1.073590633561237115e-22
1.611328125000000000e+00 1.349259068034764479e-22
1.611816406250000000e+00 -1.296193020713610740e-22
1.612304687500000000e+00 1.723543205180310075e-23
1.612792968750000000e+00 -1.609990226644845870e-22
1.613281250000000000e+00 9.360064709783591866e-23
1.613769531250000000e+00 -9.590669187066647630e-23
1.614257812500000000e+00 2.959034864666199536e-23
1.614746093750000000e+00 -6.802768512720255444e-23
1.615234375000000000e+00 -5.185223482924633400e-23
1.615722656250000000e+00 -1.648773665101719065e-22
1.616210937500000000e+00 9.207231636162088529e-23
1.616699218750000000e+00 1.442333645492125292e-22
1.617187500000000000e+00 -1.877260702773561216e-22
1.617675781250000000e+00 -1.125510072163176635e-22
1.618164062500000000e+00 2.294881437521806861e-23
1.618652343750000000e+00 5.799002366282154248e-23
1.619140625000000000e+00 5.706045235434826700e-23
1.619628906250000000e+00 -1.452078271394516129e-22
1.620117187500000000e+00 6.670194164320565572e-23
1.620605468750000000e+00 8.728006928324064581e-23
1.621093750000000000e+00 -1.234395349114817909e-22
1.621582031250000000e+00 7.908466017804410873e-23
1.622070312500000000e+00 6.278426669070649963e-23
1.622558593750000000e+00 -5.105791095740994388e-24
1.623046875000000000e+00 -1.148234674305936275e-22
1.623535156250000000e+00 1.347006730797953871e-22
1.624023437500000000e+00 2.443938879072129127e-23
1.624511718750000000e+00 1.940063448100445349e-22
1.625000000000000000e+00 -8.599107887365884822e-23
1.625488281250000000e+00 -9.693867155861507018e-24
1.625976562500000000e+00 -1.543593033093984200e-22
1.626464843750000000e+00 1.389920533753004642e-22
1.626953125000000000e+00 -2.263216670855419398e-22
1.627441406250000000e+00 2.114160071203366067e-22
1.627929687500000000e+00 -8.411632211184091615e-23
1.628417968750000000e+00 1.419264647702598718e-22
1.628906250000000000e+00 -3.418511401469463870e-22
1.629394531250000000e+00 2.262789336530919487e-24
1.629882812500000000e+00 -1.293178920439452311e-22
1.630371093750000000e+00 1.066823617361116318e-22
1.630859375000000000e+00 -5.199593268288514736e-23
1.631347656250000000e+00 2.107634539152288738e-22
1.631835937500000000e+00 -1.643750727442769487e-23
1.632324218750000000e+00 -2.262931156988243280e-23
1.632812500000000000e+00 1.237131380735382236e-22
1.633300781250000000e+00 8.351806733830464607e-23
1.633789062500000000e+00 1.412643083275135831e-23
1.634277343750000000e+00 -1.899009723035645825e-22
1.634765625000000000e+00 1.485881473283808656e-22
1.635253906250000000e+00 1.947020912943503961e-22
1.635742187500000000e+00 2.900452693749841251e-22
1.636230468750000000e+00 1.014347778977292391e-24
1.636718750000000000e+00 2.588158111113022078e-23
1.637207031250000000e+00 1.088632798792465029e-22
1.637695312500000000e+00 5.834718755522420091e-23
1.638183593750000000e+00 -1.139063040998518957e-23
1.638671875000000000e+00 -1.947481991433192654e-22
1.639160156250000000e+00 5.862330142567700044e-23
1.639648437500000000e+00 1.303915699913368061e-24
1.640136718750000000e+00 -8.920121607876597733e-23
1.640625000000000000e+00 -1.798661325099031676e-22
1.641113281250000000e+00 -4.046079217649416550e-23
1.641601562500000000e+00 6.105770878200645722e-23
1.642089843750000000e+00 -1.737565414818611602e-22
1.642578125000000000e+00 7.498707173083890389e-23
1.643066406250000000e+00 1.731408750751778790e-22
1.643554687500000000e+00 -1.773965308047228269e-22
1.644042968750000000e+00 -1.135430346494136112e-22
1.644531250000000000e+00 2.346340757902046701e-23
1.645019531250000000e+00 -3.914985197564330641e-22
1.645507812500000000e+00 2.590767031816789326e-22
1.645996093750000000e+00 -1.297430202000474110e-22
1.646484375000000000e+00 1.711733032476633747e-22
1.646972656250000000e+00 -7.708451428923398826e-23
1.647460937500000000e+00 -2.460676811090929580e-22
1.647949218750000000e+00 -8.477559073706340025e-23
1.648437500000000000e+00 -4.302052468811744449e-23
1.648925781250000000e+00 3.268143125296870340e-23
1.649414062500000000e+00 -1.488088955824189971e-22
1.649902343750000000e+00 -2.039105616312521193e-23
1.650390625000000000e+00 5.207114074827996126e-23
1.650878906250000000e+00 2.018483212616695311e-22
1.651367187500000000e+00 -5.139728426968432445e-23
1.651855468750000000e+00 1.342409864999402295e-22
1.652343750000000000e+00 3.703428429283951531e-23
1.652832031250000000e+00 4.138796767385133511e-24
1.653320312500000000e+00 1.737420532909343542e-22
1.653808593750000000e+00 -2.040122694249162593e-23
1.654296875000000000e+00 -3.184828123749220321e-23
1.654785156250000000e+00 1.649412596908533595e-22
1.655273437500000000e+00 1.524879612491948268e-23
1.655761718750000000e+00 -1.069769246739978156e-23
1.656250000000000000e+00 1.257780261933035749e-22
1.656738281250000000e+00 2.072694102293843690e-22
1.657226562500000000e+00 5.612141440814118134e-23
1.657714843750000000e+00 2.439668414577075084e-22
1.658203125000000000e+00 -1.369035683931374983e-22
1.658691406250000000e+00 -7.424470616377122047e-23
1.659179687500000000e+00 -2.772699667383891144e-22
1.659667968750000000e+00 -3.600411608921496288e-23
1.660156250000000000e+00 1.829136129165374452e-22
1.660644531250000000e+00 -2.424675997742581266e-22
1.661132812500000000e+00 1.199913206769407778e-22
1.661621093750000000e+00 -2.663444227776178814e-22
1.662109375000000000e+00 -1.187134697552565377e-22
1.662597656250000000e+00 -1.731600398299086089e-22
1.663085937500000000e+00 2.424350372698922908e-22
1.663574218750000000e+00 1.872325636059904279e-22
1.664062500000000000e+00 -4.263410040211572728e-23
1.664550781250000000e+00 -7.357553555977826760e-23
1.665039062500000000e+00 -1.951511680922942187e-22
1.665527343750000000e+00 1.005583192886136331e-22
1.666015625000000000e+00 -1.503775031704921826e-22
1.666503906250000000e+00 1.179578395960035979e-23
1.666992187500000000e+00 1.071890478725952286e-22
1.667480468750000000e+00 -2.482969449248636324e-22
1.667968750000000000e+00 -5.144718434995567503e-23
1.668457031250000000e+00 7.020814462472534697e-23
1.668945312500000000e+00 -9.803625581818679726e-23
1.669433593750000000e+00 1.467919800690273895e-22
1.669921875000000000e+00 -6.227539115309234966e-23
1.670410156250000000e+00 9.269249896240743909e-23
1.670898437500000000e+00 2.475601135399913183e-22
1.671386718750000000e+00 -8.383481015028375216e-23
1.671875000000000000e+00 2.262335013107017920e-23
1.672363281250000000e+00 1.316669231970835011e-22
1.672851562500000000e+00 1.020440300791214310e-23
1.673339843750000000e+00 -8.592103171333970646e-23
1.673828125000000000e+00 1.096109454165204210e-22
1.674316406250000000e+00 1.820208461696815450e-22
1.674804687500000000e+00 2.255779910352803341e-23
1.675292968750000000e+00 -6.346562286207882661e-23
1.675781250000000000e+00 -8.657099054700113665e-23
1.676269531250000000e+00 5.189289287727159793e-23
1.676757812500000000e+00 1.084886610912741660e-22
1.677246093750000000e+00 3.083014130068162875e-25
1.677734375000000000e+00 -8.240411461637997810e-24
1.678222656250000000e+00 1.118130857903708962e-23
1.678710937500000000e+00 -4.315405038414223659e-23
1.679199218750000000e+00 8.488231930651575193e-23
1.679687500000000000e+00 8.890354918509582132e-23
1.680175781250000000e+00 4.601143858482733263e-23
1.680664062500000000e+00 9.282585415706678289e-24
1.681152343750000000e+00 4.494043523202397338e-23
1.681640625000000000e+00 2.551642261972479044e-23
1.682128906250000000e+00 9.778520521499173824e-23
1.682617187500000000e+00 1.037057962672888296e-22
1.683105468750000000e+00 -3.601769559544917106e-22
1.683593750000000000e+00 -1.582799212636596177e-22
1.684082031250000000e+00 -8.331714254614287819e-23
1.684570312500000000e+00 -2.826475122975750625e-22
1.685058593750000000e+00 4.434565483826823037e-23
1.685546875000000000e+00 -4.977710079997527487e-23
1.686035156250000000e+00 -2.565428896717952448e-22
1.686523437500000000e+00 -1.180146511171120120e-23
1.687011718750000000e+00 1.508224096059573356e-22
1.687500000000000000e+00 -2.605682282473376427e-23
1.687988281250000000e+00 -8.269989564720232718e-23
1.688476562500000000e+00 -1.004588987952764502e-22
1.688964843750000000e+00 1.651729060468242944e-22
1.689453125000000000e+00 -1.882003556388967381e-23
1.689941406250000000e+00 1.175683806615265987e-22
1.690429687500000000e+00 6.033741797966981044e-23
1.690917968750000000e+00 4.239706583993284956e-23
1.691406250000000000e+00 -4.858093663272452638e-23
1.691894531250000000e+00 -2.155590031365406777e-23
1.692382812500000000e+00 -1.802582395704215534e-22
1.692871093750000000e+00 -2.148133537502534882e-23
1.693359375000000000e+00 5.246701213914116389e-23
1.693847656250000000e+00 -7.321344226123599064e-23
1.694335937500000000e+00 1.710581529948830537e-22
1.694824218750000000e+00 -1.183175968458240183e-22
1.695312500000000000e+00 1.244118066275472587e-22
1.695800781250000000e+00 7.812928629038564735e-23
1.696289062500000000e+00 -6.524381560044271207e-23
1.696777343750000000e+00 1.613014215240423381e-22
1.697265625000000000e+00 -1.022295082610200193e-22
1.697753906250000000e+00 2.959566329997605140e-22
1.698242187500000000e+00 1.917312824378845166e-22
1.698730468750000000e+00 -1.430408580068797453e-22
1.699218750000000000e+00 1.302941921607369507e-23
1.699707031250000000e+00 -3.523336345111877235e-22
1.700195312500000000e+00 3.011836602763276152e-22
1.700683593750000000e+00 -5.812580285193203469e-23
1.701171875000000000e+00 -1.627186459195942356e-22
1.701660156250000000e+00 5.742940963143095031e-23
1.702148437500000000e+00 -9.343119160271553409e-23
1.702636718750000000e+00 8.681202433807914600e-23
1.703125000000000000e+00 5.245905262759264075e-23
1.703613281250000000e+00 -1.433341876752087043e-22
1.704101562500000000e+00 -1.501546012333514698e-22
1.704589843750000000e+00 2.531253169918000379e-22
1.705078125000000000e+00 1.842937789807684902e-22
1.705566406250000000e+00 -5.191832077672046467e-23
1.706054687500000000e+00 -5.893496833479109175e-23
1.706542968750000000e+00 9.901362225520849605e-23
1.707031250000000000e+00 8.898235181336156763e-24
1.707519531250000000e+00 4.988987634006778929e-23
1.708007812500000000e+00 -9.070227909911955430e-23
1.708496093750000000e+00 -1.130451558126375197e-23
1.708984375000000000e+00 1.107701657091950448e-22
1.709472656250000000e+00 2.589950868180468179e-23
1.709960937500000000e+00 -5.166678604785484372e-23
1.710449218750000000e+00 -1.067582199417824695e-22
1.710937500000000000e+00 1.486105867696387258e-22
1.711425781250000000e+00 -1.104315396747256528e-22
1.711914062500000000e+00 1.545995754585718865e-22
1.712402343750000000e+00 -1.215156766255511562e-22
1.712890625000000000e+00 1.282933284687060487e-22
1.713378906250000000e+00 -1.196015087568597084e-23
1.713867187500000000e+00 6.147978893687120314e-23
1.714355468750000000e+00 -1.348591453274676770e-22
1.714843750000000000e+00 1.890860886792347859e-22
1.715332031250000000e+00 8.212916441975301628e-23
1.715820312500000000e+00 -1.251160600767763789e-22
1.716308593750000000e+00 -1.038386097767497898e-22
1.716796875000000000e+00 1.419868297642861786e-22
1.717285156250000000e+00 -1.348003304102529687e-22
1.717773437500000000e+00 -4.815765099793671026e-23
1.718261718750000000e+00 -2.384081292679125658e-22
1.718750000000000000e+00 -7.204477474434149152e-23
1.719238281250000000e+00 -2.987900675437791986e-23
1.719726562500000000e+00 8.340578079211250222e-23
1.720214843750000000e+00 3.987177786252661756e-23
1.720703125000000000e+00 5.261969143616870444e-24
1.721191406250000000e+00 -3.381383508331978823e-23
1.721679687500000000e+00 -1.254000055782375263e-22
1.722167968750000000e+00 -5.620861871763371084e-23
1.722656250000000000e+00 -2.746236994524148577e-23
1.723144531250000000e+00 5.296164276543546217e-23
1.723632812500000000e+00 -1.650807153905874383e-22
1.724121093750000000e+00 1.407317220070390840e-22
1.724609375000000000e+00 -1.693177165314316708e-22
1.725097656250000000e+00 4.775896258995923514e-23
1.725585937500000000e+00 -1.040314513883416662e-22
1.726074218750000000e+00 9.078883198551097582e-23
1.726562500000000000e+00 -3.328188153922043893e-22
1.727050781250000000e+00 -1.900976925408905941e-23
1.727539062500000000e+00 6.311021713480165940e-23
1.728027343750000000e+00 -8.667970937400127762e-23
1.728515625000000000e+00 5.756684279132887025e-23
1.729003906250000000e+00 4.518981698485561071e-23
1.729492187500000000e+00 2.941147988945522761e-22
1.729980468750000000e+00 -8.701995663057401820e-23
1.730468750000000000e+00 7.105705465729347040e-23
1.730957031250000000e+00 4.044604092999618209e-23
1.731445312500000000e+00 1.240934357257331577e-22
1.731933593750000000e+00 -5.877414868131321804e-23
1.732421875000000000e+00 1.798507299342085952e-23
1.732910156250000000e+00 1.282640125312346552e-22
1.733398437500000000e+00 -1.705049095482741253e-22
1.733886718750000000e+00 -1.143227893779062827e-22
1.734375000000000000e+00 3.098727676159590166e-22
1.734863281250000000e+00 1.174566108058593942e-22
1.735351562500000000e+00 2.009802745467063749e-22
1.735839843750000000e+00 3.068515454826068806e-22
1.736328125000000000e+00 1.524193496262103055e-23
1.736816406250000000e+00 1.136201740571582469e-22
1.737304687500000000e+00 7.203895312513887128e-23
1.737792968750000000e+00 -6.933831657511745782e-23
1.738281250000000000e+00 -3.019499600965663549e-23
1.738769531250000000e+00 1.271389151232408642e-23
1.739257812500000000e+00 4.341177499130600451e-24
1.739746093750000000e+00 -1.506738234253356301e-22
1.740234375000000000e+00 1.661813621319977589e-23
1.740722656250000000e+00 -1.174142215040809469e-22
1.741210937500000000e+00 -1.634549800201529745e-22
1.741699218750000000e+00 6.604832408620298709e-24
1.742187500000000000e+00 -4.179849236332640484e-24
1.742675781250000000e+00 -2.249346621684095198e-22
1.743164062500000000e+00 2.122282604741486954e-22
1.743652343750000000e+00 -1.642252972079245244e-22
1.744140625000000000e+00 -6.574794484924188136e-23
1.744628906250000000e+00 1.893810574937919995e-22
1.745117187500000000e+00 -5.441590948294593653e-23
1.745605468750000000e+00 -1.845014178709073268e-23
1.746093750000000000e+00 3.915904910639090533e-24
1.746582031250000000e+00 -1.362802588268785102e-22
1.747070312500000000e+00 -9.724433260946033785e-23
1.747558593750000000e+00 5.102888279805458707e-23
1.748046875000000000e+00 1.619673723742246489e-22
1.748535156250000000e+00 -1.089554733693941983e-22
1.749023437500000000e+00 -1.127145144797095840e-22
1.749511718750000000e+00 7.417948717270746572e-24
1.750000000000000000e+00 5.947586366035124344e-23
1.750488281250000000e+00 5.230452307586794223e-23
1.750976562500000000e+00 2.052229745037075391e-22
1.751464843750000000e+00 -2.779506619947918325e-23
1.751953125000000000e+00 -1.492445379336957489e-22
1.752441406250000000e+00 -1.206696529809763319e-22
1.752929687500000000e+00 9.068284605545462527e-23
1.753417968750000000e+00 -1.795329408305185504e-22
1.753906250000000000e+00 -9.505628224593241921e-23
1.754394531250000000e+00 2.980328933966999780e-23
1.754882812500000000e+00 8.275673708781543415e-23
1.755371093750000000e+00 -1.140506418814011423e-23
1.755859375000000000e+00 -2.199153445238338460e-22
1.756347656250000000e+00 4.629624187441121220e-23
1.756835937500000000e+00 1.557574754483059574e-22
1.757324218750000000e+00 -8.097270695851214245e-23
1.757812500000000000e+00 -1.971603468541622551e-22
1.758300781250000000e+00 3.838778964280404701e-22
1.758789062500000000e+00 -2.054898134091439783e-22
1.759277343750000000e+00 3.522823281534020896e-23
1.759765625000000000e+00 -2.337097739350078455e-22
1.760253906250000000e+00 1.002423154748326395e-22
1.760742187500000000e+00 -1.717655481326318391e-22
1.761230468750000000e+00 1.787140467505310586e-22
1.761718750000000000e+00 -2.123979490184514562e-23
1.762207031250000000e+00 -2.877519469803380528e-22
1.762695312500000000e+00 1.113663977616280027e-22
1.763183593750000000e+00 1.073563609507888925e-22
1.763671875000000000e+00 9.897067903746559385e-23
1.764160156250000000e+00 1.804110255295155534e-22
1.764648437500000000e+00 -7.224789713552760657e-23
1.765136718750000000e+00 -8.509146817812791992e-23
1.765625000000000000e+00 4.230165232804521320e-23
1.766113281250000000e+00 2.727096706643628866e-23
1.766601562500000000e+00 2.659144168281847245e-22
1.767089843750000000e+00 -9.130862220314798730e-23
1.767578125000000000e+00 7.678002362596782643e-23
1.768066406250000000e+00 -1.285491584064229046e-22
1.768554687500000000e+00 2.804838493406680109e-22
1.769042968750000000e+00 5.557698744530173679e-23
1.769531250000000000e+00 2.471680976869399101e-22
1.770019531250000000e+00 6.507239236558485361e-23
1.770507812500000000e+00 2.995448441326027794e-23
1.770996093750000000e+00 -1.399808922227862616e-22
1.771484375000000000e+00 1.027274608015975712e-22
1.771972656250000000e+00 -6.524377893837152429e-23
1.772460937500000000e+00 -5.259097493673676393e-23
1.772949218750000000e+00 -1.261493055241890625e-22
1.773437500000000000e+00 8.095961554150001432e-23
1.773925781250000000e+00 -5.376712754034276398e-23
1.774414062500000000e+00 1.502091163078932137e-22
1.774902343750000000e+00 1.637777568910714469e-22
1.775390625000000000e+00 3.386313953229907397e-23
1.775878906250000000e+00 -1.371267610875319803e-22
1.776367187500000000e+00 6.823188136545344232e-23
1.776855468750000000e+00 -1.618977971835416338e-22
1.777343750000000000e+00 1.366767921532679982e-22
1.777832031250000000e+00 1.005620872499645717e-22
1.778320312500000000e+00 5.696581350851727426e-23
1.778808593750000000e+00 -2.130501156072633217e-22
1.779296875000000000e+00 -2.230433632456183103e-23
1.779785156250000000e+00 1.431792257197626041e-22
1.780273437500000000e+00 -1.411692315687018609e-22
1.780761718750000000e+00 -3.781212088543026497e-23
1.781250000000000000e+00 -2.784286735522469865e-22
1.781738281250000000e+00 -1.436911884745492150e-22
1.782226562500000000e+00 5.576750929657809002e-24
1.782714843750000000e+00 1.052491566314055646e-22
1.783203125000000000e+00 -2.376168089260807041e-22
1.783691406250000000e+00 -8.215859147797511495e-23
1.784179687500000000e+00 -1.144786273461139530e-22
1.784667968750000000e+00 -2.170924193534348967e-22
1.785156250000000000e+00 7.839789632838513535e-24
1.785644531250000000e+00 6.218966301039547493e-24
1.786132812500000000e+00 -2.048175253892487361e-22
1.786621093750000000e+00 9.079303260105974479e-24
1.787109375000000000e+00 1.028332198737204163e-22
1.787597656250000000e+00 1.513692386274873085e-22
1.788085937500000000e+00 -3.768532740995271110e-23
1.788574218750000000e+00 -3.287517628565549490e-23
1.789062500000000000e+00 -1.213634747582023455e-22
1.789550781250000000e+00 1.088935133094828639e-22
1.790039062500000000e+00 -1.890533582284931296e-23
1.790527343750000000e+00 -1.057513219156092711e-23
1.791015625000000000e+00 1.261389307187346375e-22
1.791503906250000000e+00 1.230266758533123464e-22
1.791992187500000000e+00 -1.337340229913500318e-22
1.792480468750000000e+00 1.020717460242689598e-22
1.792968750000000000e+00 6.162125149878761372e-23
1.793457031250000000e+00 -1.716499530825595763e-23
1.793945312500000000e+00 -7.872415671126344549e-23
1.794433593750000000e+00 5.239296886848521488e-23
1.794921875000000000e+00 -5.788481635717947890e-23
1.795410156250000000e+00 1.175615504690843203e-22
1.795898437500000000e+00 8.849747858643692412e-23
1.796386718750000000e+00 6.658626910772251901e-23
1.796875000000000000e+00 6.728715716158973361e-24
1.797363281250000000e+00 1.447855050779030125e-22
1.797851562500000000e+00 1.238456956747309301e-22
1.798339843750000000e+00 -1.627653146861205003e-23
1.798828125000000000e+00 5.848627753385911697e-23
1.799316406250000000e+00 5.853575968035397821e-23
1.799804687500000000e+00 5.277866269094373077e-24
1.800292968750000000e+00 -5.912891178430944269e-23
1.800781250000000000e+00 -7.809729135162164854e-23
1.801269531250000000e+00 1.204487672685026333e-22
1.801757812500000000e+00 2.805201682694982886e-22
1.802246093750000000e+00 -1.341845746168081834e-22
1.802734375000000000e+00 1.201606517952082241e-22
1.803222656250000000e+00 -1.354690237687175521e-22
1.803710937500000000e+00 -4.842743665937284829e-23
1.804199218750000000e+00 1.175897324076992591e-22
1.804687500000000000e+00 5.812241608105641137e-23
1.805175781250000000e+00 2.549012644367387207e-22
1.805664062500000000e+00 -3.054269306433578982e-22
1.806152343750000000e+00 1.142788012681714819e-22
1.806640625000000000e+00 -5.679021725153395867e-23
1.807128906250000000e+00 -1.277525388786974319e-22
1.807617187500000000e+00 -7.942658935018256822e-23
1.808105468750000000e+00 1.269358104387244380e-22
1.808593750000000000e+00 -2.539641818010248837e-22
1.809082031250000000e+00 2.266064185543588500e-22
1.809570312500000000e+00 -3.817798513800257586e-23
1.810058593750000000e+00 1.183146154593873367e-23
1.810546875000000000e+00 -1.693039162515250394e-22
1.811035156250000000e+00 4.414568748636266505e-23
1.811523437500000000e+00 1.683076230732316473e-23
1.812011718750000000e+00 1.134284998469439220e-22
1.812500000000000000e+00 -1.900709010335975284e-22
1.812988281250000000e+00 3.125107073231073319e-23
1.813476562500000000e+00 -2.276856659863579549e-22
1.813964843750000000e+00 -8.883328314285818948e-23
1.814453125000000000e+00 6.575330674775620967e-24
1.814941406250000000e+00 -4.154747128039664694e-22
1.815429687500000000e+00 1.116828170850862781e-22
1.815917968750000000e+00 9.356316164417611249e-23
1.816406250000000000e+00 1.114261941213119342e-22
1.816894531250000000e+00 -1.572896731882858075e-22
1.817382812500000000e+00 6.580528420512546535e-23
1.817871093750000000e+00 1.040541877424339298e-22
1.818359375000000000e+00 -3.890573138143406914e-23
1.818847656250000000e+00 -8.407009133328717734e-23
1.819335937500000000e+00 -6.645473017769015659e-23
1.819824218750000000e+00 1.497993131825844913e-23
1.820312500000000000e+00 -4.476756582597943002e-23
1.820800781250000000e+00 1.147729929273220824e-22
1.821289062500000000e+00 -9.512586843403924401e-24
1.821777343750000000e+00 8.428945083052479618e-23
1.822265625000000000e+00 1.157123531244562797e-22
1.822753906250000000e+00 -1.331897097445793631e-22
1.823242187500000000e+00 1.378078653814281878e-23
1.823730468750000000e+00 -1.317684529538908972e-22
1.824218750000000000e+00 6.884348169636688651e-23
1.824707031250000000e+00 -4.138457725929708332e-23
1.825195312500000000e+00 -2.211504733136520595e-22
1.825683593750000000e+00 9.660407683566927448e-23
1.826171875000000000e+00 -1.407203998915686955e-22
1.826660156250000000e+00 1.181264712690246343e-22
1.827148437500000000e+00 -2.092972358525274425e-23
1.827636718750000000e+00 1.672980215114911042e-22
1.828125000000000000e+00 2.501229051161913341e-22
1.828613281250000000e+00 -9.881604107777221393e-23
1.829101562500000000e+00 -3.053607884538788139e-23
1.829589843750000000e+00 1.937797825974285625e-22
1.830078125000000000e+00 1.781931857463419228e-22
1.830566406250000000e+00 -1.890762434987279207e-22
1.831054687500000000e+00 1.152681359310352156e-22
1.831542968750000000e+00 -1.961736128594441194e-22
1.832031250000000000e+00 -2.471550580707829364e-24
1.832519531250000000e+00 -5.597424326825507294e-24
1.833007812500000000e+00 2.846138165620495453e-22
1.833496093750000000e+00 -1.468978362824523571e-22
1.833984375000000000e+00 -1.208146704992706057e-22
1.834472656250000000e+00 2.043408016300831355e-24
1.834960937500000000e+00 2.738310101265812237e-22
1.835449218750000000e+00 -1.275636913488860457e-23
1.835937500000000000e+00 5.375051694317182900e-23
1.836425781250000000e+00 9.344632484396029262e-23
1.836914062500000000e+00 2.174337182551512340e-22
1.837402343750000000e+00 7.518742426993980940e-23
1.837890625000000000e+00 2.560782428865451126e-22
1.838378906250000000e+00 -6.464018025186977723e-23
1.838867187500000000e+00 2.507710779693178364e-23
1.839355468750000000e+00 8.684052103895704072e-23
1.839843750000000000e+00 5.516601459993254919e-23
1.840332031250000000e+00 -6.083690375966548713e-23
1.840820312500000000e+00 -2.267209311116133184e-22
1.841308593750000000e+00 -7.836009429959061457e-23
1.841796875000000000e+00 -1.917713069918073016e-22
1.842285156250000000e+00 5.074586707296552990e-23
1.842773437500000000e+00 -1.573030908274080275e-22
1.843261718750000000e+00 -3.388921846144531398e-22
1.843750000000000000e+00 -1.297085865536665617e-23
1.844238281250000000e+00 -3.288048442962579257e-23
1.844726562500000000e+00 -1.915319439286611104e-22
1.845214843750000000e+00 -1.068955788088284948e-22
1.845703125000000000e+00 3.167311593752581136e-23
1.846191406250000000e+00 3.577923423888153815e-23
1.846679687500000000e+00 2.542041652248195508e-22
1.847167968750000000e+00 -1.576155239430146244e-22
1.847656250000000000e+00 7.407010733388262959e-23
1.848144531250000000e+00 1.413128878464636813e-23
1.848632812500000000e+00 -6.105456685306656477e-23
1.849121093750000000e+00 -4.552739515331878427e-23
1.849609375000000000e+00 -1.489145614174664479e-22
1.850097656250000000e+00 2.536878002308524182e-23
1.850585937500000000e+00 -8.003169780088536001e-23
1.851074218750000000e+00 1.319354701146408947e-22
1.851562500000000000e+00 -3.951296476625467257e-23
1.852050781250000000e+00 -5.058339888614084208e-23
1.852539062500000000e+00 -6.620328673044868520e-23
1.853027343750000000e+00 -4.611416602630521940e-24
1.853515625000000000e+00 1.952419285981282623e-24
1.854003906250000000e+00 2.440422798573927212e-23
1.854492187500000000e+00 7.515694407349999267e-23
1.854980468750000000e+00 1.398428451482247454e-22
1.855468750000000000e+00 1.434923100959609421e-22
1.855957031250000000e+00 -1.041719780418305855e-22
1.856445312500000000e+00 5.737509244842919224e-23
1.856933593750000000e+00 1.935698900474643193e-22
1.857421875000000000e+00 -7.854747937959646440e-23
1.857910156250000000e+00 1.213485723368397416e-22
1.858398437500000000e+00 -2.288890287510951701e-23
1.858886718750000000e+00 -6.283875091942449137e-23
1.859375000000000000e+00 -4.310257559850363288e-23
1.859863281250000000e+00 -1.767851275462929168e-22
1.860351562500000000e+00 3.225801674139511428e-23
1.860839843750000000e+00 1.084717711576144787e-22
1.861328125000000000e+00 1.128983183767413094e-22
1.861816406250000000e+00 -1.205688959263548386e-22
1.862304687500000000e+00 -5.861569695928202788e-23
1.862792968750000000e+00 -1.177477941045783355e-22
1.863281250000000000e+00 1.172769826930109325e-22
1.863769531250000000e+00 4.586913912644785858e-24
1.864257812500000000e+00 -1.378022325255353365e-22
1.864746093750000000e+00 1.223207948554014554e-22
1.865234375000000000e+00 1.428295554104222512e-22
1.865722656250000000e+00 1.501481322220822040e-22
1.866210937500000000e+00 -8.233444463133970060e-23
1.866699218750000000e+00 4.370157545436124730e-23
1.867187500000000000e+00 3.068325214589121234e-23
1.867675781250000000e+00 -2.545310542108629926e-23
1.868164062500000000e+00 9.640177918291761732e-23
1.868652343750000000e+00 1.076426848225690756e-22
1.869140625000000000e+00 -1.410785782602735721e-22
1.869628906250000000e+00 2.641413159119623801e-22
1.870117187500000000e+00 -1.005277404091804076e-22
1.870605468750000000e+00 -5.361012242671837049e-24
1.871093750000000000e+00 -9.527651229653320079e-23
1.871582031250000000e+00 -1.409403027369389049e-22
1.872070312500000000e+00 7.292463838339822634e-23
1.872558593750000000e+00 -5.039958595326700166e-23
1.873046875000000000e+00 1.030514550198473739e-23
1.873535156250000000e+00 -1.111452813798734059e-22
1.874023437500000000e+00 -6.472931118639077411e-23
1.874511718750000000e+00 -1.876465196023807551e-22
1.875000000000000000e+00 1.116626203688724733e-22
1.875488281250000000e+00 -1.515143340632888452e-23
1.875976562500000000e+00 5.631298401134931286e-23
1.876464843750000000e+00 2.496458650488071446e-23
1.876953125000000000e+00 9.314435076965222677e-23
1.877441406250000000e+00 -8.732986059038680945e-23
1.877929687500000000e+00 8.855607404698595882e-23
1.878417968750000000e+00 4.945069981240305734e-23
1.878906250000000000e+00 1.154488728603542048e-22
1.879394531250000000e+00 1.615980821819265900e-22
1.879882812500000000e+00 9.161991280782498813e-23
1.880371093750000000e+00 -1.660303362033812745e-22
1.880859375000000000e+00 8.759476876498939192e-23
1.881347656250000000e+00 -2.886825256281576649e-22
1.881835937500000000e+00 1.817321158346912178e-22
1.882324218750000000e+00 -1.481268702806163152e-22
1.882812500000000000e+00 7.314581756798826055e-23
1.883300781250000000e+00 1.571959838512386157e-22
1.883789062500000000e+00 -1.307355325602527506e-22
1.884277343750000000e+00 4.688159547933201891e-23
1.884765625000000000e+00 9.787426325659547807e-23
1.885253906250000000e+00 -1.368266759522956276e-22
1.885742187500000000e+00 -2.190318468033168006e-23
1.886230468750000000e+00 -1.466835984650158222e-22
1.886718750000000000e+00 -4.775195955423324446e-23
1.887207031250000000e+00 -1.720685772303047313e-22
1.887695312500000000e+00 -7.881299718313137470e-23
1.888183593750000000e+00 -9.755538073993145904e-24
1.888671875000000000e+00 -6.317051748900543435e-24
1.889160156250000000e+00 -1.577566595958841791e-22
1.889648437500000000e+00 -1.925135338533919414e-24
1.890136718750000000e+00 -9.515123521632827616e-23
1.890625000000000000e+00 3.803571891081536523e-22
1.891113281250000000e+00 -2.501853514249303852e-22
1.891601562500000000e+00 -8.467801017978937944e-23
1.892089843750000000e+00 -4.750655223979373876e-23
1.892578125000000000e+00 1.359841188749145600e-23
1.893066406250000000e+00 -3.319135300817574767e-22
1.893554687500000000e+00 1.689091225847487971e-22
1.894042968750000000e+00 -1.857654526576891189e-22
1.894531250000000000e+00 1.724342565134518806e-22
1.895019531250000000e+00 -9.932444551384915951e-23
1.895507812500000000e+00 5.320855713399002624e-23
1.895996093750000000e+00 4.942854061757077283e-23
1.896484375000000000e+00 9.013189845209248348e-23
1.896972656250000000e+00 -2.002679680159349934e-23
1.897460937500000000e+00 2.570839900972907928e-22
1.897949218750000000e+00 1.149119147961955506e-22
1.898437500000000000e+00 -3.900288430798503280e-23
1.898925781250000000e+00 1.960798430295890991e-22
1.899414062500000000e+00 3.677143132147743601e-23
1.899902343750000000e+00 9.469674939513819272e-23
1.900390625000000000e+00 -8.294058084991276014e-23
1.900878906250000000e+00 2.135456342949857933e-22
1.901367187500000000e+00 -2.619574452842749567e-22
1.901855468750000000e+00 -2.446576955863177105e-23
1.902343750000000000e+00 7.172553960488922827e-23
1.902832031250000000e+00 -7.719398444661904865e-23
1.903320312500000000e+00 4.313738797269260377e-22
1.903808593750000000e+00 3.477071354307095801e-23
1.904296875000000000e+00 5.466267391617112794e-23
1.904785156250000000e+00 1.060302066288229124e-22
1.905273437500000000e+00 5.672921444945507523e-23
1.905761718750000000e+00 5.348764105466218027e-23
1.906250000000000000e+00 9.884716223197513061e-23
1.906738281250000000e+00 -6.437281159758865024e-23
1.907226562500000000e+00 3.905793365507215438e-23
1.907714843750000000e+00 -6.157128342335857877e-23
1.908203125000000000e+00 4.267538616674429564e-23
1.908691406250000000e+00 8.322881971177578640e-23
1.909179687500000000e+00 6.416904994072557303e-23
1.909667968750000000e+00 7.303732028638748351e-23
1.910156250000000000e+00 1.402305848251235819e-22
1.910644531250000000e+00 -1.532647128552266586e-22
1.911132812500000000e+00 2.505760160538988517e-22
1.911621093750000000e+00 -4.057862512317417039e-22
1.912109375000000000e+00 -3.321371302519887310e-23
1.912597656250000000e+00 -2.792091772711639642e-22
1.913085937500000000e+00 -1.622563855641402164e-22
1.913574218750000000e+00 -1.085240630951412630e-22
1.914062500000000000e+00 -2.357478180092220903e-22
1.914550781250000000e+00 4.253454982834896898e-23
1.915039062500000000e+00 -5.082315525319464098e-23
1.915527343750000000e+00 -1.220801982413665062e-22
1.916015625000000000e+00 5.465684417570812913e-23
1.916503906250000000e+00 -3.279016148776235752e-23
1.916992187500000000e+00 -2.748998370788686195e-22
1.917480468750000000e+00 -7.223954167036342839e-23
1.917968750000000000e+00 1.394917525199424521e-22
1.918457031250000000e+00 -2.368337977602196118e-22
1.918945312500000000e+00 7.640928815093162828e-23
1.919433593750000000e+00 -8.455783587041879378e-23
1.919921875000000000e+00 -8.145437749751517463e-23
1.920410156250000000e+00 4.688333752506396755e-23
1.920898437500000000e+00 -1.179510509844217915e-22
1.921386718750000000e+00 -1.164293874106895179e-22
1.921875000000000000e+00 4.160123226793526843e-23
1.922363281250000000e+00 -8.400445997855728352e-23
1.922851562500000000e+00 2.658816799841453735e-22
1.923339843750000000e+00 -2.453486767141501968e-22
1.923828125000000000e+00 1.075281799028056929e-22
1.924316406250000000e+00 6.277850645718813042e-23
1.924804687500000000e+00 -3.424952596386419326e-23
1.925292968750000000e+00 -2.566497522558209423e-22
1.925781250000000000e+00 2.535346578140451915e-22
1.926269531250000000e+00 2.294872649215814576e-22
1.926757812500000000e+00 8.666199338488085207e-23
1.927246093750000000e+00 1.938646511922691463e-22
1.927734375000000000e+00 -8.787796818669300074e-24
1.928222656250000000e+00 1.318237700958196926e-22
1.928710937500000000e+00 -1.102251943494239689e-22
1.929199218750000000e+00 -8.214032741488251284e-23
1.929687500000000000e+00 3.143735707596352342e-22
1.930175781250000000e+00 1.278866979708586042e-22
1.930664062500000000e+00 2.187296908895233336e-23
1.931152343750000000e+00 3.149540508557586212e-22
1.931640625000000000e+00 -1.295565971142057785e-22
1.932128906250000000e+00 1.020246420662249977e-22
1.932617187500000000e+00 1.376799112095331855e-23
1.933105468750000000e+00 3.807866141939740733e-23
1.933593750000000000e+00 -3.489212366779516645e-23
1.934082031250000000e+00 -4.180861933169362162e-23
1.934570312500000000e+00 -1.345702750013613627e-22
1.935058593750000000e+00 4.674722987220323121e-22
1.935546875000000000e+00 -3.184979680886053633e-22
1.936035156250000000e+00 6.477010959615710087e-23
1.936523437500000000e+00 8.121085379482612710e-23
1.937011718750000000e+00 -5.533745369028650291e-23
1.937500000000000000e+00 8.176862437725248656e-23
1.937988281250000000e+00 2.045125307406110142e-22
1.938476562500000000e+00 -4.563580663582973429e-23
1.938964843750000000e+00 -1.101161189186140508e-22
1.939453125000000000e+00 6.119762859957517149e-23
1.939941406250000000e+00 -6.319048437306516323e-23
1.940429687500000000e+00 1.177422955556589472e-22
1.940917968750000000e+00 -1.009906944797777767e-22
1.941406250000000000e+00 -7.698843892833229374e-23
1.941894531250000000e+00 1.278281508872849765e-22
1.942382812500000000e+00 -6.902490358495184658e-24
1.942871093750000000e+00 8.268801379663684255e-23
1.943359375000000000e+00 -6.450276416975695848e-23
1.943847656250000000e+00 -2.359213707977119898e-22
1.944335937500000000e+00 -1.009936073275902709e-22
1.944824218750000000e+00 -2.676870355678910989e-22
1.945312500000000000e+00 -1.429643396385981891e-22
1.945800781250000000e+00 2.368367333654401788e-22
1.946289062500000000e+00 -2.525192273862658247e-22
1.946777343750000000e+00 1.039496850643610746e-22
1.947265625000000000e+00 2.466576459421086973e-23
1.947753906250000000e+00 -2.830682723660373403e-22
1.948242187500000000e+00 -1.441899959705077126e-22
1.948730468750000000e+00 3.334383625320593508e-23
1.949218750000000000e+00 -1.325323600104794029e-22
1.949707031250000000e+00 -2.270991520658748207e-22
1.950195312500000000e+00 1.243989009860094933e-22
1.950683593750000000e+00 -1.733260153818108744e-22
1.951171875000000000e+00 -5.893769546484620745e-23
1.951660156250000000e+00 -2.883000701978362062e-22
1.952148437500000000e+00 -1.543963710265678689e-22
1.952636718750000000e+00 3.769955495787855955e-22
1.953125000000000000e+00 -1.759034862130901773e-22
1.953613281250000000e+00 2.372213478528616802e-22
1.954101562500000000e+00 -1.916158699104749236e-22
1.954589843750000000e+00 6.269191460605565582e-23
1.955078125000000000e+00 2.820741382975517823e-22
1.955566406250000000e+00 2.341831770816762004e-22
1.956054687500000000e+00 -5.966067092323149473e-23
1.956542968750000000e+00 1.637364115490576104e-22
1.957031250000000000e+00 4.360257898813080400e-23
1.957519531250000000e+00 -6.452087628087347270e-24
1.958007812500000000e+00 -1.986740933059713408e-22
1.958496093750000000e+00 1.085419679017114124e-22
1.958984375000000000e+00 2.519449967043671545e-22
1.959472656250000000e+00 2.690668855219387886e-23
1.959960937500000000e+00 -5.807911817051037594e-23
1.960449218750000000e+00 7.515353898261458334e-23
1.960937500000000000e+00 -1.525659949494823574e-23
1.961425781250000000e+00 1.142547027101418992e-22
1.961914062500000000e+00 1.102454249427030367e-22
1.962402343750000000e+00 6.191273588925886374e-23
1.962890625000000000e+00 6.719943905893891618e-23
1.963378906250000000e+00 -2.128512156724313610e-22
1.963867187500000000e+00 2.447917813802670956e-23
1.964355468750000000e+00 1.429897391494109023e-22
1.964843750000000000e+00 4.877919255785113871e-23
1.965332031250000000e+00 2.392184682637880078e-22
1.965820312500000000e+00 -1.515581682762530615e-23
1.966308593750000000e+00 -1.183581487192879468e-22
1.966796875000000000e+00 1.303999871184494710e-22
1.967285156250000000e+00 1.314636649633475935e-22
1.967773437500000000e+00 -2.674886710744611734e-22
1.968261718750000000e+00 1.890601535010617880e-22
1.968750000000000000e+00 -1.475789718144015534e-24
1.969238281250000000e+00 1.087532832195643969e-22
1.969726562500000000e+00 -2.543018389034011984e-23
1.970214843750000000e+00 1.857615757760085923e-23
1.970703125000000000e+00 -6.773135798045152670e-23
1.971191406250000000e+00 1.936863117652897055e-22
1.971679687500000000e+00 -5.757084647564921747e-23
1.972167968750000000e+00 -2.674105076055990101e-22
1.972656250000000000e+00 9.331483012040391106e-23
1.973144531250000000e+00 -1.515673167687472238e-22
1.973632812500000000e+00 2.748988848111106040e-22
1.974121093750000000e+00 -1.531583919691031002e-22
1.974609375000000000e+00 -1.623257158081784488e-22
1.975097656250000000e+00 -2.486567800547856043e-22
1.975585937500000000e+00 -1.974643477976299158e-23
1.976074218750000000e+00 -2.579747812170384562e-22
1.976562500000000000e+00 -1.308608805277444843e-22
1.977050781250000000e+00 1.436544201969067271e-22
1.977539062500000000e+00 -4.076865327910606773e-23
1.978027343750000000e+00 2.021398263991967273e-22
1.978515625000000000e+00 -9.631706785965956144e-23
1.979003906250000000e+00 1.020375222727770178e-23
1.979492187500000000e+00 7.234622047913116625e-23
1.979980468750000000e+00 -9.983814672423754853e-23
1.980468750000000000e+00 -9.972788319859045673e-23
1.980957031250000000e+00 -8.281643489287095089e-23
1.981445312500000000e+00 -3.781546612278915662e-23
1.981933593750000000e+00 -2.290061579795737895e-22
1.982421875000000000e+00 -6.041348975410542894e-23
1.982910156250000000e+00 -1.136919002692000210e-22
1.983398437500000000e+00 -4.528633455270422283e-23
1.983886718750000000e+00 -3.272370658777264390e-23
1.984375000000000000e+00 -1.331216971242576960e-22
1.984863281250000000e+00 -1.527833577825096562e-23
1.985351562500000000e+00 2.051810023886315488e-22
1.985839843750000000e+00 1.519558674830767483e-22
1.986328125000000000e+00 -5.873313317491821654e-23
1.986816406250000000e+00 1.738936381779476050e-22
1.987304687500000000e+00 1.017732934239225536e-22
1.987792968750000000e+00 -3.776623062704119553e-23
1.988281250000000000e+00 1.111962687937466823e-22
1.988769531250000000e+00 1.061995161153954267e-22
1.989257812500000000e+00 -4.421025455739956298e-23
1.989746093750000000e+00 3.316601010280394494e-23
1.990234375000000000e+00 2.351232081928783401e-22
1.990722656250000000e+00 -1.025354863855580066e-22
1.991210937500000000e+00 3.314966703190941308e-22
1.991699218750000000e+00 1.180529972214449518e-23
1.992187500000000000e+00 -7.105657976502590385e-23
1.992675781250000000e+00 -1.620040224333385777e-22
1.993164062500000000e+00 2.292170181657853863e-22
1.993652343750000000e+00 -9.643957404857144686e-23
1.994140625000000000e+00 2.441136840922678281e-23
1.994628906250000000e+00 -2.340972350763320719e-22
1.995117187500000000e+00 1.132893025608381122e-22
1.995605468750000000e+00 2.877341245652892911e-22
1.996093750000000000e+00 -1.265420899217511910e-22
1.996582031250000000e+00 -2.424594409020998903e-23
1.997070312500000000e+00 6.843287221005465742e-23
1.997558593750000000e+00 2.091792211661941056e-23
1.998046875000000000e+00 5.953243534458375803e-23
1.998535156250000000e+00 2.018161229512578910e-22
1.999023437500000000e+00 -2.679898606236717818e-22
1.999511718750000000e+00 1.293977702635324667e-23
